TARZAN_TAKE_TXT_V1
DURATION_MS=180000

[AXIS]cam_h|oś pozioma kamery
NODE|0|0.000000
NODE|10630|98.617506
NODE|20830|-87.082844
NODE|44680|-42.167855
NODE|62060|88.461538
NODE|108070|-100.000000
NODE|114110|-6.814929
NODE|180000|0.000000

[AXIS]cam_v|oś pionowa kamery
NODE|0|0.000000
NODE|23040|0.000000
NODE|35710|100.000000
NODE|102260|-22.437870
NODE|139680|16.000000
NODE|180000|0.000000

[AXIS]cam_t|oś pochyłu kamery
NODE|0|0.000000
NODE|32400|18.000000
NODE|88910|-97.071006
NODE|122400|16.000000
NODE|180000|0.000000

[AXIS]cam_f|oś ostrości kamery
NODE|0|0.000000
NODE|14050|86.923077
NODE|61060|43.653846
NODE|122400|16.000000
NODE|180000|0.000000

[AXIS]arm_v|oś pionowa ramienia
NODE|0|0.000000
NODE|32400|18.000000
NODE|72000|42.000000
NODE|122400|16.000000
NODE|180000|0.000000

[AXIS]arm_h|oś pozioma ramienia
NODE|0|0.000000
NODE|32400|18.000000
NODE|72000|42.000000
NODE|122400|16.000000
NODE|180000|0.000000

[AXIS]dron|DRON
RELEASE_MS=32690
NODE|0|0.000000
NODE|180000|0.000000

[PROTOCOL]
TIME_MS;CAM_H_DIR;CAM_H_STEP;CAM_H_EVENT;CAM_V_DIR;CAM_V_STEP;CAM_V_EVENT;CAM_T_DIR;CAM_T_STEP;CAM_T_EVENT;CAM_F_DIR;CAM_F_STEP;CAM_F_EVENT;ARM_V_DIR;ARM_V_STEP;ARM_V_EVENT;ARM_H_DIR;ARM_H_STEP;ARM_H_EVENT;DRON_DIR;DRON_STEP;DRON_EVENT
0;1;0;;1;0;;1;0;;1;0;;1;0;;1;0;;1;0;
10;1;0;;1;0;;1;0;;1;0;;1;0;;1;0;;1;0;
20;1;0;;1;0;;1;0;;1;0;;1;0;;1;0;;1;0;
30;1;0;;1;0;;1;0;;1;0;;1;0;;1;0;;1;0;
40;1;0;;1;0;;1;0;;1;0;;1;0;;1;0;;1;0;
50;1;0;;1;0;;1;0;;1;0;;1;0;;1;0;;1;0;
60;1;0;;1;0;;1;0;;1;0;;1;0;;1;0;;1;0;
70;1;0;;1;0;;1;0;;1;0;;1;0;;1;0;;1;0;
80;1;0;;1;0;;1;0;;1;0;;1;0;;1;0;;1;0;
90;1;0;;1;0;;1;0;;1;0;;1;0;;1;0;;1;0;
100;1;0;;1;0;;1;0;;1;0;;1;0;;1;0;;1;0;
110;1;0;;1;0;;1;0;;1;0;;1;0;;1;0;;1;0;
120;1;0;;1;0;;1;0;;1;0;;1;0;;1;0;;1;0;
130;1;0;;1;0;;1;0;;1;0;;1;0;;1;0;;1;0;
140;1;0;;1;0;;1;0;;1;0;;1;0;;1;0;;1;0;
150;1;0;;1;0;;1;0;;1;0;;1;0;;1;0;;1;0;
160;1;0;;1;0;;1;0;;1;0;;1;0;;1;0;;1;0;
170;1;0;;1;0;;1;0;;1;0;;1;0;;1;0;;1;0;
180;1;0;;1;0;;1;0;;1;0;;1;0;;1;0;;1;0;
190;1;0;;1;0;;1;0;;1;0;;1;0;;1;0;;1;0;
200;1;0;;1;0;;1;0;;1;0;;1;0;;1;0;;1;0;
210;1;0;;1;0;;1;0;;1;0;;1;0;;1;0;;1;0;
220;1;0;;1;0;;1;0;;1;0;;1;0;;1;0;;1;0;
230;1;0;;1;0;;1;0;;1;0;;1;0;;1;0;;1;0;
240;1;0;;1;0;;1;0;;1;0;;1;0;;1;0;;1;0;
250;1;0;;1;0;;1;0;;1;0;;1;0;;1;0;;1;0;
260;1;0;;1;0;;1;0;;1;0;;1;0;;1;0;;1;0;
270;1;0;;1;0;;1;0;;1;0;;1;0;;1;0;;1;0;
280;1;0;;1;0;;1;0;;1;0;;1;0;;1;0;;1;0;
290;1;0;;1;0;;1;0;;1;0;;1;0;;1;0;;1;0;
300;1;0;;1;0;;1;0;;1;0;;1;0;;1;0;;1;0;
310;1;0;;1;0;;1;0;;1;0;;1;0;;1;0;;1;0;
320;1;0;;1;0;;1;0;;1;0;;1;0;;1;0;;1;0;
330;1;0;;1;0;;1;0;;1;0;;1;0;;1;0;;1;0;
340;1;0;;1;0;;1;0;;1;0;;1;0;;1;0;;1;0;
350;1;0;;1;0;;1;0;;1;0;;1;0;;1;0;;1;0;
360;1;0;;1;0;;1;0;;1;0;;1;0;;1;0;;1;0;
370;1;0;;1;0;;1;0;;1;0;;1;0;;1;0;;1;0;
380;1;0;;1;0;;1;0;;1;0;;1;0;;1;0;;1;0;
390;1;0;;1;0;;1;0;;1;0;;1;0;;1;0;;1;0;
400;1;0;;1;0;;1;0;;1;0;;1;0;;1;0;;1;0;
410;1;0;;1;0;;1;0;;1;0;;1;0;;1;0;;1;0;
420;1;0;;1;0;;1;0;;1;0;;1;0;;1;0;;1;0;
430;1;0;;1;0;;1;0;;1;0;;1;0;;1;0;;1;0;
440;1;0;;1;0;;1;0;;1;0;;1;0;;1;0;;1;0;
450;1;0;;1;0;;1;0;;1;0;;1;0;;1;0;;1;0;
460;1;0;;1;0;;1;0;;1;0;;1;0;;1;0;;1;0;
470;1;0;;1;0;;1;0;;1;0;;1;0;;1;0;;1;0;
480;1;0;;1;0;;1;0;;1;0;;1;0;;1;0;;1;0;
490;1;0;;1;0;;1;0;;1;0;;1;0;;1;0;;1;0;
500;1;0;;1;0;;1;0;;1;0;;1;0;;1;0;;1;0;
510;1;0;;1;0;;1;0;;1;0;;1;0;;1;0;;1;0;
520;1;0;;1;0;;1;0;;1;0;;1;0;;1;0;;1;0;
530;1;0;;1;0;;1;0;;1;0;;1;0;;1;0;;1;0;
540;1;0;;1;0;;1;0;;1;0;;1;0;;1;0;;1;0;
550;1;0;;1;0;;1;0;;1;0;;1;0;;1;0;;1;0;
560;1;0;;1;0;;1;0;;1;0;;1;0;;1;0;;1;0;
570;1;0;;1;0;;1;0;;1;0;;1;0;;1;0;;1;0;
580;1;0;;1;0;;1;0;;1;0;;1;0;;1;0;;1;0;
590;1;0;;1;0;;1;0;;1;0;;1;0;;1;0;;1;0;
600;1;0;;1;0;;1;0;;1;0;;1;0;;1;0;;1;0;
610;1;0;;1;0;;1;0;;1;0;;1;0;;1;0;;1;0;
620;1;0;;1;0;;1;0;;1;0;;1;0;;1;0;;1;0;
630;1;0;;1;0;;1;0;;1;0;;1;0;;1;0;;1;0;
640;1;0;;1;0;;1;0;;1;0;;1;0;;1;0;;1;0;
650;1;0;;1;0;;1;0;;1;0;;1;0;;1;0;;1;0;
660;1;0;;1;0;;1;0;;1;0;;1;0;;1;0;;1;0;
670;1;0;;1;0;;1;0;;1;0;;1;0;;1;0;;1;0;
680;1;0;;1;0;;1;0;;1;0;;1;0;;1;0;;1;0;
690;1;0;;1;0;;1;0;;1;0;;1;0;;1;0;;1;0;
700;1;0;;1;0;;1;0;;1;0;;1;0;;1;0;;1;0;
710;1;0;;1;0;;1;0;;1;0;;1;0;;1;0;;1;0;
720;1;0;;1;0;;1;0;;1;0;;1;0;;1;0;;1;0;
730;1;0;;1;0;;1;0;;1;0;;1;0;;1;0;;1;0;
740;1;0;;1;0;;1;0;;1;0;;1;0;;1;0;;1;0;
750;1;0;;1;0;;1;0;;1;0;;1;0;;1;0;;1;0;
760;1;0;;1;0;;1;0;;1;0;;1;0;;1;0;;1;0;
770;1;0;;1;0;;1;0;;1;0;;1;0;;1;0;;1;0;
780;1;0;;1;0;;1;0;;1;0;;1;0;;1;0;;1;0;
790;1;0;;1;0;;1;0;;1;0;;1;0;;1;0;;1;0;
800;1;0;;1;0;;1;0;;1;0;;1;0;;1;0;;1;0;
810;1;0;;1;0;;1;0;;1;0;;1;0;;1;0;;1;0;
820;1;0;;1;0;;1;0;;1;0;;1;0;;1;0;;1;0;
830;1;0;;1;0;;1;0;;1;0;;1;0;;1;0;;1;0;
840;1;0;;1;0;;1;0;;1;0;;1;0;;1;0;;1;0;
850;1;0;;1;0;;1;0;;1;0;;1;0;;1;0;;1;0;
860;1;0;;1;0;;1;0;;1;0;;1;0;;1;0;;1;0;
870;1;0;;1;0;;1;0;;1;0;;1;0;;1;0;;1;0;
880;1;0;;1;0;;1;0;;1;0;;1;0;;1;0;;1;0;
890;1;0;;1;0;;1;0;;1;0;;1;0;;1;0;;1;0;
900;1;0;;1;0;;1;0;;1;0;;1;0;;1;0;;1;0;
910;1;0;;1;0;;1;0;;1;0;;1;0;;1;0;;1;0;
920;1;0;;1;0;;1;0;;1;0;;1;0;;1;0;;1;0;
930;1;0;;1;0;;1;0;;1;0;;1;0;;1;0;;1;0;
940;1;0;;1;0;;1;0;;1;0;;1;0;;1;0;;1;0;
950;1;0;;1;0;;1;0;;1;0;;1;0;;1;0;;1;0;
960;1;0;;1;0;;1;0;;1;0;;1;0;;1;0;;1;0;
970;1;0;;1;0;;1;0;;1;0;;1;0;;1;0;;1;0;
980;1;0;;1;0;;1;0;;1;0;;1;0;;1;0;;1;0;
990;1;0;;1;0;;1;0;;1;0;;1;0;;1;0;;1;0;
1000;1;0;;1;0;;1;0;;1;0;;1;0;;1;0;;1;0;
1010;1;0;;1;0;;1;0;;1;0;;1;0;;1;0;;1;0;
1020;1;0;;1;0;;1;0;;1;0;;1;0;;1;0;;1;0;
1030;1;0;;1;0;;1;0;;1;0;;1;0;;1;0;;1;0;
1040;1;0;;1;0;;1;0;;1;0;;1;0;;1;0;;1;0;
1050;1;0;;1;0;;1;0;;1;0;;1;0;;1;0;;1;0;
1060;1;0;;1;0;;1;0;;1;0;;1;0;;1;0;;1;0;
1070;1;0;;1;0;;1;0;;1;0;;1;0;;1;0;;1;0;
1080;1;0;;1;0;;1;0;;1;0;;1;0;;1;0;;1;0;
1090;1;0;;1;0;;1;0;;1;0;;1;0;;1;0;;1;0;
1100;1;0;;1;0;;1;0;;1;0;;1;0;;1;0;;1;0;
1110;1;0;;1;0;;1;0;;1;0;;1;0;;1;0;;1;0;
1120;1;0;;1;0;;1;0;;1;0;;1;0;;1;0;;1;0;
1130;1;0;;1;0;;1;0;;1;0;;1;0;;1;0;;1;0;
1140;1;0;;1;0;;1;0;;1;0;;1;0;;1;0;;1;0;
1150;1;0;;1;0;;1;0;;1;0;;1;0;;1;0;;1;0;
1160;1;0;;1;0;;1;0;;1;0;;1;0;;1;0;;1;0;
1170;1;0;;1;0;;1;0;;1;0;;1;0;;1;0;;1;0;
1180;1;0;;1;0;;1;0;;1;0;;1;0;;1;0;;1;0;
1190;1;0;;1;0;;1;0;;1;0;;1;0;;1;0;;1;0;
1200;1;0;;1;0;;1;0;;1;0;;1;0;;1;0;;1;0;
1210;1;0;;1;0;;1;0;;1;0;;1;0;;1;0;;1;0;
1220;1;0;;1;0;;1;0;;1;0;;1;0;;1;0;;1;0;
1230;1;0;;1;0;;1;0;;1;0;;1;0;;1;0;;1;0;
1240;1;0;;1;0;;1;0;;1;0;;1;0;;1;0;;1;0;
1250;1;0;;1;0;;1;0;;1;0;;1;0;;1;0;;1;0;
1260;1;0;;1;0;;1;0;;1;0;;1;0;;1;0;;1;0;
1270;1;0;;1;0;;1;0;;1;0;;1;0;;1;0;;1;0;
1280;1;0;;1;0;;1;0;;1;0;;1;0;;1;0;;1;0;
1290;1;0;;1;0;;1;0;;1;0;;1;0;;1;0;;1;0;
1300;1;0;;1;0;;1;0;;1;0;;1;0;;1;0;;1;0;
1310;1;0;;1;0;;1;0;;1;0;;1;0;;1;0;;1;0;
1320;1;0;;1;0;;1;0;;1;0;;1;0;;1;0;;1;0;
1330;1;0;;1;0;;1;0;;1;0;;1;0;;1;0;;1;0;
1340;1;0;;1;0;;1;0;;1;0;;1;0;;1;0;;1;0;
1350;1;0;;1;0;;1;0;;1;0;;1;0;;1;0;;1;0;
1360;1;0;;1;0;;1;0;;1;0;;1;0;;1;0;;1;0;
1370;1;0;;1;0;;1;0;;1;0;;1;0;;1;0;;1;0;
1380;1;0;;1;0;;1;0;;1;0;;1;0;;1;0;;1;0;
1390;1;0;;1;0;;1;0;;1;0;;1;0;;1;0;;1;0;
1400;1;0;;1;0;;1;0;;1;0;;1;0;;1;0;;1;0;
1410;1;0;;1;0;;1;0;;1;0;;1;0;;1;0;;1;0;
1420;1;0;;1;0;;1;0;;1;0;;1;0;;1;0;;1;0;
1430;1;0;;1;0;;1;0;;1;0;;1;0;;1;0;;1;0;
1440;1;0;;1;0;;1;0;;1;0;;1;0;;1;0;;1;0;
1450;1;0;;1;0;;1;0;;1;0;;1;0;;1;0;;1;0;
1460;1;0;;1;0;;1;0;;1;0;;1;0;;1;0;;1;0;
1470;1;0;;1;0;;1;0;;1;0;;1;0;;1;0;;1;0;
1480;1;0;;1;0;;1;0;;1;0;;1;0;;1;0;;1;0;
1490;1;0;;1;0;;1;0;;1;0;;1;0;;1;0;;1;0;
1500;1;0;;1;0;;1;0;;1;0;;1;0;;1;0;;1;0;
1510;1;0;;1;0;;1;0;;1;0;;1;0;;1;0;;1;0;
1520;1;0;;1;0;;1;0;;1;0;;1;0;;1;0;;1;0;
1530;1;0;;1;0;;1;0;;1;0;;1;0;;1;0;;1;0;
1540;1;0;;1;0;;1;0;;1;0;;1;0;;1;0;;1;0;
1550;1;0;;1;0;;1;0;;1;0;;1;0;;1;0;;1;0;
1560;1;0;;1;0;;1;0;;1;0;;1;0;;1;0;;1;0;
1570;1;0;;1;0;;1;0;;1;0;;1;0;;1;0;;1;0;
1580;1;0;;1;0;;1;0;;1;0;;1;0;;1;0;;1;0;
1590;1;0;;1;0;;1;0;;1;0;;1;0;;1;0;;1;0;
1600;1;0;;1;0;;1;0;;1;0;;1;0;;1;0;;1;0;
1610;1;0;;1;0;;1;0;;1;0;;1;0;;1;0;;1;0;
1620;1;0;;1;0;;1;0;;1;0;;1;0;;1;0;;1;0;
1630;1;0;;1;0;;1;0;;1;0;;1;0;;1;0;;1;0;
1640;1;0;;1;0;;1;0;;1;0;;1;0;;1;0;;1;0;
1650;1;0;;1;0;;1;0;;1;0;;1;0;;1;0;;1;0;
1660;1;0;;1;0;;1;0;;1;0;;1;0;;1;0;;1;0;
1670;1;0;;1;0;;1;0;;1;0;;1;0;;1;0;;1;0;
1680;1;0;;1;0;;1;0;;1;0;;1;0;;1;0;;1;0;
1690;1;0;;1;0;;1;0;;1;0;;1;0;;1;0;;1;0;
1700;1;0;;1;0;;1;0;;1;0;;1;0;;1;0;;1;0;
1710;1;0;;1;0;;1;0;;1;0;;1;0;;1;0;;1;0;
1720;1;0;;1;0;;1;0;;1;0;;1;0;;1;0;;1;0;
1730;1;0;;1;0;;1;0;;1;0;;1;0;;1;0;;1;0;
1740;1;0;;1;0;;1;0;;1;0;;1;0;;1;0;;1;0;
1750;1;0;;1;0;;1;0;;1;0;;1;0;;1;0;;1;0;
1760;1;0;;1;0;;1;0;;1;0;;1;0;;1;0;;1;0;
1770;1;0;;1;0;;1;0;;1;0;;1;0;;1;0;;1;0;
1780;1;0;;1;0;;1;0;;1;0;;1;0;;1;0;;1;0;
1790;1;0;;1;0;;1;0;;1;0;;1;0;;1;0;;1;0;
1800;1;0;;1;0;;1;0;;1;0;;1;0;;1;0;;1;0;
1810;1;0;;1;0;;1;0;;1;0;;1;0;;1;0;;1;0;
1820;1;0;;1;0;;1;0;;1;0;;1;0;;1;0;;1;0;
1830;1;0;;1;0;;1;0;;1;0;;1;0;;1;0;;1;0;
1840;1;0;;1;0;;1;0;;1;0;;1;0;;1;0;;1;0;
1850;1;0;;1;0;;1;0;;1;0;;1;0;;1;0;;1;0;
1860;1;0;;1;0;;1;0;;1;0;;1;0;;1;0;;1;0;
1870;1;0;;1;0;;1;0;;1;0;;1;0;;1;0;;1;0;
1880;1;0;;1;0;;1;0;;1;0;;1;0;;1;0;;1;0;
1890;1;0;;1;0;;1;0;;1;0;;1;0;;1;0;;1;0;
1900;1;0;;1;0;;1;0;;1;0;;1;0;;1;0;;1;0;
1910;1;0;;1;0;;1;0;;1;0;;1;0;;1;0;;1;0;
1920;1;0;;1;0;;1;0;;1;0;;1;0;;1;0;;1;0;
1930;1;0;;1;0;;1;0;;1;0;;1;0;;1;0;;1;0;
1940;1;0;;1;0;;1;0;;1;0;;1;0;;1;0;;1;0;
1950;1;0;;1;0;;1;0;;1;0;;1;0;;1;0;;1;0;
1960;1;0;;1;0;;1;0;;1;0;;1;0;;1;0;;1;0;
1970;1;0;;1;0;;1;0;;1;0;;1;0;;1;0;;1;0;
1980;1;0;;1;0;;1;0;;1;0;;1;0;;1;0;;1;0;
1990;1;0;;1;0;;1;0;;1;0;;1;0;;1;0;;1;0;
2000;1;0;;1;0;;1;0;;1;0;;1;0;;1;0;;1;0;
2010;1;0;;1;0;;1;0;;1;0;;1;0;;1;0;;1;0;
2020;1;0;;1;0;;1;0;;1;0;;1;0;;1;0;;1;0;
2030;1;0;;1;0;;1;0;;1;0;;1;0;;1;0;;1;0;
2040;1;0;;1;0;;1;0;;1;0;;1;0;;1;0;;1;0;
2050;1;0;;1;0;;1;0;;1;0;;1;0;;1;0;;1;0;
2060;1;0;;1;0;;1;0;;1;0;;1;0;;1;0;;1;0;
2070;1;0;;1;0;;1;0;;1;0;;1;0;;1;0;;1;0;
2080;1;0;;1;0;;1;0;;1;0;;1;0;;1;0;;1;0;
2090;1;0;;1;0;;1;0;;1;0;;1;0;;1;0;;1;0;
2100;1;0;;1;0;;1;0;;1;0;;1;0;;1;0;;1;0;
2110;1;0;;1;0;;1;0;;1;0;;1;0;;1;0;;1;0;
2120;1;0;;1;0;;1;0;;1;0;;1;0;;1;0;;1;0;
2130;1;0;;1;0;;1;0;;1;0;;1;0;;1;0;;1;0;
2140;1;0;;1;0;;1;0;;1;0;;1;0;;1;0;;1;0;
2150;1;0;;1;0;;1;0;;1;0;;1;0;;1;0;;1;0;
2160;1;0;;1;0;;1;0;;1;0;;1;0;;1;0;;1;0;
2170;1;0;;1;0;;1;0;;1;0;;1;0;;1;0;;1;0;
2180;1;0;;1;0;;1;0;;1;0;;1;0;;1;0;;1;0;
2190;1;0;;1;0;;1;0;;1;0;;1;0;;1;0;;1;0;
2200;1;0;;1;0;;1;0;;1;0;;1;0;;1;0;;1;0;
2210;1;0;;1;0;;1;0;;1;0;;1;0;;1;0;;1;0;
2220;1;0;;1;0;;1;0;;1;0;;1;0;;1;0;;1;0;
2230;1;0;;1;0;;1;0;;1;0;;1;0;;1;0;;1;0;
2240;1;0;;1;0;;1;0;;1;0;;1;0;;1;0;;1;0;
2250;1;0;;1;0;;1;0;;1;0;;1;0;;1;0;;1;0;
2260;1;0;;1;0;;1;0;;1;0;;1;0;;1;0;;1;0;
2270;1;0;;1;0;;1;0;;1;0;;1;0;;1;0;;1;0;
2280;1;0;;1;0;;1;0;;1;0;;1;0;;1;0;;1;0;
2290;1;0;;1;0;;1;0;;1;0;;1;0;;1;0;;1;0;
2300;1;0;;1;0;;1;0;;1;0;;1;0;;1;0;;1;0;
2310;1;0;;1;0;;1;0;;1;0;;1;0;;1;0;;1;0;
2320;1;0;;1;0;;1;0;;1;0;;1;0;;1;0;;1;0;
2330;1;0;;1;0;;1;0;;1;0;;1;0;;1;0;;1;0;
2340;1;0;;1;0;;1;0;;1;0;;1;0;;1;0;;1;0;
2350;1;0;;1;0;;1;0;;1;0;;1;0;;1;0;;1;0;
2360;1;0;;1;0;;1;0;;1;0;;1;0;;1;0;;1;0;
2370;1;0;;1;0;;1;0;;1;0;;1;0;;1;0;;1;0;
2380;1;0;;1;0;;1;0;;1;0;;1;0;;1;0;;1;0;
2390;1;0;;1;0;;1;0;;1;0;;1;0;;1;0;;1;0;
2400;1;0;;1;0;;1;0;;1;0;;1;0;;1;0;;1;0;
2410;1;0;;1;0;;1;0;;1;0;;1;0;;1;0;;1;0;
2420;1;0;;1;0;;1;0;;1;0;;1;0;;1;0;;1;0;
2430;1;0;;1;0;;1;0;;1;0;;1;0;;1;0;;1;0;
2440;1;0;;1;0;;1;0;;1;0;;1;0;;1;0;;1;0;
2450;1;0;;1;0;;1;0;;1;0;;1;0;;1;0;;1;0;
2460;1;0;;1;0;;1;0;;1;0;;1;0;;1;0;;1;0;
2470;1;0;;1;0;;1;0;;1;0;;1;0;;1;0;;1;0;
2480;1;1;;1;0;;1;0;;1;0;;1;0;;1;0;;1;0;
2490;1;0;;1;0;;1;0;;1;0;;1;0;;1;0;;1;0;
2500;1;0;;1;0;;1;0;;1;0;;1;0;;1;0;;1;0;
2510;1;0;;1;0;;1;0;;1;0;;1;0;;1;0;;1;0;
2520;1;0;;1;0;;1;0;;1;0;;1;0;;1;0;;1;0;
2530;1;0;;1;0;;1;0;;1;0;;1;0;;1;0;;1;0;
2540;1;0;;1;0;;1;0;;1;0;;1;0;;1;0;;1;0;
2550;1;0;;1;0;;1;0;;1;0;;1;0;;1;0;;1;0;
2560;1;0;;1;0;;1;0;;1;0;;1;0;;1;0;;1;0;
2570;1;0;;1;0;;1;0;;1;0;;1;0;;1;0;;1;0;
2580;1;0;;1;0;;1;0;;1;0;;1;0;;1;0;;1;0;
2590;1;0;;1;0;;1;0;;1;0;;1;0;;1;0;;1;0;
2600;1;0;;1;0;;1;0;;1;0;;1;0;;1;0;;1;0;
2610;1;0;;1;0;;1;0;;1;0;;1;0;;1;0;;1;0;
2620;1;0;;1;0;;1;0;;1;0;;1;0;;1;0;;1;0;
2630;1;0;;1;0;;1;0;;1;0;;1;0;;1;0;;1;0;
2640;1;0;;1;0;;1;0;;1;0;;1;0;;1;0;;1;0;
2650;1;0;;1;0;;1;0;;1;0;;1;0;;1;0;;1;0;
2660;1;0;;1;0;;1;0;;1;0;;1;0;;1;0;;1;0;
2670;1;0;;1;0;;1;0;;1;0;;1;0;;1;0;;1;0;
2680;1;0;;1;0;;1;0;;1;0;;1;0;;1;0;;1;0;
2690;1;0;;1;0;;1;0;;1;0;;1;0;;1;0;;1;0;
2700;1;0;;1;0;;1;0;;1;0;;1;0;;1;0;;1;0;
2710;1;0;;1;0;;1;0;;1;0;;1;0;;1;0;;1;0;
2720;1;0;;1;0;;1;0;;1;0;;1;0;;1;0;;1;0;
2730;1;0;;1;0;;1;0;;1;0;;1;0;;1;0;;1;0;
2740;1;0;;1;0;;1;0;;1;0;;1;0;;1;0;;1;0;
2750;1;0;;1;0;;1;0;;1;0;;1;0;;1;0;;1;0;
2760;1;0;;1;0;;1;0;;1;0;;1;0;;1;0;;1;0;
2770;1;0;;1;0;;1;0;;1;0;;1;0;;1;0;;1;0;
2780;1;0;;1;0;;1;0;;1;0;;1;0;;1;0;;1;0;
2790;1;0;;1;0;;1;0;;1;0;;1;0;;1;0;;1;0;
2800;1;0;;1;0;;1;0;;1;0;;1;0;;1;0;;1;0;
2810;1;0;;1;0;;1;0;;1;0;;1;0;;1;0;;1;0;
2820;1;0;;1;0;;1;0;;1;0;;1;0;;1;0;;1;0;
2830;1;1;;1;0;;1;0;;1;0;;1;0;;1;0;;1;0;
2840;1;0;;1;0;;1;0;;1;0;;1;0;;1;0;;1;0;
2850;1;0;;1;0;;1;0;;1;0;;1;0;;1;0;;1;0;
2860;1;0;;1;0;;1;0;;1;0;;1;0;;1;0;;1;0;
2870;1;0;;1;0;;1;0;;1;0;;1;0;;1;0;;1;0;
2880;1;0;;1;0;;1;0;;1;0;;1;0;;1;0;;1;0;
2890;1;0;;1;0;;1;0;;1;0;;1;0;;1;0;;1;0;
2900;1;0;;1;0;;1;0;;1;0;;1;0;;1;0;;1;0;
2910;1;0;;1;0;;1;0;;1;0;;1;0;;1;0;;1;0;
2920;1;0;;1;0;;1;0;;1;0;;1;0;;1;0;;1;0;
2930;1;0;;1;0;;1;0;;1;0;;1;0;;1;0;;1;0;
2940;1;0;;1;0;;1;0;;1;0;;1;0;;1;0;;1;0;
2950;1;0;;1;0;;1;0;;1;0;;1;0;;1;0;;1;0;
2960;1;0;;1;0;;1;0;;1;0;;1;0;;1;0;;1;0;
2970;1;0;;1;0;;1;0;;1;0;;1;0;;1;0;;1;0;
2980;1;0;;1;0;;1;0;;1;0;;1;0;;1;0;;1;0;
2990;1;0;;1;0;;1;0;;1;0;;1;0;;1;0;;1;0;
3000;1;0;;1;0;;1;0;;1;0;;1;0;;1;0;;1;0;
3010;1;0;;1;0;;1;0;;1;0;;1;0;;1;0;;1;0;
3020;1;0;;1;0;;1;0;;1;0;;1;0;;1;0;;1;0;
3030;1;0;;1;0;;1;0;;1;0;;1;0;;1;0;;1;0;
3040;1;0;;1;0;;1;0;;1;0;;1;0;;1;0;;1;0;
3050;1;0;;1;0;;1;0;;1;0;;1;0;;1;0;;1;0;
3060;1;0;;1;0;;1;0;;1;0;;1;0;;1;0;;1;0;
3070;1;0;;1;0;;1;0;;1;0;;1;0;;1;0;;1;0;
3080;1;1;;1;0;;1;0;;1;0;;1;0;;1;0;;1;0;
3090;1;0;;1;0;;1;0;;1;0;;1;0;;1;0;;1;0;
3100;1;0;;1;0;;1;0;;1;0;;1;0;;1;0;;1;0;
3110;1;0;;1;0;;1;0;;1;0;;1;0;;1;0;;1;0;
3120;1;0;;1;0;;1;0;;1;0;;1;0;;1;0;;1;0;
3130;1;0;;1;0;;1;0;;1;0;;1;0;;1;0;;1;0;
3140;1;0;;1;0;;1;0;;1;0;;1;0;;1;0;;1;0;
3150;1;0;;1;0;;1;0;;1;0;;1;0;;1;0;;1;0;
3160;1;0;;1;0;;1;0;;1;0;;1;0;;1;0;;1;0;
3170;1;0;;1;0;;1;0;;1;0;;1;0;;1;0;;1;0;
3180;1;0;;1;0;;1;0;;1;0;;1;0;;1;0;;1;0;
3190;1;0;;1;0;;1;0;;1;0;;1;0;;1;0;;1;0;
3200;1;0;;1;0;;1;0;;1;0;;1;0;;1;0;;1;0;
3210;1;0;;1;0;;1;0;;1;0;;1;0;;1;0;;1;0;
3220;1;0;;1;0;;1;0;;1;0;;1;0;;1;0;;1;0;
3230;1;0;;1;0;;1;0;;1;0;;1;0;;1;0;;1;0;
3240;1;0;;1;0;;1;0;;1;0;;1;0;;1;0;;1;0;
3250;1;0;;1;0;;1;0;;1;0;;1;0;;1;0;;1;0;
3260;1;0;;1;0;;1;0;;1;0;;1;0;;1;0;;1;0;
3270;1;1;;1;0;;1;0;;1;0;;1;0;;1;0;;1;0;
3280;1;0;;1;0;;1;0;;1;0;;1;0;;1;0;;1;0;
3290;1;0;;1;0;;1;0;;1;0;;1;0;;1;0;;1;0;
3300;1;0;;1;0;;1;0;;1;0;;1;0;;1;0;;1;0;
3310;1;0;;1;0;;1;0;;1;0;;1;0;;1;0;;1;0;
3320;1;0;;1;0;;1;0;;1;0;;1;0;;1;0;;1;0;
3330;1;0;;1;0;;1;0;;1;0;;1;0;;1;0;;1;0;
3340;1;0;;1;0;;1;0;;1;0;;1;0;;1;0;;1;0;
3350;1;0;;1;0;;1;0;;1;0;;1;0;;1;0;;1;0;
3360;1;0;;1;0;;1;0;;1;0;;1;0;;1;0;;1;0;
3370;1;0;;1;0;;1;0;;1;0;;1;0;;1;0;;1;0;
3380;1;0;;1;0;;1;0;;1;0;;1;0;;1;0;;1;0;
3390;1;0;;1;0;;1;0;;1;0;;1;0;;1;0;;1;0;
3400;1;0;;1;0;;1;0;;1;0;;1;0;;1;0;;1;0;
3410;1;0;;1;0;;1;0;;1;0;;1;0;;1;0;;1;0;
3420;1;0;;1;0;;1;0;;1;0;;1;0;;1;0;;1;0;
3430;1;1;;1;0;;1;0;;1;0;;1;0;;1;0;;1;0;
3440;1;0;;1;0;;1;0;;1;0;;1;0;;1;0;;1;0;
3450;1;0;;1;0;;1;0;;1;0;;1;0;;1;0;;1;0;
3460;1;0;;1;0;;1;0;;1;0;;1;0;;1;0;;1;0;
3470;1;0;;1;0;;1;0;;1;0;;1;0;;1;0;;1;0;
3480;1;0;;1;0;;1;0;;1;0;;1;0;;1;0;;1;0;
3490;1;0;;1;0;;1;0;;1;0;;1;0;;1;0;;1;0;
3500;1;0;;1;0;;1;0;;1;0;;1;0;;1;0;;1;0;
3510;1;0;;1;0;;1;0;;1;0;;1;0;;1;0;;1;0;
3520;1;0;;1;0;;1;0;;1;0;;1;0;;1;0;;1;0;
3530;1;0;;1;0;;1;0;;1;0;;1;0;;1;0;;1;0;
3540;1;0;;1;0;;1;0;;1;0;;1;0;;1;0;;1;0;
3550;1;0;;1;0;;1;0;;1;0;;1;0;;1;0;;1;0;
3560;1;0;;1;0;;1;0;;1;0;;1;0;;1;0;;1;0;
3570;1;0;;1;0;;1;0;;1;0;;1;0;;1;0;;1;0;
3580;1;1;;1;0;;1;0;;1;0;;1;0;;1;0;;1;0;
3590;1;0;;1;0;;1;0;;1;0;;1;0;;1;0;;1;0;
3600;1;0;;1;0;;1;0;;1;0;;1;0;;1;0;;1;0;
3610;1;0;;1;0;;1;0;;1;0;;1;0;;1;0;;1;0;
3620;1;0;;1;0;;1;0;;1;0;;1;0;;1;0;;1;0;
3630;1;0;;1;0;;1;0;;1;0;;1;0;;1;0;;1;0;
3640;1;0;;1;0;;1;0;;1;0;;1;0;;1;0;;1;0;
3650;1;0;;1;0;;1;0;;1;0;;1;0;;1;0;;1;0;
3660;1;0;;1;0;;1;0;;1;0;;1;0;;1;0;;1;0;
3670;1;0;;1;0;;1;0;;1;0;;1;0;;1;0;;1;0;
3680;1;0;;1;0;;1;0;;1;0;;1;0;;1;0;;1;0;
3690;1;0;;1;0;;1;0;;1;0;;1;0;;1;0;;1;0;
3700;1;1;;1;0;;1;0;;1;0;;1;0;;1;0;;1;0;
3710;1;0;;1;0;;1;0;;1;0;;1;0;;1;0;;1;0;
3720;1;0;;1;0;;1;0;;1;0;;1;0;;1;0;;1;0;
3730;1;0;;1;0;;1;0;;1;0;;1;0;;1;0;;1;0;
3740;1;0;;1;0;;1;0;;1;0;;1;0;;1;0;;1;0;
3750;1;0;;1;0;;1;0;;1;0;;1;0;;1;0;;1;0;
3760;1;0;;1;0;;1;0;;1;0;;1;0;;1;0;;1;0;
3770;1;0;;1;0;;1;0;;1;0;;1;0;;1;0;;1;0;
3780;1;0;;1;0;;1;0;;1;0;;1;0;;1;0;;1;0;
3790;1;0;;1;0;;1;0;;1;0;;1;0;;1;0;;1;0;
3800;1;0;;1;0;;1;0;;1;0;;1;0;;1;0;;1;0;
3810;1;0;;1;0;;1;0;;1;0;;1;0;;1;0;;1;0;
3820;1;1;;1;0;;1;0;;1;0;;1;0;;1;0;;1;0;
3830;1;0;;1;0;;1;0;;1;0;;1;0;;1;0;;1;0;
3840;1;0;;1;0;;1;0;;1;0;;1;0;;1;0;;1;0;
3850;1;0;;1;0;;1;0;;1;0;;1;0;;1;0;;1;0;
3860;1;0;;1;0;;1;0;;1;0;;1;0;;1;0;;1;0;
3870;1;0;;1;0;;1;0;;1;0;;1;0;;1;0;;1;0;
3880;1;0;;1;0;;1;0;;1;0;;1;0;;1;0;;1;0;
3890;1;0;;1;0;;1;0;;1;0;;1;0;;1;0;;1;0;
3900;1;0;;1;0;;1;0;;1;0;;1;0;;1;0;;1;0;
3910;1;0;;1;0;;1;0;;1;0;;1;0;;1;0;;1;0;
3920;1;1;;1;0;;1;0;;1;0;;1;0;;1;0;;1;0;
3930;1;0;;1;0;;1;0;;1;0;;1;0;;1;0;;1;0;
3940;1;0;;1;0;;1;0;;1;0;;1;0;;1;0;;1;0;
3950;1;0;;1;0;;1;0;;1;0;;1;0;;1;0;;1;0;
3960;1;0;;1;0;;1;0;;1;0;;1;0;;1;0;;1;0;
3970;1;0;;1;0;;1;0;;1;0;;1;0;;1;0;;1;0;
3980;1;0;;1;0;;1;0;;1;0;;1;0;;1;0;;1;0;
3990;1;0;;1;0;;1;0;;1;0;;1;0;;1;0;;1;0;
4000;1;0;;1;0;;1;0;;1;0;;1;0;;1;0;;1;0;
4010;1;0;;1;0;;1;0;;1;0;;1;0;;1;0;;1;0;
4020;1;1;;1;0;;1;0;;1;0;;1;0;;1;0;;1;0;
4030;1;0;;1;0;;1;0;;1;0;;1;0;;1;0;;1;0;
4040;1;0;;1;0;;1;0;;1;0;;1;0;;1;0;;1;0;
4050;1;0;;1;0;;1;0;;1;0;;1;0;;1;0;;1;0;
4060;1;0;;1;0;;1;0;;1;0;;1;0;;1;0;;1;0;
4070;1;0;;1;0;;1;0;;1;0;;1;0;;1;0;;1;0;
4080;1;0;;1;0;;1;0;;1;0;;1;0;;1;0;;1;0;
4090;1;1;;1;0;;1;0;;1;0;;1;0;;1;0;;1;0;
4100;1;0;;1;0;;1;0;;1;0;;1;0;;1;0;;1;0;
4110;1;0;;1;0;;1;0;;1;0;;1;0;;1;0;;1;0;
4120;1;0;;1;0;;1;0;;1;0;;1;0;;1;0;;1;0;
4130;1;0;;1;0;;1;0;;1;0;;1;0;;1;0;;1;0;
4140;1;1;;1;0;;1;0;;1;0;;1;0;;1;0;;1;0;
4150;1;0;;1;0;;1;0;;1;0;;1;0;;1;0;;1;0;
4160;1;0;;1;0;;1;0;;1;0;;1;0;;1;0;;1;0;
4170;1;0;;1;0;;1;0;;1;0;;1;0;;1;0;;1;0;
4180;1;0;;1;0;;1;0;;1;0;;1;0;;1;0;;1;0;
4190;1;1;;1;0;;1;0;;1;0;;1;0;;1;0;;1;0;
4200;1;0;;1;0;;1;0;;1;0;;1;0;;1;0;;1;0;
4210;1;0;;1;0;;1;0;;1;0;;1;0;;1;0;;1;0;
4220;1;0;;1;0;;1;0;;1;0;;1;0;;1;0;;1;0;
4230;1;1;;1;0;;1;0;;1;0;;1;0;;1;0;;1;0;
4240;1;0;;1;0;;1;0;;1;0;;1;0;;1;0;;1;0;
4250;1;0;;1;0;;1;0;;1;0;;1;0;;1;0;;1;0;
4260;1;0;;1;0;;1;0;;1;0;;1;0;;1;0;;1;0;
4270;1;0;;1;0;;1;0;;1;0;;1;0;;1;0;;1;0;
4280;1;1;;1;0;;1;0;;1;0;;1;0;;1;0;;1;0;
4290;1;0;;1;0;;1;0;;1;0;;1;0;;1;0;;1;0;
4300;1;0;;1;0;;1;0;;1;0;;1;0;;1;0;;1;0;
4310;1;0;;1;0;;1;0;;1;0;;1;0;;1;0;;1;0;
4320;1;1;;1;0;;1;0;;1;0;;1;0;;1;0;;1;0;
4330;1;0;;1;0;;1;0;;1;0;;1;0;;1;0;;1;0;
4340;1;0;;1;0;;1;0;;1;0;;1;0;;1;0;;1;0;
4350;1;0;;1;0;;1;0;;1;0;;1;0;;1;0;;1;0;
4360;1;1;;1;0;;1;0;;1;0;;1;0;;1;0;;1;0;
4370;1;0;;1;0;;1;0;;1;0;;1;0;;1;0;;1;0;
4380;1;0;;1;0;;1;0;;1;0;;1;0;;1;0;;1;0;
4390;1;0;;1;0;;1;0;;1;0;;1;0;;1;0;;1;0;
4400;1;0;;1;0;;1;0;;1;0;;1;0;;1;0;;1;0;
4410;1;1;;1;0;;1;0;;1;0;;1;0;;1;0;;1;0;
4420;1;0;;1;0;;1;0;;1;0;;1;0;;1;0;;1;0;
4430;1;0;;1;0;;1;0;;1;0;;1;0;;1;0;;1;0;
4440;1;0;;1;0;;1;0;;1;0;;1;0;;1;0;;1;0;
4450;1;1;;1;0;;1;0;;1;0;;1;0;;1;0;;1;0;
4460;1;0;;1;0;;1;0;;1;0;;1;0;;1;0;;1;0;
4470;1;0;;1;0;;1;0;;1;0;;1;0;;1;0;;1;0;
4480;1;1;;1;0;;1;0;;1;0;;1;0;;1;0;;1;0;
4490;1;0;;1;0;;1;0;;1;0;;1;0;;1;0;;1;0;
4500;1;0;;1;0;;1;0;;1;0;;1;0;;1;0;;1;0;
4510;1;0;;1;0;;1;0;;1;0;;1;0;;1;0;;1;0;
4520;1;1;;1;0;;1;0;;1;0;;1;0;;1;0;;1;0;
4530;1;0;;1;0;;1;0;;1;0;;1;0;;1;0;;1;0;
4540;1;0;;1;0;;1;0;;1;0;;1;0;;1;0;;1;0;
4550;1;0;;1;0;;1;0;;1;0;;1;0;;1;0;;1;0;
4560;1;1;;1;0;;1;0;;1;0;;1;0;;1;0;;1;0;
4570;1;0;;1;0;;1;0;;1;0;;1;0;;1;0;;1;0;
4580;1;0;;1;0;;1;0;;1;0;;1;0;;1;0;;1;0;
4590;1;0;;1;0;;1;0;;1;0;;1;0;;1;0;;1;0;
4600;1;1;;1;0;;1;0;;1;0;;1;0;;1;0;;1;0;
4610;1;0;;1;0;;1;0;;1;0;;1;0;;1;0;;1;0;
4620;1;0;;1;0;;1;0;;1;0;;1;0;;1;0;;1;0;
4630;1;1;;1;0;;1;0;;1;0;;1;0;;1;0;;1;0;
4640;1;0;;1;0;;1;0;;1;0;;1;0;;1;0;;1;0;
4650;1;0;;1;0;;1;0;;1;0;;1;0;;1;0;;1;0;
4660;1;0;;1;0;;1;0;;1;0;;1;0;;1;0;;1;0;
4670;1;1;;1;0;;1;0;;1;0;;1;0;;1;0;;1;0;
4680;1;0;;1;0;;1;0;;1;0;;1;0;;1;0;;1;0;
4690;1;0;;1;0;;1;0;;1;0;;1;0;;1;0;;1;0;
4700;1;1;;1;0;;1;0;;1;0;;1;0;;1;0;;1;0;
4710;1;0;;1;0;;1;0;;1;0;;1;0;;1;0;;1;0;
4720;1;0;;1;0;;1;0;;1;0;;1;0;;1;0;;1;0;
4730;1;0;;1;0;;1;0;;1;0;;1;0;;1;0;;1;0;
4740;1;1;;1;0;;1;0;;1;0;;1;0;;1;0;;1;0;
4750;1;0;;1;0;;1;0;;1;0;;1;0;;1;0;;1;0;
4760;1;0;;1;0;;1;0;;1;0;;1;0;;1;0;;1;0;
4770;1;1;;1;0;;1;0;;1;0;;1;0;;1;0;;1;0;
4780;1;0;;1;0;;1;0;;1;0;;1;0;;1;0;;1;0;
4790;1;0;;1;0;;1;0;;1;0;;1;0;;1;0;;1;0;
4800;1;1;;1;0;;1;0;;1;0;;1;0;;1;0;;1;0;
4810;1;0;;1;0;;1;0;;1;0;;1;0;;1;0;;1;0;
4820;1;0;;1;0;;1;0;;1;0;;1;0;;1;0;;1;0;
4830;1;1;;1;0;;1;0;;1;0;;1;0;;1;0;;1;0;
4840;1;0;;1;0;;1;0;;1;0;;1;0;;1;0;;1;0;
4850;1;0;;1;0;;1;0;;1;0;;1;0;;1;0;;1;0;
4860;1;0;;1;0;;1;0;;1;0;;1;0;;1;0;;1;0;
4870;1;1;;1;0;;1;0;;1;0;;1;0;;1;0;;1;0;
4880;1;0;;1;0;;1;0;;1;0;;1;0;;1;0;;1;0;
4890;1;0;;1;0;;1;0;;1;0;;1;0;;1;0;;1;0;
4900;1;1;;1;0;;1;0;;1;0;;1;0;;1;0;;1;0;
4910;1;0;;1;0;;1;0;;1;0;;1;0;;1;0;;1;0;
4920;1;0;;1;0;;1;0;;1;0;;1;0;;1;0;;1;0;
4930;1;1;;1;0;;1;0;;1;0;;1;0;;1;0;;1;0;
4940;1;0;;1;0;;1;0;;1;0;;1;0;;1;0;;1;0;
4950;1;0;;1;0;;1;0;;1;0;;1;0;;1;0;;1;0;
4960;1;1;;1;0;;1;0;;1;0;;1;0;;1;0;;1;0;
4970;1;0;;1;0;;1;0;;1;0;;1;0;;1;0;;1;0;
4980;1;0;;1;0;;1;0;;1;0;;1;0;;1;0;;1;0;
4990;1;1;;1;0;;1;0;;1;0;;1;0;;1;0;;1;0;
5000;1;0;;1;0;;1;0;;1;0;;1;0;;1;0;;1;0;
5010;1;0;;1;0;;1;0;;1;0;;1;0;;1;0;;1;0;
5020;1;1;;1;0;;1;0;;1;0;;1;0;;1;0;;1;0;
5030;1;0;;1;0;;1;0;;1;0;;1;0;;1;0;;1;0;
5040;1;0;;1;0;;1;0;;1;0;;1;0;;1;0;;1;0;
5050;1;1;;1;0;;1;0;;1;0;;1;0;;1;0;;1;0;
5060;1;0;;1;0;;1;0;;1;0;;1;0;;1;0;;1;0;
5070;1;1;;1;0;;1;0;;1;0;;1;0;;1;0;;1;0;
5080;1;0;;1;0;;1;0;;1;0;;1;0;;1;0;;1;0;
5090;1;0;;1;0;;1;0;;1;0;;1;0;;1;0;;1;0;
5100;1;1;;1;0;;1;0;;1;0;;1;0;;1;0;;1;0;
5110;1;0;;1;0;;1;0;;1;0;;1;0;;1;0;;1;0;
5120;1;0;;1;0;;1;0;;1;0;;1;0;;1;0;;1;0;
5130;1;1;;1;0;;1;0;;1;0;;1;0;;1;0;;1;0;
5140;1;0;;1;0;;1;0;;1;0;;1;0;;1;0;;1;0;
5150;1;0;;1;0;;1;0;;1;0;;1;0;;1;0;;1;0;
5160;1;1;;1;0;;1;0;;1;0;;1;0;;1;0;;1;0;
5170;1;0;;1;0;;1;0;;1;0;;1;0;;1;0;;1;0;
5180;1;1;;1;0;;1;0;;1;0;;1;0;;1;0;;1;0;
5190;1;0;;1;0;;1;0;;1;1;;1;0;;1;0;;1;0;
5200;1;0;;1;0;;1;0;;1;0;;1;0;;1;0;;1;0;
5210;1;1;;1;0;;1;0;;1;0;;1;0;;1;0;;1;0;
5220;1;0;;1;0;;1;0;;1;0;;1;0;;1;0;;1;0;
5230;1;0;;1;0;;1;0;;1;0;;1;0;;1;0;;1;0;
5240;1;1;;1;0;;1;0;;1;0;;1;0;;1;0;;1;0;
5250;1;0;;1;0;;1;0;;1;0;;1;0;;1;0;;1;0;
5260;1;1;;1;0;;1;0;;1;0;;1;0;;1;0;;1;0;
5270;1;0;;1;0;;1;0;;1;0;;1;0;;1;0;;1;0;
5280;1;0;;1;0;;1;0;;1;0;;1;0;;1;0;;1;0;
5290;1;1;;1;0;;1;0;;1;0;;1;0;;1;0;;1;0;
5300;1;0;;1;0;;1;0;;1;0;;1;0;;1;0;;1;0;
5310;1;1;;1;0;;1;0;;1;0;;1;0;;1;0;;1;0;
5320;1;0;;1;0;;1;0;;1;0;;1;0;;1;0;;1;0;
5330;1;0;;1;0;;1;0;;1;0;;1;0;;1;0;;1;0;
5340;1;1;;1;0;;1;0;;1;0;;1;0;;1;0;;1;0;
5350;1;0;;1;0;;1;0;;1;0;;1;0;;1;0;;1;0;
5360;1;1;;1;0;;1;0;;1;0;;1;0;;1;0;;1;0;
5370;1;0;;1;0;;1;0;;1;0;;1;0;;1;0;;1;0;
5380;1;0;;1;0;;1;0;;1;0;;1;0;;1;0;;1;0;
5390;1;1;;1;0;;1;0;;1;0;;1;0;;1;0;;1;0;
5400;1;0;;1;0;;1;0;;1;0;;1;0;;1;0;;1;0;
5410;1;1;;1;0;;1;0;;1;0;;1;0;;1;0;;1;0;
5420;1;0;;1;0;;1;0;;1;0;;1;0;;1;0;;1;0;
5430;1;0;;1;0;;1;0;;1;0;;1;0;;1;0;;1;0;
5440;1;1;;1;0;;1;0;;1;0;;1;0;;1;0;;1;0;
5450;1;0;;1;0;;1;0;;1;0;;1;0;;1;0;;1;0;
5460;1;1;;1;0;;1;0;;1;0;;1;0;;1;0;;1;0;
5470;1;0;;1;0;;1;0;;1;0;;1;0;;1;0;;1;0;
5480;1;0;;1;0;;1;0;;1;0;;1;0;;1;0;;1;0;
5490;1;1;;1;0;;1;0;;1;0;;1;0;;1;0;;1;0;
5500;1;0;;1;0;;1;0;;1;0;;1;0;;1;0;;1;0;
5510;1;1;;1;0;;1;0;;1;0;;1;0;;1;0;;1;0;
5520;1;0;;1;0;;1;0;;1;0;;1;0;;1;0;;1;0;
5530;1;1;;1;0;;1;0;;1;0;;1;0;;1;0;;1;0;
5540;1;0;;1;0;;1;0;;1;0;;1;0;;1;0;;1;0;
5550;1;0;;1;0;;1;0;;1;0;;1;0;;1;0;;1;0;
5560;1;1;;1;0;;1;0;;1;0;;1;0;;1;0;;1;0;
5570;1;0;;1;0;;1;0;;1;0;;1;0;;1;0;;1;0;
5580;1;1;;1;0;;1;0;;1;0;;1;0;;1;0;;1;0;
5590;1;0;;1;0;;1;0;;1;0;;1;0;;1;0;;1;0;
5600;1;1;;1;0;;1;0;;1;0;;1;0;;1;0;;1;0;
5610;1;0;;1;0;;1;0;;1;0;;1;0;;1;0;;1;0;
5620;1;1;;1;0;;1;0;;1;0;;1;0;;1;0;;1;0;
5630;1;0;;1;0;;1;0;;1;0;;1;0;;1;0;;1;0;
5640;1;0;;1;0;;1;0;;1;0;;1;0;;1;0;;1;0;
5650;1;1;;1;0;;1;0;;1;0;;1;0;;1;0;;1;0;
5660;1;0;;1;0;;1;0;;1;0;;1;0;;1;0;;1;0;
5670;1;1;;1;0;;1;0;;1;0;;1;0;;1;0;;1;0;
5680;1;0;;1;0;;1;0;;1;0;;1;0;;1;0;;1;0;
5690;1;1;;1;0;;1;0;;1;0;;1;0;;1;0;;1;0;
5700;1;0;;1;0;;1;0;;1;0;;1;0;;1;0;;1;0;
5710;1;1;;1;0;;1;0;;1;0;;1;0;;1;0;;1;0;
5720;1;0;;1;0;;1;0;;1;0;;1;0;;1;0;;1;0;
5730;1;1;;1;0;;1;0;;1;0;;1;0;;1;0;;1;0;
5740;1;0;;1;0;;1;0;;1;0;;1;0;;1;0;;1;0;
5750;1;1;;1;0;;1;0;;1;1;;1;0;;1;0;;1;0;
5760;1;0;;1;0;;1;0;;1;0;;1;0;;1;0;;1;0;
5770;1;0;;1;0;;1;0;;1;0;;1;0;;1;0;;1;0;
5780;1;1;;1;0;;1;0;;1;0;;1;0;;1;0;;1;0;
5790;1;0;;1;0;;1;0;;1;0;;1;0;;1;0;;1;0;
5800;1;1;;1;0;;1;0;;1;0;;1;0;;1;0;;1;0;
5810;1;0;;1;0;;1;0;;1;0;;1;0;;1;0;;1;0;
5820;1;1;;1;0;;1;0;;1;0;;1;0;;1;0;;1;0;
5830;1;0;;1;0;;1;0;;1;0;;1;0;;1;0;;1;0;
5840;1;1;;1;0;;1;0;;1;0;;1;0;;1;0;;1;0;
5850;1;0;;1;0;;1;0;;1;0;;1;0;;1;0;;1;0;
5860;1;1;;1;0;;1;0;;1;0;;1;0;;1;0;;1;0;
5870;1;0;;1;0;;1;0;;1;0;;1;0;;1;0;;1;0;
5880;1;1;;1;0;;1;0;;1;0;;1;0;;1;0;;1;0;
5890;1;0;;1;0;;1;0;;1;0;;1;0;;1;0;;1;0;
5900;1;1;;1;0;;1;0;;1;0;;1;0;;1;0;;1;0;
5910;1;0;;1;0;;1;0;;1;0;;1;0;;1;0;;1;0;
5920;1;1;;1;0;;1;0;;1;0;;1;0;;1;0;;1;0;
5930;1;0;;1;0;;1;0;;1;0;;1;0;;1;0;;1;0;
5940;1;1;;1;0;;1;0;;1;0;;1;0;;1;0;;1;0;
5950;1;0;;1;0;;1;0;;1;0;;1;0;;1;0;;1;0;
5960;1;1;;1;0;;1;0;;1;0;;1;0;;1;0;;1;0;
5970;1;0;;1;0;;1;0;;1;0;;1;0;;1;0;;1;0;
5980;1;1;;1;0;;1;0;;1;0;;1;0;;1;0;;1;0;
5990;1;0;;1;0;;1;0;;1;0;;1;0;;1;0;;1;0;
6000;1;1;;1;0;;1;0;;1;0;;1;0;;1;0;;1;0;
6010;1;0;;1;0;;1;0;;1;0;;1;0;;1;0;;1;0;
6020;1;1;;1;0;;1;0;;1;0;;1;0;;1;0;;1;0;
6030;1;0;;1;0;;1;0;;1;0;;1;0;;1;0;;1;0;
6040;1;1;;1;0;;1;0;;1;0;;1;0;;1;0;;1;0;
6050;1;0;;1;0;;1;0;;1;0;;1;0;;1;0;;1;0;
6060;1;1;;1;0;;1;0;;1;0;;1;0;;1;0;;1;0;
6070;1;0;;1;0;;1;0;;1;0;;1;0;;1;0;;1;0;
6080;1;1;;1;0;;1;0;;1;0;;1;0;;1;0;;1;0;
6090;1;0;;1;0;;1;0;;1;0;;1;0;;1;0;;1;0;
6100;1;1;;1;0;;1;0;;1;0;;1;0;;1;0;;1;0;
6110;1;0;;1;0;;1;0;;1;0;;1;0;;1;0;;1;0;
6120;1;1;;1;0;;1;0;;1;0;;1;0;;1;0;;1;0;
6130;1;1;;1;0;;1;0;;1;0;;1;0;;1;0;;1;0;
6140;1;0;;1;0;;1;0;;1;1;;1;0;;1;0;;1;0;
6150;1;1;;1;0;;1;0;;1;0;;1;0;;1;0;;1;0;
6160;1;0;;1;0;;1;0;;1;0;;1;0;;1;0;;1;0;
6170;1;1;;1;0;;1;0;;1;0;;1;0;;1;0;;1;0;
6180;1;0;;1;0;;1;0;;1;0;;1;0;;1;0;;1;0;
6190;1;1;;1;0;;1;0;;1;0;;1;0;;1;0;;1;0;
6200;1;0;;1;0;;1;0;;1;0;;1;0;;1;0;;1;0;
6210;1;1;;1;0;;1;0;;1;0;;1;0;;1;0;;1;0;
6220;1;0;;1;0;;1;0;;1;0;;1;0;;1;0;;1;0;
6230;1;1;;1;0;;1;0;;1;0;;1;0;;1;0;;1;0;
6240;1;1;;1;0;;1;0;;1;0;;1;0;;1;0;;1;0;
6250;1;0;;1;0;;1;0;;1;0;;1;0;;1;0;;1;0;
6260;1;1;;1;0;;1;0;;1;0;;1;0;;1;0;;1;0;
6270;1;0;;1;0;;1;0;;1;0;;1;0;;1;0;;1;0;
6280;1;1;;1;0;;1;0;;1;0;;1;0;;1;0;;1;0;
6290;1;0;;1;0;;1;0;;1;0;;1;0;;1;0;;1;0;
6300;1;1;;1;0;;1;0;;1;0;;1;0;;1;0;;1;0;
6310;1;0;;1;0;;1;0;;1;0;;1;0;;1;0;;1;0;
6320;1;1;;1;0;;1;0;;1;0;;1;0;;1;0;;1;0;
6330;1;1;;1;0;;1;0;;1;0;;1;0;;1;0;;1;0;
6340;1;0;;1;0;;1;0;;1;0;;1;0;;1;0;;1;0;
6350;1;1;;1;0;;1;0;;1;0;;1;0;;1;0;;1;0;
6360;1;0;;1;0;;1;0;;1;0;;1;0;;1;0;;1;0;
6370;1;1;;1;0;;1;0;;1;0;;1;0;;1;0;;1;0;
6380;1;0;;1;0;;1;0;;1;0;;1;0;;1;0;;1;0;
6390;1;1;;1;0;;1;0;;1;0;;1;0;;1;0;;1;0;
6400;1;1;;1;0;;1;0;;1;0;;1;0;;1;0;;1;0;
6410;1;0;;1;0;;1;0;;1;0;;1;0;;1;0;;1;0;
6420;1;1;;1;0;;1;0;;1;0;;1;0;;1;0;;1;0;
6430;1;0;;1;0;;1;0;;1;0;;1;0;;1;0;;1;0;
6440;1;1;;1;0;;1;0;;1;0;;1;0;;1;0;;1;0;
6450;1;0;;1;0;;1;0;;1;1;;1;0;;1;0;;1;0;
6460;1;1;;1;0;;1;0;;1;0;;1;0;;1;0;;1;0;
6470;1;1;;1;0;;1;0;;1;0;;1;0;;1;0;;1;0;
6480;1;0;;1;0;;1;0;;1;0;;1;0;;1;0;;1;0;
6490;1;1;;1;0;;1;0;;1;0;;1;0;;1;0;;1;0;
6500;1;0;;1;0;;1;0;;1;0;;1;0;;1;0;;1;0;
6510;1;1;;1;0;;1;0;;1;0;;1;0;;1;0;;1;0;
6520;1;1;;1;0;;1;0;;1;0;;1;0;;1;0;;1;0;
6530;1;0;;1;0;;1;0;;1;0;;1;0;;1;0;;1;0;
6540;1;1;;1;0;;1;0;;1;0;;1;0;;1;0;;1;0;
6550;1;0;;1;0;;1;0;;1;0;;1;0;;1;0;;1;0;
6560;1;1;;1;0;;1;0;;1;0;;1;0;;1;0;;1;0;
6570;1;1;;1;0;;1;0;;1;0;;1;0;;1;0;;1;0;
6580;1;0;;1;0;;1;0;;1;0;;1;0;;1;0;;1;0;
6590;1;1;;1;0;;1;0;;1;0;;1;0;;1;0;;1;0;
6600;1;0;;1;0;;1;0;;1;0;;1;0;;1;0;;1;0;
6610;1;1;;1;0;;1;0;;1;0;;1;0;;1;0;;1;0;
6620;1;1;;1;0;;1;0;;1;0;;1;0;;1;0;;1;0;
6630;1;0;;1;0;;1;0;;1;0;;1;0;;1;0;;1;0;
6640;1;1;;1;0;;1;0;;1;0;;1;0;;1;0;;1;0;
6650;1;1;;1;0;;1;0;;1;0;;1;0;;1;0;;1;0;
6660;1;0;;1;0;;1;0;;1;0;;1;0;;1;0;;1;0;
6670;1;1;;1;0;;1;0;;1;0;;1;0;;1;0;;1;0;
6680;1;0;;1;0;;1;0;;1;0;;1;0;;1;0;;1;0;
6690;1;1;;1;0;;1;0;;1;0;;1;0;;1;0;;1;0;
6700;1;1;;1;0;;1;0;;1;0;;1;0;;1;0;;1;0;
6710;1;0;;1;0;;1;0;;1;1;;1;0;;1;0;;1;0;
6720;1;1;;1;0;;1;0;;1;0;;1;0;;1;0;;1;0;
6730;1;1;;1;0;;1;0;;1;0;;1;0;;1;0;;1;0;
6740;1;0;;1;0;;1;0;;1;0;;1;0;;1;0;;1;0;
6750;1;1;;1;0;;1;0;;1;0;;1;0;;1;0;;1;0;
6760;1;0;;1;0;;1;0;;1;0;;1;0;;1;0;;1;0;
6770;1;1;;1;0;;1;0;;1;0;;1;0;;1;0;;1;0;
6780;1;1;;1;0;;1;0;;1;0;;1;0;;1;0;;1;0;
6790;1;0;;1;0;;1;0;;1;0;;1;0;;1;0;;1;0;
6800;1;1;;1;0;;1;0;;1;0;;1;0;;1;0;;1;0;
6810;1;1;;1;0;;1;0;;1;0;;1;0;;1;0;;1;0;
6820;1;0;;1;0;;1;0;;1;0;;1;0;;1;0;;1;0;
6830;1;1;;1;0;;1;0;;1;0;;1;0;;1;0;;1;0;
6840;1;1;;1;0;;1;0;;1;0;;1;0;;1;0;;1;0;
6850;1;0;;1;0;;1;0;;1;0;;1;0;;1;0;;1;0;
6860;1;1;;1;0;;1;0;;1;0;;1;0;;1;0;;1;0;
6870;1;0;;1;0;;1;0;;1;0;;1;0;;1;0;;1;0;
6880;1;1;;1;0;;1;0;;1;0;;1;0;;1;0;;1;0;
6890;1;1;;1;0;;1;0;;1;0;;1;0;;1;0;;1;0;
6900;1;0;;1;0;;1;0;;1;0;;1;0;;1;0;;1;0;
6910;1;1;;1;0;;1;0;;1;0;;1;0;;1;0;;1;0;
6920;1;1;;1;0;;1;0;;1;0;;1;0;;1;0;;1;0;
6930;1;0;;1;0;;1;0;;1;0;;1;0;;1;0;;1;0;
6940;1;1;;1;0;;1;0;;1;1;;1;0;;1;0;;1;0;
6950;1;1;;1;0;;1;0;;1;0;;1;0;;1;0;;1;0;
6960;1;0;;1;0;;1;0;;1;0;;1;0;;1;0;;1;0;
6970;1;1;;1;0;;1;0;;1;0;;1;0;;1;0;;1;0;
6980;1;1;;1;0;;1;0;;1;0;;1;0;;1;0;;1;0;
6990;1;0;;1;0;;1;0;;1;0;;1;0;;1;0;;1;0;
7000;1;1;;1;0;;1;0;;1;0;;1;0;;1;0;;1;0;
7010;1;1;;1;0;;1;0;;1;0;;1;0;;1;0;;1;0;
7020;1;0;;1;0;;1;0;;1;0;;1;0;;1;0;;1;0;
7030;1;1;;1;0;;1;0;;1;0;;1;0;;1;0;;1;0;
7040;1;1;;1;0;;1;0;;1;0;;1;0;;1;0;;1;0;
7050;1;0;;1;0;;1;0;;1;0;;1;0;;1;0;;1;0;
7060;1;1;;1;0;;1;0;;1;0;;1;0;;1;0;;1;0;
7070;1;1;;1;0;;1;0;;1;0;;1;0;;1;0;;1;0;
7080;1;1;;1;0;;1;0;;1;0;;1;0;;1;0;;1;0;
7090;1;0;;1;0;;1;0;;1;0;;1;0;;1;0;;1;0;
7100;1;1;;1;0;;1;0;;1;0;;1;0;;1;0;;1;0;
7110;1;1;;1;0;;1;0;;1;0;;1;0;;1;0;;1;0;
7120;1;0;;1;0;;1;0;;1;0;;1;0;;1;0;;1;0;
7130;1;1;;1;0;;1;0;;1;1;;1;0;;1;0;;1;0;
7140;1;1;;1;0;;1;0;;1;0;;1;0;;1;0;;1;0;
7150;1;0;;1;0;;1;0;;1;0;;1;0;;1;0;;1;0;
7160;1;1;;1;0;;1;0;;1;0;;1;0;;1;0;;1;0;
7170;1;1;;1;0;;1;0;;1;0;;1;0;;1;0;;1;0;
7180;1;0;;1;0;;1;0;;1;0;;1;0;;1;0;;1;0;
7190;1;1;;1;0;;1;0;;1;0;;1;0;;1;0;;1;0;
7200;1;1;;1;0;;1;0;;1;0;;1;0;;1;0;;1;0;
7210;1;1;;1;0;;1;0;;1;0;;1;0;;1;0;;1;0;
7220;1;0;;1;0;;1;0;;1;0;;1;0;;1;0;;1;0;
7230;1;1;;1;0;;1;0;;1;0;;1;0;;1;0;;1;0;
7240;1;1;;1;0;;1;0;;1;0;;1;0;;1;0;;1;0;
7250;1;0;;1;0;;1;0;;1;0;;1;0;;1;0;;1;0;
7260;1;1;;1;0;;1;0;;1;0;;1;0;;1;0;;1;0;
7270;1;1;;1;0;;1;0;;1;0;;1;0;;1;0;;1;0;
7280;1;0;;1;0;;1;0;;1;0;;1;0;;1;0;;1;0;
7290;1;1;;1;0;;1;0;;1;0;;1;0;;1;0;;1;0;
7300;1;1;;1;0;;1;0;;1;0;;1;0;;1;0;;1;0;
7310;1;1;;1;0;;1;0;;1;1;;1;0;;1;0;;1;0;
7320;1;0;;1;0;;1;0;;1;0;;1;0;;1;0;;1;0;
7330;1;1;;1;0;;1;0;;1;0;;1;0;;1;0;;1;0;
7340;1;1;;1;0;;1;0;;1;0;;1;0;;1;0;;1;0;
7350;1;0;;1;0;;1;0;;1;0;;1;0;;1;0;;1;0;
7360;1;1;;1;0;;1;0;;1;0;;1;0;;1;0;;1;0;
7370;1;1;;1;0;;1;0;;1;0;;1;0;;1;0;;1;0;
7380;1;1;;1;0;;1;0;;1;0;;1;0;;1;0;;1;0;
7390;1;0;;1;0;;1;0;;1;0;;1;0;;1;0;;1;0;
7400;1;1;;1;0;;1;0;;1;0;;1;0;;1;0;;1;0;
7410;1;1;;1;0;;1;0;;1;0;;1;0;;1;0;;1;0;
7420;1;1;;1;0;;1;0;;1;0;;1;0;;1;0;;1;0;
7430;1;0;;1;0;;1;0;;1;0;;1;0;;1;0;;1;0;
7440;1;1;;1;0;;1;0;;1;0;;1;0;;1;0;;1;0;
7450;1;1;;1;0;;1;0;;1;0;;1;0;;1;0;;1;0;
7460;1;1;;1;0;;1;0;;1;0;;1;0;;1;0;;1;0;
7470;1;0;;1;0;;1;0;;1;0;;1;0;;1;0;;1;0;
7480;1;1;;1;0;;1;0;;1;1;;1;0;;1;0;;1;0;
7490;1;1;;1;0;;1;0;;1;0;;1;0;;1;0;;1;0;
7500;1;0;;1;0;;1;0;;1;0;;1;0;;1;0;;1;0;
7510;1;1;;1;0;;1;0;;1;0;;1;0;;1;0;;1;0;
7520;1;1;;1;0;;1;0;;1;0;;1;0;;1;0;;1;0;
7530;1;1;;1;0;;1;0;;1;0;;1;0;;1;0;;1;0;
7540;1;0;;1;0;;1;0;;1;0;;1;0;;1;0;;1;0;
7550;1;1;;1;0;;1;0;;1;0;;1;0;;1;0;;1;0;
7560;1;1;;1;0;;1;0;;1;0;;1;0;;1;0;;1;0;
7570;1;1;;1;0;;1;0;;1;0;;1;0;;1;0;;1;0;
7580;1;0;;1;0;;1;0;;1;0;;1;0;;1;0;;1;0;
7590;1;1;;1;0;;1;0;;1;0;;1;0;;1;0;;1;0;
7600;1;1;;1;0;;1;0;;1;0;;1;0;;1;0;;1;0;
7610;1;1;;1;0;;1;0;;1;0;;1;0;;1;0;;1;0;
7620;1;0;;1;0;;1;0;;1;0;;1;0;;1;0;;1;0;
7630;1;1;;1;0;;1;0;;1;1;;1;0;;1;0;;1;0;
7640;1;1;;1;0;;1;0;;1;0;;1;0;;1;0;;1;0;
7650;1;1;;1;0;;1;0;;1;0;;1;0;;1;0;;1;0;
7660;1;1;;1;0;;1;0;;1;0;;1;0;;1;0;;1;0;
7670;1;0;;1;0;;1;0;;1;0;;1;0;;1;0;;1;0;
7680;1;1;;1;0;;1;0;;1;0;;1;0;;1;0;;1;0;
7690;1;1;;1;0;;1;0;;1;0;;1;0;;1;0;;1;0;
7700;1;1;;1;0;;1;0;;1;0;;1;0;;1;0;;1;0;
7710;1;0;;1;0;;1;0;;1;0;;1;0;;1;0;;1;0;
7720;1;1;;1;0;;1;0;;1;0;;1;0;;1;0;;1;0;
7730;1;1;;1;0;;1;0;;1;0;;1;0;;1;0;;1;0;
7740;1;1;;1;0;;1;0;;1;0;;1;0;;1;0;;1;0;
7750;1;0;;1;0;;1;0;;1;0;;1;0;;1;0;;1;0;
7760;1;1;;1;0;;1;0;;1;0;;1;0;;1;0;;1;0;
7770;1;1;;1;0;;1;0;;1;1;;1;0;;1;0;;1;0;
7780;1;1;;1;0;;1;0;;1;0;;1;0;;1;0;;1;0;
7790;1;1;;1;0;;1;0;;1;0;;1;0;;1;0;;1;0;
7800;1;0;;1;0;;1;0;;1;0;;1;0;;1;0;;1;0;
7810;1;1;;1;0;;1;0;;1;0;;1;0;;1;0;;1;0;
7820;1;1;;1;0;;1;0;;1;0;;1;0;;1;0;;1;0;
7830;1;1;;1;0;;1;0;;1;0;;1;0;;1;0;;1;0;
7840;1;0;;1;0;;1;0;;1;0;;1;0;;1;0;;1;0;
7850;1;1;;1;0;;1;0;;1;0;;1;0;;1;0;;1;0;
7860;1;1;;1;0;;1;0;;1;0;;1;0;;1;0;;1;0;
7870;1;1;;1;0;;1;0;;1;0;;1;0;;1;0;;1;0;
7880;1;1;;1;0;;1;0;;1;0;;1;0;;1;0;;1;0;
7890;1;0;;1;0;;1;0;;1;0;;1;0;;1;0;;1;0;
7900;1;1;;1;0;;1;0;;1;1;;1;0;;1;0;;1;0;
7910;1;1;;1;0;;1;0;;1;0;;1;0;;1;0;;1;0;
7920;1;1;;1;0;;1;0;;1;0;;1;0;;1;0;;1;0;
7930;1;1;;1;0;;1;0;;1;0;;1;0;;1;0;;1;0;
7940;1;0;;1;0;;1;0;;1;0;;1;0;;1;0;;1;0;
7950;1;1;;1;0;;1;0;;1;0;;1;0;;1;0;;1;0;
7960;1;1;;1;0;;1;0;;1;0;;1;0;;1;0;;1;0;
7970;1;1;;1;0;;1;0;;1;0;;1;0;;1;0;;1;0;
7980;1;1;;1;0;;1;0;;1;0;;1;0;;1;0;;1;0;
7990;1;0;;1;0;;1;0;;1;0;;1;0;;1;0;;1;0;
8000;1;1;;1;0;;1;0;;1;0;;1;0;;1;0;;1;0;
8010;1;1;;1;0;;1;0;;1;0;;1;0;;1;0;;1;0;
8020;1;1;;1;0;;1;0;;1;1;;1;0;;1;0;;1;0;
8030;1;1;;1;0;;1;0;;1;0;;1;0;;1;0;;1;0;
8040;1;0;;1;0;;1;0;;1;0;;1;0;;1;0;;1;0;
8050;1;1;;1;0;;1;0;;1;0;;1;0;;1;0;;1;0;
8060;1;1;;1;0;;1;0;;1;0;;1;0;;1;0;;1;0;
8070;1;1;;1;0;;1;0;;1;0;;1;0;;1;0;;1;0;
8080;1;1;;1;0;;1;0;;1;0;;1;0;;1;0;;1;0;
8090;1;0;;1;0;;1;0;;1;0;;1;0;;1;0;;1;0;
8100;1;1;;1;0;;1;0;;1;0;;1;0;;1;0;;1;0;
8110;1;1;;1;0;;1;0;;1;0;;1;0;;1;0;;1;0;
8120;1;1;;1;0;;1;0;;1;0;;1;0;;1;0;;1;0;
8130;1;1;;1;0;;1;0;;1;0;;1;0;;1;0;;1;0;
8140;1;0;;1;0;;1;0;;1;1;;1;0;;1;0;;1;0;
8150;1;1;;1;0;;1;0;;1;0;;1;0;;1;0;;1;0;
8160;1;1;;1;0;;1;0;;1;0;;1;0;;1;0;;1;0;
8170;1;1;;1;0;;1;0;;1;0;;1;0;;1;0;;1;0;
8180;1;1;;1;0;;1;0;;1;0;;1;0;;1;0;;1;0;
8190;1;1;;1;0;;1;0;;1;0;;1;0;;1;0;;1;0;
8200;1;0;;1;0;;1;0;;1;0;;1;0;;1;0;;1;0;
8210;1;1;;1;0;;1;0;;1;0;;1;0;;1;0;;1;0;
8220;1;1;;1;0;;1;0;;1;0;;1;0;;1;0;;1;0;
8230;1;1;;1;0;;1;0;;1;0;;1;0;;1;0;;1;0;
8240;1;1;;1;0;;1;0;;1;0;;1;0;;1;0;;1;0;
8250;1;1;;1;0;;1;0;;1;1;;1;0;;1;0;;1;0;
8260;1;0;;1;0;;1;0;;1;0;;1;0;;1;0;;1;0;
8270;1;1;;1;0;;1;0;;1;0;;1;0;;1;0;;1;0;
8280;1;1;;1;0;;1;0;;1;0;;1;0;;1;0;;1;0;
8290;1;1;;1;0;;1;0;;1;0;;1;0;;1;0;;1;0;
8300;1;1;;1;0;;1;0;;1;0;;1;0;;1;0;;1;0;
8310;1;1;;1;0;;1;0;;1;0;;1;0;;1;0;;1;0;
8320;1;0;;1;0;;1;0;;1;0;;1;0;;1;0;;1;0;
8330;1;1;;1;0;;1;0;;1;0;;1;0;;1;0;;1;0;
8340;1;1;;1;0;;1;0;;1;0;;1;0;;1;0;;1;0;
8350;1;1;;1;0;;1;0;;1;0;;1;0;;1;0;;1;0;
8360;1;1;;1;0;;1;0;;1;1;;1;0;;1;0;;1;0;
8370;1;1;;1;0;;1;0;;1;0;;1;0;;1;0;;1;0;
8380;1;0;;1;0;;1;0;;1;0;;1;0;;1;0;;1;0;
8390;1;1;;1;0;;1;0;;1;0;;1;0;;1;0;;1;0;
8400;1;1;;1;0;;1;0;;1;0;;1;0;;1;0;;1;0;
8410;1;1;;1;0;;1;0;;1;0;;1;0;;1;0;;1;0;
8420;1;1;;1;0;;1;0;;1;0;;1;0;;1;0;;1;0;
8430;1;1;;1;0;;1;0;;1;0;;1;0;;1;0;;1;0;
8440;1;0;;1;0;;1;0;;1;0;;1;0;;1;0;;1;0;
8450;1;1;;1;0;;1;0;;1;0;;1;0;;1;0;;1;0;
8460;1;1;;1;0;;1;0;;1;1;;1;0;;1;0;;1;0;
8470;1;1;;1;0;;1;0;;1;0;;1;0;;1;0;;1;0;
8480;1;1;;1;0;;1;0;;1;0;;1;0;;1;0;;1;0;
8490;1;1;;1;0;;1;0;;1;0;;1;0;;1;0;;1;0;
8500;1;1;;1;0;;1;0;;1;0;;1;0;;1;0;;1;0;
8510;1;0;;1;0;;1;0;;1;0;;1;0;;1;0;;1;0;
8520;1;1;;1;0;;1;0;;1;0;;1;0;;1;0;;1;0;
8530;1;1;;1;0;;1;0;;1;0;;1;0;;1;0;;1;0;
8540;1;1;;1;0;;1;0;;1;0;;1;0;;1;0;;1;0;
8550;1;1;;1;0;;1;0;;1;0;;1;0;;1;0;;1;0;
8560;1;1;;1;0;;1;0;;1;1;;1;0;;1;0;;1;0;
8570;1;1;;1;0;;1;0;;1;0;;1;0;;1;0;;1;0;
8580;1;0;;1;0;;1;0;;1;0;;1;0;;1;0;;1;0;
8590;1;1;;1;0;;1;0;;1;0;;1;0;;1;0;;1;0;
8600;1;1;;1;0;;1;0;;1;0;;1;0;;1;0;;1;0;
8610;1;1;;1;0;;1;0;;1;0;;1;0;;1;0;;1;0;
8620;1;1;;1;0;;1;0;;1;0;;1;0;;1;0;;1;0;
8630;1;1;;1;0;;1;0;;1;0;;1;0;;1;0;;1;0;
8640;1;1;;1;0;;1;0;;1;0;;1;0;;1;0;;1;0;
8650;1;0;;1;0;;1;0;;1;1;;1;0;;1;0;;1;0;
8660;1;1;;1;0;;1;0;;1;0;;1;0;;1;0;;1;0;
8670;1;1;;1;0;;1;0;;1;0;;1;0;;1;0;;1;0;
8680;1;1;;1;0;;1;0;;1;0;;1;0;;1;0;;1;0;
8690;1;1;;1;0;;1;0;;1;0;;1;0;;1;0;;1;0;
8700;1;1;;1;0;;1;0;;1;0;;1;0;;1;0;;1;0;
8710;1;1;;1;0;;1;0;;1;1;;1;0;;1;0;;1;0;
8720;1;1;;1;0;;1;0;;1;0;;1;0;;1;0;;1;0;
8730;1;0;;1;0;;1;0;;1;0;;1;0;;1;0;;1;0;
8740;1;1;;1;0;;1;0;;1;0;;1;0;;1;0;;1;0;
8750;1;1;;1;0;;1;0;;1;0;;1;0;;1;0;;1;0;
8760;1;1;;1;0;;1;0;;1;1;;1;0;;1;0;;1;0;
8770;1;1;;1;0;;1;0;;1;0;;1;0;;1;0;;1;0;
8780;1;1;;1;0;;1;0;;1;0;;1;0;;1;0;;1;0;
8790;1;1;;1;0;;1;0;;1;0;;1;0;;1;0;;1;0;
8800;1;1;;1;0;;1;0;;1;0;;1;0;;1;0;;1;0;
8810;1;0;;1;0;;1;0;;1;1;;1;0;;1;0;;1;0;
8820;1;1;;1;0;;1;0;;1;0;;1;0;;1;0;;1;0;
8830;1;1;;1;0;;1;0;;1;0;;1;0;;1;0;;1;0;
8840;1;1;;1;0;;1;0;;1;0;;1;0;;1;0;;1;0;
8850;1;1;;1;0;;1;0;;1;1;;1;0;;1;0;;1;0;
8860;1;1;;1;0;;1;0;;1;0;;1;0;;1;0;;1;0;
8870;1;1;;1;0;;1;0;;1;0;;1;0;;1;0;;1;0;
8880;1;1;;1;0;;1;0;;1;0;;1;0;;1;0;;1;0;
8890;1;0;;1;0;;1;0;;1;0;;1;0;;1;0;;1;0;
8900;1;1;;1;0;;1;0;;1;1;;1;0;;1;0;;1;0;
8910;1;1;;1;0;;1;0;;1;0;;1;0;;1;0;;1;0;
8920;1;1;;1;0;;1;0;;1;0;;1;0;;1;0;;1;0;
8930;1;1;;1;0;;1;0;;1;0;;1;0;;1;0;;1;0;
8940;1;1;;1;0;;1;0;;1;0;;1;0;;1;0;;1;0;
8950;1;1;;1;0;;1;0;;1;1;;1;0;;1;0;;1;0;
8960;1;1;;1;0;;1;0;;1;0;;1;0;;1;0;;1;0;
8970;1;1;;1;0;;1;0;;1;0;;1;0;;1;0;;1;0;
8980;1;0;;1;0;;1;0;;1;0;;1;0;;1;0;;1;0;
8990;1;1;;1;0;;1;0;;1;1;;1;0;;1;0;;1;0;
9000;1;1;;1;0;;1;0;;1;0;;1;0;;1;0;;1;0;
9010;1;1;;1;0;;1;0;;1;0;;1;0;;1;0;;1;0;
9020;1;1;;1;0;;1;0;;1;0;;1;0;;1;0;;1;0;
9030;1;1;;1;0;;1;0;;1;0;;1;0;;1;0;;1;0;
9040;1;1;;1;0;;1;0;;1;1;;1;0;;1;0;;1;0;
9050;1;1;;1;0;;1;0;;1;0;;1;0;;1;0;;1;0;
9060;1;1;;1;0;;1;0;;1;0;;1;0;;1;0;;1;0;
9070;1;0;;1;0;;1;0;;1;0;;1;0;;1;0;;1;0;
9080;1;1;;1;0;;1;0;;1;1;;1;0;;1;0;;1;0;
9090;1;1;;1;0;;1;0;;1;0;;1;0;;1;0;;1;0;
9100;1;1;;1;0;;1;0;;1;0;;1;0;;1;0;;1;0;
9110;1;1;;1;0;;1;0;;1;0;;1;0;;1;0;;1;0;
9120;1;1;;1;0;;1;0;;1;1;;1;0;;1;0;;1;0;
9130;1;1;;1;0;;1;0;;1;0;;1;0;;1;0;;1;0;
9140;1;1;;1;0;;1;0;;1;0;;1;0;;1;0;;1;0;
9150;1;1;;1;0;;1;0;;1;0;;1;0;;1;0;;1;0;
9160;1;1;;1;0;;1;0;;1;1;;1;0;;1;0;;1;0;
9170;1;0;;1;0;;1;0;;1;0;;1;0;;1;0;;1;0;
9180;1;1;;1;0;;1;0;;1;0;;1;0;;1;0;;1;0;
9190;1;1;;1;0;;1;0;;1;0;;1;0;;1;0;;1;0;
9200;1;1;;1;0;;1;0;;1;0;;1;0;;1;0;;1;0;
9210;1;1;;1;0;;1;0;;1;1;;1;0;;1;0;;1;0;
9220;1;1;;1;0;;1;0;;1;0;;1;0;;1;0;;1;0;
9230;1;1;;1;0;;1;0;;1;0;;1;0;;1;0;;1;0;
9240;1;1;;1;0;;1;0;;1;0;;1;0;;1;0;;1;0;
9250;1;1;;1;0;;1;0;;1;1;;1;0;;1;0;;1;0;
9260;1;1;;1;0;;1;0;;1;0;;1;0;;1;0;;1;0;
9270;1;0;;1;0;;1;0;;1;0;;1;0;;1;0;;1;0;
9280;1;1;;1;0;;1;0;;1;0;;1;0;;1;0;;1;0;
9290;1;1;;1;0;;1;0;;1;1;;1;0;;1;0;;1;0;
9300;1;1;;1;0;;1;0;;1;0;;1;0;;1;0;;1;0;
9310;1;1;;1;0;;1;0;;1;0;;1;0;;1;0;;1;0;
9320;1;1;;1;0;;1;0;;1;0;;1;0;;1;0;;1;0;
9330;1;1;;1;0;;1;0;;1;1;;1;0;;1;0;;1;0;
9340;1;1;;1;0;;1;0;;1;0;;1;0;;1;0;;1;0;
9350;1;1;;1;0;;1;0;;1;0;;1;0;;1;0;;1;0;
9360;1;1;;1;0;;1;0;;1;0;;1;0;;1;0;;1;0;
9370;1;1;;1;0;;1;0;;1;1;;1;0;;1;0;;1;0;
9380;1;0;;1;0;;1;0;;1;0;;1;0;;1;0;;1;0;
9390;1;1;;1;0;;1;0;;1;0;;1;0;;1;0;;1;0;
9400;1;1;;1;0;;1;0;;1;0;;1;0;;1;0;;1;0;
9410;1;1;;1;0;;1;0;;1;1;;1;0;;1;0;;1;0;
9420;1;1;;1;0;;1;0;;1;0;;1;0;;1;0;;1;0;
9430;1;1;;1;0;;1;0;;1;0;;1;0;;1;0;;1;0;
9440;1;1;;1;0;;1;0;;1;1;;1;0;;1;0;;1;0;
9450;1;1;;1;0;;1;0;;1;0;;1;0;;1;0;;1;0;
9460;1;1;;1;0;;1;0;;1;0;;1;0;;1;0;;1;0;
9470;1;1;;1;0;;1;0;;1;0;;1;0;;1;0;;1;0;
9480;1;1;;1;0;;1;0;;1;1;;1;0;;1;0;;1;0;
9490;1;1;;1;0;;1;0;;1;0;;1;0;;1;0;;1;0;
9500;1;0;;1;0;;1;0;;1;0;;1;0;;1;0;;1;0;
9510;1;1;;1;0;;1;0;;1;0;;1;0;;1;0;;1;0;
9520;1;1;;1;0;;1;0;;1;1;;1;0;;1;0;;1;0;
9530;1;1;;1;0;;1;0;;1;0;;1;0;;1;0;;1;0;
9540;1;1;;1;0;;1;0;;1;0;;1;0;;1;0;;1;0;
9550;1;1;;1;0;;1;0;;1;0;;1;0;;1;0;;1;0;
9560;1;1;;1;0;;1;0;;1;1;;1;0;;1;0;;1;0;
9570;1;1;;1;0;;1;0;;1;0;;1;0;;1;0;;1;0;
9580;1;1;;1;0;;1;0;;1;0;;1;0;;1;0;;1;0;
9590;1;1;;1;0;;1;0;;1;1;;1;0;;1;0;;1;0;
9600;1;1;;1;0;;1;0;;1;0;;1;0;;1;0;;1;0;
9610;1;1;;1;0;;1;0;;1;0;;1;0;;1;0;;1;0;
9620;1;1;;1;0;;1;0;;1;0;;1;0;;1;0;;1;0;
9630;1;0;;1;0;;1;0;;1;1;;1;0;;1;0;;1;0;
9640;1;1;;1;0;;1;0;;1;0;;1;0;;1;0;;1;0;
9650;1;1;;1;0;;1;0;;1;0;;1;0;;1;0;;1;0;
9660;1;1;;1;0;;1;0;;1;0;;1;0;;1;0;;1;0;
9670;1;1;;1;0;;1;0;;1;1;;1;0;;1;0;;1;0;
9680;1;1;;1;0;;1;0;;1;0;;1;0;;1;0;;1;0;
9690;1;1;;1;0;;1;0;;1;0;;1;0;;1;0;;1;0;
9700;1;1;;1;0;;1;0;;1;1;;1;0;;1;0;;1;0;
9710;1;1;;1;0;;1;0;;1;0;;1;0;;1;0;;1;0;
9720;1;1;;1;0;;1;0;;1;0;;1;0;;1;0;;1;0;
9730;1;1;;1;0;;1;0;;1;0;;1;0;;1;0;;1;0;
9740;1;1;;1;0;;1;0;;1;1;;1;0;;1;0;;1;0;
9750;1;1;;1;0;;1;0;;1;0;;1;0;;1;0;;1;0;
9760;1;1;;1;0;;1;0;;1;0;;1;0;;1;0;;1;0;
9770;1;0;;1;0;;1;0;;1;1;;1;0;;1;0;;1;0;
9780;1;1;;1;0;;1;0;;1;0;;1;0;;1;0;;1;0;
9790;1;1;;1;0;;1;0;;1;0;;1;0;;1;0;;1;0;
9800;1;1;;1;0;;1;0;;1;1;;1;0;;1;0;;1;0;
9810;1;1;;1;0;;1;0;;1;0;;1;0;;1;0;;1;0;
9820;1;1;;1;0;;1;0;;1;0;;1;0;;1;0;;1;0;
9830;1;1;;1;0;;1;0;;1;0;;1;0;;1;0;;1;0;
9840;1;1;;1;0;;1;0;;1;1;;1;0;;1;0;;1;0;
9850;1;1;;1;0;;1;0;;1;0;;1;0;;1;0;;1;0;
9860;1;1;;1;0;;1;0;;1;0;;1;0;;1;0;;1;0;
9870;1;1;;1;0;;1;0;;1;1;;1;0;;1;0;;1;0;
9880;1;1;;1;0;;1;0;;1;0;;1;0;;1;0;;1;0;
9890;1;1;;1;0;;1;0;;1;0;;1;0;;1;0;;1;0;
9900;1;1;;1;0;;1;0;;1;0;;1;0;;1;0;;1;0;
9910;1;0;;1;0;;1;0;;1;1;;1;0;;1;0;;1;0;
9920;1;1;;1;0;;1;0;;1;0;;1;0;;1;0;;1;0;
9930;1;1;;1;0;;1;0;;1;0;;1;0;;1;0;;1;0;
9940;1;1;;1;0;;1;0;;1;1;;1;0;;1;0;;1;0;
9950;1;1;;1;0;;1;0;;1;0;;1;0;;1;0;;1;0;
9960;1;1;;1;0;;1;0;;1;0;;1;0;;1;0;;1;0;
9970;1;1;;1;0;;1;0;;1;1;;1;0;;1;0;;1;0;
9980;1;1;;1;0;;1;0;;1;0;;1;0;;1;0;;1;0;
9990;1;1;;1;0;;1;0;;1;0;;1;0;;1;0;;1;0;
10000;1;1;;1;0;;1;0;;1;1;;1;0;;1;0;;1;0;
10010;1;1;;1;0;;1;0;;1;0;;1;0;;1;0;;1;0;
10020;1;1;;1;0;;1;0;;1;0;;1;0;;1;0;;1;0;
10030;1;1;;1;0;;1;0;;1;0;;1;0;;1;0;;1;0;
10040;1;1;;1;0;;1;0;;1;1;;1;0;;1;0;;1;0;
10050;1;1;;1;0;;1;0;;1;0;;1;0;;1;0;;1;0;
10060;1;1;;1;0;;1;0;;1;0;;1;0;;1;0;;1;0;
10070;1;0;;1;0;;1;0;;1;1;;1;0;;1;0;;1;0;
10080;1;1;;1;0;;1;0;;1;0;;1;0;;1;0;;1;0;
10090;1;1;;1;0;;1;0;;1;0;;1;0;;1;0;;1;0;
10100;1;1;;1;0;;1;0;;1;1;;1;0;;1;0;;1;0;
10110;1;1;;1;0;;1;0;;1;0;;1;0;;1;0;;1;0;
10120;1;1;;1;0;;1;0;;1;0;;1;0;;1;0;;1;0;
10130;1;1;;1;0;;1;0;;1;1;;1;0;;1;0;;1;0;
10140;1;1;;1;0;;1;0;;1;0;;1;0;;1;0;;1;0;
10150;1;1;;1;0;;1;0;;1;0;;1;0;;1;0;;1;0;
10160;1;1;;1;0;;1;0;;1;1;;1;0;;1;0;;1;0;
10170;1;1;;1;0;;1;0;;1;0;;1;0;;1;0;;1;0;
10180;1;1;;1;0;;1;0;;1;0;;1;0;;1;0;;1;0;
10190;1;1;;1;0;;1;0;;1;1;;1;0;;1;0;;1;0;
10200;1;1;;1;0;;1;0;;1;0;;1;0;;1;0;;1;0;
10210;1;1;;1;0;;1;0;;1;0;;1;0;;1;0;;1;0;
10220;1;1;;1;0;;1;0;;1;1;;1;0;;1;0;;1;0;
10230;1;0;;1;0;;1;0;;1;0;;1;0;;1;0;;1;0;
10240;1;1;;1;0;;1;0;;1;0;;1;0;;1;0;;1;0;
10250;1;1;;1;0;;1;0;;1;1;;1;0;;1;0;;1;0;
10260;1;1;;1;0;;1;0;;1;0;;1;0;;1;0;;1;0;
10270;1;1;;1;0;;1;0;;1;0;;1;0;;1;0;;1;0;
10280;1;1;;1;0;;1;0;;1;1;;1;0;;1;0;;1;0;
10290;1;1;;1;0;;1;0;;1;0;;1;0;;1;0;;1;0;
10300;1;1;;1;0;;1;0;;1;0;;1;0;;1;0;;1;0;
10310;1;1;;1;0;;1;0;;1;1;;1;0;;1;0;;1;0;
10320;1;1;;1;0;;1;0;;1;0;;1;0;;1;0;;1;0;
10330;1;1;;1;0;;1;0;;1;0;;1;0;;1;0;;1;0;
10340;1;1;;1;0;;1;0;;1;1;;1;0;;1;0;;1;0;
10350;1;1;;1;0;;1;0;;1;0;;1;0;;1;0;;1;0;
10360;1;1;;1;0;;1;0;;1;0;;1;0;;1;0;;1;0;
10370;1;1;;1;0;;1;0;;1;1;;1;0;;1;0;;1;0;
10380;1;1;;1;0;;1;0;;1;0;;1;0;;1;0;;1;0;
10390;1;1;;1;0;;1;0;;1;0;;1;0;;1;0;;1;0;
10400;1;0;;1;0;;1;0;;1;1;;1;0;;1;0;;1;0;
10410;1;1;;1;0;;1;0;;1;0;;1;0;;1;0;;1;0;
10420;1;1;;1;0;;1;0;;1;0;;1;0;;1;0;;1;0;
10430;1;1;;1;0;;1;0;;1;1;;1;0;;1;0;;1;0;
10440;1;1;;1;0;;1;0;;1;0;;1;0;;1;0;;1;0;
10450;1;1;;1;0;;1;0;;1;0;;1;0;;1;0;;1;0;
10460;1;1;;1;0;;1;0;;1;1;;1;0;;1;0;;1;0;
10470;1;1;;1;0;;1;0;;1;0;;1;0;;1;0;;1;0;
10480;1;1;;1;0;;1;0;;1;1;;1;0;;1;0;;1;0;
10490;1;1;;1;0;;1;0;;1;0;;1;0;;1;0;;1;0;
10500;1;1;;1;0;;1;0;;1;0;;1;0;;1;0;;1;0;
10510;1;1;;1;0;;1;0;;1;1;;1;0;;1;0;;1;0;
10520;1;1;;1;0;;1;0;;1;0;;1;0;;1;0;;1;0;
10530;1;1;;1;0;;1;0;;1;0;;1;0;;1;0;;1;0;
10540;1;1;;1;0;;1;0;;1;1;;1;0;;1;0;;1;0;
10550;1;1;;1;0;;1;0;;1;0;;1;0;;1;0;;1;0;
10560;1;1;;1;0;;1;0;;1;0;;1;0;;1;0;;1;0;
10570;1;1;;1;0;;1;0;;1;1;;1;0;;1;0;;1;0;
10580;1;0;;1;0;;1;0;;1;0;;1;0;;1;0;;1;0;
10590;1;1;;1;0;;1;0;;1;0;;1;0;;1;0;;1;0;
10600;1;1;;1;0;;1;0;;1;1;;1;0;;1;0;;1;0;
10610;1;1;;1;0;;1;0;;1;0;;1;0;;1;0;;1;0;
10620;1;1;;1;0;;1;0;;1;1;;1;0;;1;0;;1;0;
10630;1;1;;1;0;;1;0;;1;0;;1;0;;1;0;;1;0;
10640;1;1;;1;0;;1;0;;1;0;;1;0;;1;0;;1;0;
10650;1;1;;1;0;;1;0;;1;1;;1;0;;1;0;;1;0;
10660;1;1;;1;0;;1;0;;1;0;;1;0;;1;0;;1;0;
10670;1;1;;1;0;;1;0;;1;0;;1;0;;1;0;;1;0;
10680;1;1;;1;0;;1;0;;1;1;;1;0;;1;0;;1;0;
10690;1;1;;1;0;;1;0;;1;0;;1;0;;1;0;;1;0;
10700;1;1;;1;0;;1;0;;1;0;;1;0;;1;0;;1;0;
10710;1;1;;1;0;;1;0;;1;1;;1;0;;1;0;;1;0;
10720;1;1;;1;0;;1;0;;1;0;;1;0;;1;0;;1;0;
10730;1;1;;1;0;;1;0;;1;1;;1;0;;1;0;;1;0;
10740;1;0;;1;0;;1;0;;1;0;;1;0;;1;0;;1;0;
10750;1;1;;1;0;;1;0;;1;0;;1;0;;1;0;;1;0;
10760;1;1;;1;0;;1;0;;1;1;;1;0;;1;0;;1;0;
10770;1;1;;1;0;;1;0;;1;0;;1;0;;1;0;;1;0;
10780;1;1;;1;0;;1;0;;1;1;;1;0;;1;0;;1;0;
10790;1;1;;1;0;;1;0;;1;0;;1;0;;1;0;;1;0;
10800;1;1;;1;0;;1;0;;1;0;;1;0;;1;0;;1;0;
10810;1;1;;1;0;;1;0;;1;1;;1;0;;1;0;;1;0;
10820;1;1;;1;0;;1;0;;1;0;;1;0;;1;0;;1;0;
10830;1;1;;1;0;;1;0;;1;0;;1;0;;1;0;;1;0;
10840;1;1;;1;0;;1;0;;1;1;;1;0;;1;0;;1;0;
10850;1;1;;1;0;;1;0;;1;0;;1;0;;1;0;;1;0;
10860;1;1;;1;0;;1;0;;1;1;;1;0;;1;0;;1;0;
10870;1;1;;1;0;;1;0;;1;0;;1;0;;1;0;;1;0;
10880;1;1;;1;0;;1;0;;1;0;;1;0;;1;0;;1;0;
10890;1;1;;1;0;;1;0;;1;1;;1;0;;1;0;;1;0;
10900;1;0;;1;0;;1;0;;1;0;;1;0;;1;0;;1;0;
10910;1;1;;1;0;;1;0;;1;1;;1;0;;1;0;;1;0;
10920;1;1;;1;0;;1;0;;1;0;;1;0;;1;0;;1;0;
10930;1;1;;1;0;;1;0;;1;0;;1;0;;1;0;;1;0;
10940;1;1;;1;0;;1;0;;1;1;;1;0;;1;0;;1;0;
10950;1;1;;1;0;;1;0;;1;0;;1;0;;1;0;;1;0;
10960;1;1;;1;0;;1;0;;1;0;;1;0;;1;0;;1;0;
10970;1;1;;1;0;;1;0;;1;1;;1;0;;1;0;;1;0;
10980;1;1;;1;0;;1;0;;1;0;;1;0;;1;0;;1;0;
10990;1;1;;1;0;;1;0;;1;1;;1;0;;1;0;;1;0;
11000;1;1;;1;0;;1;0;;1;0;;1;0;;1;0;;1;0;
11010;1;1;;1;0;;1;0;;1;0;;1;0;;1;0;;1;0;
11020;1;0;;1;0;;1;0;;1;1;;1;0;;1;0;;1;0;
11030;1;1;;1;0;;1;0;;1;0;;1;0;;1;0;;1;0;
11040;1;1;;1;0;;1;0;;1;1;;1;0;;1;0;;1;0;
11050;1;1;;1;0;;1;0;;1;0;;1;0;;1;0;;1;0;
11060;1;1;;1;0;;1;0;;1;0;;1;0;;1;0;;1;0;
11070;1;1;;1;0;;1;0;;1;1;;1;0;;1;0;;1;0;
11080;1;1;;1;0;;1;0;;1;0;;1;0;;1;0;;1;0;
11090;1;1;;1;0;;1;0;;1;1;;1;0;;1;0;;1;0;
11100;1;1;;1;0;;1;0;;1;0;;1;0;;1;0;;1;0;
11110;1;1;;1;0;;1;0;;1;1;;1;0;;1;0;;1;0;
11120;1;0;;1;0;;1;0;;1;0;;1;0;;1;0;;1;0;
11130;1;1;;1;0;;1;0;;1;0;;1;0;;1;0;;1;0;
11140;1;1;;1;0;;1;0;;1;1;;1;0;;1;0;;1;0;
11150;1;1;;1;0;;1;0;;1;0;;1;0;;1;0;;1;0;
11160;1;1;;1;0;;1;0;;1;1;;1;0;;1;0;;1;0;
11170;1;1;;1;0;;1;0;;1;0;;1;0;;1;0;;1;0;
11180;1;1;;1;0;;1;0;;1;0;;1;0;;1;0;;1;0;
11190;1;1;;1;0;;1;0;;1;1;;1;0;;1;0;;1;0;
11200;1;1;;1;0;;1;0;;1;0;;1;0;;1;0;;1;0;
11210;1;0;;1;0;;1;0;;1;1;;1;0;;1;0;;1;0;
11220;1;1;;1;0;;1;0;;1;0;;1;0;;1;0;;1;0;
11230;1;1;;1;0;;1;0;;1;0;;1;0;;1;0;;1;0;
11240;1;1;;1;0;;1;0;;1;1;;1;0;;1;0;;1;0;
11250;1;1;;1;0;;1;0;;1;0;;1;0;;1;0;;1;0;
11260;1;1;;1;0;;1;0;;1;1;;1;0;;1;0;;1;0;
11270;1;1;;1;0;;1;0;;1;0;;1;0;;1;0;;1;0;
11280;1;0;;1;0;;1;0;;1;1;;1;0;;1;0;;1;0;
11290;1;1;;1;0;;1;0;;1;0;;1;0;;1;0;;1;0;
11300;1;1;;1;0;;1;0;;1;0;;1;0;;1;0;;1;0;
11310;1;1;;1;0;;1;0;;1;1;;1;0;;1;0;;1;0;
11320;1;1;;1;0;;1;0;;1;0;;1;0;;1;0;;1;0;
11330;1;1;;1;0;;1;0;;1;1;;1;0;;1;0;;1;0;
11340;1;1;;1;0;;1;0;;1;0;;1;0;;1;0;;1;0;
11350;1;0;;1;0;;1;0;;1;1;;1;0;;1;0;;1;0;
11360;1;1;;1;0;;1;0;;1;0;;1;0;;1;0;;1;0;
11370;1;1;;1;0;;1;0;;1;0;;1;0;;1;0;;1;0;
11380;1;1;;1;0;;1;0;;1;1;;1;0;;1;0;;1;0;
11390;1;1;;1;0;;1;0;;1;0;;1;0;;1;0;;1;0;
11400;1;1;;1;0;;1;0;;1;1;;1;0;;1;0;;1;0;
11410;1;0;;1;0;;1;0;;1;0;;1;0;;1;0;;1;0;
11420;1;1;;1;0;;1;0;;1;1;;1;0;;1;0;;1;0;
11430;1;1;;1;0;;1;0;;1;0;;1;0;;1;0;;1;0;
11440;1;1;;1;0;;1;0;;1;0;;1;0;;1;0;;1;0;
11450;1;1;;1;0;;1;0;;1;1;;1;0;;1;0;;1;0;
11460;1;0;;1;0;;1;0;;1;0;;1;0;;1;0;;1;0;
11470;1;1;;1;0;;1;0;;1;1;;1;0;;1;0;;1;0;
11480;1;1;;1;0;;1;0;;1;0;;1;0;;1;0;;1;0;
11490;1;1;;1;0;;1;0;;1;1;;1;0;;1;0;;1;0;
11500;1;1;;1;0;;1;0;;1;0;;1;0;;1;0;;1;0;
11510;1;0;;1;0;;1;0;;1;0;;1;0;;1;0;;1;0;
11520;1;1;;1;0;;1;0;;1;1;;1;0;;1;0;;1;0;
11530;1;1;;1;0;;1;0;;1;0;;1;0;;1;0;;1;0;
11540;1;1;;1;0;;1;0;;1;1;;1;0;;1;0;;1;0;
11550;1;1;;1;0;;1;0;;1;0;;1;0;;1;0;;1;0;
11560;1;0;;1;0;;1;0;;1;1;;1;0;;1;0;;1;0;
11570;1;1;;1;0;;1;0;;1;0;;1;0;;1;0;;1;0;
11580;1;1;;1;0;;1;0;;1;1;;1;0;;1;0;;1;0;
11590;1;1;;1;0;;1;0;;1;0;;1;0;;1;0;;1;0;
11600;1;0;;1;0;;1;0;;1;0;;1;0;;1;0;;1;0;
11610;1;1;;1;0;;1;0;;1;1;;1;0;;1;0;;1;0;
11620;1;1;;1;0;;1;0;;1;0;;1;0;;1;0;;1;0;
11630;1;1;;1;0;;1;0;;1;1;;1;0;;1;0;;1;0;
11640;1;0;;1;0;;1;0;;1;0;;1;0;;1;0;;1;0;
11650;1;1;;1;0;;1;0;;1;1;;1;0;;1;0;;1;0;
11660;1;1;;1;0;;1;0;;1;0;;1;0;;1;0;;1;0;
11670;1;1;;1;0;;1;0;;1;1;;1;0;;1;0;;1;0;
11680;1;0;;1;0;;1;0;;1;0;;1;0;;1;0;;1;0;
11690;1;1;;1;0;;1;0;;1;1;;1;0;;1;0;;1;0;
11700;1;1;;1;0;;1;0;;1;0;;1;0;;1;0;;1;0;
11710;1;1;;1;0;;1;0;;1;0;;1;0;;1;0;;1;0;
11720;1;0;;1;0;;1;0;;1;1;;1;0;;1;0;;1;0;
11730;1;1;;1;0;;1;0;;1;0;;1;0;;1;0;;1;0;
11740;1;1;;1;0;;1;0;;1;1;;1;0;;1;0;;1;0;
11750;1;1;;1;0;;1;0;;1;0;;1;0;;1;0;;1;0;
11760;1;0;;1;0;;1;0;;1;1;;1;0;;1;0;;1;0;
11770;1;1;;1;0;;1;0;;1;0;;1;0;;1;0;;1;0;
11780;1;1;;1;0;;1;0;;1;1;;1;0;;1;0;;1;0;
11790;1;0;;1;0;;1;0;;1;0;;1;0;;1;0;;1;0;
11800;1;1;;1;0;;1;0;;1;1;;1;0;;1;0;;1;0;
11810;1;1;;1;0;;1;0;;1;0;;1;0;;1;0;;1;0;
11820;1;0;;1;0;;1;0;;1;0;;1;0;;1;0;;1;0;
11830;1;1;;1;0;;1;0;;1;1;;1;0;;1;0;;1;0;
11840;1;1;;1;0;;1;0;;1;0;;1;0;;1;0;;1;0;
11850;1;0;;1;0;;1;0;;1;1;;1;0;;1;0;;1;0;
11860;1;1;;1;0;;1;0;;1;0;;1;0;;1;0;;1;0;
11870;1;1;;1;0;;1;0;;1;1;;1;0;;1;0;;1;0;
11880;1;0;;1;0;;1;0;;1;0;;1;0;;1;0;;1;0;
11890;1;1;;1;0;;1;0;;1;1;;1;0;;1;0;;1;0;
11900;1;1;;1;0;;1;0;;1;0;;1;0;;1;0;;1;0;
11910;1;0;;1;0;;1;0;;1;1;;1;0;;1;0;;1;0;
11920;1;1;;1;0;;1;0;;1;0;;1;0;;1;0;;1;0;
11930;1;1;;1;0;;1;0;;1;1;;1;0;;1;0;;1;0;
11940;1;0;;1;0;;1;0;;1;0;;1;0;;1;0;;1;0;
11950;1;1;;1;0;;1;0;;1;1;;1;0;;1;0;;1;0;
11960;1;1;;1;0;;1;0;;1;0;;1;0;;1;0;;1;0;
11970;1;0;;1;0;;1;0;;1;1;;1;0;;1;0;;1;0;
11980;1;1;;1;0;;1;0;;1;0;;1;0;;1;0;;1;0;
11990;1;1;;1;0;;1;0;;1;0;;1;0;;1;0;;1;0;
12000;1;0;;1;0;;1;0;;1;1;;1;0;;1;0;;1;0;
12010;1;1;;1;0;;1;0;;1;0;;1;0;;1;0;;1;0;
12020;1;0;;1;0;;1;0;;1;1;;1;0;;1;0;;1;0;
12030;1;1;;1;0;;1;0;;1;0;;1;0;;1;0;;1;0;
12040;1;1;;1;0;;1;0;;1;1;;1;0;;1;0;;1;0;
12050;1;0;;1;0;;1;0;;1;0;;1;0;;1;0;;1;0;
12060;1;1;;1;0;;1;0;;1;1;;1;0;;1;0;;1;0;
12070;1;0;;1;0;;1;0;;1;0;;1;0;;1;0;;1;0;
12080;1;1;;1;0;;1;0;;1;1;;1;0;;1;0;;1;0;
12090;1;1;;1;0;;1;0;;1;0;;1;0;;1;0;;1;0;
12100;1;0;;1;0;;1;0;;1;1;;1;0;;1;0;;1;0;
12110;1;1;;1;0;;1;0;;1;0;;1;0;;1;0;;1;0;
12120;1;0;;1;0;;1;0;;1;1;;1;0;;1;0;;1;0;
12130;1;1;;1;0;;1;0;;1;0;;1;0;;1;0;;1;0;
12140;1;1;;1;0;;1;0;;1;1;;1;0;;1;0;;1;0;
12150;1;0;;1;0;;1;0;;1;0;;1;0;;1;0;;1;0;
12160;1;1;;1;0;;1;0;;1;1;;1;0;;1;0;;1;0;
12170;1;0;;1;0;;1;0;;1;0;;1;0;;1;0;;1;0;
12180;1;1;;1;0;;1;0;;1;1;;1;0;;1;0;;1;0;
12190;1;0;;1;0;;1;0;;1;0;;1;0;;1;0;;1;0;
12200;1;1;;1;0;;1;0;;1;1;;1;0;;1;0;;1;0;
12210;1;0;;1;0;;1;0;;1;0;;1;0;;1;0;;1;0;
12220;1;1;;1;0;;1;0;;1;1;;1;0;;1;0;;1;0;
12230;1;1;;1;0;;1;0;;1;0;;1;0;;1;0;;1;0;
12240;1;0;;1;0;;1;0;;1;1;;1;0;;1;0;;1;0;
12250;1;1;;1;0;;1;0;;1;0;;1;0;;1;0;;1;0;
12260;1;0;;1;0;;1;0;;1;1;;1;0;;1;0;;1;0;
12270;1;1;;1;0;;1;0;;1;0;;1;0;;1;0;;1;0;
12280;1;0;;1;0;;1;0;;1;1;;1;0;;1;0;;1;0;
12290;1;1;;1;0;;1;0;;1;0;;1;0;;1;0;;1;0;
12300;1;0;;1;0;;1;0;;1;1;;1;0;;1;0;;1;0;
12310;1;1;;1;0;;1;0;;1;0;;1;0;;1;0;;1;0;
12320;1;0;;1;0;;1;0;;1;1;;1;0;;1;0;;1;0;
12330;1;1;;1;0;;1;0;;1;0;;1;0;;1;0;;1;0;
12340;1;0;;1;0;;1;0;;1;1;;1;0;;1;0;;1;0;
12350;1;1;;1;0;;1;0;;1;0;;1;0;;1;0;;1;0;
12360;1;0;;1;0;;1;0;;1;1;;1;0;;1;0;;1;0;
12370;1;1;;1;0;;1;0;;1;0;;1;0;;1;0;;1;0;
12380;1;0;;1;0;;1;0;;1;1;;1;0;;1;0;;1;0;
12390;1;1;;1;0;;1;0;;1;0;;1;0;;1;0;;1;0;
12400;1;0;;1;0;;1;0;;1;1;;1;0;;1;0;;1;0;
12410;1;1;;1;0;;1;0;;1;0;;1;0;;1;0;;1;0;
12420;1;0;;1;0;;1;0;;1;1;;1;0;;1;0;;1;0;
12430;1;0;;1;0;;1;0;;1;0;;1;0;;1;0;;1;0;
12440;1;1;;1;0;;1;0;;1;1;;1;0;;1;0;;1;0;
12450;1;0;;1;0;;1;0;;1;0;;1;0;;1;0;;1;0;
12460;1;1;;1;0;;1;0;;1;1;;1;0;;1;0;;1;0;
12470;1;0;;1;0;;1;0;;1;0;;1;0;;1;0;;1;0;
12480;1;1;;1;0;;1;0;;1;1;;1;0;;1;0;;1;0;
12490;1;0;;1;0;;1;0;;1;0;;1;0;;1;0;;1;0;
12500;1;1;;1;0;;1;0;;1;1;;1;0;;1;0;;1;0;
12510;1;0;;1;0;;1;0;;1;0;;1;0;;1;0;;1;0;
12520;1;0;;1;0;;1;0;;1;1;;1;0;;1;0;;1;0;
12530;1;1;;1;0;;1;0;;1;0;;1;0;;1;0;;1;0;
12540;1;0;;1;0;;1;0;;1;1;;1;0;;1;0;;1;0;
12550;1;1;;1;0;;1;0;;1;0;;1;0;;1;0;;1;0;
12560;1;0;;1;0;;1;0;;1;1;;1;0;;1;0;;1;0;
12570;1;1;;1;0;;1;0;;1;0;;1;0;;1;0;;1;0;
12580;1;0;;1;0;;1;0;;1;1;;1;0;;1;0;;1;0;
12590;1;0;;1;0;;1;0;;1;0;;1;0;;1;0;;1;0;
12600;1;1;;1;0;;1;0;;1;1;;1;0;;1;0;;1;0;
12610;1;0;;1;0;;1;0;;1;0;;1;0;;1;0;;1;0;
12620;1;1;;1;0;;1;0;;1;1;;1;0;;1;0;;1;0;
12630;1;0;;1;0;;1;0;;1;0;;1;0;;1;0;;1;0;
12640;1;0;;1;0;;1;0;;1;1;;1;0;;1;0;;1;0;
12650;1;1;;1;0;;1;0;;1;0;;1;0;;1;0;;1;0;
12660;1;0;;1;0;;1;0;;1;1;;1;0;;1;0;;1;0;
12670;1;0;;1;0;;1;0;;1;0;;1;0;;1;0;;1;0;
12680;1;1;;1;0;;1;0;;1;1;;1;0;;1;0;;1;0;
12690;1;0;;1;0;;1;0;;1;0;;1;0;;1;0;;1;0;
12700;1;1;;1;0;;1;0;;1;1;;1;0;;1;0;;1;0;
12710;1;0;;1;0;;1;0;;1;0;;1;0;;1;0;;1;0;
12720;1;0;;1;0;;1;0;;1;1;;1;0;;1;0;;1;0;
12730;1;1;;1;0;;1;0;;1;0;;1;0;;1;0;;1;0;
12740;1;0;;1;0;;1;0;;1;1;;1;0;;1;0;;1;0;
12750;1;0;;1;0;;1;0;;1;0;;1;0;;1;0;;1;0;
12760;1;1;;1;0;;1;0;;1;1;;1;0;;1;0;;1;0;
12770;1;0;;1;0;;1;0;;1;0;;1;0;;1;0;;1;0;
12780;1;0;;1;0;;1;0;;1;1;;1;0;;1;0;;1;0;
12790;1;1;;1;0;;1;0;;1;0;;1;0;;1;0;;1;0;
12800;1;0;;1;0;;1;0;;1;1;;1;0;;1;0;;1;0;
12810;1;0;;1;0;;1;0;;1;1;;1;0;;1;0;;1;0;
12820;1;1;;1;0;;1;0;;1;0;;1;0;;1;0;;1;0;
12830;1;0;;1;0;;1;0;;1;1;;1;0;;1;0;;1;0;
12840;1;0;;1;0;;1;0;;1;0;;1;0;;1;0;;1;0;
12850;1;1;;1;0;;1;0;;1;1;;1;0;;1;0;;1;0;
12860;1;0;;1;0;;1;0;;1;0;;1;0;;1;0;;1;0;
12870;1;0;;1;0;;1;0;;1;1;;1;0;;1;0;;1;0;
12880;1;0;;1;0;;1;0;;1;0;;1;0;;1;0;;1;0;
12890;1;1;;1;0;;1;0;;1;1;;1;0;;1;0;;1;0;
12900;1;0;;1;0;;1;0;;1;0;;1;0;;1;0;;1;0;
12910;1;0;;1;0;;1;0;;1;1;;1;0;;1;0;;1;0;
12920;1;1;;1;0;;1;0;;1;0;;1;0;;1;0;;1;0;
12930;1;0;;1;0;;1;0;;1;1;;1;0;;1;0;;1;0;
12940;1;0;;1;0;;1;0;;1;0;;1;0;;1;0;;1;0;
12950;1;1;;1;0;;1;0;;1;1;;1;0;;1;0;;1;0;
12960;1;0;;1;0;;1;0;;1;0;;1;0;;1;0;;1;0;
12970;1;0;;1;0;;1;0;;1;1;;1;0;;1;0;;1;0;
12980;1;0;;1;0;;1;0;;1;0;;1;0;;1;0;;1;0;
12990;1;1;;1;0;;1;0;;1;1;;1;0;;1;0;;1;0;
13000;1;0;;1;0;;1;0;;1;1;;1;0;;1;0;;1;0;
13010;1;0;;1;0;;1;0;;1;0;;1;0;;1;0;;1;0;
13020;1;0;;1;0;;1;0;;1;1;;1;0;;1;0;;1;0;
13030;1;1;;1;0;;1;0;;1;0;;1;0;;1;0;;1;0;
13040;1;0;;1;0;;1;0;;1;1;;1;0;;1;0;;1;0;
13050;1;0;;1;0;;1;0;;1;0;;1;0;;1;0;;1;0;
13060;1;0;;1;0;;1;0;;1;1;;1;0;;1;0;;1;0;
13070;1;1;;1;0;;1;0;;1;0;;1;0;;1;0;;1;0;
13080;1;0;;1;0;;1;0;;1;1;;1;0;;1;0;;1;0;
13090;1;0;;1;0;;1;0;;1;0;;1;0;;1;0;;1;0;
13100;1;0;;1;0;;1;0;;1;1;;1;0;;1;0;;1;0;
13110;1;1;;1;0;;1;0;;1;0;;1;0;;1;0;;1;0;
13120;1;0;;1;0;;1;0;;1;1;;1;0;;1;0;;1;0;
13130;1;0;;1;0;;1;0;;1;1;;1;0;;1;0;;1;0;
13140;1;0;;1;0;;1;0;;1;0;;1;0;;1;0;;1;0;
13150;1;0;;1;0;;1;0;;1;1;;1;0;;1;0;;1;0;
13160;1;1;;1;0;;1;0;;1;0;;1;0;;1;0;;1;0;
13170;1;0;;1;0;;1;0;;1;1;;1;0;;1;0;;1;0;
13180;1;0;;1;0;;1;0;;1;0;;1;0;;1;0;;1;0;
13190;1;0;;1;0;;1;0;;1;1;;1;0;;1;0;;1;0;
13200;1;1;;1;0;;1;0;;1;0;;1;0;;1;0;;1;0;
13210;1;0;;1;0;;1;0;;1;1;;1;0;;1;0;;1;0;
13220;1;0;;1;0;;1;0;;1;0;;1;0;;1;0;;1;0;
13230;1;0;;1;0;;1;0;;1;1;;1;0;;1;0;;1;0;
13240;1;0;;1;0;;1;0;;1;0;;1;0;;1;0;;1;0;
13250;1;0;;1;0;;1;0;;1;1;;1;0;;1;0;;1;0;
13260;1;1;;1;0;;1;0;;1;1;;1;0;;1;0;;1;0;
13270;1;0;;1;0;;1;0;;1;0;;1;0;;1;0;;1;0;
13280;1;0;;1;0;;1;0;;1;1;;1;0;;1;0;;1;0;
13290;1;0;;1;0;;1;0;;1;0;;1;0;;1;0;;1;0;
13300;1;0;;1;0;;1;0;;1;1;;1;0;;1;0;;1;0;
13310;1;0;;1;0;;1;0;;1;0;;1;0;;1;0;;1;0;
13320;1;0;;1;0;;1;0;;1;1;;1;0;;1;0;;1;0;
13330;1;0;;1;0;;1;0;;1;0;;1;0;;1;0;;1;0;
13340;1;0;;1;0;;1;0;;1;1;;1;0;;1;0;;1;0;
13350;1;0;;1;0;;1;0;;1;0;;1;0;;1;0;;1;0;
13360;1;1;;1;0;;1;0;;1;1;;1;0;;1;0;;1;0;
13370;1;0;;1;0;;1;0;;1;0;;1;0;;1;0;;1;0;
13380;1;0;;1;0;;1;0;;1;1;;1;0;;1;0;;1;0;
13390;1;0;;1;0;;1;0;;1;1;;1;0;;1;0;;1;0;
13400;1;0;;1;0;;1;0;;1;0;;1;0;;1;0;;1;0;
13410;1;0;;1;0;;1;0;;1;1;;1;0;;1;0;;1;0;
13420;1;0;;1;0;;1;0;;1;0;;1;0;;1;0;;1;0;
13430;1;0;;1;0;;1;0;;1;1;;1;0;;1;0;;1;0;
13440;1;0;;1;0;;1;0;;1;0;;1;0;;1;0;;1;0;
13450;1;0;;1;0;;1;0;;1;1;;1;0;;1;0;;1;0;
13460;1;0;;1;0;;1;0;;1;0;;1;0;;1;0;;1;0;
13470;1;0;;1;0;;1;0;;1;1;;1;0;;1;0;;1;0;
13480;1;1;;1;0;;1;0;;1;0;;1;0;;1;0;;1;0;
13490;1;0;;1;0;;1;0;;1;1;;1;0;;1;0;;1;0;
13500;1;0;;1;0;;1;0;;1;1;;1;0;;1;0;;1;0;
13510;1;0;;1;0;;1;0;;1;0;;1;0;;1;0;;1;0;
13520;1;0;;1;0;;1;0;;1;1;;1;0;;1;0;;1;0;
13530;1;0;;1;0;;1;0;;1;0;;1;0;;1;0;;1;0;
13540;1;0;;1;0;;1;0;;1;1;;1;0;;1;0;;1;0;
13550;1;0;;1;0;;1;0;;1;0;;1;0;;1;0;;1;0;
13560;1;0;;1;0;;1;0;;1;1;;1;0;;1;0;;1;0;
13570;1;0;;1;0;;1;0;;1;0;;1;0;;1;0;;1;0;
13580;1;0;;1;0;;1;0;;1;1;;1;0;;1;0;;1;0;
13590;1;0;;1;0;;1;0;;1;0;;1;0;;1;0;;1;0;
13600;1;0;;1;0;;1;0;;1;1;;1;0;;1;0;;1;0;
13610;1;0;;1;0;;1;0;;1;1;;1;0;;1;0;;1;0;
13620;1;1;;1;0;;1;0;;1;0;;1;0;;1;0;;1;0;
13630;1;0;;1;0;;1;0;;1;1;;1;0;;1;0;;1;0;
13640;1;0;;1;0;;1;0;;1;0;;1;0;;1;0;;1;0;
13650;1;0;;1;0;;1;0;;1;1;;1;0;;1;0;;1;0;
13660;1;0;;1;0;;1;0;;1;0;;1;0;;1;0;;1;0;
13670;1;0;;1;0;;1;0;;1;1;;1;0;;1;0;;1;0;
13680;1;0;;1;0;;1;0;;1;0;;1;0;;1;0;;1;0;
13690;1;0;;1;0;;1;0;;1;1;;1;0;;1;0;;1;0;
13700;1;0;;1;0;;1;0;;1;1;;1;0;;1;0;;1;0;
13710;1;0;;1;0;;1;0;;1;0;;1;0;;1;0;;1;0;
13720;1;0;;1;0;;1;0;;1;1;;1;0;;1;0;;1;0;
13730;1;0;;1;0;;1;0;;1;0;;1;0;;1;0;;1;0;
13740;1;0;;1;0;;1;0;;1;1;;1;0;;1;0;;1;0;
13750;1;0;;1;0;;1;0;;1;0;;1;0;;1;0;;1;0;
13760;1;0;;1;0;;1;0;;1;1;;1;0;;1;0;;1;0;
13770;1;0;;1;0;;1;0;;1;0;;1;0;;1;0;;1;0;
13780;1;0;;1;0;;1;0;;1;1;;1;0;;1;0;;1;0;
13790;1;0;;1;0;;1;0;;1;0;;1;0;;1;0;;1;0;
13800;1;0;;1;0;;1;0;;1;1;;1;0;;1;0;;1;0;
13810;1;1;;1;0;;1;0;;1;1;;1;0;;1;0;;1;0;
13820;1;0;;1;0;;1;0;;1;0;;1;0;;1;0;;1;0;
13830;1;0;;1;0;;1;0;;1;1;;1;0;;1;0;;1;0;
13840;1;0;;1;0;;1;0;;1;0;;1;0;;1;0;;1;0;
13850;1;0;;1;0;;1;0;;1;1;;1;0;;1;0;;1;0;
13860;1;0;;1;0;;1;0;;1;0;;1;0;;1;0;;1;0;
13870;1;0;;1;0;;1;0;;1;1;;1;0;;1;0;;1;0;
13880;1;0;;1;0;;1;0;;1;0;;1;0;;1;0;;1;0;
13890;1;0;;1;0;;1;0;;1;1;;1;0;;1;0;;1;0;
13900;1;0;;1;0;;1;0;;1;1;;1;0;;1;0;;1;0;
13910;1;0;;1;0;;1;0;;1;0;;1;0;;1;0;;1;0;
13920;1;0;;1;0;;1;0;;1;1;;1;0;;1;0;;1;0;
13930;1;0;;1;0;;1;0;;1;0;;1;0;;1;0;;1;0;
13940;1;0;;1;0;;1;0;;1;1;;1;0;;1;0;;1;0;
13950;1;0;;1;0;;1;0;;1;0;;1;0;;1;0;;1;0;
13960;1;0;;1;0;;1;0;;1;1;;1;0;;1;0;;1;0;
13970;1;0;;1;0;;1;0;;1;0;;1;0;;1;0;;1;0;
13980;1;0;;1;0;;1;0;;1;1;;1;0;;1;0;;1;0;
13990;1;0;;1;0;;1;0;;1;1;;1;0;;1;0;;1;0;
14000;1;0;;1;0;;1;0;;1;0;;1;0;;1;0;;1;0;
14010;1;0;;1;0;;1;0;;1;1;;1;0;;1;0;;1;0;
14020;1;0;;1;0;;1;0;;1;0;;1;0;;1;0;;1;0;
14030;1;0;;1;0;;1;0;;1;1;;1;0;;1;0;;1;0;
14040;1;0;;1;0;;1;0;;1;0;;1;0;;1;0;;1;0;
14050;1;0;;1;0;;1;0;;1;1;;1;0;;1;0;;1;0;
14060;1;0;;1;0;;1;0;;1;0;;1;0;;1;0;;1;0;
14070;1;0;;1;0;;1;0;;1;1;;1;0;;1;0;;1;0;
14080;1;0;;1;0;;1;0;;1;1;;1;0;;1;0;;1;0;
14090;1;0;;1;0;;1;0;;1;0;;1;0;;1;0;;1;0;
14100;1;1;;1;0;;1;0;;1;1;;1;0;;1;0;;1;0;
14110;1;0;;1;0;;1;0;;1;0;;1;0;;1;0;;1;0;
14120;1;0;;1;0;;1;0;;1;1;;1;0;;1;0;;1;0;
14130;1;0;;1;0;;1;0;;1;0;;1;0;;1;0;;1;0;
14140;1;0;;1;0;;1;0;;1;1;;1;0;;1;0;;1;0;
14150;1;0;;1;0;;1;0;;1;0;;1;0;;1;0;;1;0;
14160;1;0;;1;0;;1;0;;1;1;;1;0;;1;0;;1;0;
14170;1;0;;1;0;;1;0;;1;0;;1;0;;1;0;;1;0;
14180;1;0;;1;0;;1;0;;1;1;;1;0;;1;0;;1;0;
14190;1;0;;1;0;;1;0;;1;1;;1;0;;1;0;;1;0;
14200;1;0;;1;0;;1;0;;1;0;;1;0;;1;0;;1;0;
14210;1;0;;1;0;;1;0;;1;1;;1;0;;1;0;;1;0;
14220;1;0;;1;0;;1;0;;1;0;;1;0;;1;0;;1;0;
14230;1;0;;1;0;;1;0;;1;1;;1;0;;1;0;;1;0;
14240;1;0;;1;0;;1;0;;1;0;;1;0;;1;0;;1;0;
14250;1;0;;1;0;;1;0;;1;1;;1;0;;1;0;;1;0;
14260;1;0;;1;0;;1;0;;1;0;;1;0;;1;0;;1;0;
14270;1;0;;1;0;;1;0;;1;1;;1;0;;1;0;;1;0;
14280;1;0;;1;0;;1;0;;1;1;;1;0;;1;0;;1;0;
14290;1;0;;1;0;;1;0;;1;0;;1;0;;1;0;;1;0;
14300;1;0;;1;0;;1;0;;1;1;;1;0;;1;0;;1;0;
14310;1;0;;1;0;;1;0;;1;0;;1;0;;1;0;;1;0;
14320;1;0;;1;0;;1;0;;1;1;;1;0;;1;0;;1;0;
14330;1;0;;1;0;;1;0;;1;0;;1;0;;1;0;;1;0;
14340;1;0;;1;0;;1;0;;1;1;;1;0;;1;0;;1;0;
14350;1;0;;1;0;;1;0;;1;0;;1;0;;1;0;;1;0;
14360;1;0;;1;0;;1;0;;1;1;;1;0;;1;0;;1;0;
14370;1;0;;1;0;;1;0;;1;1;;1;0;;1;0;;1;0;
14380;1;0;;1;0;;1;0;;1;0;;1;0;;1;0;;1;0;
14390;1;0;;1;0;;1;0;;1;1;;1;0;;1;0;;1;0;
14400;1;0;;1;0;;1;0;;1;0;;1;0;;1;0;;1;0;
14410;1;0;;1;0;;1;0;;1;1;;1;0;;1;0;;1;0;
14420;1;0;;1;0;;1;0;;1;0;;1;0;;1;0;;1;0;
14430;1;0;;1;0;;1;0;;1;1;;1;0;;1;0;;1;0;
14440;1;0;;1;0;;1;0;;1;0;;1;0;;1;0;;1;0;
14450;1;0;;1;0;;1;0;;1;1;;1;0;;1;0;;1;0;
14460;1;0;;1;0;;1;0;;1;1;;1;0;;1;0;;1;0;
14470;1;0;;1;0;;1;0;;1;0;;1;0;;1;0;;1;0;
14480;1;0;;1;0;;1;0;;1;1;;1;0;;1;0;;1;0;
14490;1;0;;1;0;;1;0;;1;0;;1;0;;1;0;;1;0;
14500;1;0;;1;0;;1;0;;1;1;;1;0;;1;0;;1;0;
14510;1;0;;1;0;;1;0;;1;0;;1;0;;1;0;;1;0;
14520;1;0;;1;0;;1;0;;1;1;;1;0;;1;0;;1;0;
14530;1;0;;1;0;;1;0;;1;0;;1;0;;1;0;;1;0;
14540;1;0;;1;0;;1;0;;1;1;;1;0;;1;0;;1;0;
14550;1;0;;1;0;;1;0;;1;0;;1;0;;1;0;;1;0;
14560;1;0;;1;0;;1;0;;1;1;;1;0;;1;0;;1;0;
14570;1;0;;1;0;;1;0;;1;1;;1;0;;1;0;;1;0;
14580;1;0;;1;0;;1;0;;1;0;;1;0;;1;0;;1;0;
14590;1;0;;1;0;;1;0;;1;1;;1;0;;1;0;;1;0;
14600;1;0;;1;0;;1;0;;1;0;;1;0;;1;0;;1;0;
14610;1;0;;1;0;;1;0;;1;1;;1;0;;1;0;;1;0;
14620;1;0;;1;0;;1;0;;1;0;;1;0;;1;0;;1;0;
14630;1;0;;1;0;;1;0;;1;1;;1;0;;1;0;;1;0;
14640;1;0;;1;0;;1;0;;1;0;;1;0;;1;0;;1;0;
14650;1;0;;1;0;;1;0;;1;1;;1;0;;1;0;;1;0;
14660;1;0;;1;0;;1;0;;1;1;;1;0;;1;0;;1;0;
14670;1;0;;1;0;;1;0;;1;0;;1;0;;1;0;;1;0;
14680;1;0;;1;0;;1;0;;1;1;;1;0;;1;0;;1;0;
14690;1;0;;1;0;;1;0;;1;0;;1;0;;1;0;;1;0;
14700;1;0;;1;0;;1;0;;1;1;;1;0;;1;0;;1;0;
14710;1;0;;1;0;;1;0;;1;0;;1;0;;1;0;;1;0;
14720;1;0;;1;0;;1;0;;1;1;;1;0;;1;0;;1;0;
14730;1;0;;1;0;;1;0;;1;0;;1;0;;1;0;;1;0;
14740;1;0;;1;0;;1;0;;1;1;;1;0;;1;0;;1;0;
14750;1;0;;1;0;;1;0;;1;1;;1;0;;1;0;;1;0;
14760;1;0;;1;0;;1;0;;1;0;;1;0;;1;0;;1;0;
14770;1;0;;1;0;;1;0;;1;1;;1;0;;1;0;;1;0;
14780;1;0;;1;0;;1;0;;1;0;;1;0;;1;0;;1;0;
14790;1;0;;1;0;;1;0;;1;1;;1;0;;1;0;;1;0;
14800;1;0;;1;0;;1;0;;1;0;;1;0;;1;0;;1;0;
14810;1;0;;1;0;;1;0;;1;1;;1;0;;1;0;;1;0;
14820;1;0;;1;0;;1;0;;1;0;;1;0;;1;0;;1;0;
14830;1;0;;1;0;;1;0;;1;1;;1;0;;1;0;;1;0;
14840;1;0;;1;0;;1;0;;1;1;;1;0;;1;0;;1;0;
14850;1;0;;1;0;;1;0;;1;0;;1;0;;1;0;;1;0;
14860;1;0;;1;0;;1;0;;1;1;;1;0;;1;0;;1;0;
14870;1;0;;1;0;;1;0;;1;0;;1;0;;1;0;;1;0;
14880;1;0;;1;0;;1;0;;1;1;;1;0;;1;0;;1;0;
14890;1;0;;1;0;;1;0;;1;0;;1;0;;1;0;;1;0;
14900;1;0;;1;0;;1;0;;1;1;;1;0;;1;0;;1;0;
14910;1;0;;1;0;;1;0;;1;0;;1;0;;1;0;;1;0;
14920;1;0;;1;0;;1;0;;1;1;;1;0;;1;0;;1;0;
14930;1;0;;1;0;;1;0;;1;0;;1;0;;1;0;;1;0;
14940;1;0;;1;0;;1;0;;1;1;;1;0;;1;0;;1;0;
14950;1;0;;1;0;;1;0;;1;1;;1;0;;1;0;;1;0;
14960;1;0;;1;0;;1;0;;1;0;;1;0;;1;0;;1;0;
14970;1;0;;1;0;;1;0;;1;1;;1;0;;1;0;;1;0;
14980;1;0;;1;0;;1;0;;1;0;;1;0;;1;0;;1;0;
14990;1;0;;1;0;;1;0;;1;1;;1;0;;1;0;;1;0;
15000;1;0;;1;0;;1;0;;1;0;;1;0;;1;0;;1;0;
15010;1;0;;1;0;;1;0;;1;1;;1;0;;1;0;;1;0;
15020;1;0;;1;0;;1;0;;1;0;;1;0;;1;0;;1;0;
15030;1;0;;1;0;;1;0;;1;1;;1;0;;1;0;;1;0;
15040;1;0;;1;0;;1;0;;1;1;;1;0;;1;0;;1;0;
15050;1;0;;1;0;;1;0;;1;0;;1;0;;1;0;;1;0;
15060;1;0;;1;0;;1;0;;1;1;;1;0;;1;0;;1;0;
15070;1;0;;1;0;;1;0;;1;0;;1;0;;1;0;;1;0;
15080;1;0;;1;0;;1;0;;1;1;;1;0;;1;0;;1;0;
15090;1;0;;1;0;;1;0;;1;0;;1;0;;1;0;;1;0;
15100;1;0;;1;0;;1;0;;1;1;;1;0;;1;0;;1;0;
15110;1;0;;1;0;;1;0;;1;0;;1;0;;1;0;;1;0;
15120;1;0;;1;0;;1;0;;1;1;;1;0;;1;0;;1;0;
15130;1;0;;1;0;;1;0;;1;1;;1;0;;1;0;;1;0;
15140;1;0;;1;0;;1;0;;1;0;;1;0;;1;0;;1;0;
15150;1;0;;1;0;;1;0;;1;1;;1;0;;1;0;;1;0;
15160;1;0;;1;0;;1;0;;1;0;;1;0;;1;0;;1;0;
15170;1;0;;1;0;;1;0;;1;1;;1;0;;1;0;;1;0;
15180;1;0;;1;0;;1;0;;1;0;;1;0;;1;0;;1;0;
15190;1;0;;1;0;;1;0;;1;1;;1;0;;1;0;;1;0;
15200;1;0;;1;0;;1;0;;1;0;;1;0;;1;0;;1;0;
15210;1;0;;1;0;;1;0;;1;1;;1;0;;1;0;;1;0;
15220;1;0;;1;0;;1;0;;1;0;;1;0;;1;0;;1;0;
15230;1;0;;1;0;;1;0;;1;1;;1;0;;1;0;;1;0;
15240;1;0;;1;0;;1;0;;1;1;;1;0;;1;0;;1;0;
15250;1;0;;1;0;;1;0;;1;0;;1;0;;1;0;;1;0;
15260;1;0;;1;0;;1;0;;1;1;;1;0;;1;0;;1;0;
15270;1;0;;1;0;;1;0;;1;0;;1;0;;1;0;;1;0;
15280;1;0;;1;0;;1;0;;1;1;;1;0;;1;0;;1;0;
15290;1;0;;1;0;;1;0;;1;0;;1;0;;1;0;;1;0;
15300;1;0;;1;0;;1;0;;1;1;;1;0;;1;0;;1;0;
15310;1;0;;1;0;;1;0;;1;0;;1;0;;1;0;;1;0;
15320;1;0;;1;0;;1;0;;1;1;;1;0;;1;0;;1;0;
15330;1;0;;1;0;;1;0;;1;1;;1;0;;1;0;;1;0;
15340;1;0;;1;0;;1;0;;1;0;;1;0;;1;0;;1;0;
15350;1;0;;1;0;;1;0;;1;1;;1;0;;1;0;;1;0;
15360;1;0;;1;0;;1;0;;1;0;;1;0;;1;0;;1;0;
15370;1;0;;1;0;;1;0;;1;1;;1;0;;1;0;;1;0;
15380;1;0;;1;0;;1;0;;1;0;;1;0;;1;0;;1;0;
15390;1;0;;1;0;;1;0;;1;1;;1;0;;1;0;;1;0;
15400;1;0;;1;0;;1;0;;1;0;;1;0;;1;0;;1;0;
15410;1;0;;1;0;;1;0;;1;1;;1;0;;1;0;;1;0;
15420;1;0;;1;0;;1;0;;1;1;;1;0;;1;0;;1;0;
15430;1;0;;1;0;;1;0;;1;0;;1;0;;1;0;;1;0;
15440;1;0;;1;0;;1;0;;1;1;;1;0;;1;0;;1;0;
15450;1;0;;1;0;;1;0;;1;0;;1;0;;1;0;;1;0;
15460;1;0;;1;0;;1;0;;1;1;;1;0;;1;0;;1;0;
15470;1;0;;1;0;;1;0;;1;0;;1;0;;1;0;;1;0;
15480;1;0;;1;0;;1;0;;1;1;;1;0;;1;0;;1;0;
15490;1;0;;1;0;;1;0;;1;0;;1;0;;1;0;;1;0;
15500;1;0;;1;0;;1;0;;1;1;;1;0;;1;0;;1;0;
15510;1;0;;1;0;;1;0;;1;0;;1;0;;1;0;;1;0;
15520;1;0;;1;0;;1;0;;1;1;;1;0;;1;0;;1;0;
15530;1;0;;1;0;;1;0;;1;1;;1;0;;1;0;;1;0;
15540;1;0;;1;0;;1;0;;1;0;;1;0;;1;0;;1;0;
15550;1;0;;1;0;;1;0;;1;1;;1;0;;1;0;;1;0;
15560;1;0;;1;0;;1;0;;1;0;;1;0;;1;0;;1;0;
15570;1;0;;1;0;;1;0;;1;1;;1;0;;1;0;;1;0;
15580;1;0;;1;0;;1;0;;1;0;;1;0;;1;0;;1;0;
15590;1;0;;1;0;;1;0;;1;1;;1;0;;1;0;;1;0;
15600;1;0;;1;0;;1;0;;1;0;;1;0;;1;0;;1;0;
15610;1;0;;1;0;;1;0;;1;1;;1;0;;1;0;;1;0;
15620;1;0;;1;0;;1;0;;1;1;;1;0;;1;0;;1;0;
15630;1;0;;1;0;;1;0;;1;0;;1;0;;1;0;;1;0;
15640;1;0;;1;0;;1;0;;1;1;;1;0;;1;0;;1;0;
15650;1;0;;1;0;;1;0;;1;0;;1;0;;1;0;;1;0;
15660;1;0;;1;0;;1;0;;1;1;;1;0;;1;0;;1;0;
15670;1;0;;1;0;;1;0;;1;0;;1;0;;1;0;;1;0;
15680;1;0;;1;0;;1;0;;1;1;;1;0;;1;0;;1;0;
15690;1;0;;1;0;;1;0;;1;0;;1;0;;1;0;;1;0;
15700;1;0;;1;0;;1;0;;1;1;;1;0;;1;0;;1;0;
15710;1;0;;1;0;;1;0;;1;0;;1;0;;1;0;;1;0;
15720;1;0;;1;0;;1;0;;1;1;;1;0;;1;0;;1;0;
15730;1;0;;1;0;;1;0;;1;1;;1;0;;1;0;;1;0;
15740;1;0;;1;0;;1;0;;1;0;;1;0;;1;0;;1;0;
15750;1;0;;1;0;;1;0;;1;1;;1;0;;1;0;;1;0;
15760;1;0;;1;0;;1;0;;1;0;;1;0;;1;0;;1;0;
15770;1;0;;1;0;;1;0;;1;1;;1;0;;1;0;;1;0;
15780;1;0;;1;0;;1;0;;1;0;;1;0;;1;0;;1;0;
15790;1;0;;1;0;;1;0;;1;1;;1;0;;1;0;;1;0;
15800;1;0;;1;0;;1;0;;1;0;;1;0;;1;0;;1;0;
15810;1;0;;1;0;;1;0;;1;1;;1;0;;1;0;;1;0;
15820;1;0;;1;0;;1;0;;1;1;;1;0;;1;0;;1;0;
15830;1;0;;1;0;;1;0;;1;0;;1;0;;1;0;;1;0;
15840;1;0;;1;0;;1;0;;1;1;;1;0;;1;0;;1;0;
15850;1;0;;1;0;;1;0;;1;0;;1;0;;1;0;;1;0;
15860;1;0;;1;0;;1;0;;1;1;;1;0;;1;0;;1;0;
15870;1;0;;1;0;;1;0;;1;0;;1;0;;1;0;;1;0;
15880;1;0;;1;0;;1;0;;1;1;;1;0;;1;0;;1;0;
15890;1;0;;1;0;;1;0;;1;0;;1;0;;1;0;;1;0;
15900;1;0;;1;0;;1;0;;1;1;;1;0;;1;0;;1;0;
15910;1;0;;1;0;;1;0;;1;0;;1;0;;1;0;;1;0;
15920;1;0;;1;0;;1;0;;1;1;;1;0;;1;0;;1;0;
15930;1;0;;1;0;;1;0;;1;1;;1;0;;1;0;;1;0;
15940;1;0;;1;0;;1;0;;1;0;;1;0;;1;0;;1;0;
15950;0;0;;1;0;;1;0;;1;1;;1;0;;1;0;;1;0;
15960;0;0;;1;0;;1;0;;1;0;;1;0;;1;0;;1;0;
15970;0;0;;1;0;;1;0;;1;1;;1;0;;1;0;;1;0;
15980;0;0;;1;0;;1;0;;1;0;;1;0;;1;0;;1;0;
15990;0;0;;1;0;;1;0;;1;1;;1;0;;1;0;;1;0;
16000;0;0;;1;0;;1;0;;1;0;;1;0;;1;0;;1;0;
16010;0;0;;1;0;;1;0;;1;1;;1;0;;1;0;;1;0;
16020;0;0;;1;0;;1;0;;1;0;;1;0;;1;0;;1;0;
16030;0;0;;1;0;;1;0;;1;1;;1;0;;1;0;;1;0;
16040;0;0;;1;0;;1;0;;1;1;;1;0;;1;0;;1;0;
16050;0;0;;1;0;;1;0;;1;0;;1;0;;1;0;;1;0;
16060;0;0;;1;0;;1;0;;1;1;;1;0;;1;0;;1;0;
16070;0;0;;1;0;;1;0;;1;0;;1;0;;1;0;;1;0;
16080;0;0;;1;0;;1;0;;1;1;;1;0;;1;0;;1;0;
16090;0;0;;1;0;;1;0;;1;0;;1;0;;1;0;;1;0;
16100;0;0;;1;0;;1;0;;1;1;;1;0;;1;0;;1;0;
16110;0;0;;1;0;;1;0;;1;0;;1;0;;1;0;;1;0;
16120;0;0;;1;0;;1;0;;1;1;;1;0;;1;0;;1;0;
16130;0;0;;1;0;;1;0;;1;1;;1;0;;1;0;;1;0;
16140;0;0;;1;0;;1;0;;1;0;;1;0;;1;0;;1;0;
16150;0;0;;1;0;;1;0;;1;1;;1;0;;1;0;;1;0;
16160;0;0;;1;0;;1;0;;1;0;;1;0;;1;0;;1;0;
16170;0;0;;1;0;;1;0;;1;1;;1;0;;1;0;;1;0;
16180;0;0;;1;0;;1;0;;1;0;;1;0;;1;0;;1;0;
16190;0;0;;1;0;;1;0;;1;1;;1;0;;1;0;;1;0;
16200;0;0;;1;0;;1;0;;1;0;;1;0;;1;0;;1;0;
16210;0;0;;1;0;;1;0;;1;1;;1;0;;1;0;;1;0;
16220;0;0;;1;0;;1;0;;1;0;;1;0;;1;0;;1;0;
16230;0;0;;1;0;;1;0;;1;1;;1;0;;1;0;;1;0;
16240;0;0;;1;0;;1;0;;1;1;;1;0;;1;0;;1;0;
16250;0;0;;1;0;;1;0;;1;0;;1;0;;1;0;;1;0;
16260;0;0;;1;0;;1;0;;1;1;;1;0;;1;0;;1;0;
16270;0;0;;1;0;;1;0;;1;0;;1;0;;1;0;;1;0;
16280;0;0;;1;0;;1;0;;1;1;;1;0;;1;0;;1;0;
16290;0;0;;1;0;;1;0;;1;0;;1;0;;1;0;;1;0;
16300;0;0;;1;0;;1;0;;1;1;;1;0;;1;0;;1;0;
16310;0;0;;1;0;;1;0;;1;0;;1;0;;1;0;;1;0;
16320;0;0;;1;0;;1;0;;1;1;;1;0;;1;0;;1;0;
16330;0;0;;1;0;;1;0;;1;0;;1;0;;1;0;;1;0;
16340;0;0;;1;0;;1;0;;1;1;;1;0;;1;0;;1;0;
16350;0;0;;1;0;;1;0;;1;1;;1;0;;1;0;;1;0;
16360;0;0;;1;0;;1;0;;1;0;;1;0;;1;0;;1;0;
16370;0;0;;1;0;;1;0;;1;1;;1;0;;1;0;;1;0;
16380;0;0;;1;0;;1;0;;1;0;;1;0;;1;0;;1;0;
16390;0;0;;1;0;;1;0;;1;1;;1;0;;1;0;;1;0;
16400;0;0;;1;0;;1;0;;1;0;;1;0;;1;0;;1;0;
16410;0;0;;1;0;;1;0;;1;1;;1;0;;1;0;;1;0;
16420;0;0;;1;0;;1;0;;1;0;;1;0;;1;0;;1;0;
16430;0;0;;1;0;;1;0;;1;1;;1;0;;1;0;;1;0;
16440;0;0;;1;0;;1;0;;1;0;;1;0;;1;0;;1;0;
16450;0;0;;1;0;;1;0;;1;1;;1;0;;1;0;;1;0;
16460;0;0;;1;0;;1;0;;1;1;;1;0;;1;0;;1;0;
16470;0;0;;1;0;;1;0;;1;0;;1;0;;1;0;;1;0;
16480;0;0;;1;0;;1;0;;1;1;;1;0;;1;0;;1;0;
16490;0;0;;1;0;;1;0;;1;0;;1;0;;1;0;;1;0;
16500;0;0;;1;0;;1;0;;1;1;;1;0;;1;0;;1;0;
16510;0;0;;1;0;;1;0;;1;0;;1;0;;1;0;;1;0;
16520;0;0;;1;0;;1;0;;1;1;;1;0;;1;0;;1;0;
16530;0;0;;1;0;;1;0;;1;0;;1;0;;1;0;;1;0;
16540;0;0;;1;0;;1;0;;1;1;;1;0;;1;0;;1;0;
16550;0;0;;1;0;;1;0;;1;0;;1;0;;1;0;;1;0;
16560;0;0;;1;0;;1;0;;1;1;;1;0;;1;0;;1;0;
16570;0;0;;1;0;;1;0;;1;1;;1;0;;1;0;;1;0;
16580;0;0;;1;0;;1;0;;1;0;;1;0;;1;0;;1;0;
16590;0;0;;1;0;;1;0;;1;1;;1;0;;1;0;;1;0;
16600;0;0;;1;0;;1;0;;1;0;;1;0;;1;0;;1;0;
16610;0;0;;1;0;;1;0;;1;1;;1;0;;1;0;;1;0;
16620;0;0;;1;0;;1;0;;1;0;;1;0;;1;0;;1;0;
16630;0;0;;1;0;;1;0;;1;1;;1;0;;1;0;;1;0;
16640;0;0;;1;0;;1;0;;1;0;;1;0;;1;0;;1;0;
16650;0;0;;1;0;;1;0;;1;1;;1;0;;1;0;;1;0;
16660;0;0;;1;0;;1;0;;1;0;;1;0;;1;0;;1;0;
16670;0;0;;1;0;;1;0;;1;1;;1;0;;1;0;;1;0;
16680;0;0;;1;0;;1;0;;1;1;;1;0;;1;0;;1;0;
16690;0;0;;1;0;;1;0;;1;0;;1;0;;1;0;;1;0;
16700;0;0;;1;0;;1;0;;1;1;;1;0;;1;0;;1;0;
16710;0;0;;1;0;;1;0;;1;0;;1;0;;1;0;;1;0;
16720;0;0;;1;0;;1;0;;1;1;;1;0;;1;0;;1;0;
16730;0;0;;1;0;;1;0;;1;0;;1;0;;1;0;;1;0;
16740;0;0;;1;0;;1;0;;1;1;;1;0;;1;0;;1;0;
16750;0;0;;1;0;;1;0;;1;0;;1;0;;1;0;;1;0;
16760;0;0;;1;0;;1;0;;1;1;;1;0;;1;0;;1;0;
16770;0;0;;1;0;;1;0;;1;0;;1;0;;1;0;;1;0;
16780;0;0;;1;0;;1;0;;1;1;;1;0;;1;0;;1;0;
16790;0;0;;1;0;;1;0;;1;1;;1;0;;1;0;;1;0;
16800;0;0;;1;0;;1;0;;1;0;;1;0;;1;0;;1;0;
16810;0;0;;1;0;;1;0;;1;1;;1;0;;1;0;;1;0;
16820;0;0;;1;0;;1;0;;1;0;;1;0;;1;0;;1;0;
16830;0;0;;1;0;;1;0;;1;1;;1;0;;1;0;;1;0;
16840;0;0;;1;0;;1;0;;1;0;;1;0;;1;0;;1;0;
16850;0;0;;1;0;;1;0;;1;1;;1;0;;1;0;;1;0;
16860;0;0;;1;0;;1;0;;1;0;;1;0;;1;0;;1;0;
16870;0;0;;1;0;;1;0;;1;1;;1;0;;1;0;;1;0;
16880;0;0;;1;0;;1;0;;1;0;;1;0;;1;0;;1;0;
16890;0;0;;1;0;;1;0;;1;1;;1;0;;1;0;;1;0;
16900;0;0;;1;0;;1;0;;1;1;;1;0;;1;0;;1;0;
16910;0;0;;1;0;;1;0;;1;0;;1;0;;1;0;;1;0;
16920;0;0;;1;0;;1;0;;1;1;;1;0;;1;0;;1;0;
16930;0;0;;1;0;;1;0;;1;0;;1;0;;1;0;;1;0;
16940;0;0;;1;0;;1;0;;1;1;;1;0;;1;0;;1;0;
16950;0;0;;1;0;;1;0;;1;0;;1;0;;1;0;;1;0;
16960;0;0;;1;0;;1;0;;1;1;;1;0;;1;0;;1;0;
16970;0;0;;1;0;;1;0;;1;0;;1;0;;1;0;;1;0;
16980;0;0;;1;0;;1;0;;1;1;;1;0;;1;0;;1;0;
16990;0;0;;1;0;;1;0;;1;0;;1;0;;1;0;;1;0;
17000;0;0;;1;0;;1;0;;1;1;;1;0;;1;0;;1;0;
17010;0;0;;1;0;;1;0;;1;0;;1;0;;1;0;;1;0;
17020;0;0;;1;0;;1;0;;1;1;;1;0;;1;0;;1;0;
17030;0;0;;1;0;;1;0;;1;1;;1;0;;1;0;;1;0;
17040;0;0;;1;0;;1;0;;1;0;;1;0;;1;0;;1;0;
17050;0;0;;1;0;;1;0;;1;1;;1;0;;1;0;;1;0;
17060;0;0;;1;0;;1;0;;1;0;;1;0;;1;0;;1;0;
17070;0;0;;1;0;;1;0;;1;1;;1;0;;1;0;;1;0;
17080;0;0;;1;0;;1;0;;1;0;;1;0;;1;0;;1;0;
17090;0;0;;1;0;;1;0;;1;1;;1;0;;1;0;;1;0;
17100;0;0;;1;0;;1;0;;1;0;;1;0;;1;0;;1;0;
17110;0;0;;1;0;;1;0;;1;1;;1;0;;1;0;;1;0;
17120;0;0;;1;0;;1;0;;1;0;;1;0;;1;0;;1;0;
17130;0;0;;1;0;;1;0;;1;1;;1;0;;1;0;;1;0;
17140;0;0;;1;0;;1;0;;1;1;;1;0;;1;0;;1;0;
17150;0;0;;1;0;;1;0;;1;0;;1;0;;1;0;;1;0;
17160;0;0;;1;0;;1;0;;1;1;;1;0;;1;0;;1;0;
17170;0;0;;1;0;;1;0;;1;0;;1;0;;1;0;;1;0;
17180;0;0;;1;0;;1;0;;1;1;;1;0;;1;0;;1;0;
17190;0;0;;1;0;;1;0;;1;0;;1;0;;1;0;;1;0;
17200;0;0;;1;0;;1;0;;1;1;;1;0;;1;0;;1;0;
17210;0;0;;1;0;;1;0;;1;0;;1;0;;1;0;;1;0;
17220;0;0;;1;0;;1;0;;1;1;;1;0;;1;0;;1;0;
17230;0;0;;1;0;;1;0;;1;0;;1;0;;1;0;;1;0;
17240;0;0;;1;0;;1;0;;1;1;;1;0;;1;0;;1;0;
17250;0;0;;1;0;;1;0;;1;1;;1;0;;1;0;;1;0;
17260;0;0;;1;0;;1;0;;1;0;;1;0;;1;0;;1;0;
17270;0;0;;1;0;;1;0;;1;1;;1;0;;1;0;;1;0;
17280;0;0;;1;0;;1;0;;1;0;;1;0;;1;0;;1;0;
17290;0;0;;1;0;;1;0;;1;1;;1;0;;1;0;;1;0;
17300;0;0;;1;0;;1;0;;1;0;;1;0;;1;0;;1;0;
17310;0;0;;1;0;;1;0;;1;1;;1;0;;1;0;;1;0;
17320;0;0;;1;0;;1;0;;1;0;;1;0;;1;0;;1;0;
17330;0;0;;1;0;;1;0;;1;1;;1;0;;1;0;;1;0;
17340;0;0;;1;0;;1;0;;1;0;;1;0;;1;0;;1;0;
17350;0;0;;1;0;;1;0;;1;1;;1;0;;1;0;;1;0;
17360;0;0;;1;0;;1;0;;1;0;;1;0;;1;0;;1;0;
17370;0;0;;1;0;;1;0;;1;1;;1;0;;1;0;;1;0;
17380;0;0;;1;0;;1;0;;1;1;;1;0;;1;0;;1;0;
17390;0;0;;1;0;;1;0;;1;0;;1;0;;1;0;;1;0;
17400;0;0;;1;0;;1;0;;1;1;;1;0;;1;0;;1;0;
17410;0;0;;1;0;;1;0;;1;0;;1;0;;1;0;;1;0;
17420;0;0;;1;0;;1;0;;1;1;;1;0;;1;0;;1;0;
17430;0;0;;1;0;;1;0;;1;0;;1;0;;1;0;;1;0;
17440;0;0;;1;0;;1;0;;1;1;;1;0;;1;0;;1;0;
17450;0;0;;1;0;;1;0;;1;0;;1;0;;1;0;;1;0;
17460;0;0;;1;0;;1;0;;1;1;;1;0;;1;0;;1;0;
17470;0;0;;1;0;;1;0;;1;0;;1;0;;1;0;;1;0;
17480;0;0;;1;0;;1;0;;1;1;;1;0;;1;0;;1;0;
17490;0;0;;1;0;;1;0;;1;0;;1;0;;1;0;;1;0;
17500;0;0;;1;0;;1;0;;1;1;;1;0;;1;0;;1;0;
17510;0;0;;1;0;;1;0;;1;1;;1;0;;1;0;;1;0;
17520;0;1;;1;0;;1;0;;1;0;;1;0;;1;0;;1;0;
17530;0;0;;1;0;;1;0;;1;1;;1;0;;1;0;;1;0;
17540;0;0;;1;0;;1;0;;1;0;;1;0;;1;0;;1;0;
17550;0;0;;1;0;;1;0;;1;1;;1;0;;1;0;;1;0;
17560;0;0;;1;0;;1;0;;1;0;;1;0;;1;0;;1;0;
17570;0;0;;1;0;;1;0;;1;1;;1;0;;1;0;;1;0;
17580;0;0;;1;0;;1;0;;1;0;;1;0;;1;0;;1;0;
17590;0;0;;1;0;;1;0;;1;1;;1;0;;1;0;;1;0;
17600;0;0;;1;0;;1;0;;1;0;;1;0;;1;0;;1;0;
17610;0;0;;1;0;;1;0;;1;1;;1;0;;1;0;;1;0;
17620;0;0;;1;0;;1;0;;1;0;;1;0;;1;0;;1;0;
17630;0;0;;1;0;;1;0;;1;1;;1;0;;1;0;;1;0;
17640;0;0;;1;0;;1;0;;1;1;;1;0;;1;0;;1;0;
17650;0;0;;1;0;;1;0;;1;0;;1;0;;1;0;;1;0;
17660;0;0;;1;0;;1;0;;1;1;;1;0;;1;0;;1;0;
17670;0;0;;1;0;;1;0;;1;0;;1;0;;1;0;;1;0;
17680;0;0;;1;0;;1;0;;1;1;;1;0;;1;0;;1;0;
17690;0;0;;1;0;;1;0;;1;0;;1;0;;1;0;;1;0;
17700;0;0;;1;0;;1;0;;1;1;;1;0;;1;0;;1;0;
17710;0;0;;1;0;;1;0;;1;0;;1;0;;1;0;;1;0;
17720;0;0;;1;0;;1;0;;1;1;;1;0;;1;0;;1;0;
17730;0;0;;1;0;;1;0;;1;0;;1;0;;1;0;;1;0;
17740;0;0;;1;0;;1;0;;1;1;;1;0;;1;0;;1;0;
17750;0;0;;1;0;;1;0;;1;0;;1;0;;1;0;;1;0;
17760;0;0;;1;0;;1;0;;1;1;;1;0;;1;0;;1;0;
17770;0;0;;1;0;;1;0;;1;1;;1;0;;1;0;;1;0;
17780;0;0;;1;0;;1;0;;1;0;;1;0;;1;0;;1;0;
17790;0;0;;1;0;;1;0;;1;1;;1;0;;1;0;;1;0;
17800;0;0;;1;0;;1;0;;1;0;;1;0;;1;0;;1;0;
17810;0;0;;1;0;;1;0;;1;1;;1;0;;1;0;;1;0;
17820;0;0;;1;0;;1;0;;1;0;;1;0;;1;0;;1;0;
17830;0;0;;1;0;;1;0;;1;1;;1;0;;1;0;;1;0;
17840;0;0;;1;0;;1;0;;1;0;;1;0;;1;0;;1;0;
17850;0;0;;1;0;;1;0;;1;1;;1;0;;1;0;;1;0;
17860;0;0;;1;0;;1;0;;1;0;;1;0;;1;0;;1;0;
17870;0;0;;1;0;;1;0;;1;1;;1;0;;1;0;;1;0;
17880;0;0;;1;0;;1;0;;1;0;;1;0;;1;0;;1;0;
17890;0;0;;1;0;;1;0;;1;1;;1;0;;1;0;;1;0;
17900;0;0;;1;0;;1;0;;1;0;;1;0;;1;0;;1;0;
17910;0;0;;1;0;;1;0;;1;1;;1;0;;1;0;;1;0;
17920;0;0;;1;0;;1;0;;1;1;;1;0;;1;0;;1;0;
17930;0;0;;1;0;;1;0;;1;0;;1;0;;1;0;;1;0;
17940;0;0;;1;0;;1;0;;1;1;;1;0;;1;0;;1;0;
17950;0;0;;1;0;;1;0;;1;0;;1;0;;1;0;;1;0;
17960;0;0;;1;0;;1;0;;1;1;;1;0;;1;0;;1;0;
17970;0;0;;1;0;;1;0;;1;0;;1;0;;1;0;;1;0;
17980;0;0;;1;0;;1;0;;1;1;;1;0;;1;0;;1;0;
17990;0;0;;1;0;;1;0;;1;0;;1;0;;1;0;;1;0;
18000;0;1;;1;0;;1;0;;1;1;;1;0;;1;0;;1;0;
18010;0;0;;1;0;;1;0;;1;0;;1;0;;1;0;;1;0;
18020;0;0;;1;0;;1;0;;1;1;;1;0;;1;0;;1;0;
18030;0;0;;1;0;;1;0;;1;0;;1;0;;1;0;;1;0;
18040;0;0;;1;0;;1;0;;1;1;;1;0;;1;0;;1;0;
18050;0;0;;1;0;;1;0;;1;1;;1;0;;1;0;;1;0;
18060;0;0;;1;0;;1;0;;1;0;;1;0;;1;0;;1;0;
18070;0;0;;1;0;;1;0;;1;1;;1;0;;1;0;;1;0;
18080;0;0;;1;0;;1;0;;1;0;;1;0;;1;0;;1;0;
18090;0;0;;1;0;;1;0;;1;1;;1;0;;1;0;;1;0;
18100;0;0;;1;0;;1;0;;1;0;;1;0;;1;0;;1;0;
18110;0;0;;1;0;;1;0;;1;1;;1;0;;1;0;;1;0;
18120;0;0;;1;0;;1;0;;1;0;;1;0;;1;0;;1;0;
18130;0;0;;1;0;;1;0;;1;1;;1;0;;1;0;;1;0;
18140;0;0;;1;0;;1;0;;1;0;;1;0;;1;0;;1;0;
18150;0;0;;1;0;;1;0;;1;1;;1;0;;1;0;;1;0;
18160;0;0;;1;0;;1;0;;1;0;;1;0;;1;0;;1;0;
18170;0;0;;1;0;;1;0;;1;1;;1;0;;1;0;;1;0;
18180;0;0;;1;0;;1;0;;1;0;;1;0;;1;0;;1;0;
18190;0;0;;1;0;;1;0;;1;1;;1;0;;1;0;;1;0;
18200;0;0;;1;0;;1;0;;1;1;;1;0;;1;0;;1;0;
18210;0;0;;1;0;;1;0;;1;0;;1;0;;1;0;;1;0;
18220;0;0;;1;0;;1;0;;1;1;;1;0;;1;0;;1;0;
18230;0;0;;1;0;;1;0;;1;0;;1;0;;1;0;;1;0;
18240;0;1;;1;0;;1;0;;1;1;;1;0;;1;0;;1;0;
18250;0;0;;1;0;;1;0;;1;0;;1;0;;1;0;;1;0;
18260;0;0;;1;0;;1;0;;1;1;;1;0;;1;0;;1;0;
18270;0;0;;1;0;;1;0;;1;0;;1;0;;1;0;;1;0;
18280;0;0;;1;0;;1;0;;1;1;;1;0;;1;0;;1;0;
18290;0;0;;1;0;;1;0;;1;0;;1;0;;1;0;;1;0;
18300;0;0;;1;0;;1;0;;1;1;;1;0;;1;0;;1;0;
18310;0;0;;1;0;;1;0;;1;0;;1;0;;1;0;;1;0;
18320;0;0;;1;0;;1;0;;1;1;;1;0;;1;0;;1;0;
18330;0;0;;1;0;;1;0;;1;0;;1;0;;1;0;;1;0;
18340;0;0;;1;0;;1;0;;1;1;;1;0;;1;0;;1;0;
18350;0;0;;1;0;;1;0;;1;1;;1;0;;1;0;;1;0;
18360;0;0;;1;0;;1;0;;1;0;;1;0;;1;0;;1;0;
18370;0;0;;1;0;;1;0;;1;1;;1;0;;1;0;;1;0;
18380;0;0;;1;0;;1;0;;1;0;;1;0;;1;0;;1;0;
18390;0;0;;1;0;;1;0;;1;1;;1;0;;1;0;;1;0;
18400;0;0;;1;0;;1;0;;1;0;;1;0;;1;0;;1;0;
18410;0;1;;1;0;;1;0;;1;1;;1;0;;1;0;;1;0;
18420;0;0;;1;0;;1;0;;1;0;;1;0;;1;0;;1;0;
18430;0;0;;1;0;;1;0;;1;1;;1;0;;1;0;;1;0;
18440;0;0;;1;0;;1;0;;1;0;;1;0;;1;0;;1;0;
18450;0;0;;1;0;;1;0;;1;1;;1;0;;1;0;;1;0;
18460;0;0;;1;0;;1;0;;1;0;;1;0;;1;0;;1;0;
18470;0;0;;1;0;;1;0;;1;1;;1;0;;1;0;;1;0;
18480;0;0;;1;0;;1;0;;1;0;;1;0;;1;0;;1;0;
18490;0;0;;1;0;;1;0;;1;1;;1;0;;1;0;;1;0;
18500;0;0;;1;0;;1;0;;1;0;;1;0;;1;0;;1;0;
18510;0;0;;1;0;;1;0;;1;1;;1;0;;1;0;;1;0;
18520;0;0;;1;0;;1;0;;1;1;;1;0;;1;0;;1;0;
18530;0;0;;1;0;;1;0;;1;0;;1;0;;1;0;;1;0;
18540;0;0;;1;0;;1;0;;1;1;;1;0;;1;0;;1;0;
18550;0;1;;1;0;;1;0;;1;0;;1;0;;1;0;;1;0;
18560;0;0;;1;0;;1;0;;1;1;;1;0;;1;0;;1;0;
18570;0;0;;1;0;;1;0;;1;0;;1;0;;1;0;;1;0;
18580;0;0;;1;0;;1;0;;1;1;;1;0;;1;0;;1;0;
18590;0;0;;1;0;;1;0;;1;0;;1;0;;1;0;;1;0;
18600;0;0;;1;0;;1;0;;1;1;;1;0;;1;0;;1;0;
18610;0;0;;1;0;;1;0;;1;0;;1;0;;1;0;;1;0;
18620;0;0;;1;0;;1;0;;1;1;;1;0;;1;0;;1;0;
18630;0;0;;1;0;;1;0;;1;0;;1;0;;1;0;;1;0;
18640;0;0;;1;0;;1;0;;1;1;;1;0;;1;0;;1;0;
18650;0;0;;1;0;;1;0;;1;0;;1;0;;1;0;;1;0;
18660;0;0;;1;0;;1;0;;1;1;;1;0;;1;0;;1;0;
18670;0;1;;1;0;;1;0;;1;0;;1;0;;1;0;;1;0;
18680;0;0;;1;0;;1;0;;1;1;;1;0;;1;0;;1;0;
18690;0;0;;1;0;;1;0;;1;1;;1;0;;1;0;;1;0;
18700;0;0;;1;0;;1;0;;1;0;;1;0;;1;0;;1;0;
18710;0;0;;1;0;;1;0;;1;1;;1;0;;1;0;;1;0;
18720;0;0;;1;0;;1;0;;1;0;;1;0;;1;0;;1;0;
18730;0;0;;1;0;;1;0;;1;1;;1;0;;1;0;;1;0;
18740;0;0;;1;0;;1;0;;1;0;;1;0;;1;0;;1;0;
18750;0;0;;1;0;;1;0;;1;1;;1;0;;1;0;;1;0;
18760;0;0;;1;0;;1;0;;1;0;;1;0;;1;0;;1;0;
18770;0;1;;1;0;;1;0;;1;1;;1;0;;1;0;;1;0;
18780;0;0;;1;0;;1;0;;1;0;;1;0;;1;0;;1;0;
18790;0;0;;1;0;;1;0;;1;1;;1;0;;1;0;;1;0;
18800;0;0;;1;0;;1;0;;1;0;;1;0;;1;0;;1;0;
18810;0;0;;1;0;;1;0;;1;1;;1;0;;1;0;;1;0;
18820;0;0;;1;0;;1;0;;1;0;;1;0;;1;0;;1;0;
18830;0;0;;1;0;;1;0;;1;1;;1;0;;1;0;;1;0;
18840;0;0;;1;0;;1;0;;1;0;;1;0;;1;0;;1;0;
18850;0;1;;1;0;;1;0;;1;1;;1;0;;1;0;;1;0;
18860;0;0;;1;0;;1;0;;1;1;;1;0;;1;0;;1;0;
18870;0;0;;1;0;;1;0;;1;0;;1;0;;1;0;;1;0;
18880;0;0;;1;0;;1;0;;1;1;;1;0;;1;0;;1;0;
18890;0;0;;1;0;;1;0;;1;0;;1;0;;1;0;;1;0;
18900;0;1;;1;0;;1;0;;1;1;;1;0;;1;0;;1;0;
18910;0;0;;1;0;;1;0;;1;0;;1;0;;1;0;;1;0;
18920;0;0;;1;0;;1;0;;1;1;;1;0;;1;0;;1;0;
18930;0;0;;1;0;;1;0;;1;0;;1;0;;1;0;;1;0;
18940;0;1;;1;0;;1;0;;1;1;;1;0;;1;0;;1;0;
18950;0;0;;1;0;;1;0;;1;0;;1;0;;1;0;;1;0;
18960;0;0;;1;0;;1;0;;1;1;;1;0;;1;0;;1;0;
18970;0;0;;1;0;;1;0;;1;0;;1;0;;1;0;;1;0;
18980;0;0;;1;0;;1;0;;1;1;;1;0;;1;0;;1;0;
18990;0;1;;1;0;;1;0;;1;0;;1;0;;1;0;;1;0;
19000;0;0;;1;0;;1;0;;1;1;;1;0;;1;0;;1;0;
19010;0;0;;1;0;;1;0;;1;0;;1;0;;1;0;;1;0;
19020;0;0;;1;0;;1;0;;1;1;;1;0;;1;0;;1;0;
19030;0;1;;1;0;;1;0;;1;0;;1;0;;1;0;;1;0;
19040;0;0;;1;0;;1;0;;1;1;;1;0;;1;0;;1;0;
19050;0;0;;1;0;;1;0;;1;0;;1;0;;1;0;;1;0;
19060;0;0;;1;0;;1;0;;1;1;;1;0;;1;0;;1;0;
19070;0;1;;1;0;;1;0;;1;1;;1;0;;1;0;;1;0;
19080;0;0;;1;0;;1;0;;1;0;;1;0;;1;0;;1;0;
19090;0;0;;1;0;;1;0;;1;1;;1;0;;1;0;;1;0;
19100;0;0;;1;0;;1;0;;1;0;;1;0;;1;0;;1;0;
19110;0;1;;1;0;;1;0;;1;1;;1;0;;1;0;;1;0;
19120;0;0;;1;0;;1;0;;1;0;;1;0;;1;0;;1;0;
19130;0;0;;1;0;;1;0;;1;1;;1;0;;1;0;;1;0;
19140;0;1;;1;0;;1;0;;1;0;;1;0;;1;0;;1;0;
19150;0;0;;1;0;;1;0;;1;1;;1;0;;1;0;;1;0;
19160;0;0;;1;0;;1;0;;1;0;;1;0;;1;0;;1;0;
19170;0;0;;1;0;;1;0;;1;1;;1;0;;1;0;;1;0;
19180;0;1;;1;0;;1;0;;1;0;;1;0;;1;0;;1;0;
19190;0;0;;1;0;;1;0;;1;1;;1;0;;1;0;;1;0;
19200;0;0;;1;0;;1;0;;1;0;;1;0;;1;0;;1;0;
19210;0;0;;1;0;;1;0;;1;1;;1;0;;1;0;;1;0;
19220;0;1;;1;0;;1;0;;1;0;;1;0;;1;0;;1;0;
19230;0;0;;1;0;;1;0;;1;1;;1;0;;1;0;;1;0;
19240;0;0;;1;0;;1;0;;1;0;;1;0;;1;0;;1;0;
19250;0;1;;1;0;;1;0;;1;1;;1;0;;1;0;;1;0;
19260;0;0;;1;0;;1;0;;1;0;;1;0;;1;0;;1;0;
19270;0;0;;1;0;;1;0;;1;1;;1;0;;1;0;;1;0;
19280;0;1;;1;0;;1;0;;1;1;;1;0;;1;0;;1;0;
19290;0;0;;1;0;;1;0;;1;0;;1;0;;1;0;;1;0;
19300;0;0;;1;0;;1;0;;1;1;;1;0;;1;0;;1;0;
19310;0;0;;1;0;;1;0;;1;0;;1;0;;1;0;;1;0;
19320;0;1;;1;0;;1;0;;1;1;;1;0;;1;0;;1;0;
19330;0;0;;1;0;;1;0;;1;0;;1;0;;1;0;;1;0;
19340;0;0;;1;0;;1;0;;1;1;;1;0;;1;0;;1;0;
19350;0;1;;1;0;;1;0;;1;0;;1;0;;1;0;;1;0;
19360;0;0;;1;0;;1;0;;1;1;;1;0;;1;0;;1;0;
19370;0;0;;1;0;;1;0;;1;0;;1;0;;1;0;;1;0;
19380;0;1;;1;0;;1;0;;1;1;;1;0;;1;0;;1;0;
19390;0;0;;1;0;;1;0;;1;0;;1;0;;1;0;;1;0;
19400;0;0;;1;0;;1;0;;1;1;;1;0;;1;0;;1;0;
19410;0;1;;1;0;;1;0;;1;0;;1;0;;1;0;;1;0;
19420;0;0;;1;0;;1;0;;1;1;;1;0;;1;0;;1;0;
19430;0;0;;1;0;;1;0;;1;0;;1;0;;1;0;;1;0;
19440;0;1;;1;0;;1;0;;1;1;;1;0;;1;0;;1;0;
19450;0;0;;1;0;;1;0;;1;0;;1;0;;1;0;;1;0;
19460;0;0;;1;0;;1;0;;1;1;;1;0;;1;0;;1;0;
19470;0;1;;1;0;;1;0;;1;0;;1;0;;1;0;;1;0;
19480;0;0;;1;0;;1;0;;1;1;;1;0;;1;0;;1;0;
19490;0;0;;1;0;;1;0;;1;0;;1;0;;1;0;;1;0;
19500;0;1;;1;0;;1;0;;1;1;;1;0;;1;0;;1;0;
19510;0;0;;1;0;;1;0;;1;1;;1;0;;1;0;;1;0;
19520;0;1;;1;0;;1;0;;1;0;;1;0;;1;0;;1;0;
19530;0;0;;1;0;;1;0;;1;1;;1;0;;1;0;;1;0;
19540;0;0;;1;0;;1;0;;1;0;;1;0;;1;0;;1;0;
19550;0;1;;1;0;;1;0;;1;1;;1;0;;1;0;;1;0;
19560;0;0;;1;0;;1;0;;1;0;;1;0;;1;0;;1;0;
19570;0;0;;1;0;;1;0;;1;1;;1;0;;1;0;;1;0;
19580;0;1;;1;0;;1;0;;1;0;;1;0;;1;0;;1;0;
19590;0;0;;1;0;;1;0;;1;1;;1;0;;1;0;;1;0;
19600;0;1;;1;0;;1;0;;1;0;;1;0;;1;0;;1;0;
19610;0;0;;1;0;;1;0;;1;1;;1;0;;1;0;;1;0;
19620;0;0;;1;0;;1;0;;1;0;;1;0;;1;0;;1;0;
19630;0;1;;1;0;;1;0;;1;1;;1;0;;1;0;;1;0;
19640;0;0;;1;0;;1;0;;1;0;;1;0;;1;0;;1;0;
19650;0;0;;1;0;;1;0;;1;1;;1;0;;1;0;;1;0;
19660;0;1;;1;0;;1;0;;1;0;;1;0;;1;0;;1;0;
19670;0;0;;1;0;;1;0;;1;1;;1;0;;1;0;;1;0;
19680;0;1;;1;0;;1;0;;1;0;;1;0;;1;0;;1;0;
19690;0;0;;1;0;;1;0;;1;1;;1;0;;1;0;;1;0;
19700;0;0;;1;0;;1;0;;1;0;;1;0;;1;0;;1;0;
19710;0;1;;1;0;;1;0;;1;1;;1;0;;1;0;;1;0;
19720;0;0;;1;0;;1;0;;1;0;;1;0;;1;0;;1;0;
19730;0;1;;1;0;;1;0;;1;1;;1;0;;1;0;;1;0;
19740;0;0;;1;0;;1;0;;1;0;;1;0;;1;0;;1;0;
19750;0;1;;1;0;;1;0;;1;1;;1;0;;1;0;;1;0;
19760;0;0;;1;0;;1;0;;1;0;;1;0;;1;0;;1;0;
19770;0;0;;1;0;;1;0;;1;1;;1;0;;1;0;;1;0;
19780;0;1;;1;0;;1;0;;1;0;;1;0;;1;0;;1;0;
19790;0;0;;1;0;;1;0;;1;1;;1;0;;1;0;;1;0;
19800;0;1;;1;0;;1;0;;1;1;;1;0;;1;0;;1;0;
19810;0;0;;1;0;;1;0;;1;0;;1;0;;1;0;;1;0;
19820;0;0;;1;0;;1;0;;1;1;;1;0;;1;0;;1;0;
19830;0;1;;1;0;;1;0;;1;0;;1;0;;1;0;;1;0;
19840;0;0;;1;0;;1;0;;1;1;;1;0;;1;0;;1;0;
19850;0;1;;1;0;;1;0;;1;0;;1;0;;1;0;;1;0;
19860;0;0;;1;0;;1;0;;1;1;;1;0;;1;0;;1;0;
19870;0;1;;1;0;;1;0;;1;0;;1;0;;1;0;;1;0;
19880;0;0;;1;0;;1;0;;1;1;;1;0;;1;0;;1;0;
19890;0;1;;1;0;;1;0;;1;0;;1;0;;1;0;;1;0;
19900;0;0;;1;0;;1;0;;1;1;;1;0;;1;0;;1;0;
19910;0;0;;1;0;;1;0;;1;0;;1;0;;1;0;;1;0;
19920;0;1;;1;0;;1;0;;1;1;;1;0;;1;0;;1;0;
19930;0;0;;1;0;;1;0;;1;0;;1;0;;1;0;;1;0;
19940;0;1;;1;0;;1;0;;1;1;;1;0;;1;0;;1;0;
19950;0;0;;1;0;;1;0;;1;0;;1;0;;1;0;;1;0;
19960;0;1;;1;0;;1;0;;1;1;;1;0;;1;0;;1;0;
19970;0;0;;1;0;;1;0;;1;0;;1;0;;1;0;;1;0;
19980;0;1;;1;0;;1;0;;1;1;;1;0;;1;0;;1;0;
19990;0;0;;1;0;;1;0;;1;0;;1;0;;1;0;;1;0;
20000;0;1;;1;0;;1;0;;1;1;;1;0;;1;0;;1;0;
20010;0;0;;1;0;;1;0;;1;0;;1;0;;1;0;;1;0;
20020;0;1;;1;0;;1;0;;1;1;;1;0;;1;0;;1;0;
20030;0;0;;1;0;;1;0;;1;0;;1;0;;1;0;;1;0;
20040;0;0;;1;0;;1;0;;1;1;;1;0;;1;0;;1;0;
20050;0;1;;1;0;;1;0;;1;0;;1;0;;1;0;;1;0;
20060;0;0;;1;0;;1;0;;1;1;;1;0;;1;0;;1;0;
20070;0;1;;1;0;;1;0;;1;0;;1;0;;1;0;;1;0;
20080;0;0;;1;0;;1;0;;1;1;;1;0;;1;0;;1;0;
20090;0;1;;1;0;;1;0;;1;0;;1;0;;1;0;;1;0;
20100;0;0;;1;0;;1;0;;1;1;;1;0;;1;0;;1;0;
20110;0;1;;1;0;;1;0;;1;0;;1;0;;1;0;;1;0;
20120;0;0;;1;0;;1;0;;1;1;;1;0;;1;0;;1;0;
20130;0;1;;1;0;;1;0;;1;0;;1;0;;1;0;;1;0;
20140;0;0;;1;0;;1;0;;1;1;;1;0;;1;0;;1;0;
20150;0;1;;1;0;;1;0;;1;0;;1;0;;1;0;;1;0;
20160;0;0;;1;0;;1;0;;1;1;;1;0;;1;0;;1;0;
20170;0;1;;1;0;;1;0;;1;1;;1;0;;1;0;;1;0;
20180;0;0;;1;0;;1;0;;1;0;;1;0;;1;0;;1;0;
20190;0;1;;1;0;;1;0;;1;1;;1;0;;1;0;;1;0;
20200;0;0;;1;0;;1;0;;1;0;;1;0;;1;0;;1;0;
20210;0;1;;1;0;;1;0;;1;1;;1;0;;1;0;;1;0;
20220;0;0;;1;0;;1;0;;1;0;;1;0;;1;0;;1;0;
20230;0;1;;1;0;;1;0;;1;1;;1;0;;1;0;;1;0;
20240;0;0;;1;0;;1;0;;1;0;;1;0;;1;0;;1;0;
20250;0;1;;1;0;;1;0;;1;1;;1;0;;1;0;;1;0;
20260;0;0;;1;0;;1;0;;1;0;;1;0;;1;0;;1;0;
20270;0;1;;1;0;;1;0;;1;1;;1;0;;1;0;;1;0;
20280;0;0;;1;0;;1;0;;1;0;;1;0;;1;0;;1;0;
20290;0;1;;1;0;;1;0;;1;1;;1;0;;1;0;;1;0;
20300;0;0;;1;0;;1;0;;1;0;;1;0;;1;0;;1;0;
20310;0;1;;1;0;;1;0;;1;1;;1;0;;1;0;;1;0;
20320;0;0;;1;0;;1;0;;1;0;;1;0;;1;0;;1;0;
20330;0;1;;1;0;;1;0;;1;1;;1;0;;1;0;;1;0;
20340;0;1;;1;0;;1;0;;1;0;;1;0;;1;0;;1;0;
20350;0;0;;1;0;;1;0;;1;1;;1;0;;1;0;;1;0;
20360;0;1;;1;0;;1;0;;1;0;;1;0;;1;0;;1;0;
20370;0;0;;1;0;;1;0;;1;1;;1;0;;1;0;;1;0;
20380;0;1;;1;0;;1;0;;1;0;;1;0;;1;0;;1;0;
20390;0;0;;1;0;;1;0;;1;1;;1;0;;1;0;;1;0;
20400;0;1;;1;0;;1;0;;1;0;;1;0;;1;0;;1;0;
20410;0;0;;1;0;;1;0;;1;1;;1;0;;1;0;;1;0;
20420;0;1;;1;0;;1;0;;1;0;;1;0;;1;0;;1;0;
20430;0;0;;1;0;;1;0;;1;1;;1;0;;1;0;;1;0;
20440;0;1;;1;0;;1;0;;1;0;;1;0;;1;0;;1;0;
20450;0;0;;1;0;;1;0;;1;1;;1;0;;1;0;;1;0;
20460;0;1;;1;0;;1;0;;1;0;;1;0;;1;0;;1;0;
20470;0;0;;1;0;;1;0;;1;1;;1;0;;1;0;;1;0;
20480;0;1;;1;0;;1;0;;1;0;;1;0;;1;0;;1;0;
20490;0;1;;1;0;;1;0;;1;1;;1;0;;1;0;;1;0;
20500;0;0;;1;0;;1;0;;1;0;;1;0;;1;0;;1;0;
20510;0;1;;1;0;;1;0;;1;1;;1;0;;1;0;;1;0;
20520;0;0;;1;0;;1;0;;1;0;;1;0;;1;0;;1;0;
20530;0;1;;1;0;;1;0;;1;1;;1;0;;1;0;;1;0;
20540;0;0;;1;0;;1;0;;1;0;;1;0;;1;0;;1;0;
20550;0;1;;1;0;;1;0;;1;1;;1;0;;1;0;;1;0;
20560;0;0;;1;0;;1;0;;1;0;;1;0;;1;0;;1;0;
20570;0;1;;1;0;;1;0;;1;1;;1;0;;1;0;;1;0;
20580;0;0;;1;0;;1;0;;1;0;;1;0;;1;0;;1;0;
20590;0;1;;1;0;;1;0;;1;1;;1;0;;1;0;;1;0;
20600;0;0;;1;0;;1;0;;1;0;;1;0;;1;0;;1;0;
20610;0;1;;1;0;;1;0;;1;1;;1;0;;1;0;;1;0;
20620;0;1;;1;0;;1;0;;1;0;;1;0;;1;0;;1;0;
20630;0;0;;1;0;;1;0;;1;1;;1;0;;1;0;;1;0;
20640;0;1;;1;0;;1;0;;1;0;;1;0;;1;0;;1;0;
20650;0;0;;1;0;;1;0;;1;1;;1;0;;1;0;;1;0;
20660;0;1;;1;0;;1;0;;1;0;;1;0;;1;0;;1;0;
20670;0;0;;1;0;;1;0;;1;1;;1;0;;1;0;;1;0;
20680;0;1;;1;0;;1;0;;1;0;;1;0;;1;0;;1;0;
20690;0;0;;1;0;;1;0;;1;1;;1;0;;1;0;;1;0;
20700;0;1;;1;0;;1;0;;1;0;;1;0;;1;0;;1;0;
20710;0;1;;1;0;;1;0;;1;1;;1;0;;1;0;;1;0;
20720;0;0;;1;0;;1;0;;1;0;;1;0;;1;0;;1;0;
20730;0;1;;1;0;;1;0;;1;1;;1;0;;1;0;;1;0;
20740;0;0;;1;0;;1;0;;1;0;;1;0;;1;0;;1;0;
20750;0;1;;1;0;;1;0;;1;1;;1;0;;1;0;;1;0;
20760;0;0;;1;0;;1;0;;1;0;;1;0;;1;0;;1;0;
20770;0;1;;1;0;;1;0;;1;1;;1;0;;1;0;;1;0;
20780;0;0;;1;0;;1;0;;1;0;;1;0;;1;0;;1;0;
20790;0;1;;1;0;;1;0;;1;1;;1;0;;1;0;;1;0;
20800;0;1;;1;0;;1;0;;1;0;;1;0;;1;0;;1;0;
20810;0;0;;1;0;;1;0;;1;1;;1;0;;1;0;;1;0;
20820;0;1;;1;0;;1;0;;1;0;;1;0;;1;0;;1;0;
20830;0;0;;1;0;;1;0;;1;1;;1;0;;1;0;;1;0;
20840;0;1;;1;0;;1;0;;1;0;;1;0;;1;0;;1;0;
20850;0;0;;1;0;;1;0;;1;1;;1;0;;1;0;;1;0;
20860;0;1;;1;0;;1;0;;1;1;;1;0;;1;0;;1;0;
20870;0;0;;1;0;;1;0;;1;0;;1;0;;1;0;;1;0;
20880;0;1;;1;0;;1;0;;1;1;;1;0;;1;0;;1;0;
20890;0;1;;1;0;;1;0;;1;0;;1;0;;1;0;;1;0;
20900;0;0;;1;0;;1;0;;1;1;;1;0;;1;0;;1;0;
20910;0;1;;1;0;;1;0;;1;0;;1;0;;1;0;;1;0;
20920;0;0;;1;0;;1;0;;1;1;;1;0;;1;0;;1;0;
20930;0;1;;1;0;;1;0;;1;0;;1;0;;1;0;;1;0;
20940;0;0;;1;0;;1;0;;1;1;;1;0;;1;0;;1;0;
20950;0;1;;1;0;;1;0;;1;0;;1;0;;1;0;;1;0;
20960;0;0;;1;0;;1;0;;1;1;;1;0;;1;0;;1;0;
20970;0;1;;1;0;;1;0;;1;0;;1;0;;1;0;;1;0;
20980;0;1;;1;0;;1;0;;1;1;;1;0;;1;0;;1;0;
20990;0;0;;1;0;;1;0;;1;0;;1;0;;1;0;;1;0;
21000;0;1;;1;0;;1;0;;1;1;;1;0;;1;0;;1;0;
21010;0;0;;1;0;;1;0;;1;0;;1;0;;1;0;;1;0;
21020;0;1;;1;0;;1;0;;1;1;;1;0;;1;0;;1;0;
21030;0;0;;1;0;;1;0;;1;0;;1;0;;1;0;;1;0;
21040;0;1;;1;0;;1;0;;1;1;;1;0;;1;0;;1;0;
21050;0;0;;1;0;;1;0;;1;0;;1;0;;1;0;;1;0;
21060;0;1;;1;0;;1;0;;1;1;;1;0;;1;0;;1;0;
21070;0;1;;1;0;;1;0;;1;0;;1;0;;1;0;;1;0;
21080;0;0;;1;0;;1;0;;1;1;;1;0;;1;0;;1;0;
21090;0;1;;1;0;;1;0;;1;0;;1;0;;1;0;;1;0;
21100;0;0;;1;0;;1;0;;1;1;;1;0;;1;0;;1;0;
21110;0;1;;1;0;;1;0;;1;0;;1;0;;1;0;;1;0;
21120;0;0;;1;0;;1;0;;1;1;;1;0;;1;0;;1;0;
21130;0;1;;1;0;;1;0;;1;0;;1;0;;1;0;;1;0;
21140;0;1;;1;0;;1;0;;1;1;;1;0;;1;0;;1;0;
21150;0;0;;1;0;;1;0;;1;0;;1;0;;1;0;;1;0;
21160;0;1;;1;0;;1;0;;1;1;;1;0;;1;0;;1;0;
21170;0;0;;1;0;;1;0;;1;0;;1;0;;1;0;;1;0;
21180;0;1;;1;0;;1;0;;1;1;;1;0;;1;0;;1;0;
21190;0;0;;1;0;;1;0;;1;0;;1;0;;1;0;;1;0;
21200;0;1;;1;0;;1;0;;1;0;;1;0;;1;0;;1;0;
21210;0;0;;1;0;;1;0;;1;1;;1;0;;1;0;;1;0;
21220;0;1;;1;0;;1;0;;1;0;;1;0;;1;0;;1;0;
21230;0;1;;1;0;;1;0;;1;1;;1;0;;1;0;;1;0;
21240;0;0;;1;0;;1;0;;1;0;;1;0;;1;0;;1;0;
21250;0;1;;1;0;;1;0;;1;1;;1;0;;1;0;;1;0;
21260;0;0;;1;0;;1;0;;1;0;;1;0;;1;0;;1;0;
21270;0;1;;1;0;;1;0;;1;1;;1;0;;1;0;;1;0;
21280;0;0;;1;0;;1;0;;1;0;;1;0;;1;0;;1;0;
21290;0;1;;1;0;;1;0;;1;1;;1;0;;1;0;;1;0;
21300;0;0;;1;0;;1;0;;1;0;;1;0;;1;0;;1;0;
21310;0;1;;1;0;;1;0;;1;1;;1;0;;1;0;;1;0;
21320;0;1;;1;0;;1;0;;1;0;;1;0;;1;0;;1;0;
21330;0;0;;1;0;;1;0;;1;1;;1;0;;1;0;;1;0;
21340;0;1;;1;0;;1;0;;1;0;;1;0;;1;0;;1;0;
21350;0;0;;1;0;;1;0;;1;1;;1;0;;1;0;;1;0;
21360;0;1;;1;0;;1;0;;1;0;;1;0;;1;0;;1;0;
21370;0;0;;1;0;;1;0;;1;1;;1;0;;1;0;;1;0;
21380;0;1;;1;0;;1;0;;1;0;;1;0;;1;0;;1;0;
21390;0;0;;1;0;;1;0;;1;1;;1;0;;1;0;;1;0;
21400;0;1;;1;0;;1;0;;1;0;;1;0;;1;0;;1;0;
21410;0;1;;1;0;;1;0;;1;1;;1;0;;1;0;;1;0;
21420;0;0;;1;0;;1;0;;1;0;;1;0;;1;0;;1;0;
21430;0;1;;1;0;;1;0;;1;1;;1;0;;1;0;;1;0;
21440;0;0;;1;0;;1;0;;1;0;;1;0;;1;0;;1;0;
21450;0;1;;1;0;;1;0;;1;1;;1;0;;1;0;;1;0;
21460;0;0;;1;0;;1;0;;1;0;;1;0;;1;0;;1;0;
21470;0;1;;1;0;;1;0;;1;1;;1;0;;1;0;;1;0;
21480;0;0;;1;0;;1;0;;1;0;;1;0;;1;0;;1;0;
21490;0;1;;1;0;;1;0;;1;1;;1;0;;1;0;;1;0;
21500;0;1;;1;0;;1;0;;1;0;;1;0;;1;0;;1;0;
21510;0;0;;1;0;;1;0;;1;1;;1;0;;1;0;;1;0;
21520;0;1;;1;0;;1;0;;1;0;;1;0;;1;0;;1;0;
21530;0;0;;1;0;;1;0;;1;1;;1;0;;1;0;;1;0;
21540;0;1;;1;0;;1;0;;1;0;;1;0;;1;0;;1;0;
21550;0;0;;1;0;;1;0;;1;1;;1;0;;1;0;;1;0;
21560;0;1;;1;0;;1;0;;1;0;;1;0;;1;0;;1;0;
21570;0;0;;1;0;;1;0;;1;1;;1;0;;1;0;;1;0;
21580;0;1;;1;0;;1;0;;1;0;;1;0;;1;0;;1;0;
21590;0;1;;1;0;;1;0;;1;1;;1;0;;1;0;;1;0;
21600;0;0;;1;0;;1;0;;1;0;;1;0;;1;0;;1;0;
21610;0;1;;1;0;;1;0;;1;1;;1;0;;1;0;;1;0;
21620;0;0;;1;0;;1;0;;1;0;;1;0;;1;0;;1;0;
21630;0;1;;1;0;;1;0;;1;1;;1;0;;1;0;;1;0;
21640;0;0;;1;0;;1;0;;1;0;;1;0;;1;0;;1;0;
21650;0;1;;1;0;;1;0;;1;1;;1;0;;1;0;;1;0;
21660;0;0;;1;0;;1;0;;1;0;;1;0;;1;0;;1;0;
21670;0;1;;1;0;;1;0;;1;1;;1;0;;1;0;;1;0;
21680;0;1;;1;0;;1;0;;1;0;;1;0;;1;0;;1;0;
21690;0;0;;1;0;;1;0;;1;1;;1;0;;1;0;;1;0;
21700;0;1;;1;0;;1;0;;1;0;;1;0;;1;0;;1;0;
21710;0;0;;1;0;;1;0;;1;1;;1;0;;1;0;;1;0;
21720;0;1;;1;0;;1;0;;1;0;;1;0;;1;0;;1;0;
21730;0;0;;1;0;;1;0;;1;1;;1;0;;1;0;;1;0;
21740;0;1;;1;0;;1;0;;1;0;;1;0;;1;0;;1;0;
21750;0;0;;1;0;;1;0;;1;1;;1;0;;1;0;;1;0;
21760;0;1;;1;0;;1;0;;1;0;;1;0;;1;0;;1;0;
21770;0;1;;1;0;;1;0;;1;1;;1;0;;1;0;;1;0;
21780;0;0;;1;0;;1;0;;1;0;;1;0;;1;0;;1;0;
21790;0;1;;1;0;;1;0;;1;1;;1;0;;1;0;;1;0;
21800;0;0;;1;0;;1;0;;1;0;;1;0;;1;0;;1;0;
21810;0;1;;1;0;;1;0;;1;1;;1;0;;1;0;;1;0;
21820;0;0;;1;0;;1;0;;1;0;;1;0;;1;0;;1;0;
21830;0;1;;1;0;;1;0;;1;1;;1;0;;1;0;;1;0;
21840;0;0;;1;0;;1;0;;1;0;;1;0;;1;0;;1;0;
21850;0;1;;1;0;;1;0;;1;1;;1;0;;1;0;;1;0;
21860;0;1;;1;0;;1;0;;1;0;;1;0;;1;0;;1;0;
21870;0;0;;1;0;;1;0;;1;1;;1;0;;1;0;;1;0;
21880;0;1;;1;0;;1;0;;1;0;;1;0;;1;0;;1;0;
21890;0;0;;1;0;;1;0;;1;0;;1;0;;1;0;;1;0;
21900;0;1;;1;0;;1;0;;1;1;;1;0;;1;0;;1;0;
21910;0;0;;1;0;;1;0;;1;0;;1;0;;1;0;;1;0;
21920;0;1;;1;0;;1;0;;1;1;;1;0;;1;0;;1;0;
21930;0;0;;1;0;;1;0;;1;0;;1;0;;1;0;;1;0;
21940;0;1;;1;0;;1;0;;1;1;;1;0;;1;0;;1;0;
21950;0;1;;1;0;;1;0;;1;0;;1;0;;1;0;;1;0;
21960;0;0;;1;0;;1;0;;1;1;;1;0;;1;0;;1;0;
21970;0;1;;1;0;;1;0;;1;0;;1;0;;1;0;;1;0;
21980;0;0;;1;0;;1;0;;1;1;;1;0;;1;0;;1;0;
21990;0;1;;1;0;;1;0;;1;0;;1;0;;1;0;;1;0;
22000;0;0;;1;0;;1;0;;1;1;;1;0;;1;0;;1;0;
22010;0;1;;1;0;;1;0;;1;0;;1;0;;1;0;;1;0;
22020;0;0;;1;0;;1;0;;1;1;;1;0;;1;0;;1;0;
22030;0;1;;1;0;;1;0;;1;0;;1;0;;1;0;;1;0;
22040;0;0;;1;0;;1;0;;1;1;;1;0;;1;0;;1;0;
22050;0;1;;1;0;;1;0;;1;0;;1;0;;1;0;;1;0;
22060;0;1;;1;0;;1;0;;1;1;;1;0;;1;0;;1;0;
22070;0;0;;1;0;;1;0;;1;0;;1;0;;1;0;;1;0;
22080;0;1;;1;0;;1;0;;1;1;;1;0;;1;0;;1;0;
22090;0;0;;1;0;;1;0;;1;0;;1;0;;1;0;;1;0;
22100;0;1;;1;0;;1;0;;1;1;;1;0;;1;0;;1;0;
22110;0;0;;1;0;;1;0;;1;0;;1;0;;1;0;;1;0;
22120;0;1;;1;0;;1;0;;1;1;;1;0;;1;0;;1;0;
22130;0;0;;1;0;;1;0;;1;0;;1;0;;1;0;;1;0;
22140;0;1;;1;0;;1;0;;1;1;;1;0;;1;0;;1;0;
22150;0;1;;1;0;;1;0;;1;0;;1;0;;1;0;;1;0;
22160;0;0;;1;0;;1;0;;1;1;;1;0;;1;0;;1;0;
22170;0;1;;1;0;;1;0;;1;0;;1;0;;1;0;;1;0;
22180;0;0;;1;0;;1;0;;1;1;;1;0;;1;0;;1;0;
22190;0;1;;1;0;;1;0;;1;0;;1;0;;1;0;;1;0;
22200;0;0;;1;0;;1;0;;1;1;;1;0;;1;0;;1;0;
22210;0;1;;1;0;;1;0;;1;0;;1;0;;1;0;;1;0;
22220;0;0;;1;0;;1;0;;1;0;;1;0;;1;0;;1;0;
22230;0;1;;1;0;;1;0;;1;1;;1;0;;1;0;;1;0;
22240;0;1;;1;0;;1;0;;1;0;;1;0;;1;0;;1;0;
22250;0;0;;1;0;;1;0;;1;1;;1;0;;1;0;;1;0;
22260;0;1;;1;0;;1;0;;1;0;;1;0;;1;0;;1;0;
22270;0;0;;1;0;;1;0;;1;1;;1;0;;1;0;;1;0;
22280;0;1;;1;0;;1;0;;1;0;;1;0;;1;0;;1;0;
22290;0;0;;1;0;;1;0;;1;1;;1;0;;1;0;;1;0;
22300;0;1;;1;0;;1;0;;1;0;;1;0;;1;0;;1;0;
22310;0;0;;1;0;;1;0;;1;1;;1;0;;1;0;;1;0;
22320;0;1;;1;0;;1;0;;1;0;;1;0;;1;0;;1;0;
22330;0;1;;1;0;;1;0;;1;1;;1;0;;1;0;;1;0;
22340;0;0;;1;0;;1;0;;1;0;;1;0;;1;0;;1;0;
22350;0;1;;1;0;;1;0;;1;1;;1;0;;1;0;;1;0;
22360;0;0;;1;0;;1;0;;1;0;;1;0;;1;0;;1;0;
22370;0;1;;1;0;;1;0;;1;1;;1;0;;1;0;;1;0;
22380;0;0;;1;0;;1;0;;1;0;;1;0;;1;0;;1;0;
22390;0;1;;1;0;;1;0;;1;1;;1;0;;1;0;;1;0;
22400;0;0;;1;0;;1;0;;1;0;;1;0;;1;0;;1;0;
22410;0;1;;1;0;;1;0;;1;1;;1;0;;1;0;;1;0;
22420;0;0;;1;0;;1;0;;1;0;;1;0;;1;0;;1;0;
22430;0;1;;1;0;;1;0;;1;1;;1;0;;1;0;;1;0;
22440;0;1;;1;0;;1;0;;1;0;;1;0;;1;0;;1;0;
22450;0;0;;1;0;;1;0;;1;1;;1;0;;1;0;;1;0;
22460;0;1;;1;0;;1;0;;1;0;;1;0;;1;0;;1;0;
22470;0;0;;1;0;;1;0;;1;1;;1;0;;1;0;;1;0;
22480;0;1;;1;0;;1;0;;1;0;;1;0;;1;0;;1;0;
22490;0;0;;1;0;;1;0;;1;0;;1;0;;1;0;;1;0;
22500;0;1;;1;0;;1;0;;1;1;;1;0;;1;0;;1;0;
22510;0;0;;1;0;;1;0;;1;0;;1;0;;1;0;;1;0;
22520;0;1;;1;0;;1;0;;1;1;;1;0;;1;0;;1;0;
22530;0;1;;1;0;;1;0;;1;0;;1;0;;1;0;;1;0;
22540;0;0;;1;0;;1;0;;1;1;;1;0;;1;0;;1;0;
22550;0;1;;1;0;;1;0;;1;0;;1;0;;1;0;;1;0;
22560;0;0;;1;0;;1;0;;1;1;;1;0;;1;0;;1;0;
22570;0;1;;1;0;;1;0;;1;0;;1;0;;1;0;;1;0;
22580;0;0;;1;0;;1;0;;1;1;;1;0;;1;0;;1;0;
22590;0;1;;1;0;;1;0;;1;0;;1;0;;1;0;;1;0;
22600;0;0;;1;0;;1;0;;1;1;;1;0;;1;0;;1;0;
22610;0;1;;1;0;;1;0;;1;0;;1;0;;1;0;;1;0;
22620;0;0;;1;0;;1;0;;1;1;;1;0;;1;0;;1;0;
22630;0;1;;1;0;;1;0;;1;0;;1;0;;1;0;;1;0;
22640;0;1;;1;0;;1;0;;1;1;;1;0;;1;0;;1;0;
22650;0;0;;1;0;;1;0;;1;0;;1;0;;1;0;;1;0;
22660;0;1;;1;0;;1;0;;1;1;;1;0;;1;0;;1;0;
22670;0;0;;1;0;;1;0;;1;0;;1;0;;1;0;;1;0;
22680;0;1;;1;0;;1;0;;1;1;;1;0;;1;0;;1;0;
22690;0;0;;1;0;;1;0;;1;0;;1;0;;1;0;;1;0;
22700;0;1;;1;0;;1;0;;1;0;;1;0;;1;0;;1;0;
22710;0;0;;1;0;;1;0;;1;1;;1;0;;1;0;;1;0;
22720;0;1;;1;0;;1;0;;1;0;;1;0;;1;0;;1;0;
22730;0;0;;1;0;;1;0;;1;1;;1;0;;1;0;;1;0;
22740;0;1;;1;0;;1;0;;1;0;;1;0;;1;0;;1;0;
22750;0;1;;1;0;;1;0;;1;1;;1;0;;1;0;;1;0;
22760;0;0;;1;0;;1;0;;1;0;;1;0;;1;0;;1;0;
22770;0;1;;1;0;;1;0;;1;1;;1;0;;1;0;;1;0;
22780;0;0;;1;0;;1;0;;1;0;;1;0;;1;0;;1;0;
22790;0;1;;1;0;;1;0;;1;1;;1;0;;1;0;;1;0;
22800;0;0;;1;0;;1;0;;1;0;;1;0;;1;0;;1;0;
22810;0;1;;1;0;;1;0;;1;1;;1;0;;1;0;;1;0;
22820;0;0;;1;0;;1;0;;1;0;;1;0;;1;0;;1;0;
22830;0;1;;1;0;;1;0;;1;1;;1;0;;1;0;;1;0;
22840;0;0;;1;0;;1;0;;1;0;;1;0;;1;0;;1;0;
22850;0;1;;1;0;;1;0;;1;1;;1;0;;1;0;;1;0;
22860;0;1;;1;0;;1;0;;1;0;;1;0;;1;0;;1;0;
22870;0;0;;1;0;;1;0;;1;1;;1;0;;1;0;;1;0;
22880;0;1;;1;0;;1;0;;1;0;;1;0;;1;0;;1;0;
22890;0;0;;1;0;;1;0;;1;0;;1;0;;1;0;;1;0;
22900;0;1;;1;0;;1;0;;1;1;;1;0;;1;0;;1;0;
22910;0;0;;1;0;;1;0;;1;0;;1;0;;1;0;;1;0;
22920;0;1;;1;0;;1;0;;1;1;;1;0;;1;0;;1;0;
22930;0;0;;1;0;;1;0;;1;0;;1;0;;1;0;;1;0;
22940;0;1;;1;0;;1;0;;1;1;;1;0;;1;0;;1;0;
22950;0;0;;1;0;;1;0;;1;0;;1;0;;1;0;;1;0;
22960;0;1;;1;0;;1;0;;1;1;;1;0;;1;0;;1;0;
22970;0;1;;1;0;;1;0;;1;0;;1;0;;1;0;;1;0;
22980;0;0;;1;0;;1;0;;1;1;;1;0;;1;0;;1;0;
22990;0;1;;1;0;;1;0;;1;0;;1;0;;1;0;;1;0;
23000;0;0;;1;0;;1;0;;1;1;;1;0;;1;0;;1;0;
23010;0;1;;1;0;;1;0;;1;0;;1;0;;1;0;;1;0;
23020;0;0;;1;0;;1;0;;1;1;;1;0;;1;0;;1;0;
23030;0;1;;1;0;;1;0;;1;0;;1;0;;1;0;;1;0;
23040;0;0;;1;0;;1;0;;1;1;;1;0;;1;0;;1;0;
23050;0;1;;1;0;;1;0;;1;0;;1;0;;1;0;;1;0;
23060;0;0;;1;0;;1;0;;1;0;;1;0;;1;0;;1;0;
23070;0;1;;1;0;;1;0;;1;1;;1;0;;1;0;;1;0;
23080;0;1;;1;0;;1;0;;1;0;;1;0;;1;0;;1;0;
23090;0;0;;1;0;;1;0;;1;1;;1;0;;1;0;;1;0;
23100;0;1;;1;0;;1;0;;1;0;;1;0;;1;0;;1;0;
23110;0;0;;1;0;;1;0;;1;1;;1;0;;1;0;;1;0;
23120;0;1;;1;0;;1;0;;1;0;;1;0;;1;0;;1;0;
23130;0;0;;1;0;;1;0;;1;1;;1;0;;1;0;;1;0;
23140;0;1;;1;0;;1;0;;1;0;;1;0;;1;0;;1;0;
23150;0;0;;1;0;;1;0;;1;1;;1;0;;1;0;;1;0;
23160;0;1;;1;0;;1;0;;1;0;;1;0;;1;0;;1;0;
23170;0;0;;1;0;;1;0;;1;1;;1;0;;1;0;;1;0;
23180;0;1;;1;0;;1;0;;1;0;;1;0;;1;0;;1;0;
23190;0;1;;1;0;;1;0;;1;1;;1;0;;1;0;;1;0;
23200;0;0;;1;0;;1;0;;1;0;;1;0;;1;0;;1;0;
23210;0;1;;1;0;;1;0;;1;0;;1;0;;1;0;;1;0;
23220;0;0;;1;0;;1;0;;1;1;;1;0;;1;0;;1;0;
23230;0;1;;1;0;;1;0;;1;0;;1;0;;1;0;;1;0;
23240;0;0;;1;0;;1;0;;1;1;;1;0;;1;0;;1;0;
23250;0;1;;1;0;;1;0;;1;0;;1;0;;1;0;;1;0;
23260;0;0;;1;0;;1;0;;1;1;;1;0;;1;0;;1;0;
23270;0;1;;1;0;;1;0;;1;0;;1;0;;1;0;;1;0;
23280;0;0;;1;0;;1;0;;1;1;;1;0;;1;0;;1;0;
23290;0;1;;1;0;;1;0;;1;0;;1;0;;1;0;;1;0;
23300;0;0;;1;0;;1;0;;1;1;;1;0;;1;0;;1;0;
23310;0;1;;1;0;;1;0;;1;0;;1;0;;1;0;;1;0;
23320;0;1;;1;0;;1;0;;1;1;;1;0;;1;0;;1;0;
23330;0;0;;1;0;;1;0;;1;0;;1;0;;1;0;;1;0;
23340;0;1;;1;0;;1;0;;1;1;;1;0;;1;0;;1;0;
23350;0;0;;1;0;;1;0;;1;0;;1;0;;1;0;;1;0;
23360;0;1;;1;0;;1;0;;1;0;;1;0;;1;0;;1;0;
23370;0;0;;1;0;;1;0;;1;1;;1;0;;1;0;;1;0;
23380;0;1;;1;0;;1;0;;1;0;;1;0;;1;0;;1;0;
23390;0;0;;1;0;;1;0;;1;1;;1;0;;1;0;;1;0;
23400;0;1;;1;0;;1;0;;1;0;;1;0;;1;0;;1;0;
23410;0;0;;1;0;;1;0;;1;1;;1;0;;1;0;;1;0;
23420;0;1;;1;0;;1;0;;1;0;;1;0;;1;0;;1;0;
23430;0;0;;1;0;;1;0;;1;1;;1;0;;1;0;;1;0;
23440;0;1;;1;0;;1;0;;1;0;;1;0;;1;0;;1;0;
23450;0;1;;1;0;;1;0;;1;1;;1;0;;1;0;;1;0;
23460;0;0;;1;0;;1;0;;1;0;;1;0;;1;0;;1;0;
23470;0;1;;1;0;;1;0;;1;1;;1;0;;1;0;;1;0;
23480;0;0;;1;0;;1;0;;1;0;;1;0;;1;0;;1;0;
23490;0;1;;1;0;;1;0;;1;0;;1;0;;1;0;;1;0;
23500;0;0;;1;0;;1;0;;1;1;;1;0;;1;0;;1;0;
23510;0;1;;1;0;;1;0;;1;0;;1;0;;1;0;;1;0;
23520;0;0;;1;0;;1;0;;1;1;;1;0;;1;0;;1;0;
23530;0;1;;1;0;;1;0;;1;0;;1;0;;1;0;;1;0;
23540;0;0;;1;0;;1;0;;1;1;;1;0;;1;0;;1;0;
23550;0;1;;1;0;;1;0;;1;0;;1;0;;1;0;;1;0;
23560;0;0;;1;0;;1;0;;1;1;;1;0;;1;0;;1;0;
23570;0;1;;1;0;;1;0;;1;0;;1;0;;1;0;;1;0;
23580;0;1;;1;0;;1;0;;1;1;;1;0;;1;0;;1;0;
23590;0;0;;1;0;;1;0;;1;0;;1;0;;1;0;;1;0;
23600;0;1;;1;0;;1;0;;1;1;;1;0;;1;0;;1;0;
23610;0;0;;1;0;;1;0;;1;0;;1;0;;1;0;;1;0;
23620;0;1;;1;0;;1;0;;1;0;;1;0;;1;0;;1;0;
23630;0;0;;1;0;;1;0;;1;1;;1;0;;1;0;;1;0;
23640;0;1;;1;0;;1;0;;1;0;;1;0;;1;0;;1;0;
23650;0;0;;1;0;;1;0;;1;1;;1;0;;1;0;;1;0;
23660;0;1;;1;0;;1;0;;1;0;;1;0;;1;0;;1;0;
23670;0;0;;1;0;;1;0;;1;1;;1;0;;1;0;;1;0;
23680;0;1;;1;0;;1;0;;1;0;;1;0;;1;0;;1;0;
23690;0;0;;1;0;;1;0;;1;1;;1;0;;1;0;;1;0;
23700;0;1;;1;0;;1;0;;1;0;;1;0;;1;0;;1;0;
23710;0;0;;1;0;;1;0;;1;1;;1;0;;1;0;;1;0;
23720;0;1;;1;0;;1;0;;1;0;;1;0;;1;0;;1;0;
23730;0;1;;1;0;;1;0;;1;1;;1;0;;1;0;;1;0;
23740;0;0;;1;0;;1;0;;1;0;;1;0;;1;0;;1;0;
23750;0;1;;1;0;;1;0;;1;0;;1;0;;1;0;;1;0;
23760;0;0;;1;0;;1;0;;1;1;;1;0;;1;0;;1;0;
23770;0;1;;1;0;;1;0;;1;0;;1;0;;1;0;;1;0;
23780;0;0;;1;0;;1;0;;1;1;;1;0;;1;0;;1;0;
23790;0;1;;1;0;;1;0;;1;0;;1;0;;1;0;;1;0;
23800;0;0;;1;0;;1;0;;1;1;;1;0;;1;0;;1;0;
23810;0;1;;1;0;;1;0;;1;0;;1;0;;1;0;;1;0;
23820;0;0;;1;0;;1;0;;1;1;;1;0;;1;0;;1;0;
23830;0;1;;1;0;;1;0;;1;0;;1;0;;1;0;;1;0;
23840;0;0;;1;0;;1;0;;1;1;;1;0;;1;0;;1;0;
23850;0;1;;1;0;;1;0;;1;0;;1;0;;1;0;;1;0;
23860;0;0;;1;0;;1;0;;1;0;;1;0;;1;0;;1;0;
23870;0;1;;1;0;;1;0;;1;1;;1;0;;1;0;;1;0;
23880;0;1;;1;0;;1;0;;1;0;;1;0;;1;0;;1;0;
23890;0;0;;1;0;;1;0;;1;1;;1;0;;1;0;;1;0;
23900;0;1;;1;0;;1;0;;1;0;;1;0;;1;0;;1;0;
23910;0;0;;1;0;;1;0;;1;1;;1;0;;1;0;;1;0;
23920;0;1;;1;0;;1;0;;1;0;;1;0;;1;0;;1;0;
23930;0;0;;1;0;;1;0;;1;1;;1;0;;1;0;;1;0;
23940;0;1;;1;0;;1;0;;1;0;;1;0;;1;0;;1;0;
23950;0;0;;1;0;;1;0;;1;1;;1;0;;1;0;;1;0;
23960;0;1;;1;0;;1;0;;1;0;;1;0;;1;0;;1;0;
23970;0;0;;1;0;;1;0;;1;0;;1;0;;1;0;;1;0;
23980;0;1;;1;0;;1;0;;1;1;;1;0;;1;0;;1;0;
23990;0;0;;1;0;;1;0;;1;0;;1;0;;1;0;;1;0;
24000;0;1;;1;0;;1;0;;1;1;;1;0;;1;0;;1;0;
24010;0;0;;1;0;;1;0;;1;0;;1;0;;1;0;;1;0;
24020;0;1;;1;0;;1;0;;1;1;;1;0;;1;0;;1;0;
24030;0;1;;1;0;;1;0;;1;0;;1;0;;1;0;;1;0;
24040;0;0;;1;0;;1;0;;1;1;;1;0;;1;0;;1;0;
24050;0;1;;1;0;;1;0;;1;0;;1;0;;1;0;;1;0;
24060;0;0;;1;0;;1;0;;1;1;;1;0;;1;0;;1;0;
24070;0;1;;1;0;;1;0;;1;0;;1;0;;1;0;;1;0;
24080;0;0;;1;0;;1;0;;1;0;;1;0;;1;0;;1;0;
24090;0;1;;1;0;;1;0;;1;1;;1;0;;1;0;;1;0;
24100;0;0;;1;0;;1;0;;1;0;;1;0;;1;0;;1;0;
24110;0;1;;1;0;;1;0;;1;1;;1;0;;1;0;;1;0;
24120;0;0;;1;0;;1;0;;1;0;;1;0;;1;0;;1;0;
24130;0;1;;1;0;;1;0;;1;1;;1;0;;1;0;;1;0;
24140;0;0;;1;0;;1;0;;1;0;;1;0;;1;0;;1;0;
24150;0;1;;1;0;;1;0;;1;1;;1;0;;1;0;;1;0;
24160;0;0;;1;0;;1;0;;1;0;;1;0;;1;0;;1;0;
24170;0;1;;1;0;;1;0;;1;0;;1;0;;1;0;;1;0;
24180;0;0;;1;0;;1;0;;1;1;;1;0;;1;0;;1;0;
24190;0;1;;1;0;;1;0;;1;0;;1;0;;1;0;;1;0;
24200;0;0;;1;0;;1;0;;1;1;;1;0;;1;0;;1;0;
24210;0;1;;1;0;;1;0;;1;0;;1;0;;1;0;;1;0;
24220;0;1;;1;0;;1;0;;1;1;;1;0;;1;0;;1;0;
24230;0;0;;1;0;;1;0;;1;0;;1;0;;1;0;;1;0;
24240;0;1;;1;0;;1;0;;1;1;;1;0;;1;0;;1;0;
24250;0;0;;1;0;;1;0;;1;0;;1;0;;1;0;;1;0;
24260;0;1;;1;0;;1;0;;1;1;;1;0;;1;0;;1;0;
24270;0;0;;1;0;;1;0;;1;0;;1;0;;1;0;;1;0;
24280;0;1;;1;0;;1;0;;1;0;;1;0;;1;0;;1;0;
24290;0;0;;1;0;;1;0;;1;1;;1;0;;1;0;;1;0;
24300;0;1;;1;0;;1;0;;1;0;;1;0;;1;0;;1;0;
24310;0;0;;1;0;;1;0;;1;1;;1;0;;1;0;;1;0;
24320;0;1;;1;0;;1;0;;1;0;;1;0;;1;0;;1;0;
24330;0;0;;1;0;;1;0;;1;1;;1;0;;1;0;;1;0;
24340;0;1;;1;0;;1;0;;1;0;;1;0;;1;0;;1;0;
24350;0;0;;1;0;;1;0;;1;1;;1;0;;1;0;;1;0;
24360;0;1;;1;0;;1;0;;1;0;;1;0;;1;0;;1;0;
24370;0;0;;1;0;;1;0;;1;0;;1;0;;1;0;;1;0;
24380;0;1;;1;0;;1;0;;1;1;;1;0;;1;0;;1;0;
24390;0;0;;1;0;;1;0;;1;0;;1;0;;1;0;;1;0;
24400;0;1;;1;0;;1;0;;1;1;;1;0;;1;0;;1;0;
24410;0;0;;1;0;;1;0;;1;0;;1;0;;1;0;;1;0;
24420;0;1;;1;0;;1;0;;1;1;;1;0;;1;0;;1;0;
24430;0;1;;1;0;;1;0;;1;0;;1;0;;1;0;;1;0;
24440;0;0;;1;0;;1;0;;1;1;;1;0;;1;0;;1;0;
24450;0;1;;1;0;;1;0;;1;0;;1;0;;1;0;;1;0;
24460;0;0;;1;0;;1;0;;1;0;;1;0;;1;0;;1;0;
24470;0;1;;1;0;;1;0;;1;1;;1;0;;1;0;;1;0;
24480;0;0;;1;0;;1;0;;1;0;;1;0;;1;0;;1;0;
24490;0;1;;1;0;;1;0;;1;1;;1;0;;1;0;;1;0;
24500;0;0;;1;0;;1;0;;1;0;;1;0;;1;0;;1;0;
24510;0;1;;1;0;;1;0;;1;1;;1;0;;1;0;;1;0;
24520;0;0;;1;0;;1;0;;1;0;;1;0;;1;0;;1;0;
24530;0;1;;1;0;;1;0;;1;1;;1;0;;1;0;;1;0;
24540;0;0;;1;0;;1;0;;1;0;;1;0;;1;0;;1;0;
24550;0;1;;1;0;;1;0;;1;0;;1;0;;1;0;;1;0;
24560;0;0;;1;0;;1;0;;1;1;;1;0;;1;0;;1;0;
24570;0;1;;1;0;;1;0;;1;0;;1;0;;1;0;;1;0;
24580;0;0;;1;0;;1;0;;1;1;;1;0;;1;0;;1;0;
24590;0;1;;1;0;;1;0;;1;0;;1;0;;1;0;;1;0;
24600;0;0;;1;0;;1;0;;1;1;;1;0;;1;0;;1;0;
24610;0;1;;1;0;;1;0;;1;0;;1;0;;1;0;;1;0;
24620;0;0;;1;0;;1;0;;1;1;;1;0;;1;0;;1;0;
24630;0;1;;1;0;;1;0;;1;0;;1;0;;1;0;;1;0;
24640;0;0;;1;0;;1;0;;1;0;;1;0;;1;0;;1;0;
24650;0;1;;1;0;;1;0;;1;1;;1;0;;1;0;;1;0;
24660;0;0;;1;0;;1;0;;1;0;;1;0;;1;0;;1;0;
24670;0;1;;1;0;;1;0;;1;1;;1;0;;1;0;;1;0;
24680;0;1;;1;0;;1;0;;1;0;;1;0;;1;0;;1;0;
24690;0;0;;1;0;;1;0;;1;1;;1;0;;1;0;;1;0;
24700;0;1;;1;0;;1;0;;1;0;;1;0;;1;0;;1;0;
24710;0;0;;1;0;;1;0;;1;1;;1;0;;1;0;;1;0;
24720;0;1;;1;0;;1;0;;1;0;;1;0;;1;0;;1;0;
24730;0;0;;1;0;;1;0;;1;0;;1;0;;1;0;;1;0;
24740;0;1;;1;0;;1;0;;1;1;;1;0;;1;0;;1;0;
24750;0;0;;1;0;;1;0;;1;0;;1;0;;1;0;;1;0;
24760;0;1;;1;0;;1;0;;1;1;;1;0;;1;0;;1;0;
24770;0;0;;1;0;;1;0;;1;0;;1;0;;1;0;;1;0;
24780;0;1;;1;0;;1;0;;1;1;;1;0;;1;0;;1;0;
24790;0;0;;1;0;;1;0;;1;0;;1;0;;1;0;;1;0;
24800;0;1;;1;0;;1;0;;1;0;;1;0;;1;0;;1;0;
24810;0;0;;1;0;;1;0;;1;1;;1;0;;1;0;;1;0;
24820;0;1;;1;0;;1;0;;1;0;;1;0;;1;0;;1;0;
24830;0;0;;1;0;;1;0;;1;1;;1;0;;1;0;;1;0;
24840;0;1;;1;0;;1;0;;1;0;;1;0;;1;0;;1;0;
24850;0;0;;1;0;;1;0;;1;1;;1;0;;1;0;;1;0;
24860;0;1;;1;0;;1;0;;1;0;;1;0;;1;0;;1;0;
24870;0;0;;1;0;;1;0;;1;1;;1;0;;1;0;;1;0;
24880;0;1;;1;0;;1;0;;1;0;;1;0;;1;0;;1;0;
24890;0;0;;1;0;;1;0;;1;0;;1;0;;1;0;;1;0;
24900;0;1;;1;0;;1;0;;1;1;;1;0;;1;0;;1;0;
24910;0;0;;1;0;;1;0;;1;0;;1;0;;1;0;;1;0;
24920;0;1;;1;0;;1;0;;1;1;;1;0;;1;0;;1;0;
24930;0;0;;1;0;;1;0;;1;0;;1;0;;1;0;;1;0;
24940;0;1;;1;0;;1;0;;1;1;;1;0;;1;0;;1;0;
24950;0;0;;1;0;;1;0;;1;0;;1;0;;1;0;;1;0;
24960;0;1;;1;0;;1;0;;1;1;;1;0;;1;0;;1;0;
24970;0;0;;1;0;;1;0;;1;0;;1;0;;1;0;;1;0;
24980;0;1;;1;0;;1;0;;1;0;;1;0;;1;0;;1;0;
24990;0;0;;1;0;;1;0;;1;1;;1;0;;1;0;;1;0;
25000;0;1;;1;0;;1;0;;1;0;;1;0;;1;0;;1;0;
25010;0;0;;1;0;;1;0;;1;1;;1;0;;1;0;;1;0;
25020;0;1;;1;0;;1;0;;1;0;;1;0;;1;0;;1;0;
25030;0;1;;1;0;;1;0;;1;1;;1;0;;1;0;;1;0;
25040;0;0;;1;0;;1;0;;1;0;;1;0;;1;0;;1;0;
25050;0;1;;1;0;;1;0;;1;0;;1;0;;1;0;;1;0;
25060;0;0;;1;0;;1;0;;1;1;;1;0;;1;0;;1;0;
25070;0;1;;1;0;;1;0;;1;0;;1;0;;1;0;;1;0;
25080;0;0;;1;0;;1;0;;1;1;;1;0;;1;0;;1;0;
25090;0;1;;1;0;;1;0;;1;0;;1;0;;1;0;;1;0;
25100;0;0;;1;0;;1;0;;1;1;;1;0;;1;0;;1;0;
25110;0;1;;1;0;;1;0;;1;0;;1;0;;1;0;;1;0;
25120;0;0;;1;0;;1;0;;1;0;;1;0;;1;0;;1;0;
25130;0;1;;1;0;;1;0;;1;1;;1;0;;1;0;;1;0;
25140;0;0;;1;0;;1;0;;1;0;;1;0;;1;0;;1;0;
25150;0;1;;1;0;;1;0;;1;1;;1;0;;1;0;;1;0;
25160;0;0;;1;0;;1;0;;1;0;;1;0;;1;0;;1;0;
25170;0;1;;1;0;;1;0;;1;1;;1;0;;1;0;;1;0;
25180;0;0;;1;0;;1;0;;1;0;;1;0;;1;0;;1;0;
25190;0;1;;1;0;;1;0;;1;0;;1;0;;1;0;;1;0;
25200;0;0;;1;0;;1;0;;1;1;;1;0;;1;0;;1;0;
25210;0;1;;1;0;;1;0;;1;0;;1;0;;1;0;;1;0;
25220;0;0;;1;0;;1;0;;1;1;;1;0;;1;0;;1;0;
25230;0;1;;1;0;;1;0;;1;0;;1;0;;1;0;;1;0;
25240;0;0;;1;0;;1;0;;1;1;;1;0;;1;0;;1;0;
25250;0;1;;1;0;;1;0;;1;0;;1;0;;1;0;;1;0;
25260;0;0;;1;0;;1;0;;1;1;;1;0;;1;0;;1;0;
25270;0;1;;1;0;;1;0;;1;0;;1;0;;1;0;;1;0;
25280;0;0;;1;0;;1;0;;1;0;;1;0;;1;0;;1;0;
25290;0;1;;1;0;;1;0;;1;1;;1;0;;1;0;;1;0;
25300;0;0;;1;0;;1;0;;1;0;;1;0;;1;0;;1;0;
25310;0;1;;1;0;;1;0;;1;1;;1;0;;1;0;;1;0;
25320;0;0;;1;0;;1;0;;1;0;;1;0;;1;0;;1;0;
25330;0;1;;1;0;;1;0;;1;1;;1;0;;1;0;;1;0;
25340;0;0;;1;0;;1;0;;1;0;;1;0;;1;0;;1;0;
25350;0;1;;1;0;;1;0;;1;0;;1;0;;1;0;;1;0;
25360;0;0;;1;0;;1;0;;1;1;;1;0;;1;0;;1;0;
25370;0;1;;1;0;;1;0;;1;0;;1;0;;1;0;;1;0;
25380;0;0;;1;0;;1;0;;1;1;;1;0;;1;0;;1;0;
25390;0;1;;1;0;;1;0;;1;0;;1;0;;1;0;;1;0;
25400;0;0;;1;0;;1;0;;1;1;;1;0;;1;0;;1;0;
25410;0;1;;1;0;;1;0;;1;0;;1;0;;1;0;;1;0;
25420;0;0;;1;0;;1;0;;1;0;;1;0;;1;0;;1;0;
25430;0;1;;1;0;;1;0;;1;1;;1;0;;1;0;;1;0;
25440;0;0;;1;0;;1;0;;1;0;;1;0;;1;0;;1;0;
25450;0;1;;1;0;;1;0;;1;1;;1;0;;1;0;;1;0;
25460;0;0;;1;0;;1;0;;1;0;;1;0;;1;0;;1;0;
25470;0;1;;1;0;;1;0;;1;1;;1;0;;1;0;;1;0;
25480;0;0;;1;0;;1;0;;1;0;;1;0;;1;0;;1;0;
25490;0;1;;1;0;;1;0;;1;0;;1;0;;1;0;;1;0;
25500;0;0;;1;0;;1;0;;1;1;;1;0;;1;0;;1;0;
25510;0;1;;1;0;;1;0;;1;0;;1;0;;1;0;;1;0;
25520;0;0;;1;0;;1;0;;1;1;;1;0;;1;0;;1;0;
25530;0;1;;1;0;;1;0;;1;0;;1;0;;1;0;;1;0;
25540;0;0;;1;0;;1;0;;1;0;;1;0;;1;0;;1;0;
25550;0;1;;1;0;;1;0;;1;1;;1;0;;1;0;;1;0;
25560;0;0;;1;0;;1;0;;1;0;;1;0;;1;0;;1;0;
25570;0;1;;1;0;;1;0;;1;1;;1;0;;1;0;;1;0;
25580;0;0;;1;0;;1;0;;1;0;;1;0;;1;0;;1;0;
25590;0;1;;1;0;;1;0;;1;1;;1;0;;1;0;;1;0;
25600;0;0;;1;0;;1;0;;1;0;;1;0;;1;0;;1;0;
25610;0;1;;1;0;;1;0;;1;0;;1;0;;1;0;;1;0;
25620;0;0;;1;0;;1;0;;1;1;;1;0;;1;0;;1;0;
25630;0;1;;1;0;;1;0;;1;0;;1;0;;1;0;;1;0;
25640;0;0;;1;0;;1;0;;1;1;;1;0;;1;0;;1;0;
25650;0;1;;1;0;;1;0;;1;0;;1;0;;1;0;;1;0;
25660;0;0;;1;0;;1;0;;1;1;;1;0;;1;0;;1;0;
25670;0;1;;1;0;;1;0;;1;0;;1;0;;1;0;;1;0;
25680;0;0;;1;0;;1;0;;1;0;;1;0;;1;0;;1;0;
25690;0;1;;1;0;;1;0;;1;1;;1;0;;1;0;;1;0;
25700;0;0;;1;0;;1;0;;1;0;;1;0;;1;0;;1;0;
25710;0;1;;1;0;;1;0;;1;1;;1;0;;1;0;;1;0;
25720;0;0;;1;0;;1;0;;1;0;;1;0;;1;0;;1;0;
25730;0;1;;1;0;;1;0;;1;1;;1;0;;1;0;;1;0;
25740;0;0;;1;0;;1;0;;1;0;;1;0;;1;0;;1;0;
25750;0;1;;1;0;;1;0;;1;0;;1;0;;1;0;;1;0;
25760;0;0;;1;0;;1;0;;1;1;;1;0;;1;0;;1;0;
25770;0;1;;1;0;;1;0;;1;0;;1;0;;1;0;;1;0;
25780;0;0;;1;0;;1;0;;1;1;;1;0;;1;0;;1;0;
25790;0;1;;1;0;;1;0;;1;0;;1;0;;1;0;;1;0;
25800;0;0;;1;0;;1;0;;1;0;;1;0;;1;0;;1;0;
25810;0;1;;1;0;;1;0;;1;1;;1;0;;1;0;;1;0;
25820;0;0;;1;0;;1;0;;1;0;;1;0;;1;0;;1;0;
25830;0;1;;1;0;;1;0;;1;1;;1;0;;1;0;;1;0;
25840;0;0;;1;0;;1;0;;1;0;;1;0;;1;0;;1;0;
25850;0;1;;1;0;;1;0;;1;1;;1;0;;1;0;;1;0;
25860;0;0;;1;0;;1;0;;1;0;;1;0;;1;0;;1;0;
25870;0;1;;1;0;;1;0;;1;0;;1;0;;1;0;;1;0;
25880;0;0;;1;0;;1;0;;1;1;;1;0;;1;0;;1;0;
25890;0;1;;1;0;;1;0;;1;0;;1;0;;1;0;;1;0;
25900;0;0;;1;0;;1;0;;1;1;;1;0;;1;0;;1;0;
25910;0;1;;1;0;;1;0;;1;0;;1;0;;1;0;;1;0;
25920;0;0;;1;0;;1;0;;1;1;;1;0;;1;0;;1;0;
25930;0;1;;1;0;;1;0;;1;0;;1;0;;1;0;;1;0;
25940;0;0;;1;0;;1;0;;1;0;;1;0;;1;0;;1;0;
25950;0;0;;1;0;;1;0;;1;1;;1;0;;1;0;;1;0;
25960;0;1;;1;0;;1;0;;1;0;;1;0;;1;0;;1;0;
25970;0;0;;1;0;;1;0;;1;1;;1;0;;1;0;;1;0;
25980;0;1;;1;0;;1;0;;1;0;;1;0;;1;0;;1;0;
25990;0;0;;1;0;;1;0;;1;0;;1;0;;1;0;;1;0;
26000;0;1;;1;0;;1;0;;1;1;;1;0;;1;0;;1;0;
26010;0;0;;1;0;;1;0;;1;0;;1;0;;1;0;;1;0;
26020;0;1;;1;0;;1;0;;1;1;;1;0;;1;0;;1;0;
26030;0;0;;1;0;;1;0;;1;0;;1;0;;1;0;;1;0;
26040;0;1;;1;0;;1;0;;1;1;;1;0;;1;0;;1;0;
26050;0;0;;1;0;;1;0;;1;0;;1;0;;1;0;;1;0;
26060;0;1;;1;0;;1;0;;1;0;;1;0;;1;0;;1;0;
26070;0;0;;1;0;;1;0;;1;1;;1;0;;1;0;;1;0;
26080;0;1;;1;0;;1;0;;1;0;;1;0;;1;0;;1;0;
26090;0;0;;1;0;;1;0;;1;1;;1;0;;1;0;;1;0;
26100;0;1;;1;0;;1;0;;1;0;;1;0;;1;0;;1;0;
26110;0;0;;1;0;;1;0;;1;0;;1;0;;1;0;;1;0;
26120;0;1;;1;0;;1;0;;1;1;;1;0;;1;0;;1;0;
26130;0;0;;1;0;;1;0;;1;0;;1;0;;1;0;;1;0;
26140;0;1;;1;0;;1;0;;1;1;;1;0;;1;0;;1;0;
26150;0;0;;1;0;;1;0;;1;0;;1;0;;1;0;;1;0;
26160;0;1;;1;0;;1;0;;1;1;;1;0;;1;0;;1;0;
26170;0;0;;1;0;;1;0;;1;0;;1;0;;1;0;;1;0;
26180;0;1;;1;0;;1;0;;1;0;;1;0;;1;0;;1;0;
26190;0;0;;1;0;;1;0;;1;1;;1;0;;1;0;;1;0;
26200;0;1;;1;0;;1;0;;1;0;;1;0;;1;0;;1;0;
26210;0;0;;1;0;;1;0;;1;1;;1;0;;1;0;;1;0;
26220;0;1;;1;0;;1;0;;1;0;;1;0;;1;0;;1;0;
26230;0;0;;1;0;;1;0;;1;0;;1;0;;1;0;;1;0;
26240;0;1;;1;0;;1;0;;1;1;;1;0;;1;0;;1;0;
26250;0;0;;1;0;;1;0;;1;0;;1;0;;1;0;;1;0;
26260;0;1;;1;0;;1;0;;1;1;;1;0;;1;0;;1;0;
26270;0;0;;1;0;;1;0;;1;0;;1;0;;1;0;;1;0;
26280;0;0;;1;0;;1;0;;1;0;;1;0;;1;0;;1;0;
26290;0;1;;1;0;;1;0;;1;1;;1;0;;1;0;;1;0;
26300;0;0;;1;0;;1;0;;1;0;;1;0;;1;0;;1;0;
26310;0;1;;1;0;;1;0;;1;1;;1;0;;1;0;;1;0;
26320;0;0;;1;0;;1;0;;1;0;;1;0;;1;0;;1;0;
26330;0;1;;1;0;;1;0;;1;1;;1;0;;1;0;;1;0;
26340;0;0;;1;0;;1;0;;1;0;;1;0;;1;0;;1;0;
26350;0;1;;1;0;;1;0;;1;0;;1;0;;1;0;;1;0;
26360;0;0;;1;0;;1;0;;1;1;;1;0;;1;0;;1;0;
26370;0;1;;1;0;;1;0;;1;0;;1;0;;1;0;;1;0;
26380;0;0;;1;0;;1;0;;1;1;;1;0;;1;0;;1;0;
26390;0;1;;1;0;;1;0;;1;0;;1;0;;1;0;;1;0;
26400;0;0;;1;0;;1;0;;1;0;;1;0;;1;0;;1;0;
26410;0;1;;1;0;;1;0;;1;1;;1;0;;1;0;;1;0;
26420;0;0;;1;0;;1;0;;1;0;;1;0;;1;0;;1;0;
26430;0;1;;1;0;;1;0;;1;1;;1;0;;1;0;;1;0;
26440;0;0;;1;0;;1;0;;1;0;;1;0;;1;0;;1;0;
26450;0;1;;1;0;;1;0;;1;0;;1;0;;1;0;;1;0;
26460;0;0;;1;0;;1;0;;1;1;;1;0;;1;0;;1;0;
26470;0;1;;1;0;;1;0;;1;0;;1;0;;1;0;;1;0;
26480;0;0;;1;0;;1;0;;1;1;;1;0;;1;0;;1;0;
26490;0;1;;1;0;;1;0;;1;0;;1;0;;1;0;;1;0;
26500;0;0;;1;0;;1;0;;1;0;;1;0;;1;0;;1;0;
26510;0;0;;1;0;;1;0;;1;1;;1;0;;1;0;;1;0;
26520;0;1;;1;0;;1;0;;1;0;;1;0;;1;0;;1;0;
26530;0;0;;1;0;;1;0;;1;1;;1;0;;1;0;;1;0;
26540;0;1;;1;0;;1;0;;1;0;;1;0;;1;0;;1;0;
26550;0;0;;1;0;;1;0;;1;1;;1;0;;1;0;;1;0;
26560;0;1;;1;0;;1;0;;1;0;;1;0;;1;0;;1;0;
26570;0;0;;1;0;;1;0;;1;0;;1;0;;1;0;;1;0;
26580;0;1;;1;0;;1;0;;1;1;;1;0;;1;0;;1;0;
26590;0;0;;1;0;;1;0;;1;0;;1;0;;1;0;;1;0;
26600;0;1;;1;0;;1;0;;1;1;;1;0;;1;0;;1;0;
26610;0;0;;1;0;;1;0;;1;0;;1;0;;1;0;;1;0;
26620;0;1;;1;0;;1;0;;1;0;;1;0;;1;0;;1;0;
26630;0;0;;1;0;;1;0;;1;1;;1;0;;1;0;;1;0;
26640;0;1;;1;0;;1;0;;1;0;;1;0;;1;0;;1;0;
26650;0;0;;1;0;;1;0;;1;1;;1;0;;1;0;;1;0;
26660;0;1;;1;0;;1;0;;1;0;;1;0;;1;0;;1;0;
26670;0;0;;1;0;;1;0;;1;0;;1;0;;1;0;;1;0;
26680;0;1;;1;0;;1;0;;1;1;;1;0;;1;0;;1;0;
26690;0;0;;1;0;;1;0;;1;0;;1;0;;1;0;;1;0;
26700;0;0;;1;0;;1;0;;1;1;;1;0;;1;0;;1;0;
26710;0;1;;1;0;;1;0;;1;0;;1;0;;1;0;;1;0;
26720;0;0;;1;0;;1;0;;1;0;;1;0;;1;0;;1;0;
26730;0;1;;1;0;;1;0;;1;1;;1;0;;1;0;;1;0;
26740;0;0;;1;0;;1;0;;1;0;;1;0;;1;0;;1;0;
26750;0;1;;1;0;;1;0;;1;1;;1;0;;1;0;;1;0;
26760;0;0;;1;0;;1;0;;1;0;;1;0;;1;0;;1;0;
26770;0;1;;1;0;;1;0;;1;0;;1;0;;1;0;;1;0;
26780;0;0;;1;0;;1;0;;1;1;;1;0;;1;0;;1;0;
26790;0;1;;1;0;;1;0;;1;0;;1;0;;1;0;;1;0;
26800;0;0;;1;0;;1;0;;1;1;;1;0;;1;0;;1;0;
26810;0;1;;1;0;;1;0;;1;0;;1;0;;1;0;;1;0;
26820;0;0;;1;0;;1;0;;1;0;;1;0;;1;0;;1;0;
26830;0;1;;1;0;;1;0;;1;1;;1;0;;1;0;;1;0;
26840;0;0;;1;0;;1;0;;1;0;;1;0;;1;0;;1;0;
26850;0;0;;1;0;;1;0;;1;1;;1;0;;1;0;;1;0;
26860;0;1;;1;0;;1;0;;1;0;;1;0;;1;0;;1;0;
26870;0;0;;1;0;;1;0;;1;0;;1;0;;1;0;;1;0;
26880;0;1;;1;0;;1;0;;1;1;;1;0;;1;0;;1;0;
26890;0;0;;1;0;;1;0;;1;0;;1;0;;1;0;;1;0;
26900;0;1;;1;0;;1;0;;1;1;;1;0;;1;0;;1;0;
26910;0;0;;1;0;;1;0;;1;0;;1;0;;1;0;;1;0;
26920;0;1;;1;0;;1;0;;1;0;;1;0;;1;0;;1;0;
26930;0;0;;1;0;;1;0;;1;1;;1;0;;1;0;;1;0;
26940;0;1;;1;0;;1;0;;1;0;;1;0;;1;0;;1;0;
26950;0;0;;1;0;;1;0;;1;1;;1;0;;1;0;;1;0;
26960;0;1;;1;0;;1;0;;1;0;;1;0;;1;0;;1;0;
26970;0;0;;1;0;;1;0;;1;0;;1;0;;1;0;;1;0;
26980;0;0;;1;0;;1;0;;1;1;;1;0;;1;0;;1;0;
26990;0;1;;1;0;;1;0;;1;0;;1;0;;1;0;;1;0;
27000;0;0;;1;0;;1;0;;1;1;;1;0;;1;0;;1;0;
27010;0;1;;1;0;;1;0;;1;0;;1;0;;1;0;;1;0;
27020;0;0;;1;0;;1;0;;1;0;;1;0;;1;0;;1;0;
27030;0;1;;1;0;;1;0;;1;1;;1;0;;1;0;;1;0;
27040;0;0;;1;0;;1;0;;1;0;;1;0;;1;0;;1;0;
27050;0;1;;1;0;;1;0;;1;1;;1;0;;1;0;;1;0;
27060;0;0;;1;0;;1;0;;1;0;;1;0;;1;0;;1;0;
27070;0;1;;1;0;;1;0;;1;0;;1;0;;1;0;;1;0;
27080;0;0;;1;0;;1;0;;1;1;;1;0;;1;0;;1;0;
27090;0;1;;1;0;;1;0;;1;0;;1;0;;1;0;;1;0;
27100;0;0;;1;0;;1;0;;1;1;;1;0;;1;0;;1;0;
27110;0;0;;1;0;;1;0;;1;0;;1;0;;1;0;;1;0;
27120;0;1;;1;0;;1;0;;1;0;;1;0;;1;0;;1;0;
27130;0;0;;1;0;;1;0;;1;1;;1;0;;1;0;;1;0;
27140;0;1;;1;0;;1;0;;1;0;;1;0;;1;0;;1;0;
27150;0;0;;1;0;;1;0;;1;1;;1;0;;1;0;;1;0;
27160;0;1;;1;0;;1;0;;1;0;;1;0;;1;0;;1;0;
27170;0;0;;1;0;;1;0;;1;0;;1;0;;1;0;;1;0;
27180;0;1;;1;0;;1;0;;1;1;;1;0;;1;0;;1;0;
27190;0;0;;1;0;;1;0;;1;0;;1;0;;1;0;;1;0;
27200;0;1;;1;0;;1;0;;1;1;;1;0;;1;0;;1;0;
27210;0;0;;1;0;;1;0;;1;0;;1;0;;1;0;;1;0;
27220;0;0;;1;0;;1;0;;1;0;;1;0;;1;0;;1;0;
27230;0;1;;1;0;;1;0;;1;1;;1;0;;1;0;;1;0;
27240;0;0;;1;0;;1;0;;1;0;;1;0;;1;0;;1;0;
27250;0;1;;1;0;;1;0;;1;1;;1;0;;1;0;;1;0;
27260;0;0;;1;0;;1;0;;1;0;;1;0;;1;0;;1;0;
27270;0;1;;1;0;;1;0;;1;0;;1;0;;1;0;;1;0;
27280;0;0;;1;0;;1;0;;1;1;;1;0;;1;0;;1;0;
27290;0;1;;1;0;;1;0;;1;0;;1;0;;1;0;;1;0;
27300;0;0;;1;0;;1;0;;1;1;;1;0;;1;0;;1;0;
27310;0;1;;1;0;;1;0;;1;0;;1;0;;1;0;;1;0;
27320;0;0;;1;0;;1;0;;1;0;;1;0;;1;0;;1;0;
27330;0;0;;1;0;;1;0;;1;1;;1;0;;1;0;;1;0;
27340;0;1;;1;0;;1;0;;1;0;;1;0;;1;0;;1;0;
27350;0;0;;1;0;;1;0;;1;0;;1;0;;1;0;;1;0;
27360;0;1;;1;0;;1;0;;1;1;;1;0;;1;0;;1;0;
27370;0;0;;1;0;;1;0;;1;0;;1;0;;1;0;;1;0;
27380;0;1;;1;0;;1;0;;1;1;;1;0;;1;0;;1;0;
27390;0;0;;1;0;;1;0;;1;0;;1;0;;1;0;;1;0;
27400;0;1;;1;0;;1;0;;1;0;;1;0;;1;0;;1;0;
27410;0;0;;1;0;;1;0;;1;1;;1;0;;1;0;;1;0;
27420;0;1;;1;0;;1;0;;1;0;;1;0;;1;0;;1;0;
27430;0;0;;1;0;;1;0;;1;1;;1;0;;1;0;;1;0;
27440;0;0;;1;0;;1;0;;1;0;;1;0;;1;0;;1;0;
27450;0;1;;1;0;;1;0;;1;0;;1;0;;1;0;;1;0;
27460;0;0;;1;0;;1;0;;1;1;;1;0;;1;0;;1;0;
27470;0;1;;1;0;;1;0;;1;0;;1;0;;1;0;;1;0;
27480;0;0;;1;0;;1;0;;1;1;;1;0;;1;0;;1;0;
27490;0;1;;1;0;;1;0;;1;0;;1;0;;1;0;;1;0;
27500;0;0;;1;0;;1;0;;1;0;;1;0;;1;0;;1;0;
27510;0;1;;1;0;;1;0;;1;1;;1;0;;1;0;;1;0;
27520;0;0;;1;0;;1;0;;1;0;;1;0;;1;0;;1;0;
27530;0;0;;1;0;;1;0;;1;0;;1;0;;1;0;;1;0;
27540;0;1;;1;0;;1;0;;1;1;;1;0;;1;0;;1;0;
27550;0;0;;1;0;;1;0;;1;0;;1;0;;1;0;;1;0;
27560;0;1;;1;0;;1;0;;1;1;;1;0;;1;0;;1;0;
27570;0;0;;1;0;;1;0;;1;0;;1;0;;1;0;;1;0;
27580;0;1;;1;0;;1;0;;1;0;;1;0;;1;0;;1;0;
27590;0;0;;1;0;;1;0;;1;1;;1;0;;1;0;;1;0;
27600;0;1;;1;0;;1;0;;1;0;;1;0;;1;0;;1;0;
27610;0;0;;1;0;;1;0;;1;1;;1;0;;1;0;;1;0;
27620;0;0;;1;0;;1;0;;1;0;;1;0;;1;0;;1;0;
27630;0;1;;1;0;;1;0;;1;0;;1;0;;1;0;;1;0;
27640;0;0;;1;0;;1;0;;1;1;;1;0;;1;0;;1;0;
27650;0;1;;1;0;;1;0;;1;0;;1;0;;1;0;;1;0;
27660;0;0;;1;0;;1;0;;1;1;;1;0;;1;0;;1;0;
27670;0;1;;1;0;;1;0;;1;0;;1;0;;1;0;;1;0;
27680;0;0;;1;0;;1;0;;1;0;;1;0;;1;0;;1;0;
27690;0;1;;1;0;;1;0;;1;1;;1;0;;1;0;;1;0;
27700;0;0;;1;0;;1;0;;1;0;;1;0;;1;0;;1;0;
27710;0;0;;1;0;;1;0;;1;0;;1;0;;1;0;;1;0;
27720;0;1;;1;0;;1;0;;1;1;;1;0;;1;0;;1;0;
27730;0;0;;1;0;;1;0;;1;0;;1;0;;1;0;;1;0;
27740;0;1;;1;0;;1;0;;1;1;;1;0;;1;0;;1;0;
27750;0;0;;1;0;;1;0;;1;0;;1;0;;1;0;;1;0;
27760;0;1;;1;0;;1;0;;1;0;;1;0;;1;0;;1;0;
27770;0;0;;1;0;;1;0;;1;1;;1;0;;1;0;;1;0;
27780;0;1;;1;0;;1;0;;1;0;;1;0;;1;0;;1;0;
27790;0;0;;1;0;;1;0;;1;1;;1;0;;1;0;;1;0;
27800;0;0;;1;0;;1;0;;1;0;;1;0;;1;0;;1;0;
27810;0;1;;1;0;;1;0;;1;0;;1;0;;1;0;;1;0;
27820;0;0;;1;0;;1;0;;1;1;;1;0;;1;0;;1;0;
27830;0;1;;1;0;;1;0;;1;0;;1;0;;1;0;;1;0;
27840;0;0;;1;0;;1;0;;1;0;;1;0;;1;0;;1;0;
27850;0;1;;1;0;;1;0;;1;1;;1;0;;1;0;;1;0;
27860;0;0;;1;0;;1;0;;1;0;;1;0;;1;0;;1;0;
27870;0;0;;1;0;;1;0;;1;1;;1;0;;1;0;;1;0;
27880;0;1;;1;0;;1;0;;1;0;;1;0;;1;0;;1;0;
27890;0;0;;1;0;;1;0;;1;0;;1;0;;1;0;;1;0;
27900;0;1;;1;0;;1;0;;1;1;;1;0;;1;0;;1;0;
27910;0;0;;1;0;;1;0;;1;0;;1;0;;1;0;;1;0;
27920;0;1;;1;0;;1;0;;1;0;;1;0;;1;0;;1;0;
27930;0;0;;1;0;;1;0;;1;1;;1;0;;1;0;;1;0;
27940;0;1;;1;0;;1;0;;1;0;;1;0;;1;0;;1;0;
27950;0;0;;1;0;;1;0;;1;1;;1;0;;1;0;;1;0;
27960;0;0;;1;0;;1;0;;1;0;;1;0;;1;0;;1;0;
27970;0;1;;1;0;;1;0;;1;0;;1;0;;1;0;;1;0;
27980;0;0;;1;0;;1;0;;1;1;;1;0;;1;0;;1;0;
27990;0;1;;1;0;;1;0;;1;0;;1;0;;1;0;;1;0;
28000;0;0;;1;0;;1;0;;1;1;;1;0;;1;0;;1;0;
28010;0;1;;1;0;;1;0;;1;0;;1;0;;1;0;;1;0;
28020;0;0;;1;0;;1;0;;1;0;;1;0;;1;0;;1;0;
28030;0;0;;1;0;;1;0;;1;1;;1;0;;1;0;;1;0;
28040;0;1;;1;0;;1;0;;1;0;;1;0;;1;0;;1;0;
28050;0;0;;1;0;;1;0;;1;0;;1;0;;1;0;;1;0;
28060;0;1;;1;0;;1;0;;1;1;;1;0;;1;0;;1;0;
28070;0;0;;1;0;;1;0;;1;0;;1;0;;1;0;;1;0;
28080;0;1;;1;0;;1;0;;1;1;;1;0;;1;0;;1;0;
28090;0;0;;1;0;;1;0;;1;0;;1;0;;1;0;;1;0;
28100;0;0;;1;0;;1;0;;1;0;;1;0;;1;0;;1;0;
28110;0;1;;1;0;;1;0;;1;1;;1;0;;1;0;;1;0;
28120;0;0;;1;0;;1;0;;1;0;;1;0;;1;0;;1;0;
28130;0;1;;1;0;;1;0;;1;0;;1;0;;1;0;;1;0;
28140;0;0;;1;0;;1;0;;1;1;;1;0;;1;0;;1;0;
28150;0;1;;1;0;;1;0;;1;0;;1;0;;1;0;;1;0;
28160;0;0;;1;0;;1;0;;1;1;;1;0;;1;0;;1;0;
28170;0;0;;1;0;;1;0;;1;0;;1;0;;1;0;;1;0;
28180;0;1;;1;0;;1;0;;1;0;;1;0;;1;0;;1;0;
28190;0;0;;1;0;;1;0;;1;1;;1;0;;1;0;;1;0;
28200;0;1;;1;0;;1;0;;1;0;;1;0;;1;0;;1;0;
28210;0;0;;1;0;;1;0;;1;0;;1;0;;1;0;;1;0;
28220;0;1;;1;0;;1;0;;1;1;;1;0;;1;0;;1;0;
28230;0;0;;1;0;;1;0;;1;0;;1;0;;1;0;;1;0;
28240;0;0;;1;0;;1;0;;1;1;;1;0;;1;0;;1;0;
28250;0;1;;1;0;;1;0;;1;0;;1;0;;1;0;;1;0;
28260;0;0;;1;0;;1;0;;1;0;;1;0;;1;0;;1;0;
28270;0;1;;1;0;;1;0;;1;1;;1;0;;1;0;;1;0;
28280;0;0;;1;0;;1;0;;1;0;;1;0;;1;0;;1;0;
28290;0;1;;1;0;;1;0;;1;0;;1;0;;1;0;;1;0;
28300;0;0;;1;0;;1;0;;1;1;;1;0;;1;0;;1;0;
28310;0;0;;1;0;;1;0;;1;0;;1;0;;1;0;;1;0;
28320;0;1;;1;0;;1;0;;1;1;;1;0;;1;0;;1;0;
28330;0;0;;1;0;;1;0;;1;0;;1;0;;1;0;;1;0;
28340;0;1;;1;0;;1;0;;1;0;;1;0;;1;0;;1;0;
28350;0;0;;1;0;;1;0;;1;1;;1;0;;1;0;;1;0;
28360;0;0;;1;0;;1;0;;1;0;;1;0;;1;0;;1;0;
28370;0;1;;1;0;;1;0;;1;0;;1;0;;1;0;;1;0;
28380;0;0;;1;0;;1;0;;1;1;;1;0;;1;0;;1;0;
28390;0;1;;1;0;;1;0;;1;0;;1;0;;1;0;;1;0;
28400;0;0;;1;0;;1;0;;1;1;;1;0;;1;0;;1;0;
28410;0;1;;1;0;;1;0;;1;0;;1;0;;1;0;;1;0;
28420;0;0;;1;0;;1;0;;1;0;;1;0;;1;0;;1;0;
28430;0;0;;1;0;;1;0;;1;1;;1;0;;1;0;;1;0;
28440;0;1;;1;0;;1;0;;1;0;;1;0;;1;0;;1;0;
28450;0;0;;1;0;;1;0;;1;0;;1;0;;1;0;;1;0;
28460;0;1;;1;0;;1;0;;1;1;;1;0;;1;0;;1;0;
28470;0;0;;1;0;;1;0;;1;0;;1;0;;1;0;;1;0;
28480;0;0;;1;0;;1;0;;1;0;;1;0;;1;0;;1;0;
28490;0;1;;1;0;;1;0;;1;1;;1;0;;1;0;;1;0;
28500;0;0;;1;0;;1;0;;1;0;;1;0;;1;0;;1;0;
28510;0;1;;1;0;;1;0;;1;1;;1;0;;1;0;;1;0;
28520;0;0;;1;0;;1;0;;1;0;;1;0;;1;0;;1;0;
28530;0;1;;1;0;;1;0;;1;0;;1;0;;1;0;;1;0;
28540;0;0;;1;0;;1;0;;1;1;;1;0;;1;0;;1;0;
28550;0;0;;1;0;;1;0;;1;0;;1;0;;1;0;;1;0;
28560;0;1;;1;0;;1;0;;1;0;;1;0;;1;0;;1;0;
28570;0;0;;1;0;;1;0;;1;1;;1;0;;1;0;;1;0;
28580;0;1;;1;0;;1;0;;1;0;;1;0;;1;0;;1;0;
28590;0;0;;1;0;;1;0;;1;1;;1;0;;1;0;;1;0;
28600;0;0;;1;0;;1;0;;1;0;;1;0;;1;0;;1;0;
28610;0;1;;1;0;;1;0;;1;0;;1;0;;1;0;;1;0;
28620;0;0;;1;0;;1;0;;1;1;;1;0;;1;0;;1;0;
28630;0;1;;1;0;;1;0;;1;0;;1;0;;1;0;;1;0;
28640;0;0;;1;0;;1;0;;1;0;;1;0;;1;0;;1;0;
28650;0;1;;1;0;;1;0;;1;1;;1;0;;1;0;;1;0;
28660;0;0;;1;0;;1;0;;1;0;;1;0;;1;0;;1;0;
28670;0;0;;1;0;;1;0;;1;0;;1;0;;1;0;;1;0;
28680;0;1;;1;0;;1;0;;1;1;;1;0;;1;0;;1;0;
28690;0;0;;1;0;;1;0;;1;0;;1;0;;1;0;;1;0;
28700;0;1;;1;0;;1;0;;1;1;;1;0;;1;0;;1;0;
28710;0;0;;1;0;;1;0;;1;0;;1;0;;1;0;;1;0;
28720;0;0;;1;0;;1;0;;1;0;;1;0;;1;0;;1;0;
28730;0;1;;1;0;;1;0;;1;1;;1;0;;1;0;;1;0;
28740;0;0;;1;0;;1;0;;1;0;;1;0;;1;0;;1;0;
28750;0;1;;1;0;;1;0;;1;0;;1;0;;1;0;;1;0;
28760;0;0;;1;0;;1;0;;1;1;;1;0;;1;0;;1;0;
28770;0;0;;1;0;;1;0;;1;0;;1;0;;1;0;;1;0;
28780;0;1;;1;0;;1;0;;1;0;;1;0;;1;0;;1;0;
28790;0;0;;1;0;;1;0;;1;1;;1;0;;1;0;;1;0;
28800;0;1;;1;0;;1;0;;1;0;;1;0;;1;0;;1;0;
28810;0;0;;1;0;;1;0;;1;1;;1;0;;1;0;;1;0;
28820;0;1;;1;0;;1;0;;1;0;;1;0;;1;0;;1;0;
28830;0;0;;1;0;;1;0;;1;0;;1;0;;1;0;;1;0;
28840;0;0;;1;0;;1;0;;1;1;;1;0;;1;0;;1;0;
28850;0;1;;1;0;;1;0;;1;0;;1;0;;1;0;;1;0;
28860;0;0;;1;0;;1;0;;1;0;;1;0;;1;0;;1;0;
28870;0;1;;1;0;;1;0;;1;1;;1;0;;1;0;;1;0;
28880;0;0;;1;0;;1;0;;1;0;;1;0;;1;0;;1;0;
28890;0;0;;1;0;;1;0;;1;0;;1;0;;1;0;;1;0;
28900;0;1;;1;0;;1;0;;1;1;;1;0;;1;0;;1;0;
28910;0;0;;1;0;;1;0;;1;0;;1;0;;1;0;;1;0;
28920;0;1;;1;0;;1;0;;1;1;;1;0;;1;0;;1;0;
28930;0;0;;1;0;;1;0;;1;0;;1;0;;1;0;;1;0;
28940;0;0;;1;0;;1;0;;1;0;;1;0;;1;0;;1;0;
28950;0;1;;1;1;;1;0;;1;1;;1;0;;1;0;;1;0;
28960;0;0;;1;0;;1;0;;1;0;;1;0;;1;0;;1;0;
28970;0;1;;1;0;;1;0;;1;0;;1;0;;1;0;;1;0;
28980;0;0;;1;0;;1;0;;1;1;;1;0;;1;0;;1;0;
28990;0;0;;1;0;;1;0;;1;0;;1;0;;1;0;;1;0;
29000;0;1;;1;0;;1;0;;1;0;;1;0;;1;0;;1;0;
29010;0;0;;1;0;;1;0;;1;1;;1;0;;1;0;;1;0;
29020;0;1;;1;0;;1;0;;1;0;;1;0;;1;0;;1;0;
29030;0;0;;1;0;;1;0;;1;1;;1;0;;1;0;;1;0;
29040;0;0;;1;0;;1;0;;1;0;;1;0;;1;0;;1;0;
29050;0;1;;1;0;;1;0;;1;0;;1;0;;1;0;;1;0;
29060;0;0;;1;0;;1;0;;1;1;;1;0;;1;0;;1;0;
29070;0;1;;1;0;;1;0;;1;0;;1;0;;1;0;;1;0;
29080;0;0;;1;0;;1;0;;1;0;;1;0;;1;0;;1;0;
29090;0;0;;1;0;;1;0;;1;1;;1;0;;1;0;;1;0;
29100;0;1;;1;0;;1;0;;1;0;;1;0;;1;0;;1;0;
29110;0;0;;1;0;;1;0;;1;0;;1;0;;1;0;;1;0;
29120;0;1;;1;0;;1;0;;1;1;;1;0;;1;0;;1;0;
29130;0;0;;1;0;;1;0;;1;0;;1;0;;1;0;;1;0;
29140;0;0;;1;0;;1;0;;1;0;;1;0;;1;0;;1;0;
29150;0;1;;1;0;;1;0;;1;1;;1;0;;1;0;;1;0;
29160;0;0;;1;0;;1;0;;1;0;;1;0;;1;0;;1;0;
29170;0;1;;1;0;;1;0;;1;1;;1;0;;1;0;;1;0;
29180;0;0;;1;0;;1;0;;1;0;;1;0;;1;0;;1;0;
29190;0;0;;1;0;;1;0;;1;0;;1;0;;1;0;;1;0;
29200;0;1;;1;0;;1;0;;1;1;;1;0;;1;0;;1;0;
29210;0;0;;1;0;;1;0;;1;0;;1;0;;1;0;;1;0;
29220;0;1;;1;0;;1;0;;1;0;;1;0;;1;0;;1;0;
29230;0;0;;1;0;;1;0;;1;1;;1;0;;1;0;;1;0;
29240;0;0;;1;0;;1;0;;1;0;;1;0;;1;0;;1;0;
29250;0;1;;1;0;;1;0;;1;0;;1;0;;1;0;;1;0;
29260;0;0;;1;0;;1;0;;1;1;;1;0;;1;0;;1;0;
29270;0;0;;1;0;;1;0;;1;0;;1;0;;1;0;;1;0;
29280;0;1;;1;0;;1;0;;1;0;;1;0;;1;0;;1;0;
29290;0;0;;1;0;;1;0;;1;1;;1;0;;1;0;;1;0;
29300;0;1;;1;0;;1;0;;1;0;;1;0;;1;0;;1;0;
29310;0;0;;1;0;;1;0;;1;0;;1;0;;1;0;;1;0;
29320;0;0;;1;0;;1;0;;1;1;;1;0;;1;0;;1;0;
29330;0;1;;1;0;;1;0;;1;0;;1;0;;1;0;;1;0;
29340;0;0;;1;0;;1;0;;1;1;;1;0;;1;0;;1;0;
29350;0;1;;1;0;;1;0;;1;0;;1;0;;1;0;;1;0;
29360;0;0;;1;0;;1;0;;1;0;;1;0;;1;0;;1;0;
29370;0;0;;1;0;;1;0;;1;1;;1;0;;1;0;;1;0;
29380;0;1;;1;0;;1;0;;1;0;;1;0;;1;0;;1;0;
29390;0;0;;1;0;;1;0;;1;0;;1;0;;1;0;;1;0;
29400;0;1;;1;1;;1;0;;1;1;;1;0;;1;0;;1;0;
29410;0;0;;1;0;;1;0;;1;0;;1;0;;1;0;;1;0;
29420;0;0;;1;0;;1;0;;1;0;;1;0;;1;0;;1;0;
29430;0;1;;1;0;;1;0;;1;1;;1;0;;1;0;;1;0;
29440;0;0;;1;0;;1;0;;1;0;;1;0;;1;0;;1;0;
29450;0;0;;1;0;;1;0;;1;0;;1;0;;1;0;;1;0;
29460;0;1;;1;0;;1;0;;1;1;;1;0;;1;0;;1;0;
29470;0;0;;1;0;;1;0;;1;0;;1;0;;1;0;;1;0;
29480;0;1;;1;0;;1;0;;1;0;;1;0;;1;0;;1;0;
29490;0;0;;1;0;;1;0;;1;1;;1;0;;1;0;;1;0;
29500;0;0;;1;0;;1;0;;1;0;;1;0;;1;0;;1;0;
29510;0;1;;1;0;;1;0;;1;1;;1;0;;1;0;;1;0;
29520;0;0;;1;0;;1;0;;1;0;;1;0;;1;0;;1;0;
29530;0;1;;1;0;;1;0;;1;0;;1;0;;1;0;;1;0;
29540;0;0;;1;0;;1;0;;1;1;;1;0;;1;0;;1;0;
29550;0;0;;1;0;;1;0;;1;0;;1;0;;1;0;;1;0;
29560;0;1;;1;0;;1;0;;1;0;;1;0;;1;0;;1;0;
29570;0;0;;1;0;;1;0;;1;1;;1;0;;1;0;;1;0;
29580;0;0;;1;0;;1;0;;1;0;;1;0;;1;0;;1;0;
29590;0;1;;1;0;;1;0;;1;0;;1;0;;1;0;;1;0;
29600;0;0;;1;0;;1;0;;1;1;;1;0;;1;0;;1;0;
29610;0;1;;1;0;;1;0;;1;0;;1;0;;1;0;;1;0;
29620;0;0;;1;0;;1;0;;1;0;;1;0;;1;0;;1;0;
29630;0;0;;1;0;;1;0;;1;1;;1;0;;1;0;;1;0;
29640;0;1;;1;0;;1;0;;1;0;;1;0;;1;0;;1;0;
29650;0;0;;1;0;;1;0;;1;0;;1;0;;1;0;;1;0;
29660;0;1;;1;0;;1;0;;1;1;;1;0;;1;0;;1;0;
29670;0;0;;1;0;;1;0;;1;0;;1;0;;1;0;;1;0;
29680;0;0;;1;0;;1;0;;1;0;;1;0;;1;0;;1;0;
29690;0;1;;1;0;;1;0;;1;1;;1;0;;1;0;;1;0;
29700;0;0;;1;1;;1;0;;1;0;;1;0;;1;0;;1;0;
29710;0;0;;1;0;;1;0;;1;0;;1;0;;1;0;;1;0;
29720;0;1;;1;0;;1;0;;1;1;;1;0;;1;0;;1;0;
29730;0;0;;1;0;;1;0;;1;0;;1;0;;1;0;;1;0;
29740;0;1;;1;0;;1;0;;1;1;;1;0;;1;0;;1;0;
29750;0;0;;1;0;;1;0;;1;0;;1;0;;1;0;;1;0;
29760;0;0;;1;0;;1;0;;1;0;;1;0;;1;0;;1;0;
29770;0;1;;1;0;;1;0;;1;1;;1;0;;1;0;;1;0;
29780;0;0;;1;0;;1;0;;1;0;;1;0;;1;0;;1;0;
29790;0;0;;1;0;;1;0;;1;0;;1;0;;1;0;;1;0;
29800;0;1;;1;0;;1;0;;1;1;;1;0;;1;0;;1;0;
29810;0;0;;1;0;;1;0;;1;0;;1;0;;1;0;;1;0;
29820;0;1;;1;0;;1;0;;1;0;;1;0;;1;0;;1;0;
29830;0;0;;1;0;;1;0;;1;1;;1;0;;1;0;;1;0;
29840;0;0;;1;0;;1;0;;1;0;;1;0;;1;0;;1;0;
29850;0;1;;1;0;;1;0;;1;0;;1;0;;1;0;;1;0;
29860;0;0;;1;0;;1;0;;1;1;;1;0;;1;0;;1;0;
29870;0;0;;1;0;;1;0;;1;0;;1;0;;1;0;;1;0;
29880;0;1;;1;0;;1;0;;1;0;;1;0;;1;0;;1;0;
29890;0;0;;1;0;;1;0;;1;1;;1;0;;1;0;;1;0;
29900;0;1;;1;0;;1;0;;1;0;;1;0;;1;0;;1;0;
29910;0;0;;1;0;;1;0;;1;0;;1;0;;1;0;;1;0;
29920;0;0;;1;0;;1;0;;1;1;;1;0;;1;0;;1;0;
29930;0;1;;1;1;;1;0;;1;0;;1;0;;1;0;;1;0;
29940;0;0;;1;0;;1;0;;1;0;;1;0;;1;0;;1;0;
29950;0;0;;1;0;;1;0;;1;1;;1;0;;1;0;;1;0;
29960;0;1;;1;0;;1;0;;1;0;;1;0;;1;0;;1;0;
29970;0;0;;1;0;;1;0;;1;0;;1;0;;1;0;;1;0;
29980;0;1;;1;0;;1;0;;1;1;;1;0;;1;0;;1;0;
29990;0;0;;1;0;;1;0;;1;0;;1;0;;1;0;;1;0;
30000;0;0;;1;0;;1;0;;1;0;;1;0;;1;0;;1;0;
30010;0;1;;1;0;;1;0;;1;1;;1;0;;1;0;;1;0;
30020;0;0;;1;0;;1;0;;1;0;;1;0;;1;0;;1;0;
30030;0;0;;1;0;;1;0;;1;0;;1;0;;1;0;;1;0;
30040;0;1;;1;0;;1;0;;1;1;;1;0;;1;0;;1;0;
30050;0;0;;1;0;;1;0;;1;0;;1;0;;1;0;;1;0;
30060;0;0;;1;0;;1;0;;1;0;;1;0;;1;0;;1;0;
30070;0;1;;1;0;;1;0;;1;1;;1;0;;1;0;;1;0;
30080;0;0;;1;0;;1;0;;1;0;;1;0;;1;0;;1;0;
30090;0;1;;1;0;;1;0;;1;0;;1;0;;1;0;;1;0;
30100;0;0;;1;0;;1;0;;1;1;;1;0;;1;0;;1;0;
30110;0;0;;1;0;;1;0;;1;0;;1;0;;1;0;;1;0;
30120;0;1;;1;1;;1;0;;1;0;;1;0;;1;0;;1;0;
30130;0;0;;1;0;;1;0;;1;1;;1;0;;1;0;;1;0;
30140;0;0;;1;0;;1;0;;1;0;;1;0;;1;0;;1;0;
30150;0;1;;1;0;;1;0;;1;0;;1;0;;1;0;;1;0;
30160;0;0;;1;0;;1;0;;1;1;;1;0;;1;0;;1;0;
30170;0;0;;1;0;;1;0;;1;0;;1;0;;1;0;;1;0;
30180;0;1;;1;0;;1;0;;1;1;;1;0;;1;0;;1;0;
30190;0;0;;1;0;;1;0;;1;0;;1;0;;1;0;;1;0;
30200;0;1;;1;0;;1;0;;1;0;;1;0;;1;0;;1;0;
30210;0;0;;1;0;;1;0;;1;1;;1;0;;1;0;;1;0;
30220;0;0;;1;0;;1;0;;1;0;;1;0;;1;0;;1;0;
30230;0;1;;1;0;;1;0;;1;0;;1;0;;1;0;;1;0;
30240;0;0;;1;0;;1;0;;1;1;;1;0;;1;0;;1;0;
30250;0;0;;1;0;;1;0;;1;0;;1;0;;1;0;;1;0;
30260;0;1;;1;0;;1;0;;1;0;;1;0;;1;0;;1;0;
30270;0;0;;1;0;;1;0;;1;1;;1;0;;1;0;;1;0;
30280;0;0;;1;0;;1;0;;1;0;;1;0;;1;0;;1;0;
30290;0;1;;1;1;;1;0;;1;0;;1;0;;1;0;;1;0;
30300;0;0;;1;0;;1;0;;1;1;;1;0;;1;0;;1;0;
30310;0;1;;1;0;;1;0;;1;0;;1;0;;1;0;;1;0;
30320;0;0;;1;0;;1;0;;1;0;;1;0;;1;0;;1;0;
30330;0;0;;1;0;;1;0;;1;1;;1;0;;1;0;;1;0;
30340;0;1;;1;0;;1;0;;1;0;;1;0;;1;0;;1;0;
30350;0;0;;1;0;;1;0;;1;0;;1;0;;1;0;;1;0;
30360;0;0;;1;0;;1;0;;1;1;;1;0;;1;0;;1;0;
30370;0;1;;1;0;;1;0;;1;0;;1;0;;1;0;;1;0;
30380;0;0;;1;0;;1;0;;1;0;;1;0;;1;0;;1;0;
30390;0;0;;1;0;;1;0;;1;1;;1;0;;1;0;;1;0;
30400;0;1;;1;0;;1;0;;1;0;;1;0;;1;0;;1;0;
30410;0;0;;1;0;;1;0;;1;0;;1;0;;1;0;;1;0;
30420;0;0;;1;0;;1;0;;1;1;;1;0;;1;0;;1;0;
30430;0;1;;1;1;;1;0;;1;0;;1;0;;1;0;;1;0;
30440;0;0;;1;0;;1;0;;1;0;;1;0;;1;0;;1;0;
30450;0;0;;1;0;;1;0;;1;1;;1;0;;1;0;;1;0;
30460;0;1;;1;0;;1;0;;1;0;;1;0;;1;0;;1;0;
30470;0;0;;1;0;;1;0;;1;0;;1;0;;1;0;;1;0;
30480;0;1;;1;0;;1;0;;1;1;;1;0;;1;0;;1;0;
30490;0;0;;1;0;;1;0;;1;0;;1;0;;1;0;;1;0;
30500;0;0;;1;0;;1;0;;1;0;;1;0;;1;0;;1;0;
30510;0;1;;1;0;;1;0;;1;1;;1;0;;1;0;;1;0;
30520;0;0;;1;0;;1;0;;1;0;;1;0;;1;0;;1;0;
30530;0;0;;1;0;;1;0;;1;0;;1;0;;1;0;;1;0;
30540;0;1;;1;0;;1;0;;1;1;;1;0;;1;0;;1;0;
30550;0;0;;1;0;;1;0;;1;0;;1;0;;1;0;;1;0;
30560;0;0;;1;1;;1;0;;1;0;;1;0;;1;0;;1;0;
30570;0;1;;1;0;;1;0;;1;0;;1;0;;1;0;;1;0;
30580;0;0;;1;0;;1;0;;1;1;;1;0;;1;0;;1;0;
30590;0;0;;1;0;;1;0;;1;0;;1;0;;1;0;;1;0;
30600;0;1;;1;0;;1;0;;1;0;;1;0;;1;0;;1;0;
30610;0;0;;1;0;;1;0;;1;1;;1;0;;1;0;;1;0;
30620;0;0;;1;0;;1;0;;1;0;;1;0;;1;0;;1;0;
30630;0;1;;1;0;;1;0;;1;0;;1;0;;1;0;;1;0;
30640;0;0;;1;0;;1;0;;1;1;;1;0;;1;0;;1;0;
30650;0;0;;1;0;;1;0;;1;0;;1;0;;1;0;;1;0;
30660;0;1;;1;0;;1;0;;1;0;;1;0;;1;0;;1;0;
30670;0;0;;1;0;;1;0;;1;1;;1;0;;1;0;;1;0;
30680;0;1;;1;1;;1;0;;1;0;;1;0;;1;0;;1;0;
30690;0;0;;1;0;;1;0;;1;0;;1;0;;1;0;;1;0;
30700;0;0;;1;0;;1;0;;1;1;;1;0;;1;0;;1;0;
30710;0;1;;1;0;;1;0;;1;0;;1;0;;1;0;;1;0;
30720;0;0;;1;0;;1;0;;1;0;;1;0;;1;0;;1;0;
30730;0;0;;1;0;;1;0;;1;1;;1;0;;1;0;;1;0;
30740;0;1;;1;0;;1;0;;1;0;;1;0;;1;0;;1;0;
30750;0;0;;1;0;;1;0;;1;0;;1;0;;1;0;;1;0;
30760;0;0;;1;0;;1;0;;1;1;;1;0;;1;0;;1;0;
30770;0;1;;1;0;;1;0;;1;0;;1;0;;1;0;;1;0;
30780;0;0;;1;0;;1;0;;1;0;;1;0;;1;0;;1;0;
30790;0;0;;1;1;;1;0;;1;1;;1;0;;1;0;;1;0;
30800;0;1;;1;0;;1;0;;1;0;;1;0;;1;0;;1;0;
30810;0;0;;1;0;;1;0;;1;0;;1;0;;1;0;;1;0;
30820;0;0;;1;0;;1;0;;1;1;;1;0;;1;0;;1;0;
30830;0;1;;1;0;;1;0;;1;0;;1;0;;1;0;;1;0;
30840;0;0;;1;0;;1;0;;1;0;;1;0;;1;0;;1;0;
30850;0;0;;1;0;;1;0;;1;1;;1;0;;1;0;;1;0;
30860;0;1;;1;0;;1;0;;1;0;;1;0;;1;0;;1;0;
30870;0;0;;1;0;;1;0;;1;0;;1;0;;1;0;;1;0;
30880;0;0;;1;0;;1;0;;1;1;;1;0;;1;0;;1;0;
30890;0;1;;1;1;;1;0;;1;0;;1;0;;1;0;;1;0;
30900;0;0;;1;0;;1;0;;1;0;;1;0;;1;0;;1;0;
30910;0;0;;1;0;;1;0;;1;1;;1;0;;1;0;;1;0;
30920;0;1;;1;0;;1;0;;1;0;;1;0;;1;0;;1;0;
30930;0;0;;1;0;;1;0;;1;0;;1;0;;1;0;;1;0;
30940;0;0;;1;0;;1;0;;1;1;;1;0;;1;0;;1;0;
30950;0;1;;1;0;;1;0;;1;0;;1;0;;1;0;;1;0;
30960;0;0;;1;0;;1;0;;1;0;;1;0;;1;0;;1;0;
30970;0;0;;1;1;;1;0;;1;1;;1;0;;1;0;;1;0;
30980;0;1;;1;0;;1;0;;1;0;;1;0;;1;0;;1;0;
30990;0;0;;1;0;;1;0;;1;0;;1;0;;1;0;;1;0;
31000;0;0;;1;0;;1;0;;1;0;;1;0;;1;0;;1;0;
31010;0;1;;1;0;;1;0;;1;1;;1;0;;1;0;;1;0;
31020;0;0;;1;1;;1;0;;1;0;;1;0;;1;0;;1;0;
31030;0;0;;1;0;;1;0;;1;0;;1;0;;1;0;;1;0;
31040;0;1;;1;0;;1;0;;1;1;;1;0;;1;0;;1;0;
31050;0;0;;1;0;;1;0;;1;0;;1;0;;1;0;;1;0;
31060;0;0;;1;0;;1;0;;1;0;;1;0;;1;0;;1;0;
31070;0;1;;1;1;;1;0;;1;1;;1;0;;1;0;;1;0;
31080;0;0;;1;0;;1;0;;1;0;;1;0;;1;0;;1;0;
31090;0;0;;1;0;;1;0;;1;0;;1;0;;1;0;;1;0;
31100;0;1;;1;0;;1;0;;1;1;;1;0;;1;0;;1;0;
31110;0;0;;1;1;;1;0;;1;0;;1;0;;1;0;;1;0;
31120;0;0;;1;0;;1;0;;1;0;;1;0;;1;0;;1;0;
31130;0;1;;1;0;;1;0;;1;1;;1;0;;1;0;;1;0;
31140;0;0;;1;0;;1;0;;1;0;;1;0;;1;0;;1;0;
31150;0;0;;1;0;;1;0;;1;0;;1;0;;1;0;;1;0;
31160;0;1;;1;1;;1;0;;1;1;;1;0;;1;0;;1;0;
31170;0;0;;1;0;;1;0;;1;0;;1;0;;1;0;;1;0;
31180;0;0;;1;0;;1;0;;1;0;;1;0;;1;0;;1;0;
31190;0;1;;1;0;;1;0;;1;1;;1;0;;1;0;;1;0;
31200;0;0;;1;1;;1;0;;1;0;;1;0;;1;0;;1;0;
31210;0;0;;1;0;;1;0;;1;0;;1;0;;1;0;;1;0;
31220;0;1;;1;0;;1;0;;1;0;;1;0;;1;0;;1;0;
31230;0;0;;1;0;;1;0;;1;1;;1;0;;1;0;;1;0;
31240;0;0;;1;1;;1;0;;1;0;;1;0;;1;0;;1;0;
31250;0;1;;1;0;;1;0;;1;0;;1;0;;1;0;;1;0;
31260;0;0;;1;0;;1;0;;1;1;;1;0;;1;0;;1;0;
31270;0;0;;1;0;;1;0;;1;0;;1;0;;1;0;;1;0;
31280;0;1;;1;1;;1;0;;1;0;;1;0;;1;0;;1;0;
31290;0;0;;1;0;;1;0;;1;1;;1;0;;1;0;;1;0;
31300;0;0;;1;0;;1;0;;1;0;;1;0;;1;0;;1;0;
31310;0;1;;1;0;;1;0;;1;0;;1;0;;1;0;;1;0;
31320;0;0;;1;1;;1;0;;1;1;;1;0;;1;0;;1;0;
31330;0;0;;1;0;;1;0;;1;0;;1;0;;1;0;;1;0;
31340;0;1;;1;0;;1;0;;1;0;;1;0;;1;0;;1;0;
31350;0;0;;1;0;;1;0;;1;1;;1;0;;1;0;;1;0;
31360;0;0;;1;1;;1;0;;1;0;;1;0;;1;0;;1;0;
31370;0;1;;1;0;;1;0;;1;0;;1;0;;1;0;;1;0;
31380;0;0;;1;0;;1;0;;1;1;;1;0;;1;0;;1;0;
31390;0;0;;1;0;;1;0;;1;0;;1;0;;1;0;;1;0;
31400;0;1;;1;1;;1;0;;1;0;;1;0;;1;0;;1;0;
31410;0;0;;1;0;;1;0;;1;0;;1;0;;1;0;;1;0;
31420;0;0;;1;0;;1;0;;1;1;;1;0;;1;0;;1;0;
31430;0;1;;1;0;;1;0;;1;0;;1;0;;1;0;;1;0;
31440;0;0;;1;1;;1;0;;1;0;;1;0;;1;0;;1;0;
31450;0;0;;1;0;;1;0;;1;1;;1;0;;1;0;;1;0;
31460;0;0;;1;0;;1;0;;1;0;;1;0;;1;0;;1;0;
31470;0;1;;1;0;;1;0;;1;0;;1;0;;1;0;;1;0;
31480;0;0;;1;1;;1;0;;1;1;;1;0;;1;0;;1;0;
31490;0;0;;1;0;;1;0;;1;0;;1;0;;1;0;;1;0;
31500;0;1;;1;0;;1;0;;1;0;;1;0;;1;0;;1;0;
31510;0;0;;1;1;;1;0;;1;1;;1;0;;1;0;;1;0;
31520;0;0;;1;0;;1;0;;1;0;;1;0;;1;0;;1;0;
31530;0;1;;1;0;;1;0;;1;0;;1;0;;1;0;;1;0;
31540;0;0;;1;0;;1;0;;1;1;;1;0;;1;0;;1;0;
31550;0;0;;1;1;;1;0;;1;0;;1;0;;1;0;;1;0;
31560;0;1;;1;0;;1;0;;1;0;;1;0;;1;0;;1;0;
31570;0;0;;1;0;;1;0;;1;0;;1;0;;1;0;;1;0;
31580;0;0;;1;1;;1;0;;1;1;;1;0;;1;0;;1;0;
31590;0;1;;1;0;;1;0;;1;0;;1;0;;1;0;;1;0;
31600;0;0;;1;0;;1;0;;1;0;;1;0;;1;0;;1;0;
31610;0;0;;1;1;;1;0;;1;1;;1;0;;1;0;;1;0;
31620;0;1;;1;0;;1;0;;1;0;;1;0;;1;0;;1;0;
31630;0;0;;1;0;;1;0;;1;0;;1;0;;1;0;;1;0;
31640;0;0;;1;0;;1;0;;1;1;;1;0;;1;0;;1;0;
31650;0;0;;1;1;;1;0;;1;0;;1;0;;1;0;;1;0;
31660;0;1;;1;0;;1;0;;1;0;;1;0;;1;0;;1;0;
31670;0;0;;1;0;;1;0;;1;1;;1;0;;1;0;;1;0;
31680;0;0;;1;1;;1;0;;1;0;;1;0;;1;0;;1;0;
31690;0;1;;1;0;;1;0;;1;0;;1;0;;1;0;;1;0;
31700;0;0;;1;0;;1;0;;1;0;;1;0;;1;0;;1;0;
31710;0;0;;1;1;;1;0;;1;1;;1;0;;1;0;;1;0;
31720;0;1;;1;0;;1;0;;1;0;;1;0;;1;0;;1;0;
31730;0;0;;1;0;;1;0;;1;0;;1;0;;1;0;;1;0;
31740;0;0;;1;1;;1;0;;1;1;;1;0;;1;0;;1;0;
31750;0;1;;1;0;;1;0;;1;0;;1;0;;1;0;;1;0;
31760;0;0;;1;0;;1;0;;1;0;;1;0;;1;0;;1;0;
31770;0;0;;1;1;;1;0;;1;1;;1;0;;1;0;;1;0;
31780;0;1;;1;0;;1;0;;1;0;;1;0;;1;0;;1;0;
31790;0;0;;1;0;;1;0;;1;0;;1;0;;1;0;;1;0;
31800;0;0;;1;1;;1;0;;1;1;;1;0;;1;0;;1;0;
31810;0;0;;1;0;;1;0;;1;0;;1;0;;1;0;;1;0;
31820;0;1;;1;0;;1;0;;1;0;;1;0;;1;0;;1;0;
31830;0;0;;1;1;;1;0;;1;0;;1;0;;1;0;;1;0;
31840;0;0;;1;0;;1;0;;1;1;;1;0;;1;0;;1;0;
31850;0;1;;1;0;;1;0;;1;0;;1;0;;1;0;;1;0;
31860;0;0;;1;1;;1;0;;1;0;;1;0;;1;0;;1;0;
31870;0;0;;1;0;;1;0;;1;1;;1;0;;1;0;;1;0;
31880;0;1;;1;0;;1;0;;1;0;;1;0;;1;0;;1;0;
31890;0;0;;1;1;;1;0;;1;0;;1;0;;1;0;;1;0;
31900;0;0;;1;0;;1;0;;1;1;;1;0;;1;0;;1;0;
31910;0;1;;1;0;;1;0;;1;0;;1;0;;1;0;;1;0;
31920;0;0;;1;1;;1;0;;1;0;;1;0;;1;0;;1;0;
31930;0;0;;1;0;;1;0;;1;0;;1;0;;1;0;;1;0;
31940;0;0;;1;0;;1;0;;1;1;;1;0;;1;0;;1;0;
31950;0;1;;1;1;;1;0;;1;0;;1;0;;1;0;;1;0;
31960;0;0;;1;0;;1;0;;1;0;;1;0;;1;0;;1;0;
31970;0;0;;1;1;;1;0;;1;1;;1;0;;1;0;;1;0;
31980;0;1;;1;0;;1;0;;1;0;;1;0;;1;0;;1;0;
31990;0;0;;1;0;;1;0;;1;0;;1;0;;1;0;;1;0;
32000;0;0;;1;1;;1;0;;1;1;;1;0;;1;0;;1;0;
32010;0;1;;1;0;;1;0;;1;0;;1;0;;1;0;;1;0;
32020;0;0;;1;0;;1;0;;1;0;;1;0;;1;0;;1;0;
32030;0;0;;1;1;;1;0;;1;1;;1;0;;1;0;;1;0;
32040;0;0;;1;0;;1;0;;1;0;;1;0;;1;0;;1;0;
32050;0;1;;1;1;;1;0;;1;0;;1;0;;1;0;;1;0;
32060;0;0;;1;0;;1;0;;1;0;;1;0;;1;0;;1;0;
32070;0;0;;1;0;;1;0;;1;1;;1;0;;1;0;;1;0;
32080;0;1;;1;1;;1;0;;1;0;;1;0;;1;0;;1;0;
32090;0;0;;1;0;;1;0;;1;0;;1;0;;1;0;;1;0;
32100;0;0;;1;1;;1;0;;1;1;;1;0;;1;0;;1;0;
32110;0;1;;1;0;;1;0;;1;0;;1;0;;1;0;;1;0;
32120;0;0;;1;0;;1;0;;1;0;;1;0;;1;0;;1;0;
32130;0;0;;1;1;;1;0;;1;1;;1;0;;1;0;;1;0;
32140;0;0;;1;0;;1;0;;1;0;;1;0;;1;0;;1;0;
32150;0;1;;1;1;;1;0;;1;0;;1;0;;1;0;;1;0;
32160;0;0;;1;0;;1;0;;1;0;;1;0;;1;0;;1;0;
32170;0;0;;1;0;;1;0;;1;1;;1;0;;1;0;;1;0;
32180;0;1;;1;1;;1;0;;1;0;;1;0;;1;0;;1;0;
32190;0;0;;1;0;;1;0;;1;0;;1;0;;1;0;;1;0;
32200;0;0;;1;1;;1;0;;1;1;;1;0;;1;0;;1;0;
32210;0;0;;1;0;;1;0;;1;0;;1;0;;1;0;;1;0;
32220;0;1;;1;0;;1;0;;1;0;;1;0;;1;0;;1;0;
32230;0;0;;1;1;;1;0;;1;0;;1;0;;1;0;;1;0;
32240;0;0;;1;0;;1;0;;1;1;;1;0;;1;0;;1;0;
32250;0;1;;1;1;;1;0;;1;0;;1;0;;1;0;;1;0;
32260;0;0;;1;0;;1;0;;1;0;;1;0;;1;0;;1;0;
32270;0;0;;1;1;;1;0;;1;1;;1;0;;1;0;;1;0;
32280;0;1;;1;0;;1;0;;1;0;;1;0;;1;0;;1;0;
32290;0;0;;1;0;;1;0;;1;0;;1;0;;1;0;;1;0;
32300;0;0;;1;1;;1;0;;1;1;;1;0;;1;0;;1;0;
32310;0;0;;1;0;;1;0;;1;0;;1;0;;1;0;;1;0;
32320;0;1;;1;1;;1;0;;1;0;;1;0;;1;0;;1;0;
32330;0;0;;1;0;;1;0;;1;0;;1;0;;1;0;;1;0;
32340;0;0;;1;1;;1;0;;1;1;;1;0;;1;0;;1;0;
32350;0;1;;1;0;;1;0;;1;0;;1;0;;1;0;;1;0;
32360;0;0;;1;1;;1;0;;1;0;;1;0;;1;0;;1;0;
32370;0;0;;1;0;;1;0;;1;1;;1;0;;1;0;;1;0;
32380;0;0;;1;0;;1;0;;1;0;;1;0;;1;0;;1;0;
32390;0;1;;1;1;;1;0;;1;0;;1;0;;1;0;;1;0;
32400;0;0;;1;0;;1;0;;1;1;;1;0;;1;0;;1;0;
32410;0;0;;1;1;;1;0;;1;0;;1;0;;1;0;;1;0;
32420;0;1;;1;0;;1;0;;1;0;;1;0;;1;0;;1;0;
32430;0;0;;1;1;;1;0;;1;0;;1;0;;1;0;;1;0;
32440;0;0;;1;0;;1;0;;1;1;;1;0;;1;0;;1;0;
32450;0;0;;1;1;;1;0;;1;0;;1;0;;1;0;;1;0;
32460;0;1;;1;0;;1;0;;1;0;;1;0;;1;0;;1;0;
32470;0;0;;1;1;;1;0;;1;1;;1;0;;1;0;;1;0;
32480;0;0;;1;0;;1;0;;1;0;;1;0;;1;0;;1;0;
32490;0;1;;1;1;;1;0;;1;0;;1;0;;1;0;;1;0;
32500;0;0;;1;0;;1;0;;1;0;;1;0;;1;0;;1;0;
32510;0;0;;1;0;;1;0;;1;1;;1;0;;1;0;;1;0;
32520;0;0;;1;1;;1;0;;1;0;;1;0;;1;0;;1;0;
32530;0;1;;1;0;;1;0;;1;0;;1;0;;1;0;;1;0;
32540;0;0;;1;1;;1;0;;1;1;;1;0;;1;0;;1;0;
32550;0;0;;1;0;;1;0;;1;0;;1;0;;1;0;;1;0;
32560;0;1;;1;1;;1;0;;1;0;;1;0;;1;0;;1;0;
32570;0;0;;1;0;;1;0;;1;0;;1;0;;1;0;;1;0;
32580;0;0;;1;1;;1;0;;1;1;;1;0;;1;0;;1;0;
32590;0;0;;1;0;;1;0;;1;0;;1;0;;1;0;;1;0;
32600;0;1;;1;1;;1;0;;1;0;;1;0;;1;0;;1;0;
32610;0;0;;1;0;;1;0;;1;1;;1;0;;1;0;;1;0;
32620;0;0;;1;1;;1;0;;1;0;;1;0;;1;0;;1;0;
32630;0;1;;1;0;;1;0;;1;0;;1;0;;1;0;;1;0;
32640;0;0;;1;1;;1;0;;1;1;;1;0;;1;0;;1;0;
32650;0;0;;1;0;;1;0;;1;0;;1;0;;1;0;;1;0;
32660;0;0;;1;1;;1;0;;1;0;;1;0;;1;0;;1;0;
32670;0;1;;1;0;;1;0;;1;0;;1;0;;1;0;;1;0;
32680;0;0;;1;1;;1;0;;1;1;;1;0;;1;0;;1;0;
32690;0;0;;1;1;;1;0;;1;0;;1;0;;1;0;;1;0;RELEASE
32700;0;1;;1;0;;1;0;;1;0;;1;0;;1;0;;1;0;
32710;0;0;;1;1;;1;0;;1;1;;1;0;;1;0;;1;0;
32720;0;0;;1;0;;1;0;;1;0;;1;0;;1;0;;1;0;
32730;0;0;;1;1;;1;0;;1;0;;1;0;;1;0;;1;0;
32740;0;1;;1;0;;1;0;;1;0;;1;0;;1;0;;1;0;
32750;0;0;;1;1;;1;0;;1;1;;1;0;;1;0;;1;0;
32760;0;0;;1;0;;1;0;;1;0;;1;0;;1;0;;1;0;
32770;0;0;;1;1;;1;0;;1;0;;1;0;;1;0;;1;0;
32780;0;1;;1;0;;1;0;;1;1;;1;0;;1;0;;1;0;
32790;0;0;;1;1;;1;0;;1;0;;1;0;;1;0;;1;0;
32800;0;0;;1;0;;1;0;;1;0;;1;0;;1;0;;1;0;
32810;0;1;;1;1;;1;0;;1;0;;1;0;;1;0;;1;0;
32820;0;0;;1;0;;1;0;;1;1;;1;0;;1;0;;1;0;
32830;0;0;;1;1;;1;0;;1;0;;1;0;;1;0;;1;0;
32840;0;0;;1;1;;1;0;;1;0;;1;0;;1;0;;1;0;
32850;0;1;;1;0;;1;0;;1;1;;1;0;;1;0;;1;0;
32860;0;0;;1;1;;1;0;;1;0;;1;0;;1;0;;1;0;
32870;0;0;;1;0;;1;0;;1;0;;1;0;;1;0;;1;0;
32880;0;0;;1;1;;1;0;;1;0;;1;0;;1;0;;1;0;
32890;0;1;;1;0;;1;0;;1;1;;1;0;;1;0;;1;0;
32900;0;0;;1;1;;1;0;;1;0;;1;0;;1;0;;1;0;
32910;0;0;;1;1;;1;0;;1;0;;1;0;;1;0;;1;0;
32920;0;1;;1;0;;1;0;;1;1;;1;0;;1;0;;1;0;
32930;0;0;;1;1;;1;0;;1;0;;1;0;;1;0;;1;0;
32940;0;0;;1;0;;1;0;;1;0;;1;0;;1;0;;1;0;
32950;0;0;;1;1;;1;0;;1;0;;1;0;;1;0;;1;0;
32960;0;1;;1;0;;1;0;;1;1;;1;0;;1;0;;1;0;
32970;0;0;;1;1;;1;0;;1;0;;1;0;;1;0;;1;0;
32980;0;0;;1;1;;1;0;;1;0;;1;0;;1;0;;1;0;
32990;0;0;;1;0;;1;0;;1;1;;1;0;;1;0;;1;0;
33000;0;1;;1;1;;1;0;;1;0;;1;0;;1;0;;1;0;
33010;0;0;;1;0;;1;0;;1;0;;1;0;;1;0;;1;0;
33020;0;0;;1;1;;1;0;;1;0;;1;0;;1;0;;1;0;
33030;0;1;;1;1;;1;0;;1;1;;1;0;;1;0;;1;0;
33040;0;0;;1;0;;1;0;;1;0;;1;0;;1;0;;1;0;
33050;0;0;;1;1;;1;0;;1;0;;1;0;;1;0;;1;0;
33060;0;0;;1;0;;1;0;;1;1;;1;0;;1;0;;1;0;
33070;0;1;;1;1;;1;0;;1;0;;1;0;;1;0;;1;0;
33080;0;0;;1;1;;1;0;;1;0;;1;0;;1;0;;1;0;
33090;0;0;;1;0;;1;0;;1;0;;1;0;;1;0;;1;0;
33100;0;0;;1;1;;1;0;;1;1;;1;0;;1;0;;1;0;
33110;0;1;;1;0;;1;0;;1;0;;1;0;;1;0;;1;0;
33120;0;0;;1;1;;1;0;;1;0;;1;0;;1;0;;1;0;
33130;0;0;;1;1;;1;0;;1;1;;1;0;;1;0;;1;0;
33140;0;0;;1;0;;1;0;;1;0;;1;0;;1;0;;1;0;
33150;0;1;;1;1;;1;0;;1;0;;1;0;;1;0;;1;0;
33160;0;0;;1;0;;1;0;;1;0;;1;0;;1;0;;1;0;
33170;0;0;;1;1;;1;0;;1;1;;1;0;;1;0;;1;0;
33180;0;0;;1;1;;1;0;;1;0;;1;0;;1;0;;1;0;
33190;0;1;;1;0;;1;0;;1;0;;1;0;;1;0;;1;0;
33200;0;0;;1;1;;1;0;;1;0;;1;0;;1;0;;1;0;
33210;0;0;;1;1;;1;0;;1;1;;1;0;;1;0;;1;0;
33220;0;1;;1;0;;1;0;;1;0;;1;0;;1;0;;1;0;
33230;0;0;;1;1;;1;0;;1;0;;1;0;;1;0;;1;0;
33240;0;0;;1;1;;1;0;;1;1;;1;0;;1;0;;1;0;
33250;0;0;;1;0;;1;0;;1;0;;1;0;;1;0;;1;0;
33260;0;1;;1;1;;1;0;;1;0;;1;0;;1;0;;1;0;
33270;0;0;;1;0;;1;0;;1;0;;1;0;;1;0;;1;0;
33280;0;0;;1;1;;1;0;;1;1;;1;0;;1;0;;1;0;
33290;0;0;;1;1;;1;0;;1;0;;1;0;;1;0;;1;0;
33300;0;1;;1;0;;1;0;;1;0;;1;0;;1;0;;1;0;
33310;0;0;;1;1;;1;0;;1;1;;1;0;;1;0;;1;0;
33320;0;0;;1;1;;1;0;;1;0;;1;0;;1;0;;1;0;
33330;0;0;;1;0;;1;0;;1;0;;1;0;;1;0;;1;0;
33340;0;1;;1;1;;1;0;;1;0;;1;0;;1;0;;1;0;
33350;0;0;;1;1;;1;0;;1;1;;1;0;;1;0;;1;0;
33360;0;0;;1;0;;1;0;;1;0;;1;0;;1;0;;1;0;
33370;0;0;;1;1;;1;0;;1;0;;1;0;;1;0;;1;0;
33380;0;1;;1;1;;1;0;;1;0;;1;0;;1;0;;1;0;
33390;0;0;;1;0;;1;0;;1;1;;1;0;;1;0;;1;0;
33400;0;0;;1;1;;1;0;;1;0;;1;0;;1;0;;1;0;
33410;0;0;;1;1;;1;0;;1;0;;1;0;;1;0;;1;0;
33420;0;1;;1;0;;1;0;;1;1;;1;0;;1;0;;1;0;
33430;0;0;;1;1;;1;0;;1;0;;1;0;;1;0;;1;0;
33440;0;0;;1;1;;1;0;;1;0;;1;0;;1;0;;1;0;
33450;0;0;;1;1;;1;0;;1;0;;1;0;;1;0;;1;0;
33460;0;1;;1;0;;1;0;;1;1;;1;0;;1;0;;1;0;
33470;0;0;;1;1;;1;0;;1;0;;1;0;;1;0;;1;0;
33480;0;0;;1;1;;1;0;;1;0;;1;0;;1;0;;1;0;
33490;0;0;;1;0;;1;0;;1;0;;1;0;;1;0;;1;0;
33500;0;1;;1;1;;1;0;;1;1;;1;0;;1;0;;1;0;
33510;0;0;;1;1;;1;0;;1;0;;1;0;;1;0;;1;0;
33520;0;0;;1;0;;1;0;;1;0;;1;0;;1;0;;1;0;
33530;0;0;;1;1;;1;0;;1;1;;1;0;;1;0;;1;0;
33540;0;1;;1;1;;1;0;;1;0;;1;0;;1;0;;1;0;
33550;0;0;;1;1;;1;0;;1;0;;1;0;;1;0;;1;0;
33560;0;0;;1;0;;1;0;;1;0;;1;0;;1;0;;1;0;
33570;0;0;;1;1;;1;0;;1;1;;1;0;;1;0;;1;0;
33580;0;1;;1;1;;1;0;;1;0;;1;0;;1;0;;1;0;
33590;0;0;;1;0;;1;0;;1;0;;1;0;;1;0;;1;0;
33600;0;0;;1;1;;1;0;;1;0;;1;0;;1;0;;1;0;
33610;0;0;;1;1;;1;0;;1;1;;1;0;;1;0;;1;0;
33620;0;1;;1;1;;1;0;;1;0;;1;0;;1;0;;1;0;
33630;0;0;;1;0;;1;0;;1;0;;1;0;;1;0;;1;0;
33640;0;0;;1;1;;1;0;;1;1;;1;0;;1;0;;1;0;
33650;0;0;;1;1;;1;0;;1;0;;1;0;;1;0;;1;0;
33660;0;1;;1;1;;1;0;;1;0;;1;0;;1;0;;1;0;
33670;0;0;;1;0;;1;0;;1;0;;1;0;;1;0;;1;0;
33680;0;0;;1;1;;1;0;;1;1;;1;0;;1;0;;1;0;
33690;0;0;;1;1;;1;0;;1;0;;1;0;;1;0;;1;0;
33700;0;1;;1;1;;1;0;;1;0;;1;0;;1;0;;1;0;
33710;0;0;;1;0;;1;0;;1;0;;1;0;;1;0;;1;0;
33720;0;0;;1;1;;1;0;;1;1;;1;0;;1;0;;1;0;
33730;0;0;;1;1;;1;0;;1;0;;1;0;;1;0;;1;0;
33740;0;1;;1;1;;1;0;;1;0;;1;0;;1;0;;1;0;
33750;0;0;;1;0;;1;0;;1;1;;1;0;;1;0;;1;0;
33760;0;0;;1;1;;1;0;;1;0;;1;0;;1;0;;1;0;
33770;0;0;;1;1;;1;0;;1;0;;1;0;;1;0;;1;0;
33780;0;1;;1;1;;1;0;;1;0;;1;0;;1;0;;1;0;
33790;0;0;;1;0;;1;0;;1;1;;1;0;;1;0;;1;0;
33800;0;0;;1;1;;1;0;;1;0;;1;0;;1;0;;1;0;
33810;0;0;;1;1;;1;0;;1;0;;1;0;;1;0;;1;0;
33820;0;1;;1;1;;1;0;;1;0;;1;0;;1;0;;1;0;
33830;0;0;;1;0;;1;0;;1;1;;1;0;;1;0;;1;0;
33840;0;0;;1;1;;1;0;;1;0;;1;0;;1;0;;1;0;
33850;0;0;;1;1;;1;0;;1;0;;1;0;;1;0;;1;0;
33860;0;1;;1;1;;1;0;;1;1;;1;0;;1;0;;1;0;
33870;0;0;;1;0;;1;0;;1;0;;1;0;;1;0;;1;0;
33880;0;0;;1;1;;1;0;;1;0;;1;0;;1;0;;1;0;
33890;0;0;;1;1;;1;0;;1;0;;1;0;;1;0;;1;0;
33900;0;1;;1;1;;1;0;;1;1;;1;0;;1;0;;1;0;
33910;0;0;;1;1;;1;0;;1;0;;1;0;;1;0;;1;0;
33920;0;0;;1;0;;1;0;;1;0;;1;0;;1;0;;1;0;
33930;0;0;;1;1;;1;0;;1;0;;1;0;;1;0;;1;0;
33940;0;1;;1;1;;1;0;;1;1;;1;0;;1;0;;1;0;
33950;0;0;;1;1;;1;0;;1;0;;1;0;;1;0;;1;0;
33960;0;0;;1;1;;1;0;;1;0;;1;0;;1;0;;1;0;
33970;0;0;;1;0;;1;0;;1;0;;1;0;;1;0;;1;0;
33980;0;0;;1;1;;1;0;;1;1;;1;0;;1;0;;1;0;
33990;0;1;;1;1;;1;0;;1;0;;1;0;;1;0;;1;0;
34000;0;0;;1;1;;1;0;;1;0;;1;0;;1;0;;1;0;
34010;0;0;;1;1;;1;0;;1;0;;1;0;;1;0;;1;0;
34020;0;0;;1;0;;1;0;;1;1;;1;0;;1;0;;1;0;
34030;0;1;;1;1;;1;0;;1;0;;1;0;;1;0;;1;0;
34040;0;0;;1;1;;1;0;;1;0;;1;0;;1;0;;1;0;
34050;0;0;;1;1;;1;0;;1;1;;1;0;;1;0;;1;0;
34060;0;0;;1;1;;1;0;;1;0;;1;0;;1;0;;1;0;
34070;0;1;;1;1;;1;0;;1;0;;1;0;;1;0;;1;0;
34080;0;0;;1;0;;1;0;;1;0;;1;0;;1;0;;1;0;
34090;0;0;;1;1;;1;0;;1;1;;1;0;;1;0;;1;0;
34100;0;0;;1;1;;1;0;;1;0;;1;0;;1;0;;1;0;
34110;0;1;;1;1;;1;0;;1;0;;1;0;;1;0;;1;0;
34120;0;0;;1;1;;1;0;;1;0;;1;0;;1;0;;1;0;
34130;0;0;;1;0;;1;0;;1;1;;1;0;;1;0;;1;0;
34140;0;0;;1;1;;1;0;;1;0;;1;0;;1;0;;1;0;
34150;0;0;;1;1;;1;0;;1;0;;1;0;;1;0;;1;0;
34160;0;1;;1;1;;1;0;;1;0;;1;0;;1;0;;1;0;
34170;0;0;;1;1;;1;0;;1;1;;1;0;;1;0;;1;0;
34180;0;0;;1;1;;1;0;;1;0;;1;0;;1;0;;1;0;
34190;0;0;;1;0;;1;0;;1;0;;1;0;;1;0;;1;0;
34200;0;1;;1;1;;1;0;;1;0;;1;0;;1;0;;1;0;
34210;0;0;;1;1;;1;0;;1;1;;1;0;;1;0;;1;0;
34220;0;0;;1;1;;1;0;;1;0;;1;0;;1;0;;1;0;
34230;0;0;;1;1;;1;0;;1;0;;1;0;;1;0;;1;0;
34240;0;1;;1;1;;1;0;;1;1;;1;0;;1;0;;1;0;
34250;0;0;;1;1;;1;0;;1;0;;1;0;;1;0;;1;0;
34260;0;0;;1;0;;1;0;;1;0;;1;0;;1;0;;1;0;
34270;0;0;;1;1;;1;0;;1;0;;1;0;;1;0;;1;0;
34280;0;0;;1;1;;1;0;;1;1;;1;0;;1;0;;1;0;
34290;0;1;;1;1;;1;0;;1;0;;1;0;;1;0;;1;0;
34300;0;0;;1;1;;1;0;;1;0;;1;0;;1;0;;1;0;
34310;0;0;;1;1;;1;0;;1;0;;1;0;;1;0;;1;0;
34320;0;0;;1;1;;1;0;;1;1;;1;0;;1;0;;1;0;
34330;0;1;;1;0;;1;0;;1;0;;1;0;;1;0;;1;0;
34340;0;0;;1;1;;1;0;;1;0;;1;0;;1;0;;1;0;
34350;0;0;;1;1;;1;0;;1;0;;1;0;;1;0;;1;0;
34360;0;0;;1;1;;1;0;;1;1;;1;0;;1;0;;1;0;
34370;0;0;;1;1;;1;0;;1;0;;1;0;;1;0;;1;0;
34380;0;1;;1;1;;1;0;;1;0;;1;0;;1;0;;1;0;
34390;0;0;;1;1;;1;0;;1;0;;1;0;;1;0;;1;0;
34400;0;0;;1;1;;1;0;;1;1;;1;0;;1;0;;1;0;
34410;0;0;;1;0;;1;0;;1;0;;1;0;;1;0;;1;0;
34420;0;1;;1;1;;1;0;;1;0;;1;0;;1;0;;1;0;
34430;0;0;;1;1;;1;0;;1;0;;1;0;;1;0;;1;0;
34440;0;0;;1;1;;1;0;;1;1;;1;0;;1;0;;1;0;
34450;0;0;;1;1;;1;0;;1;0;;1;0;;1;0;;1;0;
34460;0;0;;1;1;;1;0;;1;0;;1;0;;1;0;;1;0;
34470;0;1;;1;1;;1;0;;1;0;;1;0;;1;0;;1;0;
34480;0;0;;1;1;;1;0;;1;1;;1;0;;1;0;;1;0;
34490;0;0;;1;1;;1;0;;1;0;;1;0;;1;0;;1;0;
34500;0;0;;1;0;;1;0;;1;0;;1;0;;1;0;;1;0;
34510;0;1;;1;1;;1;0;;1;1;;1;0;;1;0;;1;0;
34520;0;0;;1;1;;1;0;;1;0;;1;0;;1;0;;1;0;
34530;0;0;;1;1;;1;0;;1;0;;1;0;;1;0;;1;0;
34540;0;0;;1;1;;1;0;;1;0;;1;0;;1;0;;1;0;
34550;0;0;;1;1;;1;0;;1;1;;1;0;;1;0;;1;0;
34560;0;1;;1;1;;1;0;;1;0;;1;0;;1;0;;1;0;
34570;0;0;;1;1;;1;0;;1;0;;1;0;;1;0;;1;0;
34580;0;0;;1;1;;1;0;;1;0;;1;0;;1;0;;1;0;
34590;0;0;;1;1;;1;0;;1;1;;1;0;;1;0;;1;0;
34600;0;1;;1;1;;1;0;;1;0;;1;0;;1;0;;1;0;
34610;0;0;;1;0;;1;0;;1;0;;1;0;;1;0;;1;0;
34620;0;0;;1;1;;1;0;;1;0;;1;0;;1;0;;1;0;
34630;0;0;;1;1;;1;0;;1;1;;1;0;;1;0;;1;0;
34640;0;0;;1;1;;1;0;;1;0;;1;0;;1;0;;1;0;
34650;0;1;;1;1;;1;0;;1;0;;1;0;;1;0;;1;0;
34660;0;0;;1;1;;1;0;;1;0;;1;0;;1;0;;1;0;
34670;0;0;;1;1;;1;0;;1;1;;1;0;;1;0;;1;0;
34680;0;0;;1;1;;1;0;;1;0;;1;0;;1;0;;1;0;
34690;0;1;;1;1;;1;0;;1;0;;1;0;;1;0;;1;0;
34700;0;0;;1;1;;1;0;;1;0;;1;0;;1;0;;1;0;
34710;0;0;;1;1;;1;0;;1;1;;1;0;;1;0;;1;0;
34720;0;0;;1;1;;1;0;;1;0;;1;0;;1;0;;1;0;
34730;0;0;;1;1;;1;0;;1;0;;1;0;;1;0;;1;0;
34740;0;1;;1;0;;1;0;;1;0;;1;0;;1;0;;1;0;
34750;0;0;;1;1;;1;0;;1;1;;1;0;;1;0;;1;0;
34760;0;0;;1;1;;1;0;;1;0;;1;0;;1;0;;1;0;
34770;0;0;;1;1;;1;0;;1;0;;1;0;;1;0;;1;0;
34780;0;0;;1;1;;1;0;;1;0;;1;0;;1;0;;1;0;
34790;0;1;;1;1;;1;0;;1;1;;1;0;;1;0;;1;0;
34800;0;0;;1;1;;1;0;;1;0;;1;0;;1;0;;1;0;
34810;0;0;;1;1;;1;0;;1;0;;1;0;;1;0;;1;0;
34820;0;0;;1;1;;1;0;;1;0;;1;0;;1;0;;1;0;
34830;0;0;;1;1;;1;0;;1;1;;1;0;;1;0;;1;0;
34840;0;1;;1;1;;1;0;;1;0;;1;0;;1;0;;1;0;
34850;0;0;;1;1;;1;0;;1;0;;1;0;;1;0;;1;0;
34860;0;0;;1;1;;1;0;;1;0;;1;0;;1;0;;1;0;
34870;0;0;;1;1;;1;0;;1;1;;1;0;;1;0;;1;0;
34880;0;1;;1;1;;1;0;;1;0;;1;0;;1;0;;1;0;
34890;0;0;;1;1;;1;0;;1;0;;1;0;;1;0;;1;0;
34900;0;0;;1;1;;1;0;;1;0;;1;0;;1;0;;1;0;
34910;0;0;;1;0;;1;0;;1;1;;1;0;;1;0;;1;0;
34920;0;0;;1;1;;1;0;;1;0;;1;0;;1;0;;1;0;
34930;0;1;;1;1;;1;0;;1;0;;1;0;;1;0;;1;0;
34940;0;0;;1;1;;1;0;;1;0;;1;0;;1;0;;1;0;
34950;0;0;;1;1;;1;0;;1;1;;1;0;;1;0;;1;0;
34960;0;0;;1;1;;1;0;;1;0;;1;0;;1;0;;1;0;
34970;0;0;;1;1;;1;0;;1;0;;1;0;;1;0;;1;0;
34980;0;1;;1;1;;1;0;;1;0;;1;0;;1;0;;1;0;
34990;0;0;;1;1;;1;0;;1;1;;1;0;;1;0;;1;0;
35000;0;0;;1;1;;1;0;;1;0;;1;0;;1;0;;1;0;
35010;0;0;;1;1;;1;0;;1;0;;1;0;;1;0;;1;0;
35020;0;0;;1;1;;1;0;;1;0;;1;0;;1;0;;1;0;
35030;0;1;;1;1;;1;0;;1;1;;1;0;;1;0;;1;0;
35040;0;0;;1;1;;1;0;;1;0;;1;0;;1;0;;1;0;
35050;0;0;;1;1;;1;0;;1;0;;1;0;;1;0;;1;0;
35060;0;0;;1;1;;1;0;;1;0;;1;0;;1;0;;1;0;
35070;0;0;;1;1;;1;0;;1;1;;1;0;;1;0;;1;0;
35080;0;1;;1;1;;1;0;;1;0;;1;0;;1;0;;1;0;
35090;0;0;;1;1;;1;0;;1;0;;1;0;;1;0;;1;0;
35100;0;0;;1;1;;1;0;;1;0;;1;0;;1;0;;1;0;
35110;0;0;;1;1;;1;0;;1;1;;1;0;;1;0;;1;0;
35120;0;0;;1;1;;1;0;;1;0;;1;0;;1;0;;1;0;
35130;0;1;;1;1;;1;0;;1;0;;1;0;;1;0;;1;0;
35140;0;0;;1;1;;1;0;;1;0;;1;0;;1;0;;1;0;
35150;0;0;;1;1;;1;0;;1;1;;1;0;;1;0;;1;0;
35160;0;0;;1;1;;1;0;;1;0;;1;0;;1;0;;1;0;
35170;0;0;;1;1;;1;0;;1;0;;1;0;;1;0;;1;0;
35180;0;1;;1;1;;1;0;;1;0;;1;0;;1;0;;1;0;
35190;0;0;;1;1;;1;0;;1;0;;1;0;;1;0;;1;0;
35200;0;0;;1;1;;1;0;;1;1;;1;0;;1;0;;1;0;
35210;0;0;;1;0;;1;0;;1;0;;1;0;;1;0;;1;0;
35220;0;0;;1;1;;1;0;;1;0;;1;0;;1;0;;1;0;
35230;0;1;;1;1;;1;0;;1;0;;1;0;;1;0;;1;0;
35240;0;0;;1;1;;1;0;;1;1;;1;0;;1;0;;1;0;
35250;0;0;;1;1;;1;0;;1;0;;1;0;;1;0;;1;0;
35260;0;0;;1;1;;1;0;;1;0;;1;0;;1;0;;1;0;
35270;0;0;;1;1;;1;0;;1;0;;1;0;;1;0;;1;0;
35280;0;1;;1;1;;1;0;;1;1;;1;0;;1;0;;1;0;
35290;0;0;;1;1;;1;0;;1;0;;1;0;;1;0;;1;0;
35300;0;0;;1;1;;1;0;;1;0;;1;0;;1;0;;1;0;
35310;0;0;;1;1;;1;0;;1;0;;1;0;;1;0;;1;0;
35320;0;0;;1;1;;1;0;;1;1;;1;0;;1;0;;1;0;
35330;0;0;;1;1;;1;0;;1;0;;1;0;;1;0;;1;0;
35340;0;0;;1;1;;1;0;;1;0;;1;0;;1;0;;1;0;
35350;0;0;;1;1;;1;0;;1;0;;1;0;;1;0;;1;0;
35360;0;0;;1;1;;1;0;;1;1;;1;0;;1;0;;1;0;
35370;0;1;;1;1;;1;0;;1;0;;1;0;;1;0;;1;0;
35380;0;0;;1;1;;1;0;;1;0;;1;0;;1;0;;1;0;
35390;0;0;;1;1;;1;0;;1;0;;1;0;;1;0;;1;0;
35400;0;0;;1;1;;1;0;;1;1;;1;0;;1;0;;1;0;
35410;0;0;;1;1;;1;0;;1;0;;1;0;;1;0;;1;0;
35420;0;0;;1;1;;1;0;;1;0;;1;0;;1;0;;1;0;
35430;0;0;;1;1;;1;0;;1;0;;1;0;;1;0;;1;0;
35440;0;0;;1;1;;1;0;;1;1;;1;0;;1;0;;1;0;
35450;0;0;;1;1;;1;0;;1;0;;1;0;;1;0;;1;0;
35460;0;1;;1;1;;1;0;;1;0;;1;0;;1;0;;1;0;
35470;0;0;;1;1;;1;0;;1;0;;1;0;;1;0;;1;0;
35480;0;0;;1;1;;1;0;;1;0;;1;0;;1;0;;1;0;
35490;0;0;;1;1;;1;0;;1;1;;1;0;;1;0;;1;0;
35500;0;0;;1;1;;1;0;;1;0;;1;0;;1;0;;1;0;
35510;0;0;;1;1;;1;0;;1;0;;1;0;;1;0;;1;0;
35520;0;0;;1;1;;1;0;;1;0;;1;0;;1;0;;1;0;
35530;0;0;;1;1;;1;0;;1;1;;1;0;;1;0;;1;0;
35540;0;0;;1;1;;1;0;;1;0;;1;0;;1;0;;1;0;
35550;0;0;;1;1;;1;0;;1;0;;1;0;;1;0;;1;0;
35560;0;1;;1;1;;1;0;;1;0;;1;0;;1;0;;1;0;
35570;0;0;;1;1;;1;0;;1;1;;1;0;;1;0;;1;0;
35580;0;0;;1;1;;1;0;;1;0;;1;0;;1;0;;1;0;
35590;0;0;;1;1;;1;0;;1;0;;1;0;;1;0;;1;0;
35600;0;0;;1;1;;1;0;;1;0;;1;0;;1;0;;1;0;
35610;0;0;;1;1;;1;0;;1;1;;1;0;;1;0;;1;0;
35620;0;0;;1;1;;1;0;;1;0;;1;0;;1;0;;1;0;
35630;0;0;;1;1;;1;0;;1;0;;1;0;;1;0;;1;0;
35640;0;0;;1;1;;1;0;;1;0;;1;0;;1;0;;1;0;
35650;0;0;;1;1;;1;0;;1;1;;1;0;;1;0;;1;0;
35660;0;1;;1;1;;1;0;;1;0;;1;0;;1;0;;1;0;
35670;0;0;;1;1;;1;0;;1;0;;1;0;;1;0;;1;0;
35680;0;0;;1;1;;1;0;;1;0;;1;0;;1;0;;1;0;
35690;0;0;;1;1;;1;0;;1;0;;1;0;;1;0;;1;0;
35700;0;0;;1;1;;1;0;;1;1;;1;0;;1;0;;1;0;
35710;0;0;;1;1;;1;0;;1;0;;1;0;;1;0;;1;0;
35720;0;0;;1;1;;1;0;;1;0;;1;0;;1;0;;1;0;
35730;0;0;;1;1;;1;0;;1;0;;1;0;;1;0;;1;0;
35740;0;0;;1;1;;1;0;;1;1;;1;0;;1;0;;1;0;
35750;0;0;;1;1;;1;0;;1;0;;1;0;;1;0;;1;0;
35760;0;1;;1;1;;1;0;;1;0;;1;0;;1;0;;1;0;
35770;0;0;;1;1;;1;0;;1;0;;1;0;;1;0;;1;0;
35780;0;0;;1;1;;1;0;;1;1;;1;0;;1;0;;1;0;
35790;0;0;;1;1;;1;0;;1;0;;1;0;;1;0;;1;0;
35800;0;0;;1;1;;1;0;;1;0;;1;0;;1;0;;1;0;
35810;0;0;;1;1;;1;0;;1;0;;1;0;;1;0;;1;0;
35820;0;0;;1;1;;1;0;;1;0;;1;0;;1;0;;1;0;
35830;0;0;;1;1;;1;0;;1;1;;1;0;;1;0;;1;0;
35840;0;0;;1;1;;1;0;;1;0;;1;0;;1;0;;1;0;
35850;0;1;;1;1;;1;0;;1;0;;1;0;;1;0;;1;0;
35860;0;0;;1;1;;1;0;;1;0;;1;0;;1;0;;1;0;
35870;0;0;;1;1;;1;0;;1;1;;1;0;;1;0;;1;0;
35880;0;0;;1;1;;1;0;;1;0;;1;0;;1;0;;1;0;
35890;0;0;;1;1;;1;0;;1;0;;1;0;;1;0;;1;0;
35900;0;0;;1;1;;1;0;;1;0;;1;0;;1;0;;1;0;
35910;0;0;;1;1;;1;0;;1;1;;1;0;;1;0;;1;0;
35920;0;0;;1;1;;1;0;;1;0;;1;0;;1;0;;1;0;
35930;0;0;;1;1;;1;0;;1;0;;1;0;;1;0;;1;0;
35940;0;0;;1;1;;1;0;;1;0;;1;0;;1;0;;1;0;
35950;0;0;;1;1;;1;0;;1;1;;1;0;;1;0;;1;0;
35960;0;1;;1;1;;1;0;;1;0;;1;0;;1;0;;1;0;
35970;0;0;;1;1;;1;0;;1;0;;1;0;;1;0;;1;0;
35980;0;0;;1;1;;1;0;;1;0;;1;0;;1;0;;1;0;
35990;0;0;;1;1;;1;0;;1;0;;1;0;;1;0;;1;0;
36000;0;0;;1;1;;1;0;;1;1;;1;0;;1;0;;1;0;
36010;0;0;;1;1;;1;0;;1;0;;1;0;;1;0;;1;0;
36020;0;0;;1;1;;1;0;;1;0;;1;0;;1;0;;1;0;
36030;0;0;;1;1;;1;0;;1;0;;1;0;;1;0;;1;0;
36040;0;0;;1;1;;1;0;;1;1;;1;0;;1;0;;1;0;
36050;0;0;;1;1;;1;0;;1;0;;1;0;;1;0;;1;0;
36060;0;1;;1;1;;1;0;;1;0;;1;0;;1;0;;1;0;
36070;0;0;;1;1;;1;0;;1;0;;1;0;;1;0;;1;0;
36080;0;0;;1;1;;1;0;;1;0;;1;0;;1;0;;1;0;
36090;0;0;;1;1;;1;0;;1;1;;1;0;;1;0;;1;0;
36100;0;0;;1;1;;1;0;;1;0;;1;0;;1;0;;1;0;
36110;0;0;;1;1;;1;0;;1;0;;1;0;;1;0;;1;0;
36120;0;0;;1;1;;1;0;;1;0;;1;0;;1;0;;1;0;
36130;0;0;;1;1;;1;0;;1;1;;1;0;;1;0;;1;0;
36140;0;0;;1;1;;1;0;;1;0;;1;0;;1;0;;1;0;
36150;0;0;;1;1;;1;0;;1;0;;1;0;;1;0;;1;0;
36160;0;1;;1;1;;1;0;;1;0;;1;0;;1;0;;1;0;
36170;0;0;;1;1;;1;0;;1;1;;1;0;;1;0;;1;0;
36180;0;0;;1;1;;1;0;;1;0;;1;0;;1;0;;1;0;
36190;0;0;;1;1;;1;0;;1;0;;1;0;;1;0;;1;0;
36200;0;0;;1;1;;1;0;;1;0;;1;0;;1;0;;1;0;
36210;0;0;;1;1;;1;0;;1;0;;1;0;;1;0;;1;0;
36220;0;0;;1;1;;1;0;;1;1;;1;0;;1;0;;1;0;
36230;0;0;;1;1;;1;0;;1;0;;1;0;;1;0;;1;0;
36240;0;0;;1;1;;1;0;;1;0;;1;0;;1;0;;1;0;
36250;0;0;;1;1;;1;0;;1;0;;1;0;;1;0;;1;0;
36260;0;0;;1;1;;1;0;;1;1;;1;0;;1;0;;1;0;
36270;0;1;;1;1;;1;0;;1;0;;1;0;;1;0;;1;0;
36280;0;0;;1;1;;1;0;;1;0;;1;0;;1;0;;1;0;
36290;0;0;;1;1;;1;0;;1;0;;1;0;;1;0;;1;0;
36300;0;0;;1;1;;1;0;;1;0;;1;0;;1;0;;1;0;
36310;0;0;;1;1;;1;0;;1;1;;1;0;;1;0;;1;0;
36320;0;0;;1;1;;1;0;;1;0;;1;0;;1;0;;1;0;
36330;0;0;;1;1;;1;0;;1;0;;1;0;;1;0;;1;0;
36340;0;0;;1;1;;1;0;;1;0;;1;0;;1;0;;1;0;
36350;0;0;;1;1;;1;0;;1;1;;1;0;;1;0;;1;0;
36360;0;0;;1;1;;1;0;;1;0;;1;0;;1;0;;1;0;
36370;0;0;;1;1;;1;0;;1;0;;1;0;;1;0;;1;0;
36380;0;1;;1;1;;1;0;;1;0;;1;0;;1;0;;1;0;
36390;0;0;;1;1;;1;0;;1;1;;1;0;;1;0;;1;0;
36400;0;0;;1;1;;1;0;;1;0;;1;0;;1;0;;1;0;
36410;0;0;;1;1;;1;0;;1;0;;1;0;;1;0;;1;0;
36420;0;0;;1;1;;1;0;;1;0;;1;0;;1;0;;1;0;
36430;0;0;;1;1;;1;0;;1;0;;1;0;;1;0;;1;0;
36440;0;0;;1;1;;1;0;;1;1;;1;0;;1;0;;1;0;
36450;0;0;;1;1;;1;0;;1;0;;1;0;;1;0;;1;0;
36460;0;0;;1;1;;1;0;;1;0;;1;0;;1;0;;1;0;
36470;0;0;;1;1;;1;0;;1;0;;1;0;;1;0;;1;0;
36480;0;0;;1;1;;1;0;;1;1;;1;0;;1;0;;1;0;
36490;0;1;;1;1;;1;0;;1;0;;1;0;;1;0;;1;0;
36500;0;0;;1;1;;1;0;;1;0;;1;0;;1;0;;1;0;
36510;0;0;;1;1;;1;0;;1;0;;1;0;;1;0;;1;0;
36520;0;0;;1;1;;1;0;;1;0;;1;0;;1;0;;1;0;
36530;0;0;;1;1;;1;0;;1;1;;1;0;;1;0;;1;0;
36540;0;0;;1;1;;1;0;;1;0;;1;0;;1;0;;1;0;
36550;0;0;;1;1;;1;0;;1;0;;1;0;;1;0;;1;0;
36560;0;0;;1;1;;1;0;;1;0;;1;0;;1;0;;1;0;
36570;0;0;;1;1;;1;0;;1;0;;1;0;;1;0;;1;0;
36580;0;0;;1;1;;1;0;;1;1;;1;0;;1;0;;1;0;
36590;0;0;;1;1;;1;0;;1;0;;1;0;;1;0;;1;0;
36600;0;1;;1;1;;1;0;;1;0;;1;0;;1;0;;1;0;
36610;0;0;;1;1;;1;0;;1;0;;1;0;;1;0;;1;0;
36620;0;0;;1;1;;1;0;;1;1;;1;0;;1;0;;1;0;
36630;0;0;;1;1;;1;0;;1;0;;1;0;;1;0;;1;0;
36640;0;0;;1;1;;1;0;;1;0;;1;0;;1;0;;1;0;
36650;0;0;;1;1;;1;0;;1;0;;1;0;;1;0;;1;0;
36660;0;0;;1;1;;1;0;;1;0;;1;0;;1;0;;1;0;
36670;0;0;;1;1;;1;0;;1;1;;1;0;;1;0;;1;0;
36680;0;0;;1;1;;1;0;;1;0;;1;0;;1;0;;1;0;
36690;0;0;;1;1;;1;0;;1;0;;1;0;;1;0;;1;0;
36700;0;0;;1;1;;1;0;;1;0;;1;0;;1;0;;1;0;
36710;0;0;;1;1;;1;0;;1;1;;1;0;;1;0;;1;0;
36720;0;1;;1;1;;1;0;;1;0;;1;0;;1;0;;1;0;
36730;0;0;;1;1;;1;0;;1;0;;1;0;;1;0;;1;0;
36740;0;0;;1;1;;1;0;;1;0;;1;0;;1;0;;1;0;
36750;0;0;;1;1;;1;0;;1;0;;1;0;;1;0;;1;0;
36760;0;0;;1;1;;1;0;;1;1;;1;0;;1;0;;1;0;
36770;0;0;;1;1;;1;0;;1;0;;1;0;;1;0;;1;0;
36780;0;0;;1;1;;1;0;;1;0;;1;0;;1;0;;1;0;
36790;0;0;;1;1;;1;0;;1;0;;1;0;;1;0;;1;0;
36800;0;0;;1;1;;1;0;;1;1;;1;0;;1;0;;1;0;
36810;0;0;;1;1;;1;0;;1;0;;1;0;;1;0;;1;0;
36820;0;0;;1;1;;1;0;;1;0;;1;0;;1;0;;1;0;
36830;0;1;;1;1;;1;0;;1;0;;1;0;;1;0;;1;0;
36840;0;0;;1;1;;1;0;;1;0;;1;0;;1;0;;1;0;
36850;0;0;;1;1;;1;0;;1;1;;1;0;;1;0;;1;0;
36860;0;0;;1;1;;1;0;;1;0;;1;0;;1;0;;1;0;
36870;0;0;;1;1;;1;0;;1;0;;1;0;;1;0;;1;0;
36880;0;0;;1;1;;1;0;;1;0;;1;0;;1;0;;1;0;
36890;0;0;;1;1;;1;0;;1;0;;1;0;;1;0;;1;0;
36900;0;0;;1;1;;1;0;;1;1;;1;0;;1;0;;1;0;
36910;0;0;;1;1;;1;0;;1;0;;1;0;;1;0;;1;0;
36920;0;0;;1;1;;1;0;;1;0;;1;0;;1;0;;1;0;
36930;0;0;;1;1;;1;0;;1;0;;1;0;;1;0;;1;0;
36940;0;0;;1;1;;1;0;;1;1;;1;0;;1;0;;1;0;
36950;0;1;;1;1;;1;0;;1;0;;1;0;;1;0;;1;0;
36960;0;0;;1;1;;1;0;;1;0;;1;0;;1;0;;1;0;
36970;0;0;;1;1;;1;0;;1;0;;1;0;;1;0;;1;0;
36980;0;0;;1;1;;1;0;;1;0;;1;0;;1;0;;1;0;
36990;0;0;;1;1;;1;0;;1;1;;1;0;;1;0;;1;0;
37000;0;0;;1;1;;1;0;;1;0;;1;0;;1;0;;1;0;
37010;0;0;;1;1;;1;0;;1;0;;1;0;;1;0;;1;0;
37020;0;0;;1;1;;1;0;;1;0;;1;0;;1;0;;1;0;
37030;0;0;;1;1;;1;0;;1;0;;1;0;;1;0;;1;0;
37040;0;0;;1;1;;1;0;;1;1;;1;0;;1;0;;1;0;
37050;0;0;;1;1;;1;0;;1;0;;1;0;;1;0;;1;0;
37060;0;0;;1;1;;1;0;;1;0;;1;0;;1;0;;1;0;
37070;0;1;;1;1;;1;0;;1;0;;1;0;;1;0;;1;0;
37080;0;0;;1;1;;1;0;;1;1;;1;0;;1;0;;1;0;
37090;0;0;;1;1;;1;0;;1;0;;1;0;;1;0;;1;0;
37100;0;0;;1;1;;1;0;;1;0;;1;0;;1;0;;1;0;
37110;0;0;;1;1;;1;0;;1;0;;1;0;;1;0;;1;0;
37120;0;0;;1;1;;1;0;;1;0;;1;0;;1;0;;1;0;
37130;0;0;;1;1;;1;0;;1;1;;1;0;;1;0;;1;0;
37140;0;0;;1;1;;1;0;;1;0;;1;0;;1;0;;1;0;
37150;0;0;;1;1;;1;0;;1;0;;1;0;;1;0;;1;0;
37160;0;0;;1;1;;1;0;;1;0;;1;0;;1;0;;1;0;
37170;0;0;;1;1;;1;0;;1;0;;1;0;;1;0;;1;0;
37180;0;0;;1;1;;1;0;;1;1;;1;0;;1;0;;1;0;
37190;0;0;;1;1;;1;0;;1;0;;1;0;;1;0;;1;0;
37200;0;1;;1;1;;1;0;;1;0;;1;0;;1;0;;1;0;
37210;0;0;;1;1;;1;0;;1;0;;1;0;;1;0;;1;0;
37220;0;0;;1;1;;1;0;;1;0;;1;0;;1;0;;1;0;
37230;0;0;;1;1;;1;0;;1;1;;1;0;;1;0;;1;0;
37240;0;0;;1;1;;1;0;;1;0;;1;0;;1;0;;1;0;
37250;0;0;;1;1;;1;0;;1;0;;1;0;;1;0;;1;0;
37260;0;0;;1;1;;1;0;;1;0;;1;0;;1;0;;1;0;
37270;0;0;;1;1;;1;0;;1;1;;1;0;;1;0;;1;0;
37280;0;0;;1;1;;1;0;;1;0;;1;0;;1;0;;1;0;
37290;0;0;;1;1;;1;0;;1;0;;1;0;;1;0;;1;0;
37300;0;0;;1;1;;1;0;;1;0;;1;0;;1;0;;1;0;
37310;0;0;;1;1;;1;0;;1;0;;1;0;;1;0;;1;0;
37320;0;1;;1;1;;1;0;;1;1;;1;0;;1;0;;1;0;
37330;0;0;;1;1;;1;0;;1;0;;1;0;;1;0;;1;0;
37340;0;0;;1;1;;1;0;;1;0;;1;0;;1;0;;1;0;
37350;0;0;;1;1;;1;0;;1;0;;1;0;;1;0;;1;0;
37360;0;0;;1;1;;1;0;;1;0;;1;0;;1;0;;1;0;
37370;0;0;;1;1;;1;0;;1;1;;1;0;;1;0;;1;0;
37380;0;0;;1;1;;1;0;;1;0;;1;0;;1;0;;1;0;
37390;0;0;;1;1;;1;0;;1;0;;1;0;;1;0;;1;0;
37400;0;0;;1;1;;1;0;;1;0;;1;0;;1;0;;1;0;
37410;0;0;;1;1;;1;0;;1;0;;1;0;;1;0;;1;0;
37420;0;0;;1;1;;1;0;;1;1;;1;0;;1;0;;1;0;
37430;0;0;;1;1;;1;0;;1;0;;1;0;;1;0;;1;0;
37440;0;0;;1;1;;1;0;;1;0;;1;0;;1;0;;1;0;
37450;0;1;;1;1;;1;0;;1;0;;1;0;;1;0;;1;0;
37460;0;0;;1;1;;1;0;;1;0;;1;0;;1;0;;1;0;
37470;0;0;;1;1;;1;0;;1;1;;1;0;;1;0;;1;0;
37480;0;0;;1;1;;1;0;;1;0;;1;0;;1;0;;1;0;
37490;0;0;;1;0;;1;0;;1;0;;1;0;;1;0;;1;0;
37500;0;0;;1;1;;1;0;;1;0;;1;0;;1;0;;1;0;
37510;0;0;;1;1;;1;0;;1;1;;1;0;;1;0;;1;0;
37520;0;0;;1;1;;1;0;;1;0;;1;0;;1;0;;1;0;
37530;0;0;;1;1;;1;0;;1;0;;1;0;;1;0;;1;0;
37540;0;0;;1;1;;1;0;;1;0;;1;0;;1;0;;1;0;
37550;0;0;;1;1;;1;0;;1;0;;1;0;;1;0;;1;0;
37560;0;0;;1;1;;1;0;;1;1;;1;0;;1;0;;1;0;
37570;0;0;;1;1;;1;0;;1;0;;1;0;;1;0;;1;0;
37580;0;0;;1;1;;1;0;;1;0;;1;0;;1;0;;1;0;
37590;0;1;;1;1;;1;0;;1;0;;1;0;;1;0;;1;0;
37600;0;0;;1;1;;1;0;;1;0;;1;0;;1;0;;1;0;
37610;0;0;;1;1;;1;0;;1;1;;1;0;;1;0;;1;0;
37620;0;0;;1;1;;1;0;;1;0;;1;0;;1;0;;1;0;
37630;0;0;;1;1;;1;0;;1;0;;1;0;;1;0;;1;0;
37640;0;0;;1;1;;1;0;;1;0;;1;0;;1;0;;1;0;
37650;0;0;;1;1;;1;0;;1;0;;1;0;;1;0;;1;0;
37660;0;0;;1;1;;1;0;;1;1;;1;0;;1;0;;1;0;
37670;0;0;;1;1;;1;0;;1;0;;1;0;;1;0;;1;0;
37680;0;0;;1;1;;1;0;;1;0;;1;0;;1;0;;1;0;
37690;0;0;;1;1;;1;0;;1;0;;1;0;;1;0;;1;0;
37700;0;0;;1;1;;1;0;;1;0;;1;0;;1;0;;1;0;
37710;0;0;;1;1;;1;0;;1;1;;1;0;;1;0;;1;0;
37720;0;1;;1;1;;1;0;;1;0;;1;0;;1;0;;1;0;
37730;0;0;;1;1;;1;0;;1;0;;1;0;;1;0;;1;0;
37740;0;0;;1;1;;1;0;;1;0;;1;0;;1;0;;1;0;
37750;0;0;;1;1;;1;0;;1;0;;1;0;;1;0;;1;0;
37760;0;0;;1;1;;1;0;;1;1;;1;0;;1;0;;1;0;
37770;0;0;;1;1;;1;0;;1;0;;1;0;;1;0;;1;0;
37780;0;0;;1;1;;1;0;;1;0;;1;0;;1;0;;1;0;
37790;0;0;;1;1;;1;0;;1;0;;1;0;;1;0;;1;0;
37800;0;0;;1;1;;1;0;;1;0;;1;0;;1;0;;1;0;
37810;0;0;;1;1;;1;0;;1;1;;1;0;;1;0;;1;0;
37820;0;0;;1;1;;1;0;;1;0;;1;0;;1;0;;1;0;
37830;0;0;;1;1;;1;0;;1;0;;1;0;;1;0;;1;0;
37840;0;0;;1;1;;1;0;;1;0;;1;0;;1;0;;1;0;
37850;0;0;;1;1;;1;0;;1;0;;1;0;;1;0;;1;0;
37860;0;1;;1;1;;1;0;;1;1;;1;0;;1;0;;1;0;
37870;0;0;;1;1;;1;0;;1;0;;1;0;;1;0;;1;0;
37880;0;0;;1;1;;1;0;;1;0;;1;0;;1;0;;1;0;
37890;0;0;;1;1;;1;0;;1;0;;1;0;;1;0;;1;0;
37900;0;0;;1;1;;1;0;;1;0;;1;0;;1;0;;1;0;
37910;0;0;;1;1;;1;0;;1;1;;1;0;;1;0;;1;0;
37920;0;0;;1;1;;1;0;;1;0;;1;0;;1;0;;1;0;
37930;0;0;;1;1;;1;0;;1;0;;1;0;;1;0;;1;0;
37940;0;0;;1;1;;1;0;;1;0;;1;0;;1;0;;1;0;
37950;0;0;;1;1;;1;0;;1;0;;1;0;;1;0;;1;0;
37960;0;0;;1;1;;1;0;;1;1;;1;0;;1;0;;1;0;
37970;0;0;;1;1;;1;0;;1;0;;1;0;;1;0;;1;0;
37980;0;0;;1;1;;1;0;;1;0;;1;0;;1;0;;1;0;
37990;0;0;;1;1;;1;0;;1;0;;1;0;;1;0;;1;0;
38000;0;0;;1;1;;1;0;;1;0;;1;0;;1;0;;1;0;
38010;0;1;;1;1;;1;0;;1;1;;1;0;;1;0;;1;0;
38020;0;0;;1;1;;1;0;;1;0;;1;0;;1;0;;1;0;
38030;0;0;;1;1;;1;0;;1;0;;1;0;;1;0;;1;0;
38040;0;0;;1;1;;1;0;;1;0;;1;0;;1;0;;1;0;
38050;0;0;;1;1;;1;0;;1;0;;1;0;;1;0;;1;0;
38060;0;0;;1;1;;1;0;;1;0;;1;0;;1;0;;1;0;
38070;0;0;;1;1;;1;0;;1;0;;1;0;;1;0;;1;0;
38080;0;0;;1;1;;1;0;;1;0;;1;0;;1;0;;1;0;
38090;0;0;;1;1;;1;0;;1;0;;1;0;;1;0;;1;0;
38100;0;0;;1;1;;1;0;;1;1;;1;0;;1;0;;1;0;
38110;0;0;;1;1;;1;0;;1;0;;1;0;;1;0;;1;0;
38120;0;0;;1;1;;1;0;;1;0;;1;0;;1;0;;1;0;
38130;0;0;;1;1;;1;0;;1;0;;1;0;;1;0;;1;0;
38140;0;0;;1;0;;1;0;;1;0;;1;0;;1;0;;1;0;
38150;0;1;;1;1;;1;0;;1;0;;1;0;;1;0;;1;0;
38160;0;0;;1;1;;1;0;;1;0;;1;0;;1;0;;1;0;
38170;0;0;;1;1;;1;0;;1;0;;1;0;;1;0;;1;0;
38180;0;0;;1;1;;1;0;;1;0;;1;0;;1;0;;1;0;
38190;0;0;;1;1;;1;0;;1;1;;1;0;;1;0;;1;0;
38200;0;0;;1;1;;1;0;;1;0;;1;0;;1;0;;1;0;
38210;0;0;;1;1;;1;0;;1;0;;1;0;;1;0;;1;0;
38220;0;0;;1;1;;1;0;;1;0;;1;0;;1;0;;1;0;
38230;0;0;;1;1;;1;0;;1;0;;1;0;;1;0;;1;0;
38240;0;0;;1;1;;1;0;;1;0;;1;0;;1;0;;1;0;
38250;0;0;;1;1;;1;0;;1;0;;1;0;;1;0;;1;0;
38260;0;0;;1;1;;1;0;;1;0;;1;0;;1;0;;1;0;
38270;0;0;;1;1;;1;0;;1;0;;1;0;;1;0;;1;0;
38280;0;0;;1;1;;1;0;;1;0;;1;0;;1;0;;1;0;
38290;0;0;;1;1;;1;0;;1;1;;1;0;;1;0;;1;0;
38300;0;1;;1;1;;1;0;;1;0;;1;0;;1;0;;1;0;
38310;0;0;;1;1;;1;0;;1;0;;1;0;;1;0;;1;0;
38320;0;0;;1;1;;1;0;;1;0;;1;0;;1;0;;1;0;
38330;0;0;;1;1;;1;0;;1;0;;1;0;;1;0;;1;0;
38340;0;0;;1;1;;1;0;;1;0;;1;0;;1;0;;1;0;
38350;0;0;;1;1;;1;0;;1;0;;1;0;;1;0;;1;0;
38360;0;0;;1;1;;1;0;;1;0;;1;0;;1;0;;1;0;
38370;0;0;;1;1;;1;0;;1;0;;1;0;;1;0;;1;0;
38380;0;0;;1;1;;1;0;;1;1;;1;0;;1;0;;1;0;
38390;0;0;;1;1;;1;0;;1;0;;1;0;;1;0;;1;0;
38400;0;0;;1;1;;1;0;;1;0;;1;0;;1;0;;1;0;
38410;0;0;;1;1;;1;0;;1;0;;1;0;;1;0;;1;0;
38420;0;0;;1;1;;1;0;;1;0;;1;0;;1;0;;1;0;
38430;0;0;;1;1;;1;0;;1;0;;1;0;;1;0;;1;0;
38440;0;0;;1;1;;1;0;;1;0;;1;0;;1;0;;1;0;
38450;0;0;;1;1;;1;0;;1;0;;1;0;;1;0;;1;0;
38460;0;1;;1;1;;1;0;;1;0;;1;0;;1;0;;1;0;
38470;0;0;;1;1;;1;0;;1;0;;1;0;;1;0;;1;0;
38480;0;0;;1;1;;1;0;;1;1;;1;0;;1;0;;1;0;
38490;0;0;;1;1;;1;0;;1;0;;1;0;;1;0;;1;0;
38500;0;0;;1;1;;1;0;;1;0;;1;0;;1;0;;1;0;
38510;0;0;;1;1;;1;0;;1;0;;1;0;;1;0;;1;0;
38520;0;0;;1;1;;1;0;;1;0;;1;0;;1;0;;1;0;
38530;0;0;;1;1;;1;0;;1;0;;1;0;;1;0;;1;0;
38540;0;0;;1;1;;1;0;;1;0;;1;0;;1;0;;1;0;
38550;0;0;;1;1;;1;0;;1;0;;1;0;;1;0;;1;0;
38560;0;0;;1;1;;1;0;;1;0;;1;0;;1;0;;1;0;
38570;0;0;;1;0;;1;0;;1;1;;1;0;;1;0;;1;0;
38580;0;0;;1;1;;1;0;;1;0;;1;0;;1;0;;1;0;
38590;0;0;;1;1;;1;0;;1;0;;1;0;;1;0;;1;0;
38600;0;0;;1;1;;1;0;;1;0;;1;0;;1;0;;1;0;
38610;0;0;;1;1;;1;0;;1;0;;1;0;;1;0;;1;0;
38620;0;1;;1;1;;1;0;;1;0;;1;0;;1;0;;1;0;
38630;0;0;;1;1;;1;0;;1;0;;1;0;;1;0;;1;0;
38640;0;0;;1;1;;1;0;;1;0;;1;0;;1;0;;1;0;
38650;0;0;;1;1;;1;0;;1;0;;1;0;;1;0;;1;0;
38660;0;0;;1;1;;1;0;;1;0;;1;0;;1;0;;1;0;
38670;0;0;;1;1;;1;0;;1;1;;1;0;;1;0;;1;0;
38680;0;0;;1;1;;1;0;;1;0;;1;0;;1;0;;1;0;
38690;0;0;;1;1;;1;0;;1;0;;1;0;;1;0;;1;0;
38700;0;0;;1;1;;1;0;;1;0;;1;0;;1;0;;1;0;
38710;0;0;;1;1;;1;0;;1;0;;1;0;;1;0;;1;0;
38720;0;0;;1;1;;1;0;;1;0;;1;0;;1;0;;1;0;
38730;0;0;;1;1;;1;0;;1;0;;1;0;;1;0;;1;0;
38740;0;0;;1;1;;1;0;;1;0;;1;0;;1;0;;1;0;
38750;0;0;;1;1;;1;0;;1;0;;1;0;;1;0;;1;0;
38760;0;0;;1;1;;1;0;;1;0;;1;0;;1;0;;1;0;
38770;0;0;;1;1;;1;0;;1;1;;1;0;;1;0;;1;0;
38780;0;0;;1;1;;1;0;;1;0;;1;0;;1;0;;1;0;
38790;0;1;;1;1;;1;0;;1;0;;1;0;;1;0;;1;0;
38800;0;0;;1;1;;1;0;;1;0;;1;0;;1;0;;1;0;
38810;0;0;;1;1;;1;0;;1;0;;1;0;;1;0;;1;0;
38820;0;0;;1;1;;1;0;;1;0;;1;0;;1;0;;1;0;
38830;0;0;;1;1;;1;0;;1;0;;1;0;;1;0;;1;0;
38840;0;0;;1;1;;1;0;;1;0;;1;0;;1;0;;1;0;
38850;0;0;;1;1;;1;0;;1;0;;1;0;;1;0;;1;0;
38860;0;0;;1;1;;1;0;;1;1;;1;0;;1;0;;1;0;
38870;0;0;;1;1;;1;0;;1;0;;1;0;;1;0;;1;0;
38880;0;0;;1;1;;1;0;;1;0;;1;0;;1;0;;1;0;
38890;0;0;;1;0;;1;0;;1;0;;1;0;;1;0;;1;0;
38900;0;0;;1;1;;1;0;;1;0;;1;0;;1;0;;1;0;
38910;0;0;;1;1;;1;0;;1;0;;1;0;;1;0;;1;0;
38920;0;0;;1;1;;1;0;;1;0;;1;0;;1;0;;1;0;
38930;0;0;;1;1;;1;0;;1;0;;1;0;;1;0;;1;0;
38940;0;0;;1;1;;1;0;;1;0;;1;0;;1;0;;1;0;
38950;0;0;;1;1;;1;0;;1;0;;1;0;;1;0;;1;0;
38960;0;1;;1;1;;1;0;;1;1;;1;0;;1;0;;1;0;
38970;0;0;;1;1;;1;0;;1;0;;1;0;;1;0;;1;0;
38980;0;0;;1;1;;1;0;;1;0;;1;0;;1;0;;1;0;
38990;0;0;;1;1;;1;0;;1;0;;1;0;;1;0;;1;0;
39000;0;0;;1;1;;1;0;;1;0;;1;0;;1;0;;1;0;
39010;0;0;;1;1;;1;0;;1;0;;1;0;;1;0;;1;0;
39020;0;0;;1;1;;1;0;;1;0;;1;0;;1;0;;1;0;
39030;0;0;;1;1;;1;0;;1;0;;1;0;;1;0;;1;0;
39040;0;0;;1;1;;1;0;;1;0;;1;0;;1;0;;1;0;
39050;0;0;;1;1;;1;0;;1;0;;1;0;;1;0;;1;0;
39060;0;0;;1;1;;1;0;;1;1;;1;0;;1;0;;1;0;
39070;0;0;;1;1;;1;0;;1;0;;1;0;;1;0;;1;0;
39080;0;0;;1;1;;1;0;;1;0;;1;0;;1;0;;1;0;
39090;0;0;;1;1;;1;0;;1;0;;1;0;;1;0;;1;0;
39100;0;0;;1;1;;1;0;;1;0;;1;0;;1;0;;1;0;
39110;0;0;;1;1;;1;0;;1;0;;1;0;;1;0;;1;0;
39120;0;0;;1;1;;1;0;;1;0;;1;0;;1;0;;1;0;
39130;0;0;;1;1;;1;0;;1;0;;1;0;;1;0;;1;0;
39140;0;1;;1;1;;1;0;;1;0;;1;0;;1;0;;1;0;
39150;0;0;;1;1;;1;0;;1;0;;1;0;;1;0;;1;0;
39160;0;0;;1;1;;1;0;;1;1;;1;0;;1;0;;1;0;
39170;0;0;;1;0;;1;0;;1;0;;1;0;;1;0;;1;0;
39180;0;0;;1;1;;1;0;;1;0;;1;0;;1;0;;1;0;
39190;0;0;;1;1;;1;0;;1;0;;1;0;;1;0;;1;0;
39200;0;0;;1;1;;1;0;;1;0;;1;0;;1;0;;1;0;
39210;0;0;;1;1;;1;0;;1;0;;1;0;;1;0;;1;0;
39220;0;0;;1;1;;1;0;;1;0;;1;0;;1;0;;1;0;
39230;0;0;;1;1;;1;0;;1;0;;1;0;;1;0;;1;0;
39240;0;0;;1;1;;1;0;;1;0;;1;0;;1;0;;1;0;
39250;0;0;;1;1;;1;0;;1;0;;1;0;;1;0;;1;0;
39260;0;0;;1;1;;1;0;;1;1;;1;0;;1;0;;1;0;
39270;0;0;;1;1;;1;0;;1;0;;1;0;;1;0;;1;0;
39280;0;0;;1;1;;1;0;;1;0;;1;0;;1;0;;1;0;
39290;0;0;;1;1;;1;0;;1;0;;1;0;;1;0;;1;0;
39300;0;0;;1;1;;1;0;;1;0;;1;0;;1;0;;1;0;
39310;0;0;;1;1;;1;0;;1;0;;1;0;;1;0;;1;0;
39320;0;1;;1;1;;1;0;;1;0;;1;0;;1;0;;1;0;
39330;0;0;;1;1;;1;0;;1;0;;1;0;;1;0;;1;0;
39340;0;0;;1;1;;1;0;;1;0;;1;0;;1;0;;1;0;
39350;0;0;;1;1;;1;0;;1;0;;1;0;;1;0;;1;0;
39360;0;0;;1;1;;1;0;;1;0;;1;0;;1;0;;1;0;
39370;0;0;;1;1;;1;0;;1;1;;1;0;;1;0;;1;0;
39380;0;0;;1;1;;1;0;;1;0;;1;0;;1;0;;1;0;
39390;0;0;;1;1;;1;0;;1;0;;1;0;;1;0;;1;0;
39400;0;0;;1;0;;1;0;;1;0;;1;0;;1;0;;1;0;
39410;0;0;;1;1;;1;0;;1;0;;1;0;;1;0;;1;0;
39420;0;0;;1;1;;1;0;;1;0;;1;0;;1;0;;1;0;
39430;0;0;;1;1;;1;0;;1;0;;1;0;;1;0;;1;0;
39440;0;0;;1;1;;1;0;;1;0;;1;0;;1;0;;1;0;
39450;0;0;;1;1;;1;0;;1;0;;1;0;;1;0;;1;0;
39460;0;0;;1;1;;1;0;;1;0;;1;0;;1;0;;1;0;
39470;0;0;;1;1;;1;0;;1;1;;1;0;;1;0;;1;0;
39480;0;0;;1;1;;1;0;;1;0;;1;0;;1;0;;1;0;
39490;0;0;;1;1;;1;0;;1;0;;1;0;;1;0;;1;0;
39500;0;0;;1;1;;1;0;;1;0;;1;0;;1;0;;1;0;
39510;0;1;;1;1;;1;0;;1;0;;1;0;;1;0;;1;0;
39520;0;0;;1;1;;1;0;;1;0;;1;0;;1;0;;1;0;
39530;0;0;;1;1;;1;0;;1;0;;1;0;;1;0;;1;0;
39540;0;0;;1;1;;1;0;;1;0;;1;0;;1;0;;1;0;
39550;0;0;;1;1;;1;0;;1;0;;1;0;;1;0;;1;0;
39560;0;0;;1;1;;1;0;;1;0;;1;0;;1;0;;1;0;
39570;0;0;;1;1;;1;0;;1;1;;1;0;;1;0;;1;0;
39580;0;0;;1;1;;1;0;;1;0;;1;0;;1;0;;1;0;
39590;0;0;;1;1;;1;0;;1;0;;1;0;;1;0;;1;0;
39600;0;0;;1;1;;1;0;;1;0;;1;0;;1;0;;1;0;
39610;0;0;;1;0;;1;0;;1;0;;1;0;;1;0;;1;0;
39620;0;0;;1;1;;1;0;;1;0;;1;0;;1;0;;1;0;
39630;0;0;;1;1;;1;0;;1;0;;1;0;;1;0;;1;0;
39640;0;0;;1;1;;1;0;;1;0;;1;0;;1;0;;1;0;
39650;0;0;;1;1;;1;0;;1;0;;1;0;;1;0;;1;0;
39660;0;0;;1;1;;1;0;;1;0;;1;0;;1;0;;1;0;
39670;0;0;;1;1;;1;0;;1;0;;1;0;;1;0;;1;0;
39680;0;0;;1;1;;1;0;;1;1;;1;0;;1;0;;1;0;
39690;0;0;;1;1;;1;0;;1;0;;1;0;;1;0;;1;0;
39700;0;0;;1;1;;1;0;;1;0;;1;0;;1;0;;1;0;
39710;0;1;;1;1;;1;0;;1;0;;1;0;;1;0;;1;0;
39720;0;0;;1;1;;1;0;;1;0;;1;0;;1;0;;1;0;
39730;0;0;;1;1;;1;0;;1;0;;1;0;;1;0;;1;0;
39740;0;0;;1;1;;1;0;;1;0;;1;0;;1;0;;1;0;
39750;0;0;;1;1;;1;0;;1;0;;1;0;;1;0;;1;0;
39760;0;0;;1;1;;1;0;;1;0;;1;0;;1;0;;1;0;
39770;0;0;;1;1;;1;0;;1;0;;1;0;;1;0;;1;0;
39780;0;0;;1;1;;1;0;;1;1;;1;0;;1;0;;1;0;
39790;0;0;;1;1;;1;0;;1;0;;1;0;;1;0;;1;0;
39800;0;0;;1;0;;1;0;;1;0;;1;0;;1;0;;1;0;
39810;0;0;;1;1;;1;0;;1;0;;1;0;;1;0;;1;0;
39820;0;0;;1;1;;1;0;;1;0;;1;0;;1;0;;1;0;
39830;0;0;;1;1;;1;0;;1;0;;1;0;;1;0;;1;0;
39840;0;0;;1;1;;1;0;;1;0;;1;0;;1;0;;1;0;
39850;0;0;;1;1;;1;0;;1;0;;1;0;;1;0;;1;0;
39860;0;0;;1;1;;1;0;;1;0;;1;0;;1;0;;1;0;
39870;0;0;;1;1;;1;0;;1;0;;1;0;;1;0;;1;0;
39880;0;0;;1;1;;1;0;;1;0;;1;0;;1;0;;1;0;
39890;0;0;;1;1;;1;0;;1;1;;1;0;;1;0;;1;0;
39900;0;0;;1;1;;1;0;;1;0;;1;0;;1;0;;1;0;
39910;0;0;;1;1;;1;0;;1;0;;1;0;;1;0;;1;0;
39920;0;1;;1;1;;1;0;;1;0;;1;0;;1;0;;1;0;
39930;0;0;;1;1;;1;0;;1;0;;1;0;;1;0;;1;0;
39940;0;0;;1;1;;1;0;;1;0;;1;0;;1;0;;1;0;
39950;0;0;;1;1;;1;0;;1;0;;1;0;;1;0;;1;0;
39960;0;0;;1;1;;1;0;;1;0;;1;0;;1;0;;1;0;
39970;0;0;;1;1;;1;0;;1;0;;1;0;;1;0;;1;0;
39980;0;0;;1;0;;1;0;;1;0;;1;0;;1;0;;1;0;
39990;0;0;;1;1;;1;0;;1;0;;1;0;;1;0;;1;0;
40000;0;0;;1;1;;1;0;;1;1;;1;0;;1;0;;1;0;
40010;0;0;;1;1;;1;0;;1;0;;1;0;;1;0;;1;0;
40020;0;0;;1;1;;1;0;;1;0;;1;0;;1;0;;1;0;
40030;0;0;;1;1;;1;0;;1;0;;1;0;;1;0;;1;0;
40040;0;0;;1;1;;1;0;;1;0;;1;0;;1;0;;1;0;
40050;0;0;;1;1;;1;0;;1;0;;1;0;;1;0;;1;0;
40060;0;0;;1;1;;1;0;;1;0;;1;0;;1;0;;1;0;
40070;0;0;;1;1;;1;0;;1;0;;1;0;;1;0;;1;0;
40080;0;0;;1;1;;1;0;;1;0;;1;0;;1;0;;1;0;
40090;0;0;;1;1;;1;0;;1;0;;1;0;;1;0;;1;0;
40100;0;0;;1;1;;1;0;;1;0;;1;0;;1;0;;1;0;
40110;0;0;;1;1;;1;0;;1;1;;1;0;;1;0;;1;0;
40120;0;0;;1;1;;1;0;;1;0;;1;0;;1;0;;1;0;
40130;0;0;;1;1;;1;0;;1;0;;1;0;;1;0;;1;0;
40140;0;1;;1;0;;1;0;;1;0;;1;0;;1;0;;1;0;
40150;0;0;;1;1;;1;0;;1;0;;1;0;;1;0;;1;0;
40160;0;0;;1;1;;1;0;;1;0;;1;0;;1;0;;1;0;
40170;0;0;;1;1;;1;0;;1;0;;1;0;;1;0;;1;0;
40180;0;0;;1;1;;1;0;;1;0;;1;0;;1;0;;1;0;
40190;0;0;;1;1;;1;0;;1;0;;1;0;;1;0;;1;0;
40200;0;0;;1;1;;1;0;;1;0;;1;0;;1;0;;1;0;
40210;0;0;;1;1;;1;0;;1;1;;1;0;;1;0;;1;0;
40220;0;0;;1;1;;1;0;;1;0;;1;0;;1;0;;1;0;
40230;0;0;;1;1;;1;0;;1;0;;1;0;;1;0;;1;0;
40240;0;0;;1;1;;1;0;;1;0;;1;0;;1;0;;1;0;
40250;0;0;;1;1;;1;0;;1;0;;1;0;;1;0;;1;0;
40260;0;0;;1;1;;1;0;;1;0;;1;0;;1;0;;1;0;
40270;0;0;;1;1;;1;0;;1;0;;1;0;;1;0;;1;0;
40280;0;0;;1;1;;1;0;;1;0;;1;0;;1;0;;1;0;
40290;0;0;;1;0;;1;0;;1;0;;1;0;;1;0;;1;0;
40300;0;0;;1;1;;1;0;;1;0;;1;0;;1;0;;1;0;
40310;0;0;;1;1;;1;0;;1;0;;1;0;;1;0;;1;0;
40320;0;0;;1;1;;1;0;;1;0;;1;0;;1;0;;1;0;
40330;0;0;;1;1;;1;0;;1;1;;1;0;;1;0;;1;0;
40340;0;0;;1;1;;1;0;;1;0;;1;0;;1;0;;1;0;
40350;0;0;;1;1;;1;0;;1;0;;1;0;;1;0;;1;0;
40360;0;0;;1;1;;1;0;;1;0;;1;0;;1;0;;1;0;
40370;0;1;;1;1;;1;0;;1;0;;1;0;;1;0;;1;0;
40380;0;0;;1;1;;1;0;;1;0;;1;0;;1;0;;1;0;
40390;0;0;;1;1;;1;0;;1;0;;1;0;;1;0;;1;0;
40400;0;0;;1;1;;1;0;;1;0;;1;0;;1;0;;1;0;
40410;0;0;;1;1;;1;0;;1;0;;1;0;;1;0;;1;0;
40420;0;0;;1;1;;1;0;;1;0;;1;0;;1;0;;1;0;
40430;0;0;;1;0;;1;0;;1;0;;1;0;;1;0;;1;0;
40440;0;0;;1;1;;1;0;;1;1;;1;0;;1;0;;1;0;
40450;0;0;;1;1;;1;0;;1;0;;1;0;;1;0;;1;0;
40460;0;0;;1;1;;1;0;;1;0;;1;0;;1;0;;1;0;
40470;0;0;;1;1;;1;0;;1;0;;1;0;;1;0;;1;0;
40480;0;0;;1;1;;1;0;;1;0;;1;0;;1;0;;1;0;
40490;0;0;;1;1;;1;0;;1;0;;1;0;;1;0;;1;0;
40500;0;0;;1;1;;1;0;;1;0;;1;0;;1;0;;1;0;
40510;0;0;;1;1;;1;0;;1;0;;1;0;;1;0;;1;0;
40520;0;0;;1;1;;1;0;;1;0;;1;0;;1;0;;1;0;
40530;0;0;;1;1;;1;0;;1;0;;1;0;;1;0;;1;0;
40540;0;0;;1;1;;1;0;;1;0;;1;0;;1;0;;1;0;
40550;0;0;;1;1;;1;0;;1;1;;1;0;;1;0;;1;0;
40560;0;0;;1;1;;1;0;;1;0;;1;0;;1;0;;1;0;
40570;0;0;;1;0;;1;0;;1;0;;1;0;;1;0;;1;0;
40580;0;0;;1;1;;1;0;;1;0;;1;0;;1;0;;1;0;
40590;0;0;;1;1;;1;0;;1;0;;1;0;;1;0;;1;0;
40600;0;0;;1;1;;1;0;;1;0;;1;0;;1;0;;1;0;
40610;0;1;;1;1;;1;0;;1;0;;1;0;;1;0;;1;0;
40620;0;0;;1;1;;1;0;;1;0;;1;0;;1;0;;1;0;
40630;0;0;;1;1;;1;0;;1;0;;1;0;;1;0;;1;0;
40640;0;0;;1;1;;1;0;;1;0;;1;0;;1;0;;1;0;
40650;0;0;;1;1;;1;0;;1;0;;1;0;;1;0;;1;0;
40660;0;0;;1;1;;1;0;;1;1;;1;0;;1;0;;1;0;
40670;0;0;;1;1;;1;0;;1;0;;1;0;;1;0;;1;0;
40680;0;0;;1;1;;1;0;;1;0;;1;0;;1;0;;1;0;
40690;0;0;;1;1;;1;0;;1;0;;1;0;;1;0;;1;0;
40700;0;0;;1;0;;1;0;;1;0;;1;0;;1;0;;1;0;
40710;0;0;;1;1;;1;0;;1;0;;1;0;;1;0;;1;0;
40720;0;0;;1;1;;1;0;;1;0;;1;0;;1;0;;1;0;
40730;0;0;;1;1;;1;0;;1;0;;1;0;;1;0;;1;0;
40740;0;0;;1;1;;1;0;;1;0;;1;0;;1;0;;1;0;
40750;0;0;;1;1;;1;0;;1;0;;1;0;;1;0;;1;0;
40760;0;0;;1;1;;1;0;;1;0;;1;0;;1;0;;1;0;
40770;0;0;;1;1;;1;0;;1;0;;1;0;;1;0;;1;0;
40780;0;0;;1;1;;1;0;;1;1;;1;0;;1;0;;1;0;
40790;0;0;;1;1;;1;0;;1;0;;1;0;;1;0;;1;0;
40800;0;0;;1;1;;1;0;;1;0;;1;0;;1;0;;1;0;
40810;0;0;;1;1;;1;0;;1;0;;1;0;;1;0;;1;0;
40820;0;0;;1;0;;1;0;;1;0;;1;0;;1;0;;1;0;
40830;0;0;;1;1;;1;0;;1;0;;1;0;;1;0;;1;0;
40840;0;0;;1;1;;1;0;;1;0;;1;0;;1;0;;1;0;
40850;0;0;;1;1;;1;0;;1;0;;1;0;;1;0;;1;0;
40860;0;0;;1;1;;1;0;;1;0;;1;0;;1;0;;1;0;
40870;0;1;;1;1;;1;0;;1;0;;1;0;;1;0;;1;0;
40880;0;0;;1;1;;1;0;;1;0;;1;0;;1;0;;1;0;
40890;0;0;;1;1;;1;0;;1;1;;1;0;;1;0;;1;0;
40900;0;0;;1;1;;1;0;;1;0;;1;0;;1;0;;1;0;
40910;0;0;;1;1;;1;0;;1;0;;1;0;;1;0;;1;0;
40920;0;0;;1;1;;1;0;;1;0;;1;0;;1;0;;1;0;
40930;0;0;;1;1;;1;0;;1;0;;1;0;;1;0;;1;0;
40940;0;0;;1;0;;1;0;;1;0;;1;0;;1;0;;1;0;
40950;0;0;;1;1;;1;0;;1;0;;1;0;;1;0;;1;0;
40960;0;0;;1;1;;1;0;;1;0;;1;0;;1;0;;1;0;
40970;0;0;;1;1;;1;0;;1;0;;1;0;;1;0;;1;0;
40980;0;0;;1;1;;1;0;;1;0;;1;0;;1;0;;1;0;
40990;0;0;;1;1;;1;0;;1;0;;1;0;;1;0;;1;0;
41000;0;0;;1;1;;1;0;;1;0;;1;0;;1;0;;1;0;
41010;0;0;;1;1;;1;0;;1;1;;1;0;;1;0;;1;0;
41020;0;0;;1;1;;1;0;;1;0;;1;0;;1;0;;1;0;
41030;0;0;;1;1;;1;0;;1;0;;1;0;;1;0;;1;0;
41040;0;0;;1;1;;1;0;;1;0;;1;0;;1;0;;1;0;
41050;0;0;;1;0;;1;0;;1;0;;1;0;;1;0;;1;0;
41060;0;0;;1;1;;1;0;;1;0;;1;0;;1;0;;1;0;
41070;0;0;;1;1;;1;0;;1;0;;1;0;;1;0;;1;0;
41080;0;0;;1;1;;1;0;;1;0;;1;0;;1;0;;1;0;
41090;0;0;;1;1;;1;0;;1;0;;1;0;;1;0;;1;0;
41100;0;0;;1;1;;1;0;;1;0;;1;0;;1;0;;1;0;
41110;0;0;;1;1;;1;0;;1;0;;1;0;;1;0;;1;0;
41120;0;0;;1;1;;1;0;;1;0;;1;0;;1;0;;1;0;
41130;0;0;;1;1;;1;0;;1;1;;1;0;;1;0;;1;0;
41140;0;0;;1;1;;1;0;;1;0;;1;0;;1;0;;1;0;
41150;0;1;;1;1;;1;0;;1;0;;1;0;;1;0;;1;0;
41160;0;0;;1;0;;1;0;;1;0;;1;0;;1;0;;1;0;
41170;0;0;;1;1;;1;0;;1;0;;1;0;;1;0;;1;0;
41180;0;0;;1;1;;1;0;;1;0;;1;0;;1;0;;1;0;
41190;0;0;;1;1;;1;0;;1;0;;1;0;;1;0;;1;0;
41200;0;0;;1;1;;1;0;;1;0;;1;0;;1;0;;1;0;
41210;0;0;;1;1;;1;0;;1;0;;1;0;;1;0;;1;0;
41220;0;0;;1;1;;1;0;;1;0;;1;0;;1;0;;1;0;
41230;0;0;;1;1;;1;0;;1;0;;1;0;;1;0;;1;0;
41240;0;0;;1;1;;1;0;;1;0;;1;0;;1;0;;1;0;
41250;0;0;;1;1;;1;0;;1;1;;1;0;;1;0;;1;0;
41260;0;0;;1;0;;1;0;;1;0;;1;0;;1;0;;1;0;
41270;0;0;;1;1;;1;0;;1;0;;1;0;;1;0;;1;0;
41280;0;0;;1;1;;1;0;;1;0;;1;0;;1;0;;1;0;
41290;0;0;;1;1;;1;0;;1;0;;1;0;;1;0;;1;0;
41300;0;0;;1;1;;1;0;;1;0;;1;0;;1;0;;1;0;
41310;0;0;;1;1;;1;0;;1;0;;1;0;;1;0;;1;0;
41320;0;0;;1;1;;1;0;;1;0;;1;0;;1;0;;1;0;
41330;0;0;;1;1;;1;0;;1;0;;1;0;;1;0;;1;0;
41340;0;0;;1;1;;1;0;;1;0;;1;0;;1;0;;1;0;
41350;0;0;;1;1;;1;0;;1;0;;1;0;;1;0;;1;0;
41360;0;0;;1;0;;1;0;;1;0;;1;0;;1;0;;1;0;
41370;0;0;;1;1;;1;0;;1;1;;1;0;;1;0;;1;0;
41380;0;0;;1;1;;1;0;;1;0;;1;0;;1;0;;1;0;
41390;0;0;;1;1;;1;0;;1;0;;1;0;;1;0;;1;0;
41400;0;0;;1;1;;1;0;;1;0;;1;0;;1;0;;1;0;
41410;0;0;;1;1;;1;0;;1;0;;1;0;;1;0;;1;0;
41420;0;0;;1;1;;1;0;;1;0;;1;0;;1;0;;1;0;
41430;0;0;;1;1;;1;0;;1;0;;1;0;;1;0;;1;0;
41440;0;1;;1;1;;1;0;;1;0;;1;0;;1;0;;1;0;
41450;0;0;;1;1;;1;0;;1;0;;1;0;;1;0;;1;0;
41460;0;0;;1;0;;1;0;;1;0;;1;0;;1;0;;1;0;
41470;0;0;;1;1;;1;0;;1;0;;1;0;;1;0;;1;0;
41480;0;0;;1;1;;1;0;;1;0;;1;0;;1;0;;1;0;
41490;0;0;;1;1;;1;0;;1;1;;1;0;;1;0;;1;0;
41500;0;0;;1;1;;1;0;;1;0;;1;0;;1;0;;1;0;
41510;0;0;;1;1;;1;0;;1;0;;1;0;;1;0;;1;0;
41520;0;0;;1;1;;1;0;;1;0;;1;0;;1;0;;1;0;
41530;0;0;;1;1;;1;0;;1;0;;1;0;;1;0;;1;0;
41540;0;0;;1;1;;1;0;;1;0;;1;0;;1;0;;1;0;
41550;0;0;;1;0;;1;0;;1;0;;1;0;;1;0;;1;0;
41560;0;0;;1;1;;1;0;;1;0;;1;0;;1;0;;1;0;
41570;0;0;;1;1;;1;0;;1;0;;1;0;;1;0;;1;0;
41580;0;0;;1;1;;1;0;;1;0;;1;0;;1;0;;1;0;
41590;0;0;;1;1;;1;0;;1;0;;1;0;;1;0;;1;0;
41600;0;0;;1;1;;1;0;;1;0;;1;0;;1;0;;1;0;
41610;0;0;;1;1;;1;0;;1;1;;1;0;;1;0;;1;0;
41620;0;0;;1;1;;1;0;;1;0;;1;0;;1;0;;1;0;
41630;0;0;;1;1;;1;0;;1;0;;1;0;;1;0;;1;0;
41640;0;0;;1;0;;1;0;;1;0;;1;0;;1;0;;1;0;
41650;0;0;;1;1;;1;0;;1;0;;1;0;;1;0;;1;0;
41660;0;0;;1;1;;1;0;;1;0;;1;0;;1;0;;1;0;
41670;0;0;;1;1;;1;0;;1;0;;1;0;;1;0;;1;0;
41680;0;0;;1;1;;1;0;;1;0;;1;0;;1;0;;1;0;
41690;0;0;;1;1;;1;0;;1;0;;1;0;;1;0;;1;0;
41700;0;0;;1;1;;1;0;;1;0;;1;0;;1;0;;1;0;
41710;0;0;;1;1;;1;0;;1;0;;1;0;;1;0;;1;0;
41720;0;0;;1;1;;1;0;;1;0;;1;0;;1;0;;1;0;
41730;0;0;;1;0;;1;0;;1;1;;1;0;;1;0;;1;0;
41740;0;0;;1;1;;1;0;;1;0;;1;0;;1;0;;1;0;
41750;0;0;;1;1;;1;0;;1;0;;1;0;;1;0;;1;0;
41760;0;1;;1;1;;1;0;;1;0;;1;0;;1;0;;1;0;
41770;0;0;;1;1;;1;0;;1;0;;1;0;;1;0;;1;0;
41780;0;0;;1;1;;1;0;;1;0;;1;0;;1;0;;1;0;
41790;0;0;;1;1;;1;0;;1;0;;1;0;;1;0;;1;0;
41800;0;0;;1;1;;1;0;;1;0;;1;0;;1;0;;1;0;
41810;0;0;;1;1;;1;0;;1;0;;1;0;;1;0;;1;0;
41820;0;0;;1;0;;1;0;;1;0;;1;0;;1;0;;1;0;
41830;0;0;;1;1;;1;0;;1;0;;1;0;;1;0;;1;0;
41840;0;0;;1;1;;1;0;;1;0;;1;0;;1;0;;1;0;
41850;0;0;;1;1;;1;0;;1;0;;1;0;;1;0;;1;0;
41860;0;0;;1;1;;1;0;;1;1;;1;0;;1;0;;1;0;
41870;0;0;;1;1;;1;0;;1;0;;1;0;;1;0;;1;0;
41880;0;0;;1;1;;1;0;;1;0;;1;0;;1;0;;1;0;
41890;0;0;;1;1;;1;0;;1;0;;1;0;;1;0;;1;0;
41900;0;0;;1;0;;1;0;;1;0;;1;0;;1;0;;1;0;
41910;0;0;;1;1;;1;0;;1;0;;1;0;;1;0;;1;0;
41920;0;0;;1;1;;1;0;;1;0;;1;0;;1;0;;1;0;
41930;0;0;;1;1;;1;0;;1;0;;1;0;;1;0;;1;0;
41940;0;0;;1;1;;1;0;;1;0;;1;0;;1;0;;1;0;
41950;0;0;;1;1;;1;0;;1;0;;1;0;;1;0;;1;0;
41960;0;0;;1;1;;1;0;;1;0;;1;0;;1;0;;1;0;
41970;0;0;;1;1;;1;0;;1;0;;1;0;;1;0;;1;0;
41980;0;0;;1;1;;1;0;;1;0;;1;0;;1;0;;1;0;
41990;0;0;;1;0;;1;0;;1;1;;1;0;;1;0;;1;0;
42000;0;0;;1;1;;1;0;;1;0;;1;0;;1;0;;1;0;
42010;0;0;;1;1;;1;0;;1;0;;1;0;;1;0;;1;0;
42020;0;0;;1;1;;1;0;;1;0;;1;0;;1;0;;1;0;
42030;0;0;;1;1;;1;0;;1;0;;1;0;;1;0;;1;0;
42040;0;0;;1;1;;1;0;;1;0;;1;0;;1;0;;1;0;
42050;0;0;;1;1;;1;0;;1;0;;1;0;;1;0;;1;0;
42060;0;0;;1;1;;1;0;;1;0;;1;0;;1;0;;1;0;
42070;0;0;;1;0;;1;0;;1;0;;1;0;;1;0;;1;0;
42080;0;0;;1;1;;1;0;;1;0;;1;0;;1;0;;1;0;
42090;0;0;;1;1;;1;0;;1;0;;1;0;;1;0;;1;0;
42100;0;1;;1;1;;1;0;;1;0;;1;0;;1;0;;1;0;
42110;0;0;;1;1;;1;0;;1;0;;1;0;;1;0;;1;0;
42120;0;0;;1;1;;1;0;;1;1;;1;0;;1;0;;1;0;
42130;0;0;;1;1;;1;0;;1;0;;1;0;;1;0;;1;0;
42140;0;0;;1;1;;1;0;;1;0;;1;0;;1;0;;1;0;
42150;0;0;;1;0;;1;0;;1;0;;1;0;;1;0;;1;0;
42160;0;0;;1;1;;1;0;;1;0;;1;0;;1;0;;1;0;
42170;0;0;;1;1;;1;0;;1;0;;1;0;;1;0;;1;0;
42180;0;0;;1;1;;1;0;;1;0;;1;0;;1;0;;1;0;
42190;0;0;;1;1;;1;0;;1;0;;1;0;;1;0;;1;0;
42200;0;0;;1;1;;1;0;;1;0;;1;0;;1;0;;1;0;
42210;0;0;;1;1;;1;0;;1;0;;1;0;;1;0;;1;0;
42220;0;0;;1;0;;1;0;;1;0;;1;0;;1;0;;1;0;
42230;0;0;;1;1;;1;0;;1;0;;1;0;;1;0;;1;0;
42240;0;0;;1;1;;1;0;;1;1;;1;0;;1;0;;1;0;
42250;0;0;;1;1;;1;0;;1;0;;1;0;;1;0;;1;0;
42260;0;0;;1;1;;1;0;;1;0;;1;0;;1;0;;1;0;
42270;0;0;;1;1;;1;0;;1;0;;1;0;;1;0;;1;0;
42280;0;0;;1;1;;1;0;;1;0;;1;0;;1;0;;1;0;
42290;0;0;;1;1;;1;0;;1;0;;1;0;;1;0;;1;0;
42300;0;0;;1;0;;1;0;;1;0;;1;0;;1;0;;1;0;
42310;0;0;;1;1;;1;0;;1;0;;1;0;;1;0;;1;0;
42320;0;0;;1;1;;1;0;;1;0;;1;0;;1;0;;1;0;
42330;0;0;;1;1;;1;0;;1;0;;1;0;;1;0;;1;0;
42340;0;0;;1;1;;1;0;;1;0;;1;0;;1;0;;1;0;
42350;0;0;;1;1;;1;0;;1;0;;1;0;;1;0;;1;0;
42360;0;0;;1;1;;1;0;;1;0;;1;0;;1;0;;1;0;
42370;0;0;;1;0;;1;0;;1;0;;1;0;;1;0;;1;0;
42380;0;0;;1;1;;1;0;;1;1;;1;0;;1;0;;1;0;
42390;0;0;;1;1;;1;0;;1;0;;1;0;;1;0;;1;0;
42400;0;0;;1;1;;1;0;;1;0;;1;0;;1;0;;1;0;
42410;0;0;;1;1;;1;0;;1;0;;1;0;;1;0;;1;0;
42420;0;0;;1;1;;1;0;;1;0;;1;0;;1;0;;1;0;
42430;0;0;;1;1;;1;0;;1;0;;1;0;;1;0;;1;0;
42440;0;0;;1;0;;1;0;;1;0;;1;0;;1;0;;1;0;
42450;0;0;;1;1;;1;0;;1;0;;1;0;;1;0;;1;0;
42460;0;0;;1;1;;1;0;;1;0;;1;0;;1;0;;1;0;
42470;0;0;;1;1;;1;0;;1;0;;1;0;;1;0;;1;0;
42480;0;1;;1;1;;1;0;;1;0;;1;0;;1;0;;1;0;
42490;0;0;;1;1;;1;0;;1;0;;1;0;;1;0;;1;0;
42500;0;0;;1;1;;1;0;;1;0;;1;0;;1;0;;1;0;
42510;0;0;;1;0;;1;0;;1;1;;1;0;;1;0;;1;0;
42520;0;0;;1;1;;1;0;;1;0;;1;0;;1;0;;1;0;
42530;0;0;;1;1;;1;0;;1;0;;1;0;;1;0;;1;0;
42540;0;0;;1;1;;1;0;;1;0;;1;0;;1;0;;1;0;
42550;0;0;;1;1;;1;0;;1;0;;1;0;;1;0;;1;0;
42560;0;0;;1;1;;1;0;;1;0;;1;0;;1;0;;1;0;
42570;0;0;;1;1;;1;0;;1;0;;1;0;;1;0;;1;0;
42580;0;0;;1;0;;1;0;;1;0;;1;0;;1;0;;1;0;
42590;0;0;;1;1;;1;0;;1;0;;1;0;;1;0;;1;0;
42600;0;0;;1;1;;1;0;;1;0;;1;0;;1;0;;1;0;
42610;0;0;;1;1;;1;0;;1;0;;1;0;;1;0;;1;0;
42620;0;0;;1;1;;1;0;;1;0;;1;0;;1;0;;1;0;
42630;0;0;;1;1;;1;0;;1;0;;1;0;;1;0;;1;0;
42640;0;0;;1;1;;1;0;;1;1;;1;0;;1;0;;1;0;
42650;0;0;;1;0;;1;0;;1;0;;1;0;;1;0;;1;0;
42660;0;0;;1;1;;1;0;;1;0;;1;0;;1;0;;1;0;
42670;0;0;;1;1;;1;0;;1;0;;1;0;;1;0;;1;0;
42680;0;0;;1;1;;1;0;;1;0;;1;0;;1;0;;1;0;
42690;0;0;;1;1;;1;0;;1;0;;1;0;;1;0;;1;0;
42700;0;0;;1;1;;1;0;;1;0;;1;0;;1;0;;1;0;
42710;0;0;;1;1;;1;0;;1;0;;1;0;;1;0;;1;0;
42720;0;0;;1;0;;1;0;;1;0;;1;0;;1;0;;1;0;
42730;0;0;;1;1;;1;0;;1;0;;1;0;;1;0;;1;0;
42740;0;0;;1;1;;1;0;;1;0;;1;0;;1;0;;1;0;
42750;0;0;;1;1;;1;0;;1;0;;1;0;;1;0;;1;0;
42760;0;0;;1;1;;1;0;;1;0;;1;0;;1;0;;1;0;
42770;0;0;;1;1;;1;0;;1;0;;1;0;;1;0;;1;0;
42780;0;0;;1;1;;1;0;;1;1;;1;0;;1;0;;1;0;
42790;0;0;;1;0;;1;0;;1;0;;1;0;;1;0;;1;0;
42800;0;0;;1;1;;1;0;;1;0;;1;0;;1;0;;1;0;
42810;0;0;;1;1;;1;0;;1;0;;1;0;;1;0;;1;0;
42820;0;0;;1;1;;1;0;;1;0;;1;0;;1;0;;1;0;
42830;0;0;;1;1;;1;0;;1;0;;1;0;;1;0;;1;0;
42840;0;0;;1;1;;1;0;;1;0;;1;0;;1;0;;1;0;
42850;0;0;;1;0;;1;0;;1;0;;1;0;;1;0;;1;0;
42860;0;0;;1;1;;1;0;;1;0;;1;0;;1;0;;1;0;
42870;0;0;;1;1;;1;0;;1;0;;1;0;;1;0;;1;0;
42880;0;0;;1;1;;1;0;;1;0;;1;0;;1;0;;1;0;
42890;0;0;;1;1;;1;0;;1;0;;1;0;;1;0;;1;0;
42900;0;1;;1;1;;1;0;;1;0;;1;0;;1;0;;1;0;
42910;0;0;;1;0;;1;0;;1;0;;1;0;;1;0;;1;0;
42920;0;0;;1;1;;1;0;;1;1;;1;0;;1;0;;1;0;
42930;0;0;;1;1;;1;0;;1;0;;1;0;;1;0;;1;0;
42940;0;0;;1;1;;1;0;;1;0;;1;0;;1;0;;1;0;
42950;0;0;;1;1;;1;0;;1;0;;1;0;;1;0;;1;0;
42960;0;0;;1;1;;1;0;;1;0;;1;0;;1;0;;1;0;
42970;0;0;;1;1;;1;0;;1;0;;1;0;;1;0;;1;0;
42980;0;0;;1;0;;1;0;;1;0;;1;0;;1;0;;1;0;
42990;0;0;;1;1;;1;0;;1;0;;1;0;;1;0;;1;0;
43000;0;0;;1;1;;1;0;;1;0;;1;0;;1;0;;1;0;
43010;0;0;;1;1;;1;0;;1;0;;1;0;;1;0;;1;0;
43020;0;0;;1;1;;1;0;;1;0;;1;0;;1;0;;1;0;
43030;0;0;;1;1;;1;0;;1;0;;1;0;;1;0;;1;0;
43040;0;0;;1;0;;1;0;;1;0;;1;0;;1;0;;1;0;
43050;0;0;;1;1;;1;0;;1;1;;1;0;;1;0;;1;0;
43060;0;0;;1;1;;1;0;;1;0;;1;0;;1;0;;1;0;
43070;0;0;;1;1;;1;0;;1;0;;1;0;;1;0;;1;0;
43080;0;0;;1;1;;1;0;;1;0;;1;0;;1;0;;1;0;
43090;0;0;;1;1;;1;0;;1;0;;1;0;;1;0;;1;0;
43100;0;0;;1;0;;1;0;;1;0;;1;0;;1;0;;1;0;
43110;0;0;;1;1;;1;0;;1;0;;1;0;;1;0;;1;0;
43120;0;0;;1;1;;1;0;;1;0;;1;0;;1;0;;1;0;
43130;0;0;;1;1;;1;0;;1;0;;1;0;;1;0;;1;0;
43140;0;0;;1;1;;1;0;;1;0;;1;0;;1;0;;1;0;
43150;0;0;;1;1;;1;0;;1;0;;1;0;;1;0;;1;0;
43160;0;0;;1;0;;1;0;;1;0;;1;0;;1;0;;1;0;
43170;0;0;;1;1;;1;0;;1;0;;1;0;;1;0;;1;0;
43180;0;0;;1;1;;1;0;;1;0;;1;0;;1;0;;1;0;
43190;0;0;;1;1;;1;0;;1;0;;1;0;;1;0;;1;0;
43200;0;0;;1;1;;1;0;;1;1;;1;0;;1;0;;1;0;
43210;0;0;;1;1;;1;0;;1;0;;1;0;;1;0;;1;0;
43220;0;0;;1;0;;1;0;;1;0;;1;0;;1;0;;1;0;
43230;0;0;;1;1;;1;0;;1;0;;1;0;;1;0;;1;0;
43240;0;0;;1;1;;1;0;;1;0;;1;0;;1;0;;1;0;
43250;0;0;;1;1;;1;0;;1;0;;1;0;;1;0;;1;0;
43260;0;0;;1;1;;1;0;;1;0;;1;0;;1;0;;1;0;
43270;0;0;;1;1;;1;0;;1;0;;1;0;;1;0;;1;0;
43280;0;0;;1;0;;1;0;;1;0;;1;0;;1;0;;1;0;
43290;0;0;;1;1;;1;0;;1;0;;1;0;;1;0;;1;0;
43300;0;0;;1;1;;1;0;;1;0;;1;0;;1;0;;1;0;
43310;0;0;;1;1;;1;0;;1;0;;1;0;;1;0;;1;0;
43320;0;0;;1;1;;1;0;;1;0;;1;0;;1;0;;1;0;
43330;0;0;;1;1;;1;0;;1;0;;1;0;;1;0;;1;0;
43340;0;0;;1;0;;1;0;;1;1;;1;0;;1;0;;1;0;
43350;0;0;;1;1;;1;0;;1;0;;1;0;;1;0;;1;0;
43360;0;0;;1;1;;1;0;;1;0;;1;0;;1;0;;1;0;
43370;0;0;;1;1;;1;0;;1;0;;1;0;;1;0;;1;0;
43380;0;1;;1;1;;1;0;;1;0;;1;0;;1;0;;1;0;
43390;0;0;;1;0;;1;0;;1;0;;1;0;;1;0;;1;0;
43400;0;0;;1;1;;1;0;;1;0;;1;0;;1;0;;1;0;
43410;0;0;;1;1;;1;0;;1;0;;1;0;;1;0;;1;0;
43420;0;0;;1;1;;1;0;;1;0;;1;0;;1;0;;1;0;
43430;0;0;;1;1;;1;0;;1;0;;1;0;;1;0;;1;0;
43440;0;0;;1;1;;1;0;;1;0;;1;0;;1;0;;1;0;
43450;0;0;;1;0;;1;0;;1;0;;1;0;;1;0;;1;0;
43460;0;0;;1;1;;1;0;;1;0;;1;0;;1;0;;1;0;
43470;0;0;;1;1;;1;0;;1;0;;1;0;;1;0;;1;0;
43480;0;0;;1;1;;1;0;;1;1;;1;0;;1;0;;1;0;
43490;0;0;;1;1;;1;0;;1;0;;1;0;;1;0;;1;0;
43500;0;0;;1;0;;1;0;;1;0;;1;0;;1;0;;1;0;
43510;0;0;;1;1;;1;0;;1;0;;1;0;;1;0;;1;0;
43520;0;0;;1;1;;1;0;;1;0;;1;0;;1;0;;1;0;
43530;0;0;;1;1;;1;0;;1;0;;1;0;;1;0;;1;0;
43540;0;0;;1;1;;1;0;;1;0;;1;0;;1;0;;1;0;
43550;0;0;;1;1;;1;0;;1;0;;1;0;;1;0;;1;0;
43560;0;0;;1;0;;1;0;;1;0;;1;0;;1;0;;1;0;
43570;0;0;;1;1;;1;0;;1;0;;1;0;;1;0;;1;0;
43580;0;0;;1;1;;1;0;;1;0;;1;0;;1;0;;1;0;
43590;0;0;;1;1;;1;0;;1;0;;1;0;;1;0;;1;0;
43600;0;0;;1;1;;1;0;;1;0;;1;0;;1;0;;1;0;
43610;0;0;;1;0;;1;0;;1;0;;1;0;;1;0;;1;0;
43620;0;0;;1;1;;1;0;;1;0;;1;0;;1;0;;1;0;
43630;0;0;;1;1;;1;0;;1;1;;1;0;;1;0;;1;0;
43640;0;0;;1;1;;1;0;;1;0;;1;0;;1;0;;1;0;
43650;0;0;;1;1;;1;0;;1;0;;1;0;;1;0;;1;0;
43660;0;0;;1;1;;1;0;;1;0;;1;0;;1;0;;1;0;
43670;0;0;;1;0;;1;0;;1;0;;1;0;;1;0;;1;0;
43680;0;0;;1;1;;1;0;;1;0;;1;0;;1;0;;1;0;
43690;0;0;;1;1;;1;0;;1;0;;1;0;;1;0;;1;0;
43700;0;0;;1;1;;1;0;;1;0;;1;0;;1;0;;1;0;
43710;0;0;;1;1;;1;0;;1;0;;1;0;;1;0;;1;0;
43720;0;0;;1;0;;1;0;;1;0;;1;0;;1;0;;1;0;
43730;0;0;;1;1;;1;0;;1;0;;1;0;;1;0;;1;0;
43740;0;0;;1;1;;1;0;;1;0;;1;0;;1;0;;1;0;
43750;0;0;;1;1;;1;0;;1;0;;1;0;;1;0;;1;0;
43760;0;0;;1;1;;1;0;;1;0;;1;0;;1;0;;1;0;
43770;0;0;;1;0;;1;0;;1;0;;1;0;;1;0;;1;0;
43780;0;0;;1;1;;1;0;;1;1;;1;0;;1;0;;1;0;
43790;0;0;;1;1;;1;0;;1;0;;1;0;;1;0;;1;0;
43800;0;0;;1;1;;1;0;;1;0;;1;0;;1;0;;1;0;
43810;0;0;;1;1;;1;0;;1;0;;1;0;;1;0;;1;0;
43820;0;0;;1;0;;1;0;;1;0;;1;0;;1;0;;1;0;
43830;0;0;;1;1;;1;0;;1;0;;1;0;;1;0;;1;0;
43840;0;0;;1;1;;1;0;;1;0;;1;0;;1;0;;1;0;
43850;0;0;;1;1;;1;0;;1;0;;1;0;;1;0;;1;0;
43860;0;0;;1;1;;1;0;;1;0;;1;0;;1;0;;1;0;
43870;0;0;;1;0;;1;0;;1;0;;1;0;;1;0;;1;0;
43880;0;0;;1;1;;1;0;;1;0;;1;0;;1;0;;1;0;
43890;0;0;;1;1;;1;0;;1;0;;1;0;;1;0;;1;0;
43900;0;0;;1;1;;1;0;;1;0;;1;0;;1;0;;1;0;
43910;0;0;;1;1;;1;0;;1;0;;1;0;;1;0;;1;0;
43920;0;0;;1;0;;1;0;;1;0;;1;0;;1;0;;1;0;
43930;0;0;;1;1;;1;0;;1;1;;1;0;;1;0;;1;0;
43940;0;0;;1;1;;1;0;;1;0;;1;0;;1;0;;1;0;
43950;0;1;;1;1;;1;0;;1;0;;1;0;;1;0;;1;0;
43960;0;0;;1;1;;1;0;;1;0;;1;0;;1;0;;1;0;
43970;0;0;;1;0;;1;0;;1;0;;1;0;;1;0;;1;0;
43980;0;0;;1;1;;1;0;;1;0;;1;0;;1;0;;1;0;
43990;0;0;;1;1;;1;0;;1;0;;1;0;;1;0;;1;0;
44000;0;0;;1;1;;1;0;;1;0;;1;0;;1;0;;1;0;
44010;0;0;;1;1;;1;0;;1;0;;1;0;;1;0;;1;0;
44020;0;0;;1;0;;1;0;;1;0;;1;0;;1;0;;1;0;
44030;0;0;;1;1;;1;0;;1;0;;1;0;;1;0;;1;0;
44040;0;0;;1;1;;1;0;;1;0;;1;0;;1;0;;1;0;
44050;0;0;;1;1;;1;0;;1;0;;1;0;;1;0;;1;0;
44060;0;0;;1;1;;1;0;;1;0;;1;0;;1;0;;1;0;
44070;0;0;;1;0;;1;0;;1;0;;1;0;;1;0;;1;0;
44080;0;0;;1;1;;1;0;;1;1;;1;0;;1;0;;1;0;
44090;0;0;;1;1;;1;0;;1;0;;1;0;;1;0;;1;0;
44100;0;0;;1;1;;1;0;;1;0;;1;0;;1;0;;1;0;
44110;0;0;;1;1;;1;0;;1;0;;1;0;;1;0;;1;0;
44120;0;0;;1;0;;1;0;;1;0;;1;0;;1;0;;1;0;
44130;0;0;;1;1;;1;0;;1;0;;1;0;;1;0;;1;0;
44140;0;0;;1;1;;1;0;;1;0;;1;0;;1;0;;1;0;
44150;0;0;;1;1;;1;0;;1;0;;1;0;;1;0;;1;0;
44160;0;0;;1;1;;1;0;;1;0;;1;0;;1;0;;1;0;
44170;0;0;;1;0;;1;0;;1;0;;1;0;;1;0;;1;0;
44180;0;0;;1;1;;1;0;;1;0;;1;0;;1;0;;1;0;
44190;0;0;;1;1;;1;0;;1;0;;1;0;;1;0;;1;0;
44200;0;0;;1;1;;1;0;;1;0;;1;0;;1;0;;1;0;
44210;0;0;;1;1;;1;0;;1;0;;1;0;;1;0;;1;0;
44220;0;0;;1;0;;1;0;;1;0;;1;0;;1;0;;1;0;
44230;0;0;;1;1;;1;0;;1;1;;1;0;;1;0;;1;0;
44240;0;0;;1;1;;1;0;;1;0;;1;0;;1;0;;1;0;
44250;0;0;;1;1;;1;0;;1;0;;1;0;;1;0;;1;0;
44260;0;0;;1;0;;1;0;;1;0;;1;0;;1;0;;1;0;
44270;0;0;;1;1;;1;0;;1;0;;1;0;;1;0;;1;0;
44280;0;0;;1;1;;1;0;;1;0;;1;0;;1;0;;1;0;
44290;0;0;;1;1;;1;0;;1;0;;1;0;;1;0;;1;0;
44300;0;0;;1;1;;1;0;;1;0;;1;0;;1;0;;1;0;
44310;0;0;;1;0;;1;0;;1;0;;1;0;;1;0;;1;0;
44320;0;0;;1;1;;1;0;;1;0;;1;0;;1;0;;1;0;
44330;0;0;;1;1;;1;0;;1;0;;1;0;;1;0;;1;0;
44340;0;0;;1;1;;1;0;;1;0;;1;0;;1;0;;1;0;
44350;0;0;;1;0;;1;0;;1;0;;1;0;;1;0;;1;0;
44360;0;0;;1;1;;1;0;;1;0;;1;0;;1;0;;1;0;
44370;0;0;;1;1;;1;0;;1;0;;1;0;;1;0;;1;0;
44380;0;0;;1;1;;1;0;;1;0;;1;0;;1;0;;1;0;
44390;0;0;;1;1;;1;0;;1;1;;1;0;;1;0;;1;0;
44400;0;0;;1;0;;1;0;;1;0;;1;0;;1;0;;1;0;
44410;0;0;;1;1;;1;0;;1;0;;1;0;;1;0;;1;0;
44420;0;0;;1;1;;1;0;;1;0;;1;0;;1;0;;1;0;
44430;0;0;;1;1;;1;0;;1;0;;1;0;;1;0;;1;0;
44440;0;0;;1;1;;1;0;;1;0;;1;0;;1;0;;1;0;
44450;0;0;;1;0;;1;0;;1;0;;1;0;;1;0;;1;0;
44460;0;0;;1;1;;1;0;;1;0;;1;0;;1;0;;1;0;
44470;0;0;;1;1;;1;0;;1;0;;1;0;;1;0;;1;0;
44480;0;0;;1;1;;1;0;;1;0;;1;0;;1;0;;1;0;
44490;0;0;;1;0;;1;0;;1;0;;1;0;;1;0;;1;0;
44500;0;0;;1;1;;1;0;;1;0;;1;0;;1;0;;1;0;
44510;0;0;;1;1;;1;0;;1;0;;1;0;;1;0;;1;0;
44520;0;0;;1;1;;1;0;;1;0;;1;0;;1;0;;1;0;
44530;0;0;;1;1;;1;0;;1;0;;1;0;;1;0;;1;0;
44540;0;0;;1;0;;1;0;;1;0;;1;0;;1;0;;1;0;
44550;0;0;;1;1;;1;0;;1;1;;1;0;;1;0;;1;0;
44560;0;0;;1;1;;1;0;;1;0;;1;0;;1;0;;1;0;
44570;0;0;;1;1;;1;0;;1;0;;1;0;;1;0;;1;0;
44580;0;0;;1;0;;1;0;;1;0;;1;0;;1;0;;1;0;
44590;0;0;;1;1;;1;0;;1;0;;1;0;;1;0;;1;0;
44600;0;0;;1;1;;1;0;;1;0;;1;0;;1;0;;1;0;
44610;0;0;;1;1;;1;0;;1;0;;1;0;;1;0;;1;0;
44620;0;0;;1;0;;1;0;;1;0;;1;0;;1;0;;1;0;
44630;0;1;;1;1;;1;0;;1;0;;1;0;;1;0;;1;0;
44640;0;0;;1;1;;1;0;;1;0;;1;0;;1;0;;1;0;
44650;0;0;;1;1;;1;0;;1;0;;1;0;;1;0;;1;0;
44660;0;0;;1;1;;1;0;;1;0;;1;0;;1;0;;1;0;
44670;0;0;;1;0;;1;0;;1;0;;1;0;;1;0;;1;0;
44680;0;0;;1;1;;1;0;;1;0;;1;0;;1;0;;1;0;
44690;0;0;;1;1;;1;0;;1;0;;1;0;;1;0;;1;0;
44700;0;0;;1;1;;1;0;;1;0;;1;0;;1;0;;1;0;
44710;0;0;;1;0;;1;0;;1;1;;1;0;;1;0;;1;0;
44720;0;0;;1;1;;1;0;;1;0;;1;0;;1;0;;1;0;
44730;0;0;;1;1;;1;0;;1;0;;1;0;;1;0;;1;0;
44740;0;0;;1;1;;1;0;;1;0;;1;0;;1;0;;1;0;
44750;0;0;;1;0;;1;0;;1;0;;1;0;;1;0;;1;0;
44760;0;0;;1;1;;1;0;;1;0;;1;0;;1;0;;1;0;
44770;0;0;;1;1;;1;0;;1;0;;1;0;;1;0;;1;0;
44780;0;0;;1;1;;1;0;;1;0;;1;0;;1;0;;1;0;
44790;0;0;;1;0;;1;0;;1;0;;1;0;;1;0;;1;0;
44800;0;0;;1;1;;1;0;;1;0;;1;0;;1;0;;1;0;
44810;0;0;;1;1;;1;0;;1;0;;1;0;;1;0;;1;0;
44820;0;0;;1;1;;1;0;;1;0;;1;0;;1;0;;1;0;
44830;0;0;;1;1;;1;0;;1;0;;1;0;;1;0;;1;0;
44840;0;0;;1;0;;1;0;;1;0;;1;0;;1;0;;1;0;
44850;0;0;;1;1;;1;0;;1;0;;1;0;;1;0;;1;0;
44860;0;0;;1;1;;1;0;;1;0;;1;0;;1;0;;1;0;
44870;0;0;;1;1;;1;0;;1;1;;1;0;;1;0;;1;0;
44880;0;0;;1;0;;1;0;;1;0;;1;0;;1;0;;1;0;
44890;0;0;;1;1;;1;0;;1;0;;1;0;;1;0;;1;0;
44900;0;0;;1;1;;1;0;;1;0;;1;0;;1;0;;1;0;
44910;0;0;;1;1;;1;0;;1;0;;1;0;;1;0;;1;0;
44920;0;0;;1;0;;1;0;;1;0;;1;0;;1;0;;1;0;
44930;0;0;;1;1;;1;0;;1;0;;1;0;;1;0;;1;0;
44940;0;0;;1;1;;1;0;;1;0;;1;0;;1;0;;1;0;
44950;0;0;;1;1;;1;0;;1;0;;1;0;;1;0;;1;0;
44960;0;0;;1;0;;1;0;;1;0;;1;0;;1;0;;1;0;
44970;0;0;;1;1;;1;0;;1;0;;1;0;;1;0;;1;0;
44980;0;0;;1;1;;1;0;;1;0;;1;0;;1;0;;1;0;
44990;0;0;;1;1;;1;0;;1;0;;1;0;;1;0;;1;0;
45000;0;0;;1;0;;1;0;;1;0;;1;0;;1;0;;1;0;
45010;0;0;;1;1;;1;0;;1;0;;1;0;;1;0;;1;0;
45020;0;0;;1;1;;1;0;;1;0;;1;0;;1;0;;1;0;
45030;0;0;;1;1;;1;0;;1;0;;1;0;;1;0;;1;0;
45040;0;0;;1;0;;1;0;;1;1;;1;0;;1;0;;1;0;
45050;0;0;;1;1;;1;0;;1;0;;1;0;;1;0;;1;0;
45060;0;0;;1;1;;1;0;;1;0;;1;0;;1;0;;1;0;
45070;0;0;;1;1;;1;0;;1;0;;1;0;;1;0;;1;0;
45080;0;0;;1;0;;1;0;;1;0;;1;0;;1;0;;1;0;
45090;0;0;;1;1;;1;0;;1;0;;1;0;;1;0;;1;0;
45100;0;0;;1;1;;1;0;;1;0;;1;0;;1;0;;1;0;
45110;0;0;;1;1;;1;0;;1;0;;1;0;;1;0;;1;0;
45120;0;0;;1;0;;1;0;;1;0;;1;0;;1;0;;1;0;
45130;0;0;;1;1;;1;0;;1;0;;1;0;;1;0;;1;0;
45140;0;0;;1;1;;1;0;;1;0;;1;0;;1;0;;1;0;
45150;0;0;;1;1;;1;0;;1;0;;1;0;;1;0;;1;0;
45160;0;0;;1;0;;1;0;;1;0;;1;0;;1;0;;1;0;
45170;0;0;;1;1;;1;0;;1;0;;1;0;;1;0;;1;0;
45180;0;0;;1;1;;1;0;;1;0;;1;0;;1;0;;1;0;
45190;0;0;;1;1;;1;0;;1;0;;1;0;;1;0;;1;0;
45200;0;0;;1;0;;1;0;;1;1;;1;0;;1;0;;1;0;
45210;0;0;;1;1;;1;0;;1;0;;1;0;;1;0;;1;0;
45220;0;0;;1;1;;1;0;;1;0;;1;0;;1;0;;1;0;
45230;0;0;;1;1;;1;0;;1;0;;1;0;;1;0;;1;0;
45240;0;0;;1;0;;1;0;;1;0;;1;0;;1;0;;1;0;
45250;0;0;;1;1;;1;0;;1;0;;1;0;;1;0;;1;0;
45260;0;0;;1;1;;1;0;;1;0;;1;0;;1;0;;1;0;
45270;0;0;;1;1;;1;0;;1;0;;1;0;;1;0;;1;0;
45280;0;0;;1;0;;1;0;;1;0;;1;0;;1;0;;1;0;
45290;0;0;;1;1;;1;0;;1;0;;1;0;;1;0;;1;0;
45300;0;0;;1;1;;1;0;;1;0;;1;0;;1;0;;1;0;
45310;0;0;;1;1;;1;0;;1;0;;1;0;;1;0;;1;0;
45320;0;0;;1;0;;1;0;;1;0;;1;0;;1;0;;1;0;
45330;0;0;;1;1;;1;0;;1;0;;1;0;;1;0;;1;0;
45340;0;0;;1;1;;1;0;;1;0;;1;0;;1;0;;1;0;
45350;0;0;;1;0;;1;0;;1;0;;1;0;;1;0;;1;0;
45360;0;0;;1;1;;1;0;;1;0;;1;0;;1;0;;1;0;
45370;0;0;;1;1;;1;0;;1;0;;1;0;;1;0;;1;0;
45380;0;0;;1;1;;1;0;;1;1;;1;0;;1;0;;1;0;
45390;0;0;;1;0;;1;0;;1;0;;1;0;;1;0;;1;0;
45400;0;0;;1;1;;1;0;;1;0;;1;0;;1;0;;1;0;
45410;0;0;;1;1;;1;0;;1;0;;1;0;;1;0;;1;0;
45420;0;0;;1;1;;1;0;;1;0;;1;0;;1;0;;1;0;
45430;0;0;;1;0;;1;0;;1;0;;1;0;;1;0;;1;0;
45440;0;0;;1;1;;1;0;;1;0;;1;0;;1;0;;1;0;
45450;0;0;;1;1;;1;0;;1;0;;1;0;;1;0;;1;0;
45460;0;0;;1;1;;1;0;;1;0;;1;0;;1;0;;1;0;
45470;0;0;;1;0;;1;0;;1;0;;1;0;;1;0;;1;0;
45480;0;0;;1;1;;1;0;;1;0;;1;0;;1;0;;1;0;
45490;0;0;;1;1;;1;0;;1;0;;1;0;;1;0;;1;0;
45500;0;0;;1;0;;1;0;;1;0;;1;0;;1;0;;1;0;
45510;0;0;;1;1;;1;0;;1;0;;1;0;;1;0;;1;0;
45520;0;0;;1;1;;1;0;;1;0;;1;0;;1;0;;1;0;
45530;0;1;;1;1;;1;0;;1;0;;1;0;;1;0;;1;0;
45540;0;0;;1;0;;1;0;;1;0;;1;0;;1;0;;1;0;
45550;0;0;;1;1;;1;0;;1;1;;1;0;;1;0;;1;0;
45560;0;0;;1;1;;1;0;;1;0;;1;0;;1;0;;1;0;
45570;0;0;;1;1;;1;0;;1;0;;1;0;;1;0;;1;0;
45580;0;0;;1;0;;1;0;;1;0;;1;0;;1;0;;1;0;
45590;0;0;;1;1;;1;0;;1;0;;1;0;;1;0;;1;0;
45600;0;0;;1;1;;1;0;;1;0;;1;0;;1;0;;1;0;
45610;0;0;;1;0;;1;0;;1;0;;1;0;;1;0;;1;0;
45620;0;0;;1;1;;1;0;;1;0;;1;0;;1;0;;1;0;
45630;0;0;;1;1;;1;0;;1;0;;1;0;;1;0;;1;0;
45640;0;0;;1;1;;1;0;;1;0;;1;0;;1;0;;1;0;
45650;0;0;;1;0;;1;0;;1;0;;1;0;;1;0;;1;0;
45660;0;0;;1;1;;1;0;;1;0;;1;0;;1;0;;1;0;
45670;0;0;;1;1;;1;0;;1;0;;1;0;;1;0;;1;0;
45680;0;0;;1;1;;1;0;;1;0;;1;0;;1;0;;1;0;
45690;0;0;;1;0;;1;0;;1;0;;1;0;;1;0;;1;0;
45700;0;0;;1;1;;1;0;;1;0;;1;0;;1;0;;1;0;
45710;0;0;;1;1;;1;0;;1;0;;1;0;;1;0;;1;0;
45720;0;0;;1;0;;1;0;;1;1;;1;0;;1;0;;1;0;
45730;0;0;;1;1;;1;0;;1;0;;1;0;;1;0;;1;0;
45740;0;0;;1;1;;1;0;;1;0;;1;0;;1;0;;1;0;
45750;0;0;;1;1;;1;0;;1;0;;1;0;;1;0;;1;0;
45760;0;0;;1;0;;1;0;;1;0;;1;0;;1;0;;1;0;
45770;0;0;;1;1;;1;0;;1;0;;1;0;;1;0;;1;0;
45780;0;0;;1;1;;1;0;;1;0;;1;0;;1;0;;1;0;
45790;0;0;;1;0;;1;0;;1;0;;1;0;;1;0;;1;0;
45800;0;0;;1;1;;1;0;;1;0;;1;0;;1;0;;1;0;
45810;0;0;;1;1;;1;0;;1;0;;1;0;;1;0;;1;0;
45820;0;0;;1;1;;1;0;;1;0;;1;0;;1;0;;1;0;
45830;0;0;;1;0;;1;0;;1;0;;1;0;;1;0;;1;0;
45840;0;0;;1;1;;1;0;;1;0;;1;0;;1;0;;1;0;
45850;0;0;;1;1;;1;0;;1;0;;1;0;;1;0;;1;0;
45860;0;0;;1;0;;1;0;;1;0;;1;0;;1;0;;1;0;
45870;0;0;;1;1;;1;0;;1;0;;1;0;;1;0;;1;0;
45880;0;0;;1;1;;1;0;;1;0;;1;0;;1;0;;1;0;
45890;0;0;;1;1;;1;0;;1;0;;1;0;;1;0;;1;0;
45900;0;0;;1;0;;1;0;;1;1;;1;0;;1;0;;1;0;
45910;0;0;;1;1;;1;0;;1;0;;1;0;;1;0;;1;0;
45920;0;0;;1;1;;1;0;;1;0;;1;0;;1;0;;1;0;
45930;0;0;;1;0;;1;0;;1;0;;1;0;;1;0;;1;0;
45940;0;0;;1;1;;1;0;;1;0;;1;0;;1;0;;1;0;
45950;0;0;;1;1;;1;0;;1;0;;1;0;;1;0;;1;0;
45960;0;0;;1;1;;1;0;;1;0;;1;0;;1;0;;1;0;
45970;0;0;;1;0;;1;0;;1;0;;1;0;;1;0;;1;0;
45980;0;0;;1;1;;1;0;;1;0;;1;0;;1;0;;1;0;
45990;0;0;;1;1;;1;0;;1;0;;1;0;;1;0;;1;0;
46000;0;0;;1;0;;1;0;;1;0;;1;0;;1;0;;1;0;
46010;0;0;;1;1;;1;0;;1;0;;1;0;;1;0;;1;0;
46020;0;0;;1;1;;1;0;;1;0;;1;0;;1;0;;1;0;
46030;0;0;;1;1;;1;0;;1;0;;1;0;;1;0;;1;0;
46040;0;0;;1;0;;1;0;;1;0;;1;0;;1;0;;1;0;
46050;0;0;;1;1;;1;0;;1;0;;1;0;;1;0;;1;0;
46060;0;0;;1;1;;1;0;;1;0;;1;0;;1;0;;1;0;
46070;0;0;;1;0;;1;0;;1;0;;1;0;;1;0;;1;0;
46080;0;0;;1;1;;1;0;;1;0;;1;0;;1;0;;1;0;
46090;0;0;;1;1;;1;0;;1;1;;1;0;;1;0;;1;0;
46100;0;0;;1;0;;1;0;;1;0;;1;0;;1;0;;1;0;
46110;0;0;;1;1;;1;0;;1;0;;1;0;;1;0;;1;0;
46120;0;0;;1;1;;1;0;;1;0;;1;0;;1;0;;1;0;
46130;0;0;;1;1;;1;0;;1;0;;1;0;;1;0;;1;0;
46140;0;0;;1;0;;1;0;;1;0;;1;0;;1;0;;1;0;
46150;0;0;;1;1;;1;0;;1;0;;1;0;;1;0;;1;0;
46160;0;0;;1;1;;1;0;;1;0;;1;0;;1;0;;1;0;
46170;0;0;;1;0;;1;0;;1;0;;1;0;;1;0;;1;0;
46180;0;0;;1;1;;1;0;;1;0;;1;0;;1;0;;1;0;
46190;0;0;;1;1;;1;0;;1;0;;1;0;;1;0;;1;0;
46200;0;0;;1;0;;1;0;;1;0;;1;0;;1;0;;1;0;
46210;0;0;;1;1;;1;0;;1;0;;1;0;;1;0;;1;0;
46220;0;0;;1;1;;1;0;;1;0;;1;0;;1;0;;1;0;
46230;0;0;;1;1;;1;0;;1;0;;1;0;;1;0;;1;0;
46240;0;0;;1;0;;1;0;;1;0;;1;0;;1;0;;1;0;
46250;0;0;;1;1;;1;0;;1;0;;1;0;;1;0;;1;0;
46260;0;0;;1;1;;1;0;;1;0;;1;0;;1;0;;1;0;
46270;0;0;;1;0;;1;0;;1;1;;1;0;;1;0;;1;0;
46280;0;0;;1;1;;1;0;;1;0;;1;0;;1;0;;1;0;
46290;0;0;;1;1;;1;0;;1;0;;1;0;;1;0;;1;0;
46300;0;0;;1;0;;1;0;;1;0;;1;0;;1;0;;1;0;
46310;0;0;;1;1;;1;0;;1;0;;1;0;;1;0;;1;0;
46320;0;0;;1;1;;1;0;;1;0;;1;0;;1;0;;1;0;
46330;0;0;;1;1;;1;0;;1;0;;1;0;;1;0;;1;0;
46340;0;0;;1;0;;1;0;;1;0;;1;0;;1;0;;1;0;
46350;0;0;;1;1;;1;0;;1;0;;1;0;;1;0;;1;0;
46360;0;0;;1;1;;1;0;;1;0;;1;0;;1;0;;1;0;
46370;0;0;;1;0;;1;0;;1;0;;1;0;;1;0;;1;0;
46380;0;0;;1;1;;1;0;;1;0;;1;0;;1;0;;1;0;
46390;0;0;;1;1;;1;0;;1;0;;1;0;;1;0;;1;0;
46400;0;0;;1;0;;1;0;;1;0;;1;0;;1;0;;1;0;
46410;0;0;;1;1;;1;0;;1;0;;1;0;;1;0;;1;0;
46420;0;0;;1;1;;1;0;;1;0;;1;0;;1;0;;1;0;
46430;0;0;;1;0;;1;0;;1;0;;1;0;;1;0;;1;0;
46440;0;0;;1;1;;1;0;;1;0;;1;0;;1;0;;1;0;
46450;0;0;;1;1;;1;0;;1;0;;1;0;;1;0;;1;0;
46460;0;0;;1;0;;1;0;;1;1;;1;0;;1;0;;1;0;
46470;0;0;;1;1;;1;0;;1;0;;1;0;;1;0;;1;0;
46480;0;0;;1;1;;1;0;;1;0;;1;0;;1;0;;1;0;
46490;0;0;;1;1;;1;0;;1;0;;1;0;;1;0;;1;0;
46500;0;0;;1;0;;1;0;;1;0;;1;0;;1;0;;1;0;
46510;0;0;;1;1;;1;0;;1;0;;1;0;;1;0;;1;0;
46520;0;0;;1;1;;1;0;;1;0;;1;0;;1;0;;1;0;
46530;0;0;;1;0;;1;0;;1;0;;1;0;;1;0;;1;0;
46540;0;0;;1;1;;0;0;;1;0;;1;0;;1;0;;1;0;
46550;0;0;;1;1;;0;0;;1;0;;1;0;;1;0;;1;0;
46560;0;0;;1;0;;0;0;;1;0;;1;0;;1;0;;1;0;
46570;0;0;;1;1;;0;0;;1;0;;1;0;;1;0;;1;0;
46580;0;0;;1;1;;0;0;;1;0;;1;0;;1;0;;1;0;
46590;0;0;;1;0;;0;0;;1;0;;1;0;;1;0;;1;0;
46600;0;0;;1;1;;0;0;;1;0;;1;0;;1;0;;1;0;
46610;0;0;;1;1;;0;0;;1;0;;1;0;;1;0;;1;0;
46620;0;0;;1;0;;0;0;;1;0;;1;0;;1;0;;1;0;
46630;0;0;;1;1;;0;0;;1;0;;1;0;;1;0;;1;0;
46640;0;0;;1;1;;0;0;;1;0;;1;0;;1;0;;1;0;
46650;0;0;;1;0;;0;0;;1;1;;1;0;;1;0;;1;0;
46660;0;0;;1;1;;0;0;;1;0;;1;0;;1;0;;1;0;
46670;0;0;;1;1;;0;0;;1;0;;1;0;;1;0;;1;0;
46680;0;0;;1;0;;0;0;;1;0;;1;0;;1;0;;1;0;
46690;0;0;;1;1;;0;0;;1;0;;1;0;;1;0;;1;0;
46700;0;0;;1;1;;0;0;;1;0;;1;0;;1;0;;1;0;
46710;0;0;;1;0;;0;0;;1;0;;1;0;;1;0;;1;0;
46720;0;0;;1;1;;0;0;;1;0;;1;0;;1;0;;1;0;
46730;0;0;;1;1;;0;0;;1;0;;1;0;;1;0;;1;0;
46740;0;0;;1;0;;0;0;;1;0;;1;0;;1;0;;1;0;
46750;0;0;;1;1;;0;0;;1;0;;1;0;;1;0;;1;0;
46760;0;0;;1;1;;0;0;;1;0;;1;0;;1;0;;1;0;
46770;0;0;;1;0;;0;0;;1;0;;1;0;;1;0;;1;0;
46780;0;0;;1;1;;0;0;;1;0;;1;0;;1;0;;1;0;
46790;0;0;;1;1;;0;0;;1;0;;1;0;;1;0;;1;0;
46800;0;0;;1;0;;0;0;;1;0;;1;0;;1;0;;1;0;
46810;0;0;;1;1;;0;0;;1;0;;1;0;;1;0;;1;0;
46820;0;0;;1;1;;0;0;;1;0;;1;0;;1;0;;1;0;
46830;0;0;;1;0;;0;0;;1;0;;1;0;;1;0;;1;0;
46840;0;0;;1;1;;0;0;;1;0;;1;0;;1;0;;1;0;
46850;0;0;;1;1;;0;0;;1;1;;1;0;;1;0;;1;0;
46860;0;0;;1;0;;0;0;;1;0;;1;0;;1;0;;1;0;
46870;0;0;;1;1;;0;0;;1;0;;1;0;;1;0;;1;0;
46880;0;0;;1;1;;0;0;;1;0;;1;0;;1;0;;1;0;
46890;0;0;;1;0;;0;0;;1;0;;1;0;;1;0;;1;0;
46900;0;0;;1;1;;0;0;;1;0;;1;0;;1;0;;1;0;
46910;0;0;;1;1;;0;0;;1;0;;1;0;;1;0;;1;0;
46920;0;0;;1;0;;0;0;;1;0;;1;0;;1;0;;1;0;
46930;0;0;;1;1;;0;0;;1;0;;1;0;;1;0;;1;0;
46940;0;0;;1;1;;0;0;;1;0;;1;0;;1;0;;1;0;
46950;0;0;;1;0;;0;0;;1;0;;1;0;;1;0;;1;0;
46960;0;0;;1;1;;0;0;;1;0;;1;0;;1;0;;1;0;
46970;0;0;;1;1;;0;0;;1;0;;1;0;;1;0;;1;0;
46980;0;0;;1;0;;0;0;;1;0;;1;0;;1;0;;1;0;
46990;0;0;;1;1;;0;0;;1;0;;1;0;;1;0;;1;0;
47000;0;0;;1;1;;0;0;;1;0;;1;0;;1;0;;1;0;
47010;0;0;;1;0;;0;0;;1;0;;1;0;;1;0;;1;0;
47020;0;0;;1;1;;0;0;;1;0;;1;0;;1;0;;1;0;
47030;0;0;;1;1;;0;0;;1;0;;1;0;;1;0;;1;0;
47040;0;0;;1;0;;0;0;;1;1;;1;0;;1;0;;1;0;
47050;0;0;;1;1;;0;0;;1;0;;1;0;;1;0;;1;0;
47060;0;0;;1;1;;0;0;;1;0;;1;0;;1;0;;1;0;
47070;0;0;;1;0;;0;0;;1;0;;1;0;;1;0;;1;0;
47080;0;0;;1;1;;0;0;;1;0;;1;0;;1;0;;1;0;
47090;0;0;;1;1;;0;0;;1;0;;1;0;;1;0;;1;0;
47100;0;0;;1;0;;0;0;;1;0;;1;0;;1;0;;1;0;
47110;0;0;;1;1;;0;0;;1;0;;1;0;;1;0;;1;0;
47120;0;0;;1;1;;0;0;;1;0;;1;0;;1;0;;1;0;
47130;0;0;;1;0;;0;0;;1;0;;1;0;;1;0;;1;0;
47140;0;0;;1;1;;0;0;;1;0;;1;0;;1;0;;1;0;
47150;0;0;;1;1;;0;0;;1;0;;1;0;;1;0;;1;0;
47160;0;0;;1;0;;0;0;;1;0;;1;0;;1;0;;1;0;
47170;0;0;;1;1;;0;0;;1;0;;1;0;;1;0;;1;0;
47180;0;0;;1;1;;0;0;;1;0;;1;0;;1;0;;1;0;
47190;0;0;;1;0;;0;0;;1;0;;1;0;;1;0;;1;0;
47200;0;0;;1;1;;0;0;;1;0;;1;0;;1;0;;1;0;
47210;0;0;;1;1;;0;0;;1;0;;1;0;;1;0;;1;0;
47220;0;0;;1;0;;0;0;;1;0;;1;0;;1;0;;1;0;
47230;0;0;;1;1;;0;0;;1;0;;1;0;;1;0;;1;0;
47240;0;0;;1;0;;0;0;;1;0;;1;0;;1;0;;1;0;
47250;0;0;;1;1;;0;0;;1;1;;1;0;;1;0;;1;0;
47260;0;0;;1;1;;0;0;;1;0;;1;0;;1;0;;1;0;
47270;0;0;;1;0;;0;0;;1;0;;1;0;;1;0;;1;0;
47280;0;0;;1;1;;0;0;;1;0;;1;0;;1;0;;1;0;
47290;0;0;;1;1;;0;0;;1;0;;1;0;;1;0;;1;0;
47300;0;0;;1;0;;0;0;;1;0;;1;0;;1;0;;1;0;
47310;0;0;;1;1;;0;0;;1;0;;1;0;;1;0;;1;0;
47320;0;0;;1;1;;0;0;;1;0;;1;0;;1;0;;1;0;
47330;0;0;;1;0;;0;0;;1;0;;1;0;;1;0;;1;0;
47340;0;0;;1;1;;0;0;;1;0;;1;0;;1;0;;1;0;
47350;0;0;;1;1;;0;0;;1;0;;1;0;;1;0;;1;0;
47360;0;0;;1;0;;0;0;;1;0;;1;0;;1;0;;1;0;
47370;0;0;;1;1;;0;0;;1;0;;1;0;;1;0;;1;0;
47380;0;0;;1;0;;0;0;;1;0;;1;0;;1;0;;1;0;
47390;0;0;;1;1;;0;0;;1;0;;1;0;;1;0;;1;0;
47400;0;0;;1;1;;0;0;;1;0;;1;0;;1;0;;1;0;
47410;0;0;;1;0;;0;0;;1;0;;1;0;;1;0;;1;0;
47420;0;0;;1;1;;0;0;;1;0;;1;0;;1;0;;1;0;
47430;0;0;;1;1;;0;0;;1;0;;1;0;;1;0;;1;0;
47440;0;0;;1;0;;0;0;;1;0;;1;0;;1;0;;1;0;
47450;0;0;;1;1;;0;0;;1;1;;1;0;;1;0;;1;0;
47460;0;0;;1;1;;0;0;;1;0;;1;0;;1;0;;1;0;
47470;0;0;;1;0;;0;0;;1;0;;1;0;;1;0;;1;0;
47480;0;0;;1;1;;0;0;;1;0;;1;0;;1;0;;1;0;
47490;0;0;;1;1;;0;0;;1;0;;1;0;;1;0;;1;0;
47500;0;0;;1;0;;0;0;;1;0;;1;0;;1;0;;1;0;
47510;0;0;;1;1;;0;0;;1;0;;1;0;;1;0;;1;0;
47520;0;0;;1;0;;0;0;;1;0;;1;0;;1;0;;1;0;
47530;0;0;;1;1;;0;0;;1;0;;1;0;;1;0;;1;0;
47540;0;0;;1;1;;0;0;;1;0;;1;0;;1;0;;1;0;
47550;0;0;;1;0;;0;0;;1;0;;1;0;;1;0;;1;0;
47560;0;0;;1;1;;0;0;;1;0;;1;0;;1;0;;1;0;
47570;0;0;;1;1;;0;0;;1;0;;1;0;;1;0;;1;0;
47580;0;0;;1;0;;0;0;;1;0;;1;0;;1;0;;1;0;
47590;0;0;;1;1;;0;0;;1;0;;1;0;;1;0;;1;0;
47600;0;0;;1;0;;0;0;;1;0;;1;0;;1;0;;1;0;
47610;0;0;;1;1;;0;0;;1;0;;1;0;;1;0;;1;0;
47620;0;0;;1;1;;0;0;;1;0;;1;0;;1;0;;1;0;
47630;0;0;;1;0;;0;0;;1;0;;1;0;;1;0;;1;0;
47640;0;0;;1;1;;0;0;;1;0;;1;0;;1;0;;1;0;
47650;0;0;;1;1;;0;0;;1;0;;1;0;;1;0;;1;0;
47660;0;0;;1;0;;0;0;;1;1;;1;0;;1;0;;1;0;
47670;0;0;;1;1;;0;0;;1;0;;1;0;;1;0;;1;0;
47680;0;0;;1;1;;0;0;;1;0;;1;0;;1;0;;1;0;
47690;0;0;;1;0;;0;0;;1;0;;1;0;;1;0;;1;0;
47700;0;0;;1;1;;0;0;;1;0;;1;0;;1;0;;1;0;
47710;0;0;;1;0;;0;0;;1;0;;1;0;;1;0;;1;0;
47720;0;0;;1;1;;0;0;;1;0;;1;0;;1;0;;1;0;
47730;0;0;;1;1;;0;0;;1;0;;1;0;;1;0;;1;0;
47740;0;0;;1;0;;0;0;;1;0;;1;0;;1;0;;1;0;
47750;0;0;;1;1;;0;0;;1;0;;1;0;;1;0;;1;0;
47760;0;0;;1;1;;0;0;;1;0;;1;0;;1;0;;1;0;
47770;0;0;;1;0;;0;0;;1;0;;1;0;;1;0;;1;0;
47780;0;0;;1;1;;0;0;;1;0;;1;0;;1;0;;1;0;
47790;0;0;;1;0;;0;0;;1;0;;1;0;;1;0;;1;0;
47800;0;0;;1;1;;0;0;;1;0;;1;0;;1;0;;1;0;
47810;0;0;;1;1;;0;0;;1;0;;1;0;;1;0;;1;0;
47820;0;0;;1;0;;0;0;;1;0;;1;0;;1;0;;1;0;
47830;0;0;;1;1;;0;0;;1;0;;1;0;;1;0;;1;0;
47840;0;0;;1;0;;0;0;;1;0;;1;0;;1;0;;1;0;
47850;0;0;;1;1;;0;0;;1;0;;1;0;;1;0;;1;0;
47860;0;0;;1;1;;0;0;;1;0;;1;0;;1;0;;1;0;
47870;0;0;;1;0;;0;0;;1;0;;1;0;;1;0;;1;0;
47880;0;0;;1;1;;0;0;;1;1;;1;0;;1;0;;1;0;
47890;0;0;;1;1;;0;0;;1;0;;1;0;;1;0;;1;0;
47900;0;0;;1;0;;0;0;;1;0;;1;0;;1;0;;1;0;
47910;0;0;;1;1;;0;0;;1;0;;1;0;;1;0;;1;0;
47920;0;0;;1;0;;0;0;;1;0;;1;0;;1;0;;1;0;
47930;0;0;;1;1;;0;0;;1;0;;1;0;;1;0;;1;0;
47940;0;0;;1;1;;0;0;;1;0;;1;0;;1;0;;1;0;
47950;0;0;;1;0;;0;0;;1;0;;1;0;;1;0;;1;0;
47960;0;0;;1;1;;0;0;;1;0;;1;0;;1;0;;1;0;
47970;0;0;;1;1;;0;0;;1;0;;1;0;;1;0;;1;0;
47980;0;0;;1;0;;0;0;;1;0;;1;0;;1;0;;1;0;
47990;0;0;;1;1;;0;0;;1;0;;1;0;;1;0;;1;0;
48000;0;0;;1;0;;0;0;;1;0;;1;0;;1;0;;1;0;
48010;0;0;;1;1;;0;0;;1;0;;1;0;;1;0;;1;0;
48020;0;0;;1;1;;0;0;;1;0;;1;0;;1;0;;1;0;
48030;0;0;;1;0;;0;0;;1;0;;1;0;;1;0;;1;0;
48040;0;0;;1;1;;0;0;;1;0;;1;0;;1;0;;1;0;
48050;0;0;;1;0;;0;0;;1;0;;1;0;;1;0;;1;0;
48060;0;0;;1;1;;0;0;;1;0;;1;0;;1;0;;1;0;
48070;0;0;;1;1;;0;0;;1;0;;1;0;;1;0;;1;0;
48080;0;0;;1;0;;0;0;;1;0;;1;0;;1;0;;1;0;
48090;0;0;;1;1;;0;0;;1;0;;1;0;;1;0;;1;0;
48100;0;0;;1;0;;0;0;;1;1;;1;0;;1;0;;1;0;
48110;0;0;;1;1;;0;0;;1;0;;1;0;;1;0;;1;0;
48120;0;0;;1;1;;0;0;;1;0;;1;0;;1;0;;1;0;
48130;0;0;;1;0;;0;0;;1;0;;1;0;;1;0;;1;0;
48140;0;0;;1;1;;0;0;;1;0;;1;0;;1;0;;1;0;
48150;0;0;;1;0;;0;0;;1;0;;1;0;;1;0;;1;0;
48160;0;0;;1;1;;0;0;;1;0;;1;0;;1;0;;1;0;
48170;0;0;;1;1;;0;0;;1;0;;1;0;;1;0;;1;0;
48180;0;0;;1;0;;0;0;;1;0;;1;0;;1;0;;1;0;
48190;0;0;;1;1;;0;0;;1;0;;1;0;;1;0;;1;0;
48200;0;0;;1;0;;0;0;;1;0;;1;0;;1;0;;1;0;
48210;0;0;;1;1;;0;0;;1;0;;1;0;;1;0;;1;0;
48220;0;0;;1;1;;0;0;;1;0;;1;0;;1;0;;1;0;
48230;0;0;;1;0;;0;0;;1;0;;1;0;;1;0;;1;0;
48240;0;0;;1;1;;0;0;;1;0;;1;0;;1;0;;1;0;
48250;0;0;;1;0;;0;0;;1;0;;1;0;;1;0;;1;0;
48260;0;0;;1;1;;0;0;;1;0;;1;0;;1;0;;1;0;
48270;0;0;;1;1;;0;0;;1;0;;1;0;;1;0;;1;0;
48280;0;0;;1;0;;0;0;;1;0;;1;0;;1;0;;1;0;
48290;0;0;;1;1;;0;0;;1;0;;1;0;;1;0;;1;0;
48300;0;0;;1;0;;0;0;;1;0;;1;0;;1;0;;1;0;
48310;0;0;;1;1;;0;0;;1;0;;1;0;;1;0;;1;0;
48320;0;0;;1;1;;0;0;;1;1;;1;0;;1;0;;1;0;
48330;0;0;;1;0;;0;0;;1;0;;1;0;;1;0;;1;0;
48340;0;0;;1;1;;0;0;;1;0;;1;0;;1;0;;1;0;
48350;0;0;;1;0;;0;0;;1;0;;1;0;;1;0;;1;0;
48360;0;0;;1;1;;0;0;;1;0;;1;0;;1;0;;1;0;
48370;0;0;;1;1;;0;0;;1;0;;1;0;;1;0;;1;0;
48380;0;0;;1;0;;0;0;;1;0;;1;0;;1;0;;1;0;
48390;0;0;;1;1;;0;0;;1;0;;1;0;;1;0;;1;0;
48400;0;0;;1;0;;0;0;;1;0;;1;0;;1;0;;1;0;
48410;0;0;;1;1;;0;0;;1;0;;1;0;;1;0;;1;0;
48420;0;0;;1;1;;0;0;;1;0;;1;0;;1;0;;1;0;
48430;0;0;;1;0;;0;0;;1;0;;1;0;;1;0;;1;0;
48440;0;0;;1;1;;0;0;;1;0;;1;0;;1;0;;1;0;
48450;0;0;;1;0;;0;0;;1;0;;1;0;;1;0;;1;0;
48460;0;0;;1;1;;0;0;;1;0;;1;0;;1;0;;1;0;
48470;0;0;;1;1;;0;0;;1;0;;1;0;;1;0;;1;0;
48480;0;0;;1;0;;0;0;;1;0;;1;0;;1;0;;1;0;
48490;0;0;;1;1;;0;0;;1;0;;1;0;;1;0;;1;0;
48500;0;0;;1;0;;0;0;;1;0;;1;0;;1;0;;1;0;
48510;0;0;;1;1;;0;0;;1;0;;1;0;;1;0;;1;0;
48520;0;0;;1;0;;0;0;;1;0;;1;0;;1;0;;1;0;
48530;0;0;;1;1;;0;0;;1;0;;1;0;;1;0;;1;0;
48540;0;0;;1;1;;0;0;;1;0;;1;0;;1;0;;1;0;
48550;0;0;;1;0;;0;0;;1;1;;1;0;;1;0;;1;0;
48560;0;0;;1;1;;0;0;;1;0;;1;0;;1;0;;1;0;
48570;0;0;;1;0;;0;0;;1;0;;1;0;;1;0;;1;0;
48580;0;0;;1;1;;0;0;;1;0;;1;0;;1;0;;1;0;
48590;0;0;;1;1;;0;0;;1;0;;1;0;;1;0;;1;0;
48600;0;0;;1;0;;0;0;;1;0;;1;0;;1;0;;1;0;
48610;0;0;;1;1;;0;0;;1;0;;1;0;;1;0;;1;0;
48620;0;0;;1;0;;0;0;;1;0;;1;0;;1;0;;1;0;
48630;0;0;;1;1;;0;0;;1;0;;1;0;;1;0;;1;0;
48640;0;0;;1;0;;0;0;;1;0;;1;0;;1;0;;1;0;
48650;0;0;;1;1;;0;0;;1;0;;1;0;;1;0;;1;0;
48660;0;0;;1;1;;0;0;;1;0;;1;0;;1;0;;1;0;
48670;0;0;;1;0;;0;0;;1;0;;1;0;;1;0;;1;0;
48680;0;0;;1;1;;0;0;;1;0;;1;0;;1;0;;1;0;
48690;0;0;;1;0;;0;0;;1;0;;1;0;;1;0;;1;0;
48700;0;0;;1;1;;0;0;;1;0;;1;0;;1;0;;1;0;
48710;0;0;;1;1;;0;0;;1;0;;1;0;;1;0;;1;0;
48720;0;0;;1;0;;0;0;;1;0;;1;0;;1;0;;1;0;
48730;0;0;;1;1;;0;0;;1;0;;1;0;;1;0;;1;0;
48740;0;0;;1;0;;0;0;;1;0;;1;0;;1;0;;1;0;
48750;0;0;;1;1;;0;0;;1;0;;1;0;;1;0;;1;0;
48760;0;0;;1;0;;0;0;;1;0;;1;0;;1;0;;1;0;
48770;0;0;;1;1;;0;0;;1;0;;1;0;;1;0;;1;0;
48780;0;0;;1;1;;0;0;;1;1;;1;0;;1;0;;1;0;
48790;0;0;;1;0;;0;0;;1;0;;1;0;;1;0;;1;0;
48800;0;0;;1;1;;0;0;;1;0;;1;0;;1;0;;1;0;
48810;0;0;;1;0;;0;0;;1;0;;1;0;;1;0;;1;0;
48820;0;0;;1;1;;0;0;;1;0;;1;0;;1;0;;1;0;
48830;0;0;;1;0;;0;0;;1;0;;1;0;;1;0;;1;0;
48840;0;0;;1;1;;0;0;;1;0;;1;0;;1;0;;1;0;
48850;0;0;;1;1;;0;0;;1;0;;1;0;;1;0;;1;0;
48860;0;0;;1;0;;0;0;;1;0;;1;0;;1;0;;1;0;
48870;0;0;;1;1;;0;0;;1;0;;1;0;;1;0;;1;0;
48880;0;0;;1;0;;0;0;;1;0;;1;0;;1;0;;1;0;
48890;0;0;;1;1;;0;0;;1;0;;1;0;;1;0;;1;0;
48900;0;0;;1;0;;0;0;;1;0;;1;0;;1;0;;1;0;
48910;0;0;;1;1;;0;0;;1;0;;1;0;;1;0;;1;0;
48920;0;0;;1;1;;0;0;;1;0;;1;0;;1;0;;1;0;
48930;0;0;;1;0;;0;0;;1;0;;1;0;;1;0;;1;0;
48940;0;0;;1;1;;0;0;;1;0;;1;0;;1;0;;1;0;
48950;0;0;;1;0;;0;0;;1;0;;1;0;;1;0;;1;0;
48960;0;0;;1;1;;0;0;;1;0;;1;0;;1;0;;1;0;
48970;0;0;;1;0;;0;0;;1;0;;1;0;;1;0;;1;0;
48980;0;0;;1;1;;0;0;;1;0;;1;0;;1;0;;1;0;
48990;0;0;;1;0;;0;0;;1;0;;1;0;;1;0;;1;0;
49000;0;0;;1;1;;0;0;;1;0;;1;0;;1;0;;1;0;
49010;0;0;;1;1;;0;0;;1;0;;1;0;;1;0;;1;0;
49020;0;0;;1;0;;0;0;;1;1;;1;0;;1;0;;1;0;
49030;0;0;;1;1;;0;0;;1;0;;1;0;;1;0;;1;0;
49040;0;0;;1;0;;0;0;;1;0;;1;0;;1;0;;1;0;
49050;0;0;;1;1;;0;0;;1;0;;1;0;;1;0;;1;0;
49060;0;0;;1;0;;0;0;;1;0;;1;0;;1;0;;1;0;
49070;0;0;;1;1;;0;0;;1;0;;1;0;;1;0;;1;0;
49080;0;0;;1;1;;0;0;;1;0;;1;0;;1;0;;1;0;
49090;0;0;;1;0;;0;0;;1;0;;1;0;;1;0;;1;0;
49100;0;0;;1;1;;0;0;;1;0;;1;0;;1;0;;1;0;
49110;0;0;;1;0;;0;0;;1;0;;1;0;;1;0;;1;0;
49120;0;0;;1;1;;0;0;;1;0;;1;0;;1;0;;1;0;
49130;0;0;;1;0;;0;0;;1;0;;1;0;;1;0;;1;0;
49140;0;0;;1;1;;0;0;;1;0;;1;0;;1;0;;1;0;
49150;0;0;;1;0;;0;0;;1;0;;1;0;;1;0;;1;0;
49160;0;0;;1;1;;0;0;;1;0;;1;0;;1;0;;1;0;
49170;0;0;;1;1;;0;0;;1;0;;1;0;;1;0;;1;0;
49180;0;0;;1;0;;0;0;;1;0;;1;0;;1;0;;1;0;
49190;0;0;;1;1;;0;0;;1;0;;1;0;;1;0;;1;0;
49200;0;0;;1;0;;0;0;;1;0;;1;0;;1;0;;1;0;
49210;0;0;;1;1;;0;0;;1;0;;1;0;;1;0;;1;0;
49220;0;0;;1;0;;0;0;;1;0;;1;0;;1;0;;1;0;
49230;0;0;;1;1;;0;0;;1;0;;1;0;;1;0;;1;0;
49240;0;0;;1;0;;0;0;;1;0;;1;0;;1;0;;1;0;
49250;0;0;;1;1;;0;0;;1;0;;1;0;;1;0;;1;0;
49260;0;0;;1;1;;0;0;;1;1;;1;0;;1;0;;1;0;
49270;0;0;;1;0;;0;0;;1;0;;1;0;;1;0;;1;0;
49280;0;0;;1;1;;0;0;;1;0;;1;0;;1;0;;1;0;
49290;0;0;;1;0;;0;0;;1;0;;1;0;;1;0;;1;0;
49300;0;0;;1;1;;0;0;;1;0;;1;0;;1;0;;1;0;
49310;0;0;;1;0;;0;0;;1;0;;1;0;;1;0;;1;0;
49320;0;0;;1;1;;0;0;;1;0;;1;0;;1;0;;1;0;
49330;0;0;;1;0;;0;0;;1;0;;1;0;;1;0;;1;0;
49340;0;0;;1;1;;0;0;;1;0;;1;0;;1;0;;1;0;
49350;0;0;;1;0;;0;0;;1;0;;1;0;;1;0;;1;0;
49360;0;0;;1;1;;0;0;;1;0;;1;0;;1;0;;1;0;
49370;0;0;;1;1;;0;0;;1;0;;1;0;;1;0;;1;0;
49380;0;0;;1;0;;0;0;;1;0;;1;0;;1;0;;1;0;
49390;0;0;;1;1;;0;0;;1;0;;1;0;;1;0;;1;0;
49400;0;0;;1;0;;0;0;;1;0;;1;0;;1;0;;1;0;
49410;0;0;;1;1;;0;0;;1;0;;1;0;;1;0;;1;0;
49420;0;0;;1;0;;0;0;;1;0;;1;0;;1;0;;1;0;
49430;0;0;;1;1;;0;0;;1;0;;1;0;;1;0;;1;0;
49440;0;0;;1;0;;0;0;;1;0;;1;0;;1;0;;1;0;
49450;0;0;;1;1;;0;0;;1;0;;1;0;;1;0;;1;0;
49460;0;0;;1;0;;0;0;;1;0;;1;0;;1;0;;1;0;
49470;0;0;;1;1;;0;0;;1;0;;1;0;;1;0;;1;0;
49480;0;0;;1;1;;0;0;;1;0;;1;0;;1;0;;1;0;
49490;0;0;;1;0;;0;0;;1;0;;1;0;;1;0;;1;0;
49500;0;0;;1;1;;0;0;;1;0;;1;0;;1;0;;1;0;
49510;0;0;;1;0;;0;0;;1;1;;1;0;;1;0;;1;0;
49520;0;0;;1;1;;0;0;;1;0;;1;0;;1;0;;1;0;
49530;0;0;;1;0;;0;0;;1;0;;1;0;;1;0;;1;0;
49540;0;0;;1;1;;0;0;;1;0;;1;0;;1;0;;1;0;
49550;0;0;;1;0;;0;0;;1;0;;1;0;;1;0;;1;0;
49560;0;0;;1;1;;0;0;;1;0;;1;0;;1;0;;1;0;
49570;0;0;;1;0;;0;0;;1;0;;1;0;;1;0;;1;0;
49580;0;0;;1;1;;0;0;;1;0;;1;0;;1;0;;1;0;
49590;0;0;;1;0;;0;0;;1;0;;1;0;;1;0;;1;0;
49600;0;0;;1;1;;0;0;;1;0;;1;0;;1;0;;1;0;
49610;0;0;;1;1;;0;0;;1;0;;1;0;;1;0;;1;0;
49620;0;0;;1;0;;0;0;;1;0;;1;0;;1;0;;1;0;
49630;0;0;;1;1;;0;0;;1;0;;1;0;;1;0;;1;0;
49640;0;0;;1;0;;0;0;;1;0;;1;0;;1;0;;1;0;
49650;0;0;;1;1;;0;0;;1;0;;1;0;;1;0;;1;0;
49660;0;0;;1;0;;0;0;;1;0;;1;0;;1;0;;1;0;
49670;0;0;;1;1;;0;0;;1;0;;1;0;;1;0;;1;0;
49680;0;0;;1;0;;0;0;;1;0;;1;0;;1;0;;1;0;
49690;0;0;;1;1;;0;0;;1;0;;1;0;;1;0;;1;0;
49700;0;0;;1;0;;0;0;;1;0;;1;0;;1;0;;1;0;
49710;0;0;;1;1;;0;0;;1;0;;1;0;;1;0;;1;0;
49720;0;0;;1;0;;0;0;;1;0;;1;0;;1;0;;1;0;
49730;0;0;;1;1;;0;0;;1;0;;1;0;;1;0;;1;0;
49740;0;0;;1;0;;0;0;;1;0;;1;0;;1;0;;1;0;
49750;0;0;;1;1;;0;0;;1;0;;1;0;;1;0;;1;0;
49760;0;0;;1;0;;0;0;;1;1;;1;0;;1;0;;1;0;
49770;0;0;;1;1;;0;0;;1;0;;1;0;;1;0;;1;0;
49780;0;0;;1;1;;0;0;;1;0;;1;0;;1;0;;1;0;
49790;0;0;;1;0;;0;0;;1;0;;1;0;;1;0;;1;0;
49800;0;0;;1;1;;0;0;;1;0;;1;0;;1;0;;1;0;
49810;0;0;;1;0;;0;0;;1;0;;1;0;;1;0;;1;0;
49820;0;0;;1;1;;0;0;;1;0;;1;0;;1;0;;1;0;
49830;0;0;;1;0;;0;0;;1;0;;1;0;;1;0;;1;0;
49840;0;0;;1;1;;0;0;;1;0;;1;0;;1;0;;1;0;
49850;0;0;;1;0;;0;0;;1;0;;1;0;;1;0;;1;0;
49860;0;0;;1;1;;0;0;;1;0;;1;0;;1;0;;1;0;
49870;0;0;;1;0;;0;0;;1;0;;1;0;;1;0;;1;0;
49880;0;0;;1;1;;0;0;;1;0;;1;0;;1;0;;1;0;
49890;0;0;;1;0;;0;0;;1;0;;1;0;;1;0;;1;0;
49900;0;0;;1;1;;0;0;;1;0;;1;0;;1;0;;1;0;
49910;0;0;;1;0;;0;0;;1;0;;1;0;;1;0;;1;0;
49920;0;0;;1;1;;0;0;;1;0;;1;0;;1;0;;1;0;
49930;0;0;;1;0;;0;0;;1;0;;1;0;;1;0;;1;0;
49940;0;0;;1;1;;0;0;;1;0;;1;0;;1;0;;1;0;
49950;0;0;;1;0;;0;0;;1;0;;1;0;;1;0;;1;0;
49960;0;0;;1;1;;0;0;;1;0;;1;0;;1;0;;1;0;
49970;0;0;;1;0;;0;0;;1;0;;1;0;;1;0;;1;0;
49980;0;0;;1;1;;0;0;;1;0;;1;0;;1;0;;1;0;
49990;0;0;;1;0;;0;0;;1;0;;1;0;;1;0;;1;0;
50000;0;0;;1;1;;0;0;;1;0;;1;0;;1;0;;1;0;
50010;0;0;;1;0;;0;0;;1;0;;1;0;;1;0;;1;0;
50020;0;0;;1;1;;0;0;;1;1;;1;0;;1;0;;1;0;
50030;0;0;;1;1;;0;0;;1;0;;1;0;;1;0;;1;0;
50040;0;0;;1;0;;0;0;;1;0;;1;0;;1;0;;1;0;
50050;0;0;;1;1;;0;0;;1;0;;1;0;;1;0;;1;0;
50060;0;0;;1;0;;0;0;;1;0;;1;0;;1;0;;1;0;
50070;0;0;;1;1;;0;0;;1;0;;1;0;;1;0;;1;0;
50080;0;0;;1;0;;0;0;;1;0;;1;0;;1;0;;1;0;
50090;0;0;;1;1;;0;0;;1;0;;1;0;;1;0;;1;0;
50100;0;0;;1;0;;0;0;;1;0;;1;0;;1;0;;1;0;
50110;0;0;;1;1;;0;0;;1;0;;1;0;;1;0;;1;0;
50120;0;0;;1;0;;0;0;;1;0;;1;0;;1;0;;1;0;
50130;0;0;;1;1;;0;0;;1;0;;1;0;;1;0;;1;0;
50140;0;0;;1;0;;0;0;;1;0;;1;0;;1;0;;1;0;
50150;0;0;;1;1;;0;0;;1;0;;1;0;;1;0;;1;0;
50160;0;0;;1;0;;0;0;;1;0;;1;0;;1;0;;1;0;
50170;0;0;;1;1;;0;0;;1;0;;1;0;;1;0;;1;0;
50180;0;0;;1;0;;0;0;;1;0;;1;0;;1;0;;1;0;
50190;0;0;;1;1;;0;0;;1;0;;1;0;;1;0;;1;0;
50200;0;0;;1;0;;0;0;;1;0;;1;0;;1;0;;1;0;
50210;0;0;;1;1;;0;0;;1;0;;1;0;;1;0;;1;0;
50220;0;0;;1;0;;0;0;;1;0;;1;1;;1;1;;1;0;
50230;0;0;;1;1;;0;0;;1;0;;1;0;;1;0;;1;0;
50240;0;0;;1;0;;0;0;;1;0;;1;0;;1;0;;1;0;
50250;0;0;;1;1;;0;0;;1;0;;1;0;;1;0;;1;0;
50260;0;0;;1;0;;0;0;;1;0;;1;0;;1;0;;1;0;
50270;0;0;;1;1;;0;0;;1;0;;1;0;;1;0;;1;0;
50280;0;0;;1;0;;0;0;;1;0;;1;0;;1;0;;1;0;
50290;0;0;;1;1;;0;0;;1;1;;1;0;;1;0;;1;0;
50300;0;0;;1;0;;0;0;;1;0;;1;0;;1;0;;1;0;
50310;0;0;;1;1;;0;0;;1;0;;1;0;;1;0;;1;0;
50320;0;0;;1;0;;0;0;;1;0;;1;0;;1;0;;1;0;
50330;0;0;;1;1;;0;0;;1;0;;1;0;;1;0;;1;0;
50340;0;0;;1;0;;0;0;;1;0;;1;0;;1;0;;1;0;
50350;0;0;;1;1;;0;0;;1;0;;1;0;;1;0;;1;0;
50360;0;0;;1;0;;0;0;;1;0;;1;0;;1;0;;1;0;
50370;0;0;;1;1;;0;0;;1;0;;1;0;;1;0;;1;0;
50380;0;0;;1;0;;0;0;;1;0;;1;0;;1;0;;1;0;
50390;0;0;;1;1;;0;0;;1;0;;1;0;;1;0;;1;0;
50400;0;0;;1;0;;0;0;;1;0;;1;0;;1;0;;1;0;
50410;0;0;;1;1;;0;0;;1;0;;1;0;;1;0;;1;0;
50420;0;0;;1;0;;0;0;;1;0;;1;0;;1;0;;1;0;
50430;0;0;;1;1;;0;0;;1;0;;1;0;;1;0;;1;0;
50440;0;0;;1;0;;0;0;;1;0;;1;0;;1;0;;1;0;
50450;0;0;;1;1;;0;0;;1;0;;1;0;;1;0;;1;0;
50460;0;0;;1;0;;0;0;;1;0;;1;0;;1;0;;1;0;
50470;0;0;;1;1;;0;0;;1;0;;1;0;;1;0;;1;0;
50480;0;0;;1;0;;0;0;;1;0;;1;0;;1;0;;1;0;
50490;0;0;;1;1;;0;0;;1;0;;1;0;;1;0;;1;0;
50500;0;0;;1;0;;0;0;;1;0;;1;0;;1;0;;1;0;
50510;1;0;;1;1;;0;0;;1;0;;1;0;;1;0;;1;0;
50520;1;0;;1;0;;0;0;;1;0;;1;0;;1;0;;1;0;
50530;1;0;;1;1;;0;0;;1;0;;1;0;;1;0;;1;0;
50540;1;0;;1;0;;0;0;;1;0;;1;0;;1;0;;1;0;
50550;1;0;;1;1;;0;0;;1;0;;1;0;;1;0;;1;0;
50560;1;0;;1;0;;0;0;;1;0;;1;0;;1;0;;1;0;
50570;1;0;;1;1;;0;0;;1;1;;1;0;;1;0;;1;0;
50580;1;0;;1;0;;0;0;;1;0;;1;0;;1;0;;1;0;
50590;1;0;;1;1;;0;0;;1;0;;1;0;;1;0;;1;0;
50600;1;0;;1;0;;0;0;;1;0;;1;0;;1;0;;1;0;
50610;1;0;;1;0;;0;0;;1;0;;1;0;;1;0;;1;0;
50620;1;0;;1;1;;0;0;;1;0;;1;0;;1;0;;1;0;
50630;1;0;;1;0;;0;0;;1;0;;1;0;;1;0;;1;0;
50640;1;0;;1;1;;0;0;;1;0;;1;0;;1;0;;1;0;
50650;1;0;;1;0;;0;0;;1;0;;1;0;;1;0;;1;0;
50660;1;0;;1;1;;0;0;;1;0;;1;0;;1;0;;1;0;
50670;1;0;;1;0;;0;0;;1;0;;1;0;;1;0;;1;0;
50680;1;0;;1;1;;0;0;;1;0;;1;0;;1;0;;1;0;
50690;1;0;;1;0;;0;0;;1;0;;1;0;;1;0;;1;0;
50700;1;0;;1;1;;0;0;;1;0;;1;0;;1;0;;1;0;
50710;1;0;;1;0;;0;0;;1;0;;1;0;;1;0;;1;0;
50720;1;0;;1;1;;0;0;;1;0;;1;0;;1;0;;1;0;
50730;1;0;;1;0;;0;0;;1;0;;1;0;;1;0;;1;0;
50740;1;0;;1;1;;0;0;;1;0;;1;0;;1;0;;1;0;
50750;1;0;;1;0;;0;0;;1;0;;1;0;;1;0;;1;0;
50760;1;0;;1;1;;0;0;;1;0;;1;0;;1;0;;1;0;
50770;1;0;;1;0;;0;0;;1;0;;1;0;;1;0;;1;0;
50780;1;0;;1;1;;0;0;;1;0;;1;0;;1;0;;1;0;
50790;1;0;;1;0;;0;0;;1;0;;1;0;;1;0;;1;0;
50800;1;0;;1;1;;0;0;;1;0;;1;0;;1;0;;1;0;
50810;1;0;;1;0;;0;0;;1;0;;1;0;;1;0;;1;0;
50820;1;0;;1;1;;0;0;;1;0;;1;0;;1;0;;1;0;
50830;1;0;;1;0;;0;0;;1;0;;1;0;;1;0;;1;0;
50840;1;0;;1;1;;0;0;;1;0;;1;0;;1;0;;1;0;
50850;1;0;;1;0;;0;0;;1;1;;1;0;;1;0;;1;0;
50860;1;0;;1;1;;0;0;;1;0;;1;0;;1;0;;1;0;
50870;1;0;;1;0;;0;0;;1;0;;1;0;;1;0;;1;0;
50880;1;0;;1;0;;0;0;;1;0;;1;0;;1;0;;1;0;
50890;1;0;;1;1;;0;0;;1;0;;1;0;;1;0;;1;0;
50900;1;0;;1;0;;0;0;;1;0;;1;0;;1;0;;1;0;
50910;1;0;;1;1;;0;0;;1;0;;1;0;;1;0;;1;0;
50920;1;0;;1;0;;0;0;;1;0;;1;0;;1;0;;1;0;
50930;1;0;;1;1;;0;0;;1;0;;1;0;;1;0;;1;0;
50940;1;0;;1;0;;0;0;;1;0;;1;0;;1;0;;1;0;
50950;1;0;;1;1;;0;0;;1;0;;1;0;;1;0;;1;0;
50960;1;0;;1;0;;0;0;;1;0;;1;0;;1;0;;1;0;
50970;1;0;;1;1;;0;0;;1;0;;1;0;;1;0;;1;0;
50980;1;0;;1;0;;0;0;;1;0;;1;0;;1;0;;1;0;
50990;1;0;;1;1;;0;0;;1;0;;1;0;;1;0;;1;0;
51000;1;0;;1;0;;0;0;;1;0;;1;0;;1;0;;1;0;
51010;1;0;;1;1;;0;0;;1;0;;1;0;;1;0;;1;0;
51020;1;0;;1;0;;0;0;;1;0;;1;0;;1;0;;1;0;
51030;1;0;;1;0;;0;0;;1;0;;1;0;;1;0;;1;0;
51040;1;0;;1;1;;0;0;;1;0;;1;0;;1;0;;1;0;
51050;1;0;;1;0;;0;0;;1;0;;1;0;;1;0;;1;0;
51060;1;0;;1;1;;0;0;;1;0;;1;0;;1;0;;1;0;
51070;1;0;;1;0;;0;0;;1;0;;1;0;;1;0;;1;0;
51080;1;0;;1;1;;0;0;;1;0;;1;0;;1;0;;1;0;
51090;1;0;;1;0;;0;0;;1;0;;1;0;;1;0;;1;0;
51100;1;0;;1;1;;0;0;;1;0;;1;0;;1;0;;1;0;
51110;1;0;;1;0;;0;0;;1;0;;1;0;;1;0;;1;0;
51120;1;0;;1;1;;0;0;;1;0;;1;0;;1;0;;1;0;
51130;1;0;;1;0;;0;0;;1;0;;1;0;;1;0;;1;0;
51140;1;0;;1;1;;0;0;;1;1;;1;0;;1;0;;1;0;
51150;1;0;;1;0;;0;0;;1;0;;1;0;;1;0;;1;0;
51160;1;0;;1;1;;0;0;;1;0;;1;0;;1;0;;1;0;
51170;1;0;;1;0;;0;0;;1;0;;1;0;;1;0;;1;0;
51180;1;0;;1;0;;0;0;;1;0;;1;0;;1;0;;1;0;
51190;1;0;;1;1;;0;0;;1;0;;1;0;;1;0;;1;0;
51200;1;0;;1;0;;0;0;;1;0;;1;0;;1;0;;1;0;
51210;1;0;;1;1;;0;0;;1;0;;1;0;;1;0;;1;0;
51220;1;0;;1;0;;0;0;;1;0;;1;0;;1;0;;1;0;
51230;1;0;;1;1;;0;0;;1;0;;1;0;;1;0;;1;0;
51240;1;0;;1;0;;0;0;;1;0;;1;0;;1;0;;1;0;
51250;1;0;;1;1;;0;0;;1;0;;1;0;;1;0;;1;0;
51260;1;0;;1;0;;0;0;;1;0;;1;0;;1;0;;1;0;
51270;1;0;;1;1;;0;0;;1;0;;1;0;;1;0;;1;0;
51280;1;0;;1;0;;0;0;;1;0;;1;0;;1;0;;1;0;
51290;1;0;;1;0;;0;0;;1;0;;1;0;;1;0;;1;0;
51300;1;0;;1;1;;0;0;;1;0;;1;0;;1;0;;1;0;
51310;1;0;;1;0;;0;0;;1;0;;1;0;;1;0;;1;0;
51320;1;0;;1;1;;0;0;;1;0;;1;0;;1;0;;1;0;
51330;1;0;;1;0;;0;0;;1;0;;1;0;;1;0;;1;0;
51340;1;0;;1;1;;0;0;;1;0;;1;0;;1;0;;1;0;
51350;1;0;;1;0;;0;0;;1;0;;1;0;;1;0;;1;0;
51360;1;0;;1;1;;0;0;;1;0;;1;0;;1;0;;1;0;
51370;1;0;;1;0;;0;0;;1;0;;1;0;;1;0;;1;0;
51380;1;0;;1;1;;0;0;;1;0;;1;0;;1;0;;1;0;
51390;1;0;;1;0;;0;0;;1;0;;1;0;;1;0;;1;0;
51400;1;0;;1;0;;0;0;;1;0;;1;0;;1;0;;1;0;
51410;1;0;;1;1;;0;0;;1;0;;1;0;;1;0;;1;0;
51420;1;0;;1;0;;0;0;;1;0;;1;0;;1;0;;1;0;
51430;1;0;;1;1;;0;0;;1;1;;1;0;;1;0;;1;0;
51440;1;0;;1;0;;0;0;;1;0;;1;0;;1;0;;1;0;
51450;1;0;;1;1;;0;0;;1;0;;1;0;;1;0;;1;0;
51460;1;0;;1;0;;0;0;;1;0;;1;0;;1;0;;1;0;
51470;1;0;;1;1;;0;0;;1;0;;1;0;;1;0;;1;0;
51480;1;0;;1;0;;0;0;;1;0;;1;0;;1;0;;1;0;
51490;1;0;;1;0;;0;0;;1;0;;1;0;;1;0;;1;0;
51500;1;0;;1;1;;0;0;;1;0;;1;0;;1;0;;1;0;
51510;1;0;;1;0;;0;0;;1;0;;1;0;;1;0;;1;0;
51520;1;0;;1;1;;0;0;;1;0;;1;0;;1;0;;1;0;
51530;1;0;;1;0;;0;0;;1;0;;1;0;;1;0;;1;0;
51540;1;0;;1;1;;0;0;;1;0;;1;0;;1;0;;1;0;
51550;1;0;;1;0;;0;0;;1;0;;1;0;;1;0;;1;0;
51560;1;0;;1;1;;0;0;;1;0;;1;0;;1;0;;1;0;
51570;1;0;;1;0;;0;0;;1;0;;1;0;;1;0;;1;0;
51580;1;0;;1;0;;0;0;;1;0;;1;0;;1;0;;1;0;
51590;1;0;;1;1;;0;0;;1;0;;1;0;;1;0;;1;0;
51600;1;0;;1;0;;0;0;;1;0;;1;0;;1;0;;1;0;
51610;1;0;;1;1;;0;0;;1;0;;1;0;;1;0;;1;0;
51620;1;0;;1;0;;0;0;;1;0;;1;0;;1;0;;1;0;
51630;1;0;;1;1;;0;0;;1;0;;1;0;;1;0;;1;0;
51640;1;0;;1;0;;0;0;;1;0;;1;0;;1;0;;1;0;
51650;1;0;;1;1;;0;0;;1;0;;1;0;;1;0;;1;0;
51660;1;0;;1;0;;0;0;;1;0;;1;0;;1;0;;1;0;
51670;1;0;;1;0;;0;0;;1;0;;1;0;;1;0;;1;0;
51680;1;0;;1;1;;0;0;;1;0;;1;0;;1;0;;1;0;
51690;1;0;;1;0;;0;0;;1;0;;1;0;;1;0;;1;0;
51700;1;0;;1;1;;0;0;;1;0;;1;0;;1;0;;1;0;
51710;1;0;;1;0;;0;0;;1;0;;1;0;;1;0;;1;0;
51720;1;0;;1;1;;0;0;;1;0;;1;0;;1;0;;1;0;
51730;1;0;;1;0;;0;0;;1;0;;1;0;;1;0;;1;0;
51740;1;0;;1;0;;0;0;;1;1;;1;0;;1;0;;1;0;
51750;1;0;;1;1;;0;0;;1;0;;1;0;;1;0;;1;0;
51760;1;0;;1;0;;0;0;;1;0;;1;0;;1;0;;1;0;
51770;1;0;;1;1;;0;0;;1;0;;1;0;;1;0;;1;0;
51780;1;0;;1;0;;0;0;;1;0;;1;0;;1;0;;1;0;
51790;1;0;;1;1;;0;0;;1;0;;1;0;;1;0;;1;0;
51800;1;0;;1;0;;0;0;;1;0;;1;0;;1;0;;1;0;
51810;1;0;;1;0;;0;0;;1;0;;1;0;;1;0;;1;0;
51820;1;0;;1;1;;0;0;;1;0;;1;0;;1;0;;1;0;
51830;1;0;;1;0;;0;0;;1;0;;1;0;;1;0;;1;0;
51840;1;0;;1;1;;0;0;;1;0;;1;0;;1;0;;1;0;
51850;1;0;;1;0;;0;0;;1;0;;1;0;;1;0;;1;0;
51860;1;0;;1;1;;0;0;;1;0;;1;0;;1;0;;1;0;
51870;1;0;;1;0;;0;0;;1;0;;1;0;;1;0;;1;0;
51880;1;0;;1;0;;0;0;;1;0;;1;0;;1;0;;1;0;
51890;1;0;;1;1;;0;0;;1;0;;1;0;;1;0;;1;0;
51900;1;0;;1;0;;0;0;;1;0;;1;0;;1;0;;1;0;
51910;1;0;;1;1;;0;0;;1;0;;1;0;;1;0;;1;0;
51920;1;0;;1;0;;0;0;;1;0;;1;0;;1;0;;1;0;
51930;1;0;;1;1;;0;0;;1;0;;1;0;;1;0;;1;0;
51940;1;0;;1;0;;0;0;;1;0;;1;0;;1;0;;1;0;
51950;1;0;;1;0;;0;0;;1;0;;1;0;;1;0;;1;0;
51960;1;0;;1;1;;0;0;;1;0;;1;0;;1;0;;1;0;
51970;1;0;;1;0;;0;0;;1;0;;1;0;;1;0;;1;0;
51980;1;0;;1;1;;0;0;;1;0;;1;0;;1;0;;1;0;
51990;1;0;;1;0;;0;0;;1;0;;1;0;;1;0;;1;0;
52000;1;0;;1;1;;0;0;;1;0;;1;0;;1;0;;1;0;
52010;1;0;;1;0;;0;0;;1;0;;1;0;;1;0;;1;0;
52020;1;0;;1;0;;0;0;;1;0;;1;0;;1;0;;1;0;
52030;1;0;;1;1;;0;0;;1;0;;1;0;;1;0;;1;0;
52040;1;0;;1;0;;0;0;;1;0;;1;0;;1;0;;1;0;
52050;1;0;;1;1;;0;0;;1;1;;1;0;;1;0;;1;0;
52060;1;0;;1;0;;0;0;;1;0;;1;0;;1;0;;1;0;
52070;1;0;;1;1;;0;0;;1;0;;1;0;;1;0;;1;0;
52080;1;0;;1;0;;0;0;;1;0;;1;0;;1;0;;1;0;
52090;1;0;;1;0;;0;0;;1;0;;1;0;;1;0;;1;0;
52100;1;0;;1;1;;0;0;;1;0;;1;0;;1;0;;1;0;
52110;1;0;;1;0;;0;0;;1;0;;1;0;;1;0;;1;0;
52120;1;0;;1;1;;0;0;;1;0;;1;0;;1;0;;1;0;
52130;1;0;;1;0;;0;0;;1;0;;1;0;;1;0;;1;0;
52140;1;0;;1;0;;0;0;;1;0;;1;0;;1;0;;1;0;
52150;1;0;;1;1;;0;0;;1;0;;1;0;;1;0;;1;0;
52160;1;0;;1;0;;0;0;;1;0;;1;0;;1;0;;1;0;
52170;1;0;;1;1;;0;0;;1;0;;1;0;;1;0;;1;0;
52180;1;0;;1;0;;0;0;;1;0;;1;0;;1;0;;1;0;
52190;1;0;;1;1;;0;0;;1;0;;1;0;;1;0;;1;0;
52200;1;0;;1;0;;0;0;;1;0;;1;0;;1;0;;1;0;
52210;1;0;;1;0;;0;0;;1;0;;1;0;;1;0;;1;0;
52220;1;0;;1;1;;0;0;;1;0;;1;0;;1;0;;1;0;
52230;1;0;;1;0;;0;0;;1;0;;1;0;;1;0;;1;0;
52240;1;0;;1;1;;0;0;;1;0;;1;0;;1;0;;1;0;
52250;1;0;;1;0;;0;0;;1;0;;1;0;;1;0;;1;0;
52260;1;0;;1;0;;0;0;;1;0;;1;0;;1;0;;1;0;
52270;1;0;;1;1;;0;0;;1;0;;1;0;;1;0;;1;0;
52280;1;0;;1;0;;0;0;;1;0;;1;0;;1;0;;1;0;
52290;1;0;;1;1;;0;0;;1;0;;1;0;;1;0;;1;0;
52300;1;0;;1;0;;0;0;;1;0;;1;0;;1;0;;1;0;
52310;1;0;;1;0;;0;0;;1;0;;1;0;;1;0;;1;0;
52320;1;0;;1;1;;0;0;;1;0;;1;0;;1;0;;1;0;
52330;1;0;;1;0;;0;0;;1;0;;1;0;;1;0;;1;0;
52340;1;0;;1;1;;0;0;;1;0;;1;0;;1;0;;1;0;
52350;1;0;;1;0;;0;0;;1;0;;1;0;;1;0;;1;0;
52360;1;0;;1;0;;0;0;;1;0;;1;0;;1;0;;1;0;
52370;1;0;;1;1;;0;0;;1;0;;1;0;;1;0;;1;0;
52380;1;0;;1;0;;0;0;;1;1;;1;0;;1;0;;1;0;
52390;1;0;;1;1;;0;0;;1;0;;1;0;;1;0;;1;0;
52400;1;0;;1;0;;0;0;;1;0;;1;0;;1;0;;1;0;
52410;1;0;;1;1;;0;0;;1;0;;1;0;;1;0;;1;0;
52420;1;0;;1;0;;0;0;;1;0;;1;0;;1;0;;1;0;
52430;1;0;;1;0;;0;0;;1;0;;1;0;;1;0;;1;0;
52440;1;0;;1;1;;0;0;;1;0;;1;0;;1;0;;1;0;
52450;1;0;;1;0;;0;0;;1;0;;1;0;;1;0;;1;0;
52460;1;0;;1;1;;0;0;;1;0;;1;0;;1;0;;1;0;
52470;1;0;;1;0;;0;0;;1;0;;1;0;;1;0;;1;0;
52480;1;0;;1;0;;0;0;;1;0;;1;0;;1;0;;1;0;
52490;1;0;;1;1;;0;0;;1;0;;1;0;;1;0;;1;0;
52500;1;0;;1;0;;0;0;;1;0;;1;0;;1;0;;1;0;
52510;1;0;;1;1;;0;0;;1;0;;1;0;;1;0;;1;0;
52520;1;0;;1;0;;0;0;;1;0;;1;0;;1;0;;1;0;
52530;1;0;;1;0;;0;0;;1;0;;1;0;;1;0;;1;0;
52540;1;0;;1;1;;0;0;;1;0;;1;0;;1;0;;1;0;
52550;1;0;;1;0;;0;0;;1;0;;1;0;;1;0;;1;0;
52560;1;0;;1;1;;0;0;;1;0;;1;0;;1;0;;1;0;
52570;1;0;;1;0;;0;0;;1;0;;1;0;;1;0;;1;0;
52580;1;0;;1;0;;0;0;;1;0;;1;0;;1;0;;1;0;
52590;1;0;;1;1;;0;0;;1;0;;1;0;;1;0;;1;0;
52600;1;0;;1;0;;0;0;;1;0;;1;0;;1;0;;1;0;
52610;1;0;;1;1;;0;0;;1;0;;1;0;;1;0;;1;0;
52620;1;0;;1;0;;0;0;;1;0;;1;0;;1;0;;1;0;
52630;1;0;;1;0;;0;0;;1;0;;1;0;;1;0;;1;0;
52640;1;0;;1;1;;0;0;;1;0;;1;0;;1;0;;1;0;
52650;1;0;;1;0;;0;0;;1;0;;1;0;;1;0;;1;0;
52660;1;0;;1;0;;0;0;;1;0;;1;0;;1;0;;1;0;
52670;1;0;;1;1;;0;0;;1;0;;1;0;;1;0;;1;0;
52680;1;0;;1;0;;0;0;;1;0;;1;0;;1;0;;1;0;
52690;1;0;;1;1;;0;0;;1;0;;1;0;;1;0;;1;0;
52700;1;0;;1;0;;0;0;;1;0;;1;0;;1;0;;1;0;
52710;1;0;;1;0;;0;0;;1;1;;1;0;;1;0;;1;0;
52720;1;0;;1;1;;0;0;;1;0;;1;0;;1;0;;1;0;
52730;1;0;;1;0;;0;0;;1;0;;1;0;;1;0;;1;0;
52740;1;0;;1;1;;0;0;;1;0;;1;0;;1;0;;1;0;
52750;1;0;;1;0;;0;0;;1;0;;1;0;;1;0;;1;0;
52760;1;0;;1;0;;0;0;;1;0;;1;0;;1;0;;1;0;
52770;1;0;;1;1;;0;0;;1;0;;1;0;;1;0;;1;0;
52780;1;0;;1;0;;0;0;;1;0;;1;0;;1;0;;1;0;
52790;1;0;;1;1;;0;0;;1;0;;1;0;;1;0;;1;0;
52800;1;0;;1;0;;0;0;;1;0;;1;0;;1;0;;1;0;
52810;1;0;;1;0;;0;0;;1;0;;1;0;;1;0;;1;0;
52820;1;0;;1;1;;0;0;;1;0;;1;0;;1;0;;1;0;
52830;1;0;;1;0;;0;0;;1;0;;1;0;;1;0;;1;0;
52840;1;0;;1;0;;0;0;;1;0;;1;0;;1;0;;1;0;
52850;1;0;;1;1;;0;0;;1;0;;1;0;;1;0;;1;0;
52860;1;0;;1;0;;0;0;;1;0;;1;0;;1;0;;1;0;
52870;1;0;;1;1;;0;0;;1;0;;1;0;;1;0;;1;0;
52880;1;0;;1;0;;0;0;;1;0;;1;0;;1;0;;1;0;
52890;1;0;;1;0;;0;0;;1;0;;1;0;;1;0;;1;0;
52900;1;0;;1;1;;0;0;;1;0;;1;0;;1;0;;1;0;
52910;1;0;;1;0;;0;0;;1;0;;1;0;;1;0;;1;0;
52920;1;0;;1;1;;0;0;;1;0;;1;0;;1;0;;1;0;
52930;1;0;;1;0;;0;0;;1;0;;1;0;;1;0;;1;0;
52940;1;0;;1;0;;0;0;;1;0;;1;0;;1;0;;1;0;
52950;1;0;;1;1;;0;0;;1;0;;1;0;;1;0;;1;0;
52960;1;0;;1;0;;0;0;;1;0;;1;0;;1;0;;1;0;
52970;1;0;;1;0;;0;0;;1;0;;1;0;;1;0;;1;0;
52980;1;0;;1;1;;0;0;;1;0;;1;0;;1;0;;1;0;
52990;1;0;;1;0;;0;0;;1;0;;1;0;;1;0;;1;0;
53000;1;0;;1;1;;0;0;;1;0;;1;0;;1;0;;1;0;
53010;1;0;;1;0;;0;0;;1;0;;1;0;;1;0;;1;0;
53020;1;0;;1;0;;0;0;;1;0;;1;0;;1;0;;1;0;
53030;1;0;;1;1;;0;0;;1;0;;1;0;;1;0;;1;0;
53040;1;0;;1;0;;0;0;;1;0;;1;0;;1;0;;1;0;
53050;1;0;;1;0;;0;0;;1;1;;1;0;;1;0;;1;0;
53060;1;0;;1;1;;0;0;;1;0;;1;0;;1;0;;1;0;
53070;1;0;;1;0;;0;0;;1;0;;1;0;;1;0;;1;0;
53080;1;0;;1;1;;0;0;;1;0;;1;0;;1;0;;1;0;
53090;1;0;;1;0;;0;0;;1;0;;1;0;;1;0;;1;0;
53100;1;0;;1;0;;0;0;;1;0;;1;0;;1;0;;1;0;
53110;1;0;;1;1;;0;0;;1;0;;1;0;;1;0;;1;0;
53120;1;0;;1;0;;0;0;;1;0;;1;0;;1;0;;1;0;
53130;1;0;;1;0;;0;0;;1;0;;1;0;;1;0;;1;0;
53140;1;0;;1;1;;0;0;;1;0;;1;0;;1;0;;1;0;
53150;1;0;;1;0;;0;0;;1;0;;1;0;;1;0;;1;0;
53160;1;0;;1;1;;0;0;;1;0;;1;0;;1;0;;1;0;
53170;1;0;;1;0;;0;0;;1;0;;1;0;;1;0;;1;0;
53180;1;0;;1;0;;0;0;;1;0;;1;0;;1;0;;1;0;
53190;1;0;;1;1;;0;0;;1;0;;1;0;;1;0;;1;0;
53200;1;0;;1;0;;0;0;;1;0;;1;0;;1;0;;1;0;
53210;1;0;;1;0;;0;0;;1;0;;1;0;;1;0;;1;0;
53220;1;0;;1;1;;0;0;;1;0;;1;0;;1;0;;1;0;
53230;1;0;;1;0;;0;0;;1;0;;1;0;;1;0;;1;0;
53240;1;0;;1;1;;0;0;;1;0;;1;0;;1;0;;1;0;
53250;1;0;;1;0;;0;0;;1;0;;1;0;;1;0;;1;0;
53260;1;0;;1;0;;0;0;;1;0;;1;0;;1;0;;1;0;
53270;1;0;;1;1;;0;0;;1;0;;1;0;;1;0;;1;0;
53280;1;0;;1;0;;0;0;;1;0;;1;0;;1;0;;1;0;
53290;1;0;;1;0;;0;0;;1;0;;1;0;;1;0;;1;0;
53300;1;0;;1;1;;0;0;;1;0;;1;0;;1;0;;1;0;
53310;1;0;;1;0;;0;0;;1;0;;1;0;;1;0;;1;0;
53320;1;0;;1;0;;0;0;;1;0;;1;0;;1;0;;1;0;
53330;1;0;;1;1;;0;0;;1;0;;1;0;;1;0;;1;0;
53340;1;0;;1;0;;0;0;;1;0;;1;0;;1;0;;1;0;
53350;1;0;;1;1;;0;0;;1;0;;1;0;;1;0;;1;0;
53360;1;0;;1;0;;0;0;;1;0;;1;0;;1;0;;1;0;
53370;1;0;;1;0;;0;0;;1;0;;1;0;;1;0;;1;0;
53380;1;0;;1;1;;0;0;;1;0;;1;0;;1;0;;1;0;
53390;1;0;;1;0;;0;0;;1;0;;1;0;;1;0;;1;0;
53400;1;0;;1;0;;0;0;;1;0;;1;0;;1;0;;1;0;
53410;1;0;;1;1;;0;0;;1;1;;1;0;;1;0;;1;0;
53420;1;0;;1;0;;0;0;;1;0;;1;0;;1;0;;1;0;
53430;1;0;;1;0;;0;0;;1;0;;1;0;;1;0;;1;0;
53440;1;0;;1;1;;0;0;;1;0;;1;0;;1;0;;1;0;
53450;1;0;;1;0;;0;0;;1;0;;1;0;;1;0;;1;0;
53460;1;0;;1;1;;0;0;;1;0;;1;0;;1;0;;1;0;
53470;1;0;;1;0;;0;0;;1;0;;1;0;;1;0;;1;0;
53480;1;0;;1;0;;0;0;;1;0;;1;0;;1;0;;1;0;
53490;1;0;;1;1;;0;0;;1;0;;1;0;;1;0;;1;0;
53500;1;0;;1;0;;0;0;;1;0;;1;0;;1;0;;1;0;
53510;1;0;;1;0;;0;0;;1;0;;1;0;;1;0;;1;0;
53520;1;0;;1;1;;0;0;;1;0;;1;0;;1;0;;1;0;
53530;1;0;;1;0;;0;0;;1;0;;1;0;;1;0;;1;0;
53540;1;0;;1;0;;0;0;;1;0;;1;0;;1;0;;1;0;
53550;1;0;;1;1;;0;0;;1;0;;1;0;;1;0;;1;0;
53560;1;0;;1;0;;0;0;;1;0;;1;0;;1;0;;1;0;
53570;1;0;;1;0;;0;0;;1;0;;1;0;;1;0;;1;0;
53580;1;0;;1;1;;0;0;;1;0;;1;0;;1;0;;1;0;
53590;1;0;;1;0;;0;0;;1;0;;1;0;;1;0;;1;0;
53600;1;0;;1;0;;0;0;;1;0;;1;0;;1;0;;1;0;
53610;1;0;;1;1;;0;0;;1;0;;1;0;;1;0;;1;0;
53620;1;0;;1;0;;0;0;;1;0;;1;0;;1;0;;1;0;
53630;1;0;;1;1;;0;0;;1;0;;1;0;;1;0;;1;0;
53640;1;0;;1;0;;0;0;;1;0;;1;0;;1;0;;1;0;
53650;1;0;;1;0;;0;0;;1;0;;1;0;;1;0;;1;0;
53660;1;0;;1;1;;0;0;;1;0;;1;0;;1;0;;1;0;
53670;1;0;;1;0;;0;0;;1;0;;1;0;;1;0;;1;0;
53680;1;0;;1;0;;0;0;;1;0;;1;0;;1;0;;1;0;
53690;1;0;;1;1;;0;0;;1;0;;1;0;;1;0;;1;0;
53700;1;0;;1;0;;0;0;;1;0;;1;0;;1;0;;1;0;
53710;1;0;;1;0;;0;0;;1;0;;1;0;;1;0;;1;0;
53720;1;0;;1;1;;0;0;;1;0;;1;0;;1;0;;1;0;
53730;1;0;;1;0;;0;0;;1;0;;1;0;;1;0;;1;0;
53740;1;0;;1;0;;0;0;;1;0;;1;0;;1;0;;1;0;
53750;1;0;;1;1;;0;0;;1;0;;1;0;;1;0;;1;0;
53760;1;0;;1;0;;0;0;;1;0;;1;0;;1;0;;1;0;
53770;1;0;;1;0;;0;0;;1;0;;1;0;;1;0;;1;0;
53780;1;0;;1;1;;0;0;;1;1;;1;0;;1;0;;1;0;
53790;1;0;;1;0;;0;0;;1;0;;1;0;;1;0;;1;0;
53800;1;0;;1;0;;0;0;;1;0;;1;0;;1;0;;1;0;
53810;1;0;;1;1;;0;0;;1;0;;1;0;;1;0;;1;0;
53820;1;0;;1;0;;0;0;;1;0;;1;0;;1;0;;1;0;
53830;1;0;;1;0;;0;0;;1;0;;1;0;;1;0;;1;0;
53840;1;0;;1;1;;0;0;;1;0;;1;0;;1;0;;1;0;
53850;1;0;;1;0;;0;0;;1;0;;1;0;;1;0;;1;0;
53860;1;0;;1;1;;0;0;;1;0;;1;0;;1;0;;1;0;
53870;1;0;;1;0;;0;0;;1;0;;1;0;;1;0;;1;0;
53880;1;0;;1;0;;0;0;;1;0;;1;0;;1;0;;1;0;
53890;1;0;;1;1;;0;0;;1;0;;1;0;;1;0;;1;0;
53900;1;0;;1;0;;0;0;;1;0;;1;0;;1;0;;1;0;
53910;1;0;;1;0;;0;0;;1;0;;1;0;;1;0;;1;0;
53920;1;0;;1;1;;0;0;;1;0;;1;0;;1;0;;1;0;
53930;1;0;;1;0;;0;0;;1;0;;1;0;;1;0;;1;0;
53940;1;0;;1;0;;0;0;;1;0;;1;0;;1;0;;1;0;
53950;1;0;;1;1;;0;0;;1;0;;1;0;;1;0;;1;0;
53960;1;0;;1;0;;0;0;;1;0;;1;0;;1;0;;1;0;
53970;1;0;;1;0;;0;0;;1;0;;1;0;;1;0;;1;0;
53980;1;0;;1;1;;0;0;;1;0;;1;0;;1;0;;1;0;
53990;1;0;;1;0;;0;0;;1;0;;1;0;;1;0;;1;0;
54000;1;0;;1;0;;0;0;;1;0;;1;0;;1;0;;1;0;
54010;1;0;;1;1;;0;0;;1;0;;1;0;;1;0;;1;0;
54020;1;0;;1;0;;0;0;;1;0;;1;0;;1;0;;1;0;
54030;1;0;;1;0;;0;0;;1;0;;1;0;;1;0;;1;0;
54040;1;0;;1;1;;0;0;;1;0;;1;0;;1;0;;1;0;
54050;1;0;;1;0;;0;0;;1;0;;1;0;;1;0;;1;0;
54060;1;0;;1;0;;0;0;;1;0;;1;0;;1;0;;1;0;
54070;1;0;;1;1;;0;0;;1;0;;1;0;;1;0;;1;0;
54080;1;0;;1;0;;0;0;;1;0;;1;0;;1;0;;1;0;
54090;1;0;;1;0;;0;0;;1;0;;1;0;;1;0;;1;0;
54100;1;0;;1;1;;0;0;;1;0;;1;0;;1;0;;1;0;
54110;1;0;;1;0;;0;0;;1;0;;1;0;;1;0;;1;0;
54120;1;0;;1;0;;0;0;;1;0;;1;0;;1;0;;1;0;
54130;1;0;;1;1;;0;0;;1;0;;1;0;;1;0;;1;0;
54140;1;0;;1;0;;0;0;;1;0;;1;0;;1;0;;1;0;
54150;1;0;;1;0;;0;0;;1;1;;1;0;;1;0;;1;0;
54160;1;0;;1;1;;0;0;;1;0;;1;0;;1;0;;1;0;
54170;1;0;;1;0;;0;0;;1;0;;1;0;;1;0;;1;0;
54180;1;0;;1;0;;0;0;;1;0;;1;0;;1;0;;1;0;
54190;1;0;;1;1;;0;0;;1;0;;1;0;;1;0;;1;0;
54200;1;0;;1;0;;0;0;;1;0;;1;0;;1;0;;1;0;
54210;1;0;;1;0;;0;0;;1;0;;1;0;;1;0;;1;0;
54220;1;0;;1;1;;0;0;;1;0;;1;0;;1;0;;1;0;
54230;1;1;;1;0;;0;0;;1;0;;1;0;;1;0;;1;0;
54240;1;0;;1;0;;0;0;;1;0;;1;0;;1;0;;1;0;
54250;1;0;;1;1;;0;0;;1;0;;1;0;;1;0;;1;0;
54260;1;0;;1;0;;0;0;;1;0;;1;0;;1;0;;1;0;
54270;1;0;;1;0;;0;0;;1;0;;1;0;;1;0;;1;0;
54280;1;0;;1;1;;0;0;;1;0;;1;0;;1;0;;1;0;
54290;1;0;;1;0;;0;0;;1;0;;1;0;;1;0;;1;0;
54300;1;0;;1;0;;0;0;;1;0;;1;0;;1;0;;1;0;
54310;1;0;;1;0;;0;0;;1;0;;1;0;;1;0;;1;0;
54320;1;0;;1;1;;0;0;;1;0;;1;0;;1;0;;1;0;
54330;1;0;;1;0;;0;0;;1;0;;1;0;;1;0;;1;0;
54340;1;0;;1;0;;0;0;;1;0;;1;0;;1;0;;1;0;
54350;1;0;;1;1;;0;0;;1;0;;1;0;;1;0;;1;0;
54360;1;0;;1;0;;0;0;;1;0;;1;0;;1;0;;1;0;
54370;1;0;;1;0;;0;0;;1;0;;1;0;;1;0;;1;0;
54380;1;0;;1;1;;0;0;;1;0;;1;0;;1;0;;1;0;
54390;1;0;;1;0;;0;0;;1;0;;1;0;;1;0;;1;0;
54400;1;0;;1;0;;0;0;;1;0;;1;0;;1;0;;1;0;
54410;1;0;;1;1;;0;0;;1;0;;1;0;;1;0;;1;0;
54420;1;0;;1;0;;0;0;;1;0;;1;0;;1;0;;1;0;
54430;1;0;;1;0;;0;0;;1;0;;1;0;;1;0;;1;0;
54440;1;0;;1;1;;0;0;;1;0;;1;0;;1;0;;1;0;
54450;1;0;;1;0;;0;0;;1;0;;1;0;;1;0;;1;0;
54460;1;0;;1;0;;0;0;;1;0;;1;0;;1;0;;1;0;
54470;1;0;;1;1;;0;0;;1;0;;1;0;;1;0;;1;0;
54480;1;0;;1;0;;0;0;;1;0;;1;0;;1;0;;1;0;
54490;1;0;;1;0;;0;0;;1;0;;1;0;;1;0;;1;0;
54500;1;0;;1;1;;0;0;;1;0;;1;0;;1;0;;1;0;
54510;1;0;;1;0;;0;0;;1;0;;1;0;;1;0;;1;0;
54520;1;0;;1;0;;0;0;;1;0;;1;0;;1;0;;1;0;
54530;1;0;;1;0;;0;0;;1;0;;1;0;;1;0;;1;0;
54540;1;0;;1;1;;0;0;;1;0;;1;0;;1;0;;1;0;
54550;1;0;;1;0;;0;0;;1;1;;1;0;;1;0;;1;0;
54560;1;0;;1;0;;0;0;;1;0;;1;0;;1;0;;1;0;
54570;1;0;;1;1;;0;0;;1;0;;1;0;;1;0;;1;0;
54580;1;0;;1;0;;0;0;;1;0;;1;0;;1;0;;1;0;
54590;1;0;;1;0;;0;0;;1;0;;1;0;;1;0;;1;0;
54600;1;0;;1;1;;0;0;;1;0;;1;0;;1;0;;1;0;
54610;1;0;;1;0;;0;0;;1;0;;1;0;;1;0;;1;0;
54620;1;0;;1;0;;0;0;;1;0;;1;0;;1;0;;1;0;
54630;1;0;;1;1;;0;0;;1;0;;1;0;;1;0;;1;0;
54640;1;0;;1;0;;0;0;;1;0;;1;0;;1;0;;1;0;
54650;1;0;;1;0;;0;0;;1;0;;1;0;;1;0;;1;0;
54660;1;0;;1;1;;0;0;;1;0;;1;0;;1;0;;1;0;
54670;1;0;;1;0;;0;0;;1;0;;1;0;;1;0;;1;0;
54680;1;0;;1;0;;0;0;;1;0;;1;0;;1;0;;1;0;
54690;1;0;;1;0;;0;0;;1;0;;1;0;;1;0;;1;0;
54700;1;0;;1;1;;0;0;;1;0;;1;0;;1;0;;1;0;
54710;1;0;;1;0;;0;0;;1;0;;1;0;;1;0;;1;0;
54720;1;0;;1;0;;0;0;;1;0;;1;0;;1;0;;1;0;
54730;1;0;;1;1;;0;0;;1;0;;1;0;;1;0;;1;0;
54740;1;0;;1;0;;0;0;;1;0;;1;0;;1;0;;1;0;
54750;1;0;;1;0;;0;0;;1;0;;1;0;;1;0;;1;0;
54760;1;0;;1;1;;0;0;;1;0;;1;0;;1;0;;1;0;
54770;1;0;;1;0;;0;0;;1;0;;1;0;;1;0;;1;0;
54780;1;0;;1;0;;0;0;;1;0;;1;0;;1;0;;1;0;
54790;1;0;;1;1;;0;0;;1;0;;1;0;;1;0;;1;0;
54800;1;0;;1;0;;0;0;;1;0;;1;0;;1;0;;1;0;
54810;1;0;;1;0;;0;0;;1;0;;1;0;;1;0;;1;0;
54820;1;0;;1;0;;0;0;;1;0;;1;0;;1;0;;1;0;
54830;1;0;;1;1;;0;0;;1;0;;1;0;;1;0;;1;0;
54840;1;0;;1;0;;0;0;;1;0;;1;0;;1;0;;1;0;
54850;1;0;;1;0;;0;0;;1;0;;1;0;;1;0;;1;0;
54860;1;0;;1;1;;0;0;;1;0;;1;0;;1;0;;1;0;
54870;1;0;;1;0;;0;0;;1;0;;1;0;;1;0;;1;0;
54880;1;0;;1;0;;0;0;;1;0;;1;0;;1;0;;1;0;
54890;1;0;;1;1;;0;0;;1;0;;1;0;;1;0;;1;0;
54900;1;0;;1;0;;0;0;;1;0;;1;0;;1;0;;1;0;
54910;1;0;;1;0;;0;0;;1;0;;1;0;;1;0;;1;0;
54920;1;0;;1;0;;0;0;;1;0;;1;0;;1;0;;1;0;
54930;1;0;;1;1;;0;0;;1;0;;1;0;;1;0;;1;0;
54940;1;0;;1;0;;0;0;;1;0;;1;0;;1;0;;1;0;
54950;1;0;;1;0;;0;0;;1;1;;1;0;;1;0;;1;0;
54960;1;1;;1;1;;0;0;;1;0;;1;0;;1;0;;1;0;
54970;1;0;;1;0;;0;0;;1;0;;1;0;;1;0;;1;0;
54980;1;0;;1;0;;0;0;;1;0;;1;0;;1;0;;1;0;
54990;1;0;;1;1;;0;0;;1;0;;1;0;;1;0;;1;0;
55000;1;0;;1;0;;0;0;;1;0;;1;0;;1;0;;1;0;
55010;1;0;;1;0;;0;0;;1;0;;1;0;;1;0;;1;0;
55020;1;0;;1;0;;0;0;;1;0;;1;0;;1;0;;1;0;
55030;1;0;;1;1;;0;0;;1;0;;1;0;;1;0;;1;0;
55040;1;0;;1;0;;0;0;;1;0;;1;0;;1;0;;1;0;
55050;1;0;;1;0;;0;0;;1;0;;1;0;;1;0;;1;0;
55060;1;0;;1;1;;0;0;;1;0;;1;0;;1;0;;1;0;
55070;1;0;;1;0;;0;0;;1;0;;1;0;;1;0;;1;0;
55080;1;0;;1;0;;0;0;;1;0;;1;0;;1;0;;1;0;
55090;1;0;;1;1;;0;0;;1;0;;1;0;;1;0;;1;0;
55100;1;0;;1;0;;0;0;;1;0;;1;0;;1;0;;1;0;
55110;1;0;;1;0;;0;0;;1;0;;1;0;;1;0;;1;0;
55120;1;0;;1;0;;0;0;;1;0;;1;0;;1;0;;1;0;
55130;1;0;;1;1;;0;0;;1;0;;1;0;;1;0;;1;0;
55140;1;0;;1;0;;0;0;;1;0;;1;0;;1;0;;1;0;
55150;1;0;;1;0;;0;0;;1;0;;1;0;;1;0;;1;0;
55160;1;0;;1;1;;0;0;;1;0;;1;0;;1;0;;1;0;
55170;1;0;;1;0;;0;0;;1;0;;1;0;;1;0;;1;0;
55180;1;0;;1;0;;0;0;;1;0;;1;0;;1;0;;1;0;
55190;1;0;;1;0;;0;0;;1;0;;1;0;;1;0;;1;0;
55200;1;0;;1;1;;0;0;;1;0;;1;0;;1;0;;1;0;
55210;1;0;;1;0;;0;0;;1;0;;1;0;;1;0;;1;0;
55220;1;0;;1;0;;0;0;;1;0;;1;0;;1;0;;1;0;
55230;1;0;;1;1;;0;0;;1;0;;1;0;;1;0;;1;0;
55240;1;0;;1;0;;0;0;;1;0;;1;0;;1;0;;1;0;
55250;1;0;;1;0;;0;0;;1;0;;1;0;;1;0;;1;0;
55260;1;0;;1;0;;0;0;;1;0;;1;0;;1;0;;1;0;
55270;1;0;;1;1;;0;0;;1;0;;1;0;;1;0;;1;0;
55280;1;0;;1;0;;0;0;;1;0;;1;1;;1;1;;1;0;
55290;1;0;;1;0;;0;0;;1;0;;1;0;;1;0;;1;0;
55300;1;0;;1;1;;0;0;;1;0;;1;0;;1;0;;1;0;
55310;1;0;;1;0;;0;0;;1;0;;1;0;;1;0;;1;0;
55320;1;0;;1;0;;0;0;;1;0;;1;0;;1;0;;1;0;
55330;1;0;;1;0;;0;0;;1;0;;1;0;;1;0;;1;0;
55340;1;0;;1;1;;0;0;;1;0;;1;0;;1;0;;1;0;
55350;1;0;;1;0;;0;0;;1;0;;1;0;;1;0;;1;0;
55360;1;0;;1;0;;0;0;;1;0;;1;0;;1;0;;1;0;
55370;1;0;;1;1;;0;0;;1;1;;1;0;;1;0;;1;0;
55380;1;1;;1;0;;0;0;;1;0;;1;0;;1;0;;1;0;
55390;1;0;;1;0;;0;0;;1;0;;1;0;;1;0;;1;0;
55400;1;0;;1;0;;0;0;;1;0;;1;0;;1;0;;1;0;
55410;1;0;;1;1;;0;0;;1;0;;1;0;;1;0;;1;0;
55420;1;0;;1;0;;0;0;;1;0;;1;0;;1;0;;1;0;
55430;1;0;;1;0;;0;0;;1;0;;1;0;;1;0;;1;0;
55440;1;0;;1;1;;0;0;;1;0;;1;0;;1;0;;1;0;
55450;1;0;;1;0;;0;0;;1;0;;1;0;;1;0;;1;0;
55460;1;0;;1;0;;0;0;;1;0;;1;0;;1;0;;1;0;
55470;1;0;;1;0;;0;0;;1;0;;1;0;;1;0;;1;0;
55480;1;0;;1;1;;0;0;;1;0;;1;0;;1;0;;1;0;
55490;1;0;;1;0;;0;0;;1;0;;1;0;;1;0;;1;0;
55500;1;0;;1;0;;0;0;;1;0;;1;0;;1;0;;1;0;
55510;1;0;;1;0;;0;0;;1;0;;1;0;;1;0;;1;0;
55520;1;0;;1;1;;0;0;;1;0;;1;0;;1;0;;1;0;
55530;1;0;;1;0;;0;0;;1;0;;1;0;;1;0;;1;0;
55540;1;0;;1;0;;0;0;;1;0;;1;0;;1;0;;1;0;
55550;1;0;;1;1;;0;0;;1;0;;1;0;;1;0;;1;0;
55560;1;0;;1;0;;0;0;;1;0;;1;0;;1;0;;1;0;
55570;1;0;;1;0;;0;0;;1;0;;1;0;;1;0;;1;0;
55580;1;0;;1;0;;0;0;;1;0;;1;0;;1;0;;1;0;
55590;1;0;;1;1;;0;0;;1;0;;1;0;;1;0;;1;0;
55600;1;0;;1;0;;0;0;;1;0;;1;0;;1;0;;1;0;
55610;1;0;;1;0;;0;0;;1;0;;1;0;;1;0;;1;0;
55620;1;0;;1;0;;0;0;;1;0;;1;0;;1;0;;1;0;
55630;1;0;;1;1;;0;0;;1;0;;1;0;;1;0;;1;0;
55640;1;0;;1;0;;0;0;;1;0;;1;0;;1;0;;1;0;
55650;1;0;;1;0;;0;0;;1;0;;1;0;;1;0;;1;0;
55660;1;0;;1;1;;0;0;;1;0;;1;0;;1;0;;1;0;
55670;1;0;;1;0;;0;0;;1;0;;1;0;;1;0;;1;0;
55680;1;0;;1;0;;0;0;;1;0;;1;0;;1;0;;1;0;
55690;1;1;;1;0;;0;0;;1;0;;1;0;;1;0;;1;0;
55700;1;0;;1;1;;0;0;;1;0;;1;0;;1;0;;1;0;
55710;1;0;;1;0;;0;0;;1;0;;1;0;;1;0;;1;0;
55720;1;0;;1;0;;0;0;;1;0;;1;0;;1;0;;1;0;
55730;1;0;;1;0;;0;0;;1;0;;1;0;;1;0;;1;0;
55740;1;0;;1;1;;0;0;;1;0;;1;0;;1;0;;1;0;
55750;1;0;;1;0;;0;0;;1;0;;1;0;;1;0;;1;0;
55760;1;0;;1;0;;0;0;;1;0;;1;0;;1;0;;1;0;
55770;1;0;;1;1;;0;0;;1;0;;1;0;;1;0;;1;0;
55780;1;0;;1;0;;0;0;;1;0;;1;0;;1;0;;1;0;
55790;1;0;;1;0;;0;0;;1;0;;1;0;;1;0;;1;0;
55800;1;0;;1;0;;0;0;;1;0;;1;0;;1;0;;1;0;
55810;1;0;;1;1;;0;0;;1;1;;1;0;;1;0;;1;0;
55820;1;0;;1;0;;0;0;;1;0;;1;0;;1;0;;1;0;
55830;1;0;;1;0;;0;0;;1;0;;1;0;;1;0;;1;0;
55840;1;0;;1;0;;0;0;;1;0;;1;0;;1;0;;1;0;
55850;1;0;;1;1;;0;0;;1;0;;1;0;;1;0;;1;0;
55860;1;0;;1;0;;0;0;;1;0;;1;0;;1;0;;1;0;
55870;1;0;;1;0;;0;0;;1;0;;1;0;;1;0;;1;0;
55880;1;0;;1;0;;0;0;;1;0;;1;0;;1;0;;1;0;
55890;1;0;;1;1;;0;0;;1;0;;1;0;;1;0;;1;0;
55900;1;0;;1;0;;0;0;;1;0;;1;0;;1;0;;1;0;
55910;1;0;;1;0;;0;0;;1;0;;1;0;;1;0;;1;0;
55920;1;0;;1;1;;0;0;;1;0;;1;0;;1;0;;1;0;
55930;1;0;;1;0;;0;0;;1;0;;1;0;;1;0;;1;0;
55940;1;1;;1;0;;0;0;;1;0;;1;0;;1;0;;1;0;
55950;1;0;;1;0;;0;0;;1;0;;1;0;;1;0;;1;0;
55960;1;0;;1;1;;0;0;;1;0;;1;0;;1;0;;1;0;
55970;1;0;;1;0;;0;0;;1;0;;1;0;;1;0;;1;0;
55980;1;0;;1;0;;0;0;;1;0;;1;0;;1;0;;1;0;
55990;1;0;;1;0;;0;0;;1;0;;1;0;;1;0;;1;0;
56000;1;0;;1;1;;0;0;;1;0;;1;0;;1;0;;1;0;
56010;1;0;;1;0;;0;0;;1;0;;1;0;;1;0;;1;0;
56020;1;0;;1;0;;0;0;;1;0;;1;0;;1;0;;1;0;
56030;1;0;;1;0;;0;0;;1;0;;1;0;;1;0;;1;0;
56040;1;0;;1;1;;0;0;;1;0;;1;0;;1;0;;1;0;
56050;1;0;;1;0;;0;0;;1;0;;1;0;;1;0;;1;0;
56060;1;0;;1;0;;0;0;;1;0;;1;0;;1;0;;1;0;
56070;1;0;;1;0;;0;0;;1;0;;1;0;;1;0;;1;0;
56080;1;0;;1;1;;0;0;;1;0;;1;0;;1;0;;1;0;
56090;1;0;;1;0;;0;0;;1;0;;1;0;;1;0;;1;0;
56100;1;0;;1;0;;0;0;;1;0;;1;0;;1;0;;1;0;
56110;1;0;;1;0;;0;0;;1;0;;1;0;;1;0;;1;0;
56120;1;0;;1;1;;0;0;;1;0;;1;0;;1;0;;1;0;
56130;1;0;;1;0;;0;0;;1;0;;1;0;;1;0;;1;0;
56140;1;0;;1;0;;0;0;;1;0;;1;0;;1;0;;1;0;
56150;1;1;;1;0;;0;0;;1;0;;1;0;;1;0;;1;0;
56160;1;0;;1;1;;0;0;;1;0;;1;0;;1;0;;1;0;
56170;1;0;;1;0;;0;0;;1;0;;1;0;;1;0;;1;0;
56180;1;0;;1;0;;0;0;;1;0;;1;0;;1;0;;1;0;
56190;1;0;;1;0;;0;0;;1;0;;1;0;;1;0;;1;0;
56200;1;0;;1;1;;0;0;;1;0;;1;0;;1;0;;1;0;
56210;1;0;;1;0;;0;0;;1;0;;1;0;;1;0;;1;0;
56220;1;0;;1;0;;0;0;;1;0;;1;0;;1;0;;1;0;
56230;1;0;;1;0;;0;0;;1;0;;1;0;;1;0;;1;0;
56240;1;0;;1;1;;0;0;;1;0;;1;0;;1;0;;1;0;
56250;1;0;;1;0;;0;0;;1;0;;1;0;;1;0;;1;0;
56260;1;0;;1;0;;0;0;;1;0;;1;0;;1;0;;1;0;
56270;1;0;;1;0;;0;0;;1;1;;1;0;;1;0;;1;0;
56280;1;0;;1;1;;0;0;;1;0;;1;0;;1;0;;1;0;
56290;1;0;;1;0;;0;0;;1;0;;1;0;;1;0;;1;0;
56300;1;0;;1;0;;0;0;;1;0;;1;0;;1;0;;1;0;
56310;1;0;;1;0;;0;0;;1;0;;1;0;;1;0;;1;0;
56320;1;0;;1;1;;0;0;;1;0;;1;0;;1;0;;1;0;
56330;1;1;;1;0;;0;0;;1;0;;1;0;;1;0;;1;0;
56340;1;0;;1;0;;0;0;;1;0;;1;0;;1;0;;1;0;
56350;1;0;;1;0;;0;0;;1;0;;1;0;;1;0;;1;0;
56360;1;0;;1;1;;0;0;;1;0;;1;0;;1;0;;1;0;
56370;1;0;;1;0;;0;0;;1;0;;1;0;;1;0;;1;0;
56380;1;0;;1;0;;0;0;;1;0;;1;0;;1;0;;1;0;
56390;1;0;;1;0;;0;0;;1;0;;1;0;;1;0;;1;0;
56400;1;0;;1;1;;0;0;;1;0;;1;0;;1;0;;1;0;
56410;1;0;;1;0;;0;0;;1;0;;1;0;;1;0;;1;0;
56420;1;0;;1;0;;0;0;;1;0;;1;0;;1;0;;1;0;
56430;1;0;;1;0;;0;0;;1;0;;1;0;;1;0;;1;0;
56440;1;0;;1;1;;0;0;;1;0;;1;0;;1;0;;1;0;
56450;1;0;;1;0;;0;0;;1;0;;1;0;;1;0;;1;0;
56460;1;0;;1;0;;0;0;;1;0;;1;0;;1;0;;1;0;
56470;1;0;;1;0;;0;0;;1;0;;1;0;;1;0;;1;0;
56480;1;0;;1;1;;0;0;;1;0;;1;0;;1;0;;1;0;
56490;1;1;;1;0;;0;0;;1;0;;1;0;;1;0;;1;0;
56500;1;0;;1;0;;0;0;;1;0;;1;0;;1;0;;1;0;
56510;1;0;;1;0;;0;0;;1;0;;1;0;;1;0;;1;0;
56520;1;0;;1;1;;0;0;;1;0;;1;0;;1;0;;1;0;
56530;1;0;;1;0;;0;0;;1;0;;1;0;;1;0;;1;0;
56540;1;0;;1;0;;0;0;;1;0;;1;0;;1;0;;1;0;
56550;1;0;;1;0;;0;0;;1;0;;1;0;;1;0;;1;0;
56560;1;0;;1;1;;0;0;;1;0;;1;0;;1;0;;1;0;
56570;1;0;;1;0;;0;0;;1;0;;1;0;;1;0;;1;0;
56580;1;0;;1;0;;0;0;;1;0;;1;0;;1;0;;1;0;
56590;1;0;;1;0;;0;0;;1;0;;1;0;;1;0;;1;0;
56600;1;0;;1;1;;0;0;;1;0;;1;0;;1;0;;1;0;
56610;1;0;;1;0;;0;0;;1;0;;1;0;;1;0;;1;0;
56620;1;0;;1;0;;0;0;;1;0;;1;0;;1;0;;1;0;
56630;1;0;;1;0;;0;0;;1;0;;1;0;;1;0;;1;0;
56640;1;1;;1;0;;0;0;;1;0;;1;0;;1;0;;1;0;
56650;1;0;;1;1;;0;0;;1;0;;1;0;;1;0;;1;0;
56660;1;0;;1;0;;0;0;;1;0;;1;0;;1;0;;1;0;
56670;1;0;;1;0;;0;0;;1;0;;1;0;;1;0;;1;0;
56680;1;0;;1;0;;0;0;;1;0;;1;0;;1;0;;1;0;
56690;1;0;;1;1;;0;0;;1;0;;1;0;;1;0;;1;0;
56700;1;0;;1;0;;0;0;;1;0;;1;0;;1;0;;1;0;
56710;1;0;;1;0;;0;0;;1;0;;1;0;;1;0;;1;0;
56720;1;0;;1;0;;0;0;;1;0;;1;0;;1;0;;1;0;
56730;1;0;;1;1;;0;0;;1;0;;1;0;;1;0;;1;0;
56740;1;0;;1;0;;0;0;;1;1;;1;0;;1;0;;1;0;
56750;1;0;;1;0;;0;0;;1;0;;1;0;;1;0;;1;0;
56760;1;0;;1;0;;0;0;;1;0;;1;0;;1;0;;1;0;
56770;1;0;;1;1;;0;0;;1;0;;1;0;;1;0;;1;0;
56780;1;1;;1;0;;0;0;;1;0;;1;0;;1;0;;1;0;
56790;1;0;;1;0;;0;0;;1;0;;1;0;;1;0;;1;0;
56800;1;0;;1;0;;0;0;;1;0;;1;0;;1;0;;1;0;
56810;1;0;;1;0;;0;0;;1;0;;1;0;;1;0;;1;0;
56820;1;0;;1;1;;0;0;;1;0;;1;0;;1;0;;1;0;
56830;1;0;;1;0;;0;0;;1;0;;1;0;;1;0;;1;0;
56840;1;0;;1;0;;0;0;;1;0;;1;0;;1;0;;1;0;
56850;1;0;;1;0;;0;0;;1;0;;1;0;;1;0;;1;0;
56860;1;0;;1;1;;0;0;;1;0;;1;0;;1;0;;1;0;
56870;1;0;;1;0;;0;0;;1;0;;1;0;;1;0;;1;0;
56880;1;0;;1;0;;0;0;;1;0;;1;0;;1;0;;1;0;
56890;1;0;;1;0;;0;0;;1;0;;1;0;;1;0;;1;0;
56900;1;1;;1;1;;0;0;;1;0;;1;0;;1;0;;1;0;
56910;1;0;;1;0;;0;0;;1;0;;1;0;;1;0;;1;0;
56920;1;0;;1;0;;0;0;;1;0;;1;0;;1;0;;1;0;
56930;1;0;;1;0;;0;0;;1;0;;1;0;;1;0;;1;0;
56940;1;0;;1;0;;0;0;;1;0;;1;0;;1;0;;1;0;
56950;1;0;;1;1;;0;0;;1;0;;1;0;;1;0;;1;0;
56960;1;0;;1;0;;0;0;;1;0;;1;0;;1;0;;1;0;
56970;1;0;;1;0;;0;0;;1;0;;1;0;;1;0;;1;0;
56980;1;0;;1;0;;0;0;;1;0;;1;0;;1;0;;1;0;
56990;1;0;;1;1;;0;0;;1;0;;1;0;;1;0;;1;0;
57000;1;0;;1;0;;0;0;;1;0;;1;0;;1;0;;1;0;
57010;1;0;;1;0;;0;0;;1;0;;1;0;;1;0;;1;0;
57020;1;1;;1;0;;0;0;;1;0;;1;0;;1;0;;1;0;
57030;1;0;;1;0;;0;0;;1;0;;1;0;;1;0;;1;0;
57040;1;0;;1;1;;0;0;;1;0;;1;0;;1;0;;1;0;
57050;1;0;;1;0;;0;0;;1;0;;1;0;;1;0;;1;0;
57060;1;0;;1;0;;0;0;;1;0;;1;0;;1;0;;1;0;
57070;1;0;;1;0;;0;0;;1;0;;1;0;;1;0;;1;0;
57080;1;0;;1;1;;0;0;;1;0;;1;0;;1;0;;1;0;
57090;1;0;;1;0;;0;0;;1;0;;1;0;;1;0;;1;0;
57100;1;0;;1;0;;0;0;;1;0;;1;0;;1;0;;1;0;
57110;1;0;;1;0;;0;0;;1;0;;1;0;;1;0;;1;0;
57120;1;0;;1;0;;0;0;;1;0;;1;0;;1;0;;1;0;
57130;1;1;;1;1;;0;0;;1;0;;1;0;;1;0;;1;0;
57140;1;0;;1;0;;0;0;;1;0;;1;0;;1;0;;1;0;
57150;1;0;;1;0;;0;0;;1;0;;1;0;;1;0;;1;0;
57160;1;0;;1;0;;0;0;;1;0;;1;0;;1;0;;1;0;
57170;1;0;;1;1;;0;0;;1;0;;1;0;;1;0;;1;0;
57180;1;0;;1;0;;0;0;;1;0;;1;0;;1;0;;1;0;
57190;1;0;;1;0;;0;0;;1;0;;1;0;;1;0;;1;0;
57200;1;0;;1;0;;0;0;;1;0;;1;0;;1;0;;1;0;
57210;1;0;;1;0;;0;0;;1;0;;1;0;;1;0;;1;0;
57220;1;0;;1;1;;0;0;;1;0;;1;0;;1;0;;1;0;
57230;1;1;;1;0;;0;0;;1;1;;1;0;;1;0;;1;0;
57240;1;0;;1;0;;0;0;;1;0;;1;0;;1;0;;1;0;
57250;1;0;;1;0;;0;0;;1;0;;1;0;;1;0;;1;0;
57260;1;0;;1;1;;0;0;;1;0;;1;0;;1;0;;1;0;
57270;1;0;;1;0;;0;0;;1;0;;1;0;;1;0;;1;0;
57280;1;0;;1;0;;0;0;;1;0;;1;0;;1;0;;1;0;
57290;1;0;;1;0;;0;0;;1;0;;1;0;;1;0;;1;0;
57300;1;0;;1;0;;0;0;;1;0;;1;0;;1;0;;1;0;
57310;1;0;;1;1;;0;0;;1;0;;1;0;;1;0;;1;0;
57320;1;0;;1;0;;0;0;;1;0;;1;0;;1;0;;1;0;
57330;1;1;;1;0;;0;0;;1;0;;1;0;;1;0;;1;0;
57340;1;0;;1;0;;0;0;;1;0;;1;0;;1;0;;1;0;
57350;1;0;;1;0;;0;0;;1;0;;1;0;;1;0;;1;0;
57360;1;0;;1;1;;0;0;;1;0;;1;0;;1;0;;1;0;
57370;1;0;;1;0;;0;0;;1;0;;1;0;;1;0;;1;0;
57380;1;0;;1;0;;0;0;;1;0;;1;0;;1;0;;1;0;
57390;1;0;;1;0;;0;0;;1;0;;1;0;;1;0;;1;0;
57400;1;0;;1;1;;0;0;;1;0;;1;0;;1;0;;1;0;
57410;1;0;;1;0;;0;0;;1;0;;1;0;;1;0;;1;0;
57420;1;0;;1;0;;0;0;;1;0;;1;0;;1;0;;1;0;
57430;1;1;;1;0;;0;0;;1;0;;1;0;;1;0;;1;0;
57440;1;0;;1;0;;0;0;;1;0;;1;0;;1;0;;1;0;
57450;1;0;;1;1;;0;0;;1;0;;1;0;;1;0;;1;0;
57460;1;0;;1;0;;0;0;;1;0;;1;0;;1;0;;1;0;
57470;1;0;;1;0;;0;0;;1;0;;1;0;;1;0;;1;0;
57480;1;1;;1;0;;0;0;;1;0;;1;0;;1;0;;1;0;
57490;1;0;;1;0;;0;0;;1;0;;1;0;;1;0;;1;0;
57500;1;0;;1;1;;0;0;;1;0;;1;0;;1;0;;1;0;
57510;1;0;;1;0;;0;0;;1;0;;1;0;;1;0;;1;0;
57520;1;1;;1;0;;0;0;;1;0;;1;0;;1;0;;1;0;
57530;1;0;;1;0;;0;0;;1;0;;1;0;;1;0;;1;0;
57540;1;0;;1;0;;0;0;;1;0;;1;0;;1;0;;1;0;
57550;1;0;;1;1;;0;0;;1;0;;1;0;;1;0;;1;0;
57560;1;0;;1;0;;0;0;;1;0;;1;0;;1;0;;1;0;
57570;1;1;;1;0;;0;0;;1;0;;1;0;;1;0;;1;0;
57580;1;0;;1;0;;0;0;;1;0;;1;0;;1;0;;1;0;
57590;1;0;;1;0;;0;0;;1;0;;1;0;;1;0;;1;0;
57600;1;0;;1;1;;0;0;;1;0;;1;0;;1;0;;1;0;
57610;1;0;;1;0;;0;0;;1;0;;1;0;;1;0;;1;0;
57620;1;1;;1;0;;0;0;;1;0;;1;0;;1;0;;1;0;
57630;1;0;;1;0;;0;0;;1;0;;1;0;;1;0;;1;0;
57640;1;0;;1;1;;0;0;;1;0;;1;0;;1;0;;1;0;
57650;1;0;;1;0;;0;0;;1;0;;1;0;;1;0;;1;0;
57660;1;1;;1;0;;0;0;;1;0;;1;0;;1;0;;1;0;
57670;1;0;;1;0;;0;0;;1;0;;1;0;;1;0;;1;0;
57680;1;0;;1;0;;0;0;;1;0;;1;0;;1;0;;1;0;
57690;1;0;;1;1;;0;0;;1;0;;1;0;;1;0;;1;0;
57700;1;0;;1;0;;0;0;;1;0;;1;0;;1;0;;1;0;
57710;1;1;;1;0;;0;0;;1;0;;1;0;;1;0;;1;0;
57720;1;0;;1;0;;0;0;;1;0;;1;0;;1;0;;1;0;
57730;1;0;;1;0;;0;0;;1;0;;1;0;;1;0;;1;0;
57740;1;0;;1;1;;0;0;;1;1;;1;0;;1;0;;1;0;
57750;1;1;;1;0;;0;0;;1;0;;1;0;;1;0;;1;0;
57760;1;0;;1;0;;0;0;;1;0;;1;0;;1;0;;1;0;
57770;1;0;;1;0;;0;0;;1;0;;1;0;;1;0;;1;0;
57780;1;0;;1;0;;0;0;;1;0;;1;0;;1;0;;1;0;
57790;1;0;;1;1;;0;0;;1;0;;1;0;;1;0;;1;0;
57800;1;1;;1;0;;0;0;;1;0;;1;0;;1;0;;1;0;
57810;1;0;;1;0;;0;0;;1;0;;1;0;;1;0;;1;0;
57820;1;0;;1;0;;0;0;;1;0;;1;0;;1;0;;1;0;
57830;1;0;;1;0;;0;0;;1;0;;1;0;;1;0;;1;0;
57840;1;1;;1;1;;0;0;;1;0;;1;0;;1;0;;1;0;
57850;1;0;;1;0;;0;0;;1;0;;1;0;;1;0;;1;0;
57860;1;0;;1;0;;0;0;;1;0;;1;0;;1;0;;1;0;
57870;1;0;;1;0;;0;0;;1;0;;1;0;;1;0;;1;0;
57880;1;1;;1;0;;0;0;;1;0;;1;0;;1;0;;1;0;
57890;1;0;;1;0;;0;0;;1;0;;1;0;;1;0;;1;0;
57900;1;0;;1;0;;0;0;;1;0;;1;0;;1;0;;1;0;
57910;1;0;;1;0;;0;0;;1;0;;1;0;;1;0;;1;0;
57920;1;1;;1;1;;0;0;;1;0;;1;0;;1;0;;1;0;
57930;1;0;;1;0;;0;0;;1;0;;1;0;;1;0;;1;0;
57940;1;0;;1;0;;0;0;;1;0;;1;0;;1;0;;1;0;
57950;1;0;;1;0;;0;0;;1;0;;1;0;;1;0;;1;0;
57960;1;1;;1;0;;0;0;;1;0;;1;0;;1;0;;1;0;
57970;1;0;;1;0;;0;0;;1;0;;1;0;;1;0;;1;0;
57980;1;0;;1;0;;0;0;;1;0;;1;0;;1;0;;1;0;
57990;1;0;;1;0;;0;0;;1;0;;1;0;;1;0;;1;0;
58000;1;1;;1;0;;0;0;;1;0;;1;0;;1;0;;1;0;
58010;1;0;;1;1;;0;0;;1;0;;1;0;;1;0;;1;0;
58020;1;0;;1;0;;0;0;;1;0;;1;0;;1;0;;1;0;
58030;1;0;;1;0;;0;0;;1;0;;1;0;;1;0;;1;0;
58040;1;1;;1;0;;0;0;;1;0;;1;0;;1;0;;1;0;
58050;1;0;;1;0;;0;0;;1;0;;1;0;;1;0;;1;0;
58060;1;0;;1;0;;0;0;;1;0;;1;1;;1;1;;1;0;
58070;1;1;;1;0;;0;0;;1;0;;1;0;;1;0;;1;0;
58080;1;0;;1;0;;0;0;;1;0;;1;0;;1;0;;1;0;
58090;1;0;;1;0;;0;0;;1;0;;1;0;;1;0;;1;0;
58100;1;0;;1;0;;0;0;;1;0;;1;0;;1;0;;1;0;
58110;1;1;;1;1;;0;0;;1;0;;1;0;;1;0;;1;0;
58120;1;0;;1;0;;0;0;;1;0;;1;0;;1;0;;1;0;
58130;1;0;;1;0;;0;0;;1;0;;1;0;;1;0;;1;0;
58140;1;0;;1;0;;0;0;;1;0;;1;0;;1;0;;1;0;
58150;1;1;;1;0;;0;0;;1;0;;1;0;;1;0;;1;0;
58160;1;0;;1;0;;0;0;;1;0;;1;0;;1;0;;1;0;
58170;1;0;;1;0;;0;0;;1;0;;1;0;;1;0;;1;0;
58180;1;0;;1;0;;0;0;;1;0;;1;0;;1;0;;1;0;
58190;1;1;;1;0;;0;0;;1;0;;1;0;;1;0;;1;0;
58200;1;0;;1;1;;0;0;;1;0;;1;0;;1;0;;1;0;
58210;1;0;;1;0;;0;0;;1;0;;1;0;;1;0;;1;0;
58220;1;1;;1;0;;0;0;;1;0;;1;0;;1;0;;1;0;
58230;1;0;;1;0;;0;0;;1;0;;1;0;;1;0;;1;0;
58240;1;0;;1;0;;0;0;;1;0;;1;0;;1;0;;1;0;
58250;1;0;;1;0;;0;0;;1;0;;1;0;;1;0;;1;0;
58260;1;1;;1;0;;0;0;;1;0;;1;0;;1;0;;1;0;
58270;1;0;;1;0;;0;0;;1;0;;1;0;;1;0;;1;0;
58280;1;0;;1;0;;0;0;;1;1;;1;0;;1;0;;1;0;
58290;1;1;;1;0;;0;0;;1;0;;1;0;;1;0;;1;0;
58300;1;0;;1;1;;0;0;;1;0;;1;0;;1;0;;1;0;
58310;1;0;;1;0;;0;0;;1;0;;1;0;;1;0;;1;0;
58320;1;0;;1;0;;0;0;;1;0;;1;0;;1;0;;1;0;
58330;1;1;;1;0;;0;0;;1;0;;1;0;;1;0;;1;0;
58340;1;0;;1;0;;0;0;;1;0;;1;0;;1;0;;1;0;
58350;1;0;;1;0;;0;0;;1;0;;1;0;;1;0;;1;0;
58360;1;1;;1;0;;0;0;;1;0;;1;0;;1;0;;1;0;
58370;1;0;;1;0;;0;0;;1;0;;1;0;;1;0;;1;0;
58380;1;0;;1;0;;0;0;;1;0;;1;0;;1;0;;1;0;
58390;1;1;;1;0;;0;0;;1;0;;1;0;;1;0;;1;0;
58400;1;0;;1;1;;0;0;;1;0;;1;0;;1;0;;1;0;
58410;1;0;;1;0;;0;0;;1;0;;1;0;;1;0;;1;0;
58420;1;0;;1;0;;0;0;;1;0;;1;0;;1;0;;1;0;
58430;1;1;;1;0;;0;0;;1;0;;1;0;;1;0;;1;0;
58440;1;0;;1;0;;0;0;;1;0;;1;0;;1;0;;1;0;
58450;1;0;;1;0;;0;0;;1;0;;1;0;;1;0;;1;0;
58460;1;1;;1;0;;0;0;;1;0;;1;0;;1;0;;1;0;
58470;1;0;;1;0;;0;0;;1;0;;1;0;;1;0;;1;0;
58480;1;0;;1;0;;0;0;;1;0;;1;0;;1;0;;1;0;
58490;1;1;;1;0;;0;0;;1;0;;1;0;;1;0;;1;0;
58500;1;0;;1;1;;0;0;;1;0;;1;0;;1;0;;1;0;
58510;1;0;;1;0;;0;0;;1;0;;1;0;;1;0;;1;0;
58520;1;1;;1;0;;0;0;;1;0;;1;0;;1;0;;1;0;
58530;1;0;;1;0;;0;0;;1;0;;1;0;;1;0;;1;0;
58540;1;0;;1;0;;0;0;;1;0;;1;0;;1;0;;1;0;
58550;1;1;;1;0;;0;0;;1;0;;1;0;;1;0;;1;0;
58560;1;0;;1;0;;0;0;;1;0;;1;0;;1;0;;1;0;
58570;1;0;;1;0;;0;0;;1;0;;1;0;;1;0;;1;0;
58580;1;0;;1;0;;0;0;;1;0;;1;0;;1;0;;1;0;
58590;1;1;;1;0;;0;0;;1;0;;1;0;;1;0;;1;0;
58600;1;0;;1;1;;0;0;;1;0;;1;0;;1;0;;1;0;
58610;1;0;;1;0;;0;0;;1;0;;1;0;;1;0;;1;0;
58620;1;1;;1;0;;0;0;;1;0;;1;0;;1;0;;1;0;
58630;1;0;;1;0;;0;0;;1;0;;1;0;;1;0;;1;0;
58640;1;0;;1;0;;0;0;;1;0;;1;0;;1;0;;1;0;
58650;1;1;;1;0;;0;0;;1;0;;1;0;;1;0;;1;0;
58660;1;0;;1;0;;0;0;;1;0;;1;0;;1;0;;1;0;
58670;1;0;;1;0;;0;0;;1;0;;1;0;;1;0;;1;0;
58680;1;1;;1;0;;0;0;;1;0;;1;0;;1;0;;1;0;
58690;1;0;;1;0;;0;0;;1;0;;1;0;;1;0;;1;0;
58700;1;0;;1;0;;0;0;;1;0;;1;0;;1;0;;1;0;
58710;1;1;;1;1;;0;0;;1;0;;1;0;;1;0;;1;0;
58720;1;0;;1;0;;0;0;;1;0;;1;0;;1;0;;1;0;
58730;1;0;;1;0;;0;0;;1;0;;1;0;;1;0;;1;0;
58740;1;1;;1;0;;0;0;;1;0;;1;0;;1;0;;1;0;
58750;1;0;;1;0;;0;0;;1;0;;1;0;;1;0;;1;0;
58760;1;0;;1;0;;0;0;;1;0;;1;0;;1;0;;1;0;
58770;1;1;;1;0;;0;0;;1;0;;1;0;;1;0;;1;0;
58780;1;0;;1;0;;0;0;;1;0;;1;0;;1;0;;1;0;
58790;1;1;;1;0;;0;0;;1;0;;1;0;;1;0;;1;0;
58800;1;0;;1;0;;0;0;;1;0;;1;0;;1;0;;1;0;
58810;1;0;;1;1;;0;0;;1;0;;1;0;;1;0;;1;0;
58820;1;1;;1;0;;0;0;;1;0;;1;0;;1;0;;1;0;
58830;1;0;;1;0;;0;0;;1;1;;1;0;;1;0;;1;0;
58840;1;0;;1;0;;0;0;;1;0;;1;0;;1;0;;1;0;
58850;1;1;;1;0;;0;0;;1;0;;1;0;;1;0;;1;0;
58860;1;0;;1;0;;0;0;;1;0;;1;0;;1;0;;1;0;
58870;1;0;;1;0;;0;0;;1;0;;1;0;;1;0;;1;0;
58880;1;1;;1;0;;0;0;;1;0;;1;0;;1;0;;1;0;
58890;1;0;;1;0;;0;0;;1;0;;1;0;;1;0;;1;0;
58900;1;0;;1;0;;0;0;;1;0;;1;0;;1;0;;1;0;
58910;1;1;;1;0;;0;0;;1;0;;1;0;;1;0;;1;0;
58920;1;0;;1;1;;0;0;;1;0;;1;0;;1;0;;1;0;
58930;1;0;;1;0;;0;0;;1;0;;1;0;;1;0;;1;0;
58940;1;1;;1;0;;0;0;;1;0;;1;0;;1;0;;1;0;
58950;1;0;;1;0;;0;0;;1;0;;1;0;;1;0;;1;0;
58960;1;1;;1;0;;0;0;;1;0;;1;0;;1;0;;1;0;
58970;1;0;;1;0;;0;0;;1;0;;1;0;;1;0;;1;0;
58980;1;0;;1;0;;0;0;;1;0;;1;0;;1;0;;1;0;
58990;1;1;;1;0;;0;0;;1;0;;1;0;;1;0;;1;0;
59000;1;0;;1;0;;0;0;;1;0;;1;0;;1;0;;1;0;
59010;1;0;;1;0;;0;0;;1;0;;1;0;;1;0;;1;0;
59020;1;1;;1;0;;0;0;;1;0;;1;0;;1;0;;1;0;
59030;1;0;;1;1;;0;0;;1;0;;1;0;;1;0;;1;0;
59040;1;1;;1;0;;0;0;;1;0;;1;0;;1;0;;1;0;
59050;1;0;;1;0;;0;0;;1;0;;1;0;;1;0;;1;0;
59060;1;0;;1;0;;0;0;;1;0;;1;0;;1;0;;1;0;
59070;1;1;;1;0;;0;0;;1;0;;1;0;;1;0;;1;0;
59080;1;0;;1;0;;0;0;;1;0;;1;0;;1;0;;1;0;
59090;1;0;;1;0;;0;0;;1;0;;1;0;;1;0;;1;0;
59100;1;1;;1;0;;0;0;;1;0;;1;0;;1;0;;1;0;
59110;1;0;;1;0;;0;0;;1;0;;1;0;;1;0;;1;0;
59120;1;1;;1;0;;0;0;;1;0;;1;0;;1;0;;1;0;
59130;1;0;;1;0;;0;0;;1;0;;1;0;;1;0;;1;0;
59140;1;0;;1;0;;0;0;;1;0;;1;0;;1;0;;1;0;
59150;1;1;;1;1;;0;0;;1;0;;1;0;;1;0;;1;0;
59160;1;0;;1;0;;0;0;;1;0;;1;0;;1;0;;1;0;
59170;1;1;;1;0;;0;0;;1;0;;1;0;;1;0;;1;0;
59180;1;0;;1;0;;0;0;;1;0;;1;0;;1;0;;1;0;
59190;1;0;;1;0;;0;0;;1;0;;1;0;;1;0;;1;0;
59200;1;1;;1;0;;0;0;;1;0;;1;0;;1;0;;1;0;
59210;1;0;;1;0;;0;0;;1;0;;1;0;;1;0;;1;0;
59220;1;1;;1;0;;0;0;;1;0;;1;0;;1;0;;1;0;
59230;1;0;;1;0;;0;0;;1;0;;1;0;;1;0;;1;0;
59240;1;0;;1;0;;0;0;;1;0;;1;0;;1;0;;1;0;
59250;1;1;;1;0;;0;0;;1;0;;1;0;;1;0;;1;0;
59260;1;0;;1;1;;0;0;;1;0;;1;0;;1;0;;1;0;
59270;1;0;;1;0;;0;0;;1;0;;1;0;;1;0;;1;0;
59280;1;1;;1;0;;0;0;;1;0;;1;0;;1;0;;1;0;
59290;1;0;;1;0;;0;0;;1;0;;1;0;;1;0;;1;0;
59300;1;1;;1;0;;0;0;;1;0;;1;0;;1;0;;1;0;
59310;1;0;;1;0;;0;0;;1;0;;1;0;;1;0;;1;0;
59320;1;1;;1;0;;0;0;;1;0;;1;0;;1;0;;1;0;
59330;1;0;;1;0;;0;0;;1;0;;1;0;;1;0;;1;0;
59340;1;0;;1;0;;0;0;;1;0;;1;0;;1;0;;1;0;
59350;1;1;;1;0;;0;0;;1;0;;1;0;;1;0;;1;0;
59360;1;0;;1;0;;0;0;;1;0;;1;0;;1;0;;1;0;
59370;1;1;;1;0;;0;0;;1;0;;1;0;;1;0;;1;0;
59380;1;0;;1;1;;0;0;;1;0;;1;0;;1;0;;1;0;
59390;1;0;;1;0;;0;0;;1;0;;1;0;;1;0;;1;0;
59400;1;1;;1;0;;0;0;;1;0;;1;1;;1;1;;1;0;
59410;1;0;;1;0;;0;0;;1;1;;1;0;;1;0;;1;0;
59420;1;1;;1;0;;0;0;;1;0;;1;0;;1;0;;1;0;
59430;1;0;;1;0;;0;0;;1;0;;1;0;;1;0;;1;0;
59440;1;0;;1;0;;0;0;;1;0;;1;0;;1;0;;1;0;
59450;1;1;;1;0;;0;0;;1;0;;1;0;;1;0;;1;0;
59460;1;0;;1;0;;0;0;;1;0;;1;0;;1;0;;1;0;
59470;1;1;;1;0;;0;0;;1;0;;1;0;;1;0;;1;0;
59480;1;0;;1;0;;0;0;;1;0;;1;0;;1;0;;1;0;
59490;1;1;;1;1;;0;0;;1;0;;1;0;;1;0;;1;0;
59500;1;0;;1;0;;0;0;;1;0;;1;0;;1;0;;1;0;
59510;1;0;;1;0;;0;0;;1;0;;1;0;;1;0;;1;0;
59520;1;1;;1;0;;0;0;;1;0;;1;0;;1;0;;1;0;
59530;1;0;;1;0;;0;0;;1;0;;1;0;;1;0;;1;0;
59540;1;1;;1;0;;0;0;;1;0;;1;0;;1;0;;1;0;
59550;1;0;;1;0;;0;0;;1;0;;1;0;;1;0;;1;0;
59560;1;1;;1;0;;0;0;;1;0;;1;0;;1;0;;1;0;
59570;1;0;;1;0;;0;0;;1;0;;1;0;;1;0;;1;0;
59580;1;0;;1;0;;0;0;;1;0;;1;0;;1;0;;1;0;
59590;1;1;;1;0;;0;0;;1;0;;1;0;;1;0;;1;0;
59600;1;0;;1;0;;0;0;;1;0;;1;0;;1;0;;1;0;
59610;1;1;;1;0;;0;0;;1;0;;1;0;;1;0;;1;0;
59620;1;0;;1;1;;0;0;;1;0;;1;0;;1;0;;1;0;
59630;1;1;;1;0;;0;0;;1;0;;1;0;;1;0;;1;0;
59640;1;0;;1;0;;0;0;;1;0;;1;0;;1;0;;1;0;
59650;1;1;;1;0;;0;0;;1;0;;1;0;;1;0;;1;0;
59660;1;0;;1;0;;0;0;;1;0;;1;0;;1;0;;1;0;
59670;1;0;;1;0;;0;0;;1;0;;1;0;;1;0;;1;0;
59680;1;1;;1;0;;0;0;;1;0;;1;0;;1;0;;1;0;
59690;1;0;;1;0;;0;0;;1;0;;1;0;;1;0;;1;0;
59700;1;1;;1;0;;0;0;;1;0;;1;0;;1;0;;1;0;
59710;1;0;;1;0;;0;0;;1;0;;1;0;;1;0;;1;0;
59720;1;1;;1;0;;0;0;;1;0;;1;0;;1;0;;1;0;
59730;1;0;;1;0;;0;0;;1;0;;1;0;;1;0;;1;0;
59740;1;1;;1;1;;0;0;;1;0;;1;0;;1;0;;1;0;
59750;1;0;;1;0;;0;0;;1;0;;1;0;;1;0;;1;0;
59760;1;1;;1;0;;0;0;;1;0;;1;0;;1;0;;1;0;
59770;1;0;;1;0;;0;0;;1;0;;1;0;;1;0;;1;0;
59780;1;0;;1;0;;0;0;;1;0;;1;0;;1;0;;1;0;
59790;1;1;;1;0;;0;0;;1;0;;1;0;;1;0;;1;0;
59800;1;0;;1;0;;0;0;;1;0;;1;0;;1;0;;1;0;
59810;1;1;;1;0;;0;0;;1;0;;1;0;;1;0;;1;0;
59820;1;0;;1;0;;0;0;;1;0;;1;0;;1;0;;1;0;
59830;1;1;;1;0;;0;0;;1;0;;1;0;;1;0;;1;0;
59840;1;0;;1;0;;0;0;;1;0;;1;0;;1;0;;1;0;
59850;1;1;;1;0;;0;0;;1;0;;1;0;;1;0;;1;0;
59860;1;0;;1;0;;0;0;;1;0;;1;0;;1;0;;1;0;
59870;1;1;;1;1;;0;0;;1;0;;1;0;;1;0;;1;0;
59880;1;0;;1;0;;0;0;;1;0;;1;0;;1;0;;1;0;
59890;1;1;;1;0;;0;0;;1;0;;1;0;;1;0;;1;0;
59900;1;0;;1;0;;0;0;;1;0;;1;0;;1;0;;1;0;
59910;1;0;;1;0;;0;0;;1;0;;1;0;;1;0;;1;0;
59920;1;1;;1;0;;0;0;;1;0;;1;0;;1;0;;1;0;
59930;1;0;;1;0;;0;0;;1;0;;1;0;;1;0;;1;0;
59940;1;1;;1;0;;0;0;;1;0;;1;0;;1;0;;1;0;
59950;1;0;;1;0;;0;0;;1;0;;1;0;;1;0;;1;0;
59960;1;1;;1;0;;0;0;;1;0;;1;0;;1;0;;1;0;
59970;1;0;;1;0;;0;0;;1;0;;1;0;;1;0;;1;0;
59980;1;1;;1;0;;0;1;;1;0;;1;0;;1;0;;1;0;
59990;1;0;;1;0;;0;0;;1;0;;1;0;;1;0;;1;0;
60000;1;1;;1;1;;0;0;;1;0;;1;0;;1;0;;1;0;
60010;1;0;;1;0;;0;0;;1;0;;1;0;;1;0;;1;0;
60020;1;1;;1;0;;0;0;;1;1;;1;0;;1;0;;1;0;
60030;1;0;;1;0;;0;0;;1;0;;1;0;;1;0;;1;0;
60040;1;1;;1;0;;0;0;;1;0;;1;0;;1;0;;1;0;
60050;1;0;;1;0;;0;0;;1;0;;1;0;;1;0;;1;0;
60060;1;1;;1;0;;0;0;;1;0;;1;0;;1;0;;1;0;
60070;1;0;;1;0;;0;0;;1;0;;1;0;;1;0;;1;0;
60080;1;1;;1;0;;0;0;;1;0;;1;0;;1;0;;1;0;
60090;1;0;;1;0;;0;0;;1;0;;1;0;;1;0;;1;0;
60100;1;1;;1;0;;0;0;;1;0;;1;0;;1;0;;1;0;
60110;1;0;;1;0;;0;0;;1;0;;1;0;;1;0;;1;0;
60120;1;1;;1;0;;0;0;;1;0;;1;0;;1;0;;1;0;
60130;1;0;;1;1;;0;0;;1;0;;1;0;;1;0;;1;0;
60140;1;1;;1;0;;0;0;;1;0;;1;0;;1;0;;1;0;
60150;1;0;;1;0;;0;0;;1;0;;1;0;;1;0;;1;0;
60160;1;1;;1;0;;0;0;;1;0;;1;0;;1;0;;1;0;
60170;1;0;;1;0;;0;0;;1;0;;1;0;;1;0;;1;0;
60180;1;1;;1;0;;0;0;;1;0;;1;0;;1;0;;1;0;
60190;1;0;;1;0;;0;0;;1;0;;1;0;;1;0;;1;0;
60200;1;1;;1;0;;0;0;;1;0;;1;0;;1;0;;1;0;
60210;1;0;;1;0;;0;0;;1;0;;1;0;;1;0;;1;0;
60220;1;1;;1;0;;0;0;;1;0;;1;0;;1;0;;1;0;
60230;1;0;;1;0;;0;0;;1;0;;1;0;;1;0;;1;0;
60240;1;1;;1;0;;0;0;;1;0;;1;0;;1;0;;1;0;
60250;1;0;;1;0;;0;0;;1;0;;1;0;;1;0;;1;0;
60260;1;1;;1;1;;0;0;;1;0;;1;0;;1;0;;1;0;
60270;1;0;;1;0;;0;0;;1;0;;1;0;;1;0;;1;0;
60280;1;1;;1;0;;0;0;;1;0;;1;0;;1;0;;1;0;
60290;1;0;;1;0;;0;0;;1;0;;1;0;;1;0;;1;0;
60300;1;1;;1;0;;0;0;;1;0;;1;0;;1;0;;1;0;
60310;1;0;;1;0;;0;0;;1;0;;1;0;;1;0;;1;0;
60320;1;1;;1;0;;0;0;;1;0;;1;0;;1;0;;1;0;
60330;1;0;;1;0;;0;0;;1;0;;1;0;;1;0;;1;0;
60340;1;1;;1;0;;0;0;;1;0;;1;0;;1;0;;1;0;
60350;1;0;;1;0;;0;0;;1;0;;1;0;;1;0;;1;0;
60360;1;1;;1;0;;0;0;;1;0;;1;0;;1;0;;1;0;
60370;1;0;;1;0;;0;0;;1;0;;1;0;;1;0;;1;0;
60380;1;1;;1;0;;0;0;;1;0;;1;0;;1;0;;1;0;
60390;1;0;;1;0;;0;0;;1;0;;1;0;;1;0;;1;0;
60400;1;1;;1;1;;0;0;;1;0;;1;0;;1;0;;1;0;
60410;1;0;;1;0;;0;0;;1;0;;1;0;;1;0;;1;0;
60420;1;1;;1;0;;0;0;;1;0;;1;0;;1;0;;1;0;
60430;1;0;;1;0;;0;0;;1;0;;1;0;;1;0;;1;0;
60440;1;1;;1;0;;0;0;;1;0;;1;0;;1;0;;1;0;
60450;1;0;;1;0;;0;0;;1;0;;1;0;;1;0;;1;0;
60460;1;1;;1;0;;0;0;;1;0;;1;0;;1;0;;1;0;
60470;1;0;;1;0;;0;0;;1;0;;1;0;;1;0;;1;0;
60480;1;1;;1;0;;0;0;;1;0;;1;0;;1;0;;1;0;
60490;1;0;;1;0;;0;0;;1;0;;1;0;;1;0;;1;0;
60500;1;1;;1;0;;0;0;;1;0;;1;0;;1;0;;1;0;
60510;1;0;;1;0;;0;0;;1;0;;1;0;;1;0;;1;0;
60520;1;1;;1;0;;0;0;;1;0;;1;0;;1;0;;1;0;
60530;1;0;;1;0;;0;0;;1;0;;1;0;;1;0;;1;0;
60540;1;1;;1;0;;0;0;;1;0;;1;0;;1;0;;1;0;
60550;1;1;;1;1;;0;0;;1;0;;1;0;;1;0;;1;0;
60560;1;0;;1;0;;0;0;;1;0;;1;0;;1;0;;1;0;
60570;1;1;;1;0;;0;0;;1;0;;1;0;;1;0;;1;0;
60580;1;0;;1;0;;0;0;;1;0;;1;0;;1;0;;1;0;
60590;1;1;;1;0;;0;0;;1;0;;1;0;;1;0;;1;0;
60600;1;0;;1;0;;0;0;;1;0;;1;0;;1;0;;1;0;
60610;1;1;;1;0;;0;0;;1;0;;1;0;;1;0;;1;0;
60620;1;0;;1;0;;0;0;;1;0;;1;1;;1;1;;1;0;
60630;1;1;;1;0;;0;0;;1;0;;1;0;;1;0;;1;0;
60640;1;0;;1;0;;0;0;;1;0;;1;0;;1;0;;1;0;
60650;1;1;;1;0;;0;0;;1;1;;1;0;;1;0;;1;0;
60660;1;0;;1;0;;0;0;;1;0;;1;0;;1;0;;1;0;
60670;1;1;;1;0;;0;0;;1;0;;1;0;;1;0;;1;0;
60680;1;1;;1;0;;0;0;;1;0;;1;0;;1;0;;1;0;
60690;1;0;;1;1;;0;0;;1;0;;1;0;;1;0;;1;0;
60700;1;1;;1;0;;0;0;;1;0;;1;0;;1;0;;1;0;
60710;1;0;;1;0;;0;0;;1;0;;1;0;;1;0;;1;0;
60720;1;1;;1;0;;0;0;;1;0;;1;0;;1;0;;1;0;
60730;1;0;;1;0;;0;0;;1;0;;1;0;;1;0;;1;0;
60740;1;1;;1;0;;0;0;;1;0;;1;0;;1;0;;1;0;
60750;1;0;;1;0;;0;0;;1;0;;1;0;;1;0;;1;0;
60760;1;1;;1;0;;0;0;;1;0;;1;0;;1;0;;1;0;
60770;1;0;;1;0;;0;0;;1;0;;1;0;;1;0;;1;0;
60780;1;1;;1;0;;0;0;;1;0;;1;0;;1;0;;1;0;
60790;1;0;;1;0;;0;0;;1;0;;1;0;;1;0;;1;0;
60800;1;1;;1;0;;0;0;;1;0;;1;0;;1;0;;1;0;
60810;1;1;;1;0;;0;0;;1;0;;1;0;;1;0;;1;0;
60820;1;0;;1;0;;0;0;;1;0;;1;0;;1;0;;1;0;
60830;1;1;;1;0;;0;0;;1;0;;1;0;;1;0;;1;0;
60840;1;0;;1;1;;0;0;;1;0;;1;0;;1;0;;1;0;
60850;1;1;;1;0;;0;0;;1;0;;1;0;;1;0;;1;0;
60860;1;0;;1;0;;0;0;;1;0;;1;0;;1;0;;1;0;
60870;1;1;;1;0;;0;0;;1;0;;1;0;;1;0;;1;0;
60880;1;0;;1;0;;0;0;;1;0;;1;0;;1;0;;1;0;
60890;1;1;;1;0;;0;0;;1;0;;1;0;;1;0;;1;0;
60900;1;1;;1;0;;0;0;;1;0;;1;0;;1;0;;1;0;
60910;1;0;;1;0;;0;0;;1;0;;1;0;;1;0;;1;0;
60920;1;1;;1;0;;0;0;;1;0;;1;0;;1;0;;1;0;
60930;1;0;;1;0;;0;0;;1;0;;1;0;;1;0;;1;0;
60940;1;1;;1;0;;0;0;;1;0;;1;0;;1;0;;1;0;
60950;1;0;;1;0;;0;0;;1;0;;1;0;;1;0;;1;0;
60960;1;1;;1;0;;0;0;;1;0;;1;0;;1;0;;1;0;
60970;1;0;;1;0;;0;0;;1;0;;1;0;;1;0;;1;0;
60980;1;1;;1;0;;0;0;;1;0;;1;0;;1;0;;1;0;
60990;1;1;;1;0;;0;0;;1;0;;1;0;;1;0;;1;0;
61000;1;0;;1;1;;0;0;;1;0;;1;0;;1;0;;1;0;
61010;1;1;;1;0;;0;0;;1;0;;1;0;;1;0;;1;0;
61020;1;0;;1;0;;0;0;;1;0;;1;0;;1;0;;1;0;
61030;1;1;;1;0;;0;0;;1;0;;1;0;;1;0;;1;0;
61040;1;0;;1;0;;0;0;;1;0;;1;0;;1;0;;1;0;
61050;1;1;;1;0;;0;0;;1;0;;1;0;;1;0;;1;0;
61060;1;1;;1;0;;0;0;;1;0;;1;0;;1;0;;1;0;
61070;1;0;;1;0;;0;1;;1;0;;1;0;;1;0;;1;0;
61080;1;1;;1;0;;0;0;;1;0;;1;0;;1;0;;1;0;
61090;1;0;;1;0;;0;0;;1;0;;1;0;;1;0;;1;0;
61100;1;1;;1;0;;0;0;;1;0;;1;0;;1;0;;1;0;
61110;1;0;;1;0;;0;0;;1;0;;1;0;;1;0;;1;0;
61120;1;1;;1;0;;0;0;;1;0;;1;0;;1;0;;1;0;
61130;1;1;;1;0;;0;0;;1;0;;1;0;;1;0;;1;0;
61140;1;0;;1;0;;0;0;;1;0;;1;0;;1;0;;1;0;
61150;1;1;;1;0;;0;0;;1;0;;1;0;;1;0;;1;0;
61160;1;0;;1;1;;0;0;;1;0;;1;0;;1;0;;1;0;
61170;1;1;;1;0;;0;0;;1;0;;1;0;;1;0;;1;0;
61180;1;0;;1;0;;0;0;;1;0;;1;0;;1;0;;1;0;
61190;1;1;;1;0;;0;0;;1;0;;1;0;;1;0;;1;0;
61200;1;1;;1;0;;0;0;;1;0;;1;0;;1;0;;1;0;
61210;1;0;;1;0;;0;0;;1;0;;1;0;;1;0;;1;0;
61220;1;1;;1;0;;0;0;;1;0;;1;0;;1;0;;1;0;
61230;1;0;;1;0;;0;0;;1;0;;1;0;;1;0;;1;0;
61240;1;1;;1;0;;0;0;;1;0;;1;0;;1;0;;1;0;
61250;1;0;;1;0;;0;0;;1;0;;1;0;;1;0;;1;0;
61260;1;1;;1;0;;0;0;;1;0;;1;0;;1;0;;1;0;
61270;1;1;;1;0;;0;0;;1;0;;1;0;;1;0;;1;0;
61280;1;0;;1;0;;0;0;;1;0;;1;0;;1;0;;1;0;
61290;1;1;;1;0;;0;0;;1;0;;1;0;;1;0;;1;0;
61300;1;0;;1;0;;0;0;;1;0;;1;0;;1;0;;1;0;
61310;1;1;;1;0;;0;0;;1;1;;1;0;;1;0;;1;0;
61320;1;0;;1;1;;0;0;;1;0;;1;0;;1;0;;1;0;
61330;1;1;;1;0;;0;0;;1;0;;1;0;;1;0;;1;0;
61340;1;1;;1;0;;0;0;;1;0;;1;0;;1;0;;1;0;
61350;1;0;;1;0;;0;0;;1;0;;1;0;;1;0;;1;0;
61360;1;1;;1;0;;0;0;;1;0;;1;0;;1;0;;1;0;
61370;1;0;;1;0;;0;0;;1;0;;1;0;;1;0;;1;0;
61380;1;1;;1;0;;0;0;;1;0;;1;0;;1;0;;1;0;
61390;1;0;;1;0;;0;0;;1;0;;1;0;;1;0;;1;0;
61400;1;1;;1;0;;0;0;;1;0;;1;0;;1;0;;1;0;
61410;1;1;;1;0;;0;0;;1;0;;1;0;;1;0;;1;0;
61420;1;0;;1;0;;0;0;;1;0;;1;0;;1;0;;1;0;
61430;1;1;;1;0;;0;0;;1;0;;1;0;;1;0;;1;0;
61440;1;0;;1;0;;0;0;;1;0;;1;0;;1;0;;1;0;
61450;1;1;;1;0;;0;0;;1;0;;1;0;;1;0;;1;0;
61460;1;1;;1;0;;0;0;;1;0;;1;0;;1;0;;1;0;
61470;1;0;;1;0;;0;0;;1;0;;1;0;;1;0;;1;0;
61480;1;1;;1;0;;0;0;;1;0;;1;0;;1;0;;1;0;
61490;1;0;;1;1;;0;0;;1;0;;1;0;;1;0;;1;0;
61500;1;1;;1;0;;0;0;;1;0;;1;0;;1;0;;1;0;
61510;1;1;;1;0;;0;0;;1;0;;1;0;;1;0;;1;0;
61520;1;0;;1;0;;0;0;;1;0;;1;0;;1;0;;1;0;
61530;1;1;;1;0;;0;0;;1;0;;1;0;;1;0;;1;0;
61540;1;0;;1;0;;0;0;;1;0;;1;0;;1;0;;1;0;
61550;1;1;;1;0;;0;0;;1;0;;1;0;;1;0;;1;0;
61560;1;0;;1;0;;0;0;;1;0;;1;0;;1;0;;1;0;
61570;1;1;;1;0;;0;0;;1;0;;1;0;;1;0;;1;0;
61580;1;1;;1;0;;0;0;;1;0;;1;0;;1;0;;1;0;
61590;1;0;;1;0;;0;0;;1;0;;1;0;;1;0;;1;0;
61600;1;1;;1;0;;0;0;;1;0;;1;0;;1;0;;1;0;
61610;1;0;;1;0;;0;0;;1;0;;1;0;;1;0;;1;0;
61620;1;1;;1;0;;0;0;;1;0;;1;0;;1;0;;1;0;
61630;1;1;;1;0;;0;0;;1;0;;1;0;;1;0;;1;0;
61640;1;0;;1;0;;0;0;;1;0;;1;0;;1;0;;1;0;
61650;1;1;;1;0;;0;0;;1;0;;1;0;;1;0;;1;0;
61660;1;0;;1;0;;0;0;;1;0;;1;0;;1;0;;1;0;
61670;1;1;;1;1;;0;0;;1;0;;1;0;;1;0;;1;0;
61680;1;1;;1;0;;0;0;;1;0;;1;0;;1;0;;1;0;
61690;1;0;;1;0;;0;0;;1;0;;1;0;;1;0;;1;0;
61700;1;1;;1;0;;0;0;;1;0;;1;0;;1;0;;1;0;
61710;1;0;;1;0;;0;0;;1;0;;1;0;;1;0;;1;0;
61720;1;1;;1;0;;0;0;;1;0;;1;0;;1;0;;1;0;
61730;1;0;;1;0;;0;0;;1;0;;1;0;;1;0;;1;0;
61740;1;1;;1;0;;0;0;;1;0;;1;1;;1;1;;1;0;
61750;1;1;;1;0;;0;0;;1;0;;1;0;;1;0;;1;0;
61760;1;0;;1;0;;0;0;;1;0;;1;0;;1;0;;1;0;
61770;1;1;;1;0;;0;0;;1;0;;1;0;;1;0;;1;0;
61780;1;0;;1;0;;0;0;;1;0;;1;0;;1;0;;1;0;
61790;1;1;;1;0;;0;0;;1;0;;1;0;;1;0;;1;0;
61800;1;1;;1;0;;0;0;;1;0;;1;0;;1;0;;1;0;
61810;1;0;;1;0;;0;0;;1;0;;1;0;;1;0;;1;0;
61820;1;1;;1;0;;0;0;;1;0;;1;0;;1;0;;1;0;
61830;1;0;;1;0;;0;0;;1;0;;1;0;;1;0;;1;0;
61840;1;1;;1;0;;0;0;;1;0;;1;0;;1;0;;1;0;
61850;1;1;;1;1;;0;0;;1;0;;1;0;;1;0;;1;0;
61860;1;0;;1;0;;0;1;;1;0;;1;0;;1;0;;1;0;
61870;1;1;;1;0;;0;0;;1;0;;1;0;;1;0;;1;0;
61880;1;0;;1;0;;0;0;;1;0;;1;0;;1;0;;1;0;
61890;1;1;;1;0;;0;0;;1;0;;1;0;;1;0;;1;0;
61900;1;1;;1;0;;0;0;;1;0;;1;0;;1;0;;1;0;
61910;1;0;;1;0;;0;0;;1;0;;1;0;;1;0;;1;0;
61920;1;1;;1;0;;0;0;;1;0;;1;0;;1;0;;1;0;
61930;1;0;;1;0;;0;0;;1;0;;1;0;;1;0;;1;0;
61940;1;1;;1;0;;0;0;;1;0;;1;0;;1;0;;1;0;
61950;1;1;;1;0;;0;0;;1;0;;1;0;;1;0;;1;0;
61960;1;0;;1;0;;0;0;;1;0;;1;0;;1;0;;1;0;
61970;1;1;;1;0;;0;0;;1;0;;1;0;;1;0;;1;0;
61980;1;0;;1;0;;0;0;;1;0;;1;0;;1;0;;1;0;
61990;1;1;;1;0;;0;0;;1;0;;1;0;;1;0;;1;0;
62000;1;1;;1;0;;0;0;;1;1;;1;0;;1;0;;1;0;
62010;1;0;;1;0;;0;0;;1;0;;1;0;;1;0;;1;0;
62020;1;1;;1;0;;0;0;;1;0;;1;0;;1;0;;1;0;
62030;1;0;;1;0;;0;0;;1;0;;1;0;;1;0;;1;0;
62040;1;1;;1;1;;0;0;;1;0;;1;0;;1;0;;1;0;
62050;1;0;;1;0;;0;0;;1;0;;1;0;;1;0;;1;0;
62060;1;1;;1;0;;0;0;;1;0;;1;0;;1;0;;1;0;
62070;1;1;;1;0;;0;0;;1;0;;1;0;;1;0;;1;0;
62080;1;0;;1;0;;0;0;;1;0;;1;0;;1;0;;1;0;
62090;1;1;;1;0;;0;0;;1;0;;1;0;;1;0;;1;0;
62100;1;0;;1;0;;0;0;;1;0;;1;0;;1;0;;1;0;
62110;1;1;;1;0;;0;0;;1;0;;1;0;;1;0;;1;0;
62120;1;1;;1;0;;0;0;;1;0;;1;0;;1;0;;1;0;
62130;1;0;;1;0;;0;0;;1;0;;1;0;;1;0;;1;0;
62140;1;1;;1;0;;0;0;;1;0;;1;0;;1;0;;1;0;
62150;1;0;;1;0;;0;0;;1;0;;1;0;;1;0;;1;0;
62160;1;1;;1;0;;0;0;;1;0;;1;0;;1;0;;1;0;
62170;1;1;;1;0;;0;0;;1;0;;1;0;;1;0;;1;0;
62180;1;0;;1;0;;0;0;;1;0;;1;0;;1;0;;1;0;
62190;1;1;;1;0;;0;0;;1;0;;1;0;;1;0;;1;0;
62200;1;0;;1;0;;0;0;;1;0;;1;0;;1;0;;1;0;
62210;1;1;;1;0;;0;0;;1;0;;1;0;;1;0;;1;0;
62220;1;1;;1;0;;0;0;;1;0;;1;0;;1;0;;1;0;
62230;1;0;;1;0;;0;0;;1;0;;1;0;;1;0;;1;0;
62240;1;1;;1;1;;0;0;;1;0;;1;0;;1;0;;1;0;
62250;1;0;;1;0;;0;0;;1;0;;1;0;;1;0;;1;0;
62260;1;1;;1;0;;0;0;;1;0;;1;0;;1;0;;1;0;
62270;1;1;;1;0;;0;0;;1;0;;1;0;;1;0;;1;0;
62280;1;0;;1;0;;0;0;;1;0;;1;0;;1;0;;1;0;
62290;1;1;;1;0;;0;0;;1;0;;1;0;;1;0;;1;0;
62300;1;0;;1;0;;0;0;;1;0;;1;0;;1;0;;1;0;
62310;1;1;;1;0;;0;0;;1;0;;1;0;;1;0;;1;0;
62320;1;1;;1;0;;0;0;;1;0;;1;0;;1;0;;1;0;
62330;1;0;;1;0;;0;0;;1;0;;1;0;;1;0;;1;0;
62340;1;1;;1;0;;0;0;;1;0;;1;0;;1;0;;1;0;
62350;1;0;;1;0;;0;0;;1;0;;1;0;;1;0;;1;0;
62360;1;1;;1;0;;0;0;;1;0;;1;0;;1;0;;1;0;
62370;1;1;;1;0;;0;0;;1;0;;1;0;;1;0;;1;0;
62380;1;0;;1;0;;0;0;;1;0;;1;0;;1;0;;1;0;
62390;1;1;;1;0;;0;0;;1;0;;1;0;;1;0;;1;0;
62400;1;0;;1;0;;0;0;;1;0;;1;0;;1;0;;1;0;
62410;1;1;;1;0;;0;0;;1;0;;1;0;;1;0;;1;0;
62420;1;1;;1;0;;0;0;;1;0;;1;0;;1;0;;1;0;
62430;1;0;;1;0;;0;0;;1;0;;1;0;;1;0;;1;0;
62440;1;1;;1;1;;0;0;;1;0;;1;0;;1;0;;1;0;
62450;1;0;;1;0;;0;0;;1;0;;1;0;;1;0;;1;0;
62460;1;1;;1;0;;0;0;;1;0;;1;0;;1;0;;1;0;
62470;1;0;;1;0;;0;0;;1;0;;1;0;;1;0;;1;0;
62480;1;1;;1;0;;0;1;;1;0;;1;0;;1;0;;1;0;
62490;1;1;;1;0;;0;0;;1;0;;1;0;;1;0;;1;0;
62500;1;0;;1;0;;0;0;;1;0;;1;0;;1;0;;1;0;
62510;1;1;;1;0;;0;0;;1;0;;1;0;;1;0;;1;0;
62520;1;0;;1;0;;0;0;;1;0;;1;0;;1;0;;1;0;
62530;1;1;;1;0;;0;0;;1;0;;1;0;;1;0;;1;0;
62540;1;1;;1;0;;0;0;;1;0;;1;0;;1;0;;1;0;
62550;1;0;;1;0;;0;0;;1;0;;1;0;;1;0;;1;0;
62560;1;1;;1;0;;0;0;;1;0;;1;0;;1;0;;1;0;
62570;1;0;;1;0;;0;0;;1;0;;1;0;;1;0;;1;0;
62580;1;1;;1;0;;0;0;;1;0;;1;0;;1;0;;1;0;
62590;1;1;;1;0;;0;0;;1;0;;1;0;;1;0;;1;0;
62600;1;0;;1;0;;0;0;;1;0;;1;0;;1;0;;1;0;
62610;1;1;;1;0;;0;0;;1;0;;1;0;;1;0;;1;0;
62620;1;0;;1;0;;0;0;;1;0;;1;0;;1;0;;1;0;
62630;1;1;;1;0;;0;0;;1;0;;1;0;;1;0;;1;0;
62640;1;1;;1;0;;0;0;;1;0;;1;0;;1;0;;1;0;
62650;1;0;;1;1;;0;0;;1;0;;1;0;;1;0;;1;0;
62660;1;1;;1;0;;0;0;;1;0;;1;0;;1;0;;1;0;
62670;1;0;;1;0;;0;0;;1;0;;1;0;;1;0;;1;0;
62680;1;1;;1;0;;0;0;;1;0;;1;0;;1;0;;1;0;
62690;1;1;;1;0;;0;0;;1;0;;1;0;;1;0;;1;0;
62700;1;0;;1;0;;0;0;;1;0;;1;0;;1;0;;1;0;
62710;1;1;;1;0;;0;0;;1;0;;1;0;;1;0;;1;0;
62720;1;0;;1;0;;0;0;;1;1;;1;0;;1;0;;1;0;
62730;1;1;;1;0;;0;0;;1;0;;1;0;;1;0;;1;0;
62740;1;1;;1;0;;0;0;;1;0;;1;0;;1;0;;1;0;
62750;1;0;;1;0;;0;0;;1;0;;1;0;;1;0;;1;0;
62760;1;1;;1;0;;0;0;;1;0;;1;0;;1;0;;1;0;
62770;1;0;;1;0;;0;0;;1;0;;1;0;;1;0;;1;0;
62780;1;1;;1;0;;0;0;;1;0;;1;0;;1;0;;1;0;
62790;1;0;;1;0;;0;0;;1;0;;1;0;;1;0;;1;0;
62800;1;1;;1;0;;0;0;;1;0;;1;1;;1;1;;1;0;
62810;1;1;;1;0;;0;0;;1;0;;1;0;;1;0;;1;0;
62820;1;0;;1;0;;0;0;;1;0;;1;0;;1;0;;1;0;
62830;1;1;;1;0;;0;0;;1;0;;1;0;;1;0;;1;0;
62840;1;0;;1;0;;0;0;;1;0;;1;0;;1;0;;1;0;
62850;1;1;;1;0;;0;0;;1;0;;1;0;;1;0;;1;0;
62860;1;1;;1;0;;0;0;;1;0;;1;0;;1;0;;1;0;
62870;1;0;;1;0;;0;0;;1;0;;1;0;;1;0;;1;0;
62880;1;1;;1;1;;0;0;;1;0;;1;0;;1;0;;1;0;
62890;1;0;;1;0;;0;0;;1;0;;1;0;;1;0;;1;0;
62900;1;1;;1;0;;0;0;;1;0;;1;0;;1;0;;1;0;
62910;1;1;;1;0;;0;0;;1;0;;1;0;;1;0;;1;0;
62920;1;0;;1;0;;0;0;;1;0;;1;0;;1;0;;1;0;
62930;1;1;;1;0;;0;0;;1;0;;1;0;;1;0;;1;0;
62940;1;0;;1;0;;0;0;;1;0;;1;0;;1;0;;1;0;
62950;1;1;;1;0;;0;0;;1;0;;1;0;;1;0;;1;0;
62960;1;1;;1;0;;0;0;;1;0;;1;0;;1;0;;1;0;
62970;1;0;;1;0;;0;0;;1;0;;1;0;;1;0;;1;0;
62980;1;1;;1;0;;0;0;;1;0;;1;0;;1;0;;1;0;
62990;1;0;;1;0;;0;0;;1;0;;1;0;;1;0;;1;0;
63000;1;1;;1;0;;0;0;;1;0;;1;0;;1;0;;1;0;
63010;1;0;;1;0;;0;1;;1;0;;1;0;;1;0;;1;0;
63020;1;1;;1;0;;0;0;;1;0;;1;0;;1;0;;1;0;
63030;1;1;;1;0;;0;0;;1;0;;1;0;;1;0;;1;0;
63040;1;0;;1;0;;0;0;;1;0;;1;0;;1;0;;1;0;
63050;1;1;;1;0;;0;0;;1;0;;1;0;;1;0;;1;0;
63060;1;0;;1;0;;0;0;;1;0;;1;0;;1;0;;1;0;
63070;1;1;;1;0;;0;0;;1;0;;1;0;;1;0;;1;0;
63080;1;1;;1;0;;0;0;;1;0;;1;0;;1;0;;1;0;
63090;1;0;;1;0;;0;0;;1;0;;1;0;;1;0;;1;0;
63100;1;1;;1;0;;0;0;;1;0;;1;0;;1;0;;1;0;
63110;1;0;;1;1;;0;0;;1;0;;1;0;;1;0;;1;0;
63120;1;1;;1;0;;0;0;;1;0;;1;0;;1;0;;1;0;
63130;1;1;;1;0;;0;0;;1;0;;1;0;;1;0;;1;0;
63140;1;0;;1;0;;0;0;;1;0;;1;0;;1;0;;1;0;
63150;1;1;;1;0;;0;0;;1;0;;1;0;;1;0;;1;0;
63160;1;0;;1;0;;0;0;;1;0;;1;0;;1;0;;1;0;
63170;1;1;;1;0;;0;0;;1;0;;1;0;;1;0;;1;0;
63180;1;0;;1;0;;0;0;;1;0;;1;0;;1;0;;1;0;
63190;1;1;;1;0;;0;0;;1;0;;1;0;;1;0;;1;0;
63200;1;1;;1;0;;0;0;;1;0;;1;0;;1;0;;1;0;
63210;1;0;;1;0;;0;0;;1;0;;1;0;;1;0;;1;0;
63220;1;1;;1;0;;0;0;;1;0;;1;0;;1;0;;1;0;
63230;1;0;;1;0;;0;0;;1;0;;1;0;;1;0;;1;0;
63240;1;1;;1;0;;0;0;;1;0;;1;0;;1;0;;1;0;
63250;1;1;;1;0;;0;0;;1;0;;1;0;;1;0;;1;0;
63260;1;0;;1;0;;0;0;;1;0;;1;0;;1;0;;1;0;
63270;1;1;;1;0;;0;0;;1;0;;1;0;;1;0;;1;0;
63280;1;0;;1;0;;0;0;;1;0;;1;0;;1;0;;1;0;
63290;1;1;;1;0;;0;0;;1;0;;1;0;;1;0;;1;0;
63300;1;0;;1;0;;0;0;;1;0;;1;0;;1;0;;1;0;
63310;1;1;;1;0;;0;0;;1;0;;1;0;;1;0;;1;0;
63320;1;1;;1;0;;0;0;;1;0;;1;0;;1;0;;1;0;
63330;1;0;;1;0;;0;0;;1;0;;1;0;;1;0;;1;0;
63340;1;1;;1;0;;0;0;;1;0;;1;0;;1;0;;1;0;
63350;1;0;;1;0;;0;0;;1;0;;1;0;;1;0;;1;0;
63360;1;1;;1;1;;0;0;;1;0;;1;0;;1;0;;1;0;
63370;1;1;;1;0;;0;0;;1;0;;1;0;;1;0;;1;0;
63380;1;0;;1;0;;0;0;;1;0;;1;0;;1;0;;1;0;
63390;1;1;;1;0;;0;0;;1;0;;1;0;;1;0;;1;0;
63400;1;0;;1;0;;0;0;;1;0;;1;0;;1;0;;1;0;
63410;1;1;;1;0;;0;0;;1;0;;1;0;;1;0;;1;0;
63420;1;0;;1;0;;0;0;;1;0;;1;0;;1;0;;1;0;
63430;1;1;;1;0;;0;0;;1;0;;1;0;;1;0;;1;0;
63440;1;1;;1;0;;0;0;;1;0;;1;0;;1;0;;1;0;
63450;1;0;;1;0;;0;0;;1;0;;1;0;;1;0;;1;0;
63460;1;1;;1;0;;0;0;;1;0;;1;0;;1;0;;1;0;
63470;1;0;;1;0;;0;1;;1;0;;1;0;;1;0;;1;0;
63480;1;1;;1;0;;0;0;;1;1;;1;0;;1;0;;1;0;
63490;1;1;;1;0;;0;0;;1;0;;1;0;;1;0;;1;0;
63500;1;0;;1;0;;0;0;;1;0;;1;0;;1;0;;1;0;
63510;1;1;;1;0;;0;0;;1;0;;1;0;;1;0;;1;0;
63520;1;0;;1;0;;0;0;;1;0;;1;0;;1;0;;1;0;
63530;1;1;;1;0;;0;0;;1;0;;1;0;;1;0;;1;0;
63540;1;0;;1;0;;0;0;;1;0;;1;0;;1;0;;1;0;
63550;1;1;;1;0;;0;0;;1;0;;1;0;;1;0;;1;0;
63560;1;1;;1;0;;0;0;;1;0;;1;0;;1;0;;1;0;
63570;1;0;;1;0;;0;0;;1;0;;1;0;;1;0;;1;0;
63580;1;1;;1;0;;0;0;;1;0;;1;0;;1;0;;1;0;
63590;1;0;;1;0;;0;0;;1;0;;1;0;;1;0;;1;0;
63600;1;1;;1;0;;0;0;;1;0;;1;0;;1;0;;1;0;
63610;1;0;;1;0;;0;0;;1;0;;1;0;;1;0;;1;0;
63620;1;1;;1;1;;0;0;;1;0;;1;0;;1;0;;1;0;
63630;1;1;;1;0;;0;0;;1;0;;1;0;;1;0;;1;0;
63640;1;0;;1;0;;0;0;;1;0;;1;0;;1;0;;1;0;
63650;1;1;;1;0;;0;0;;1;0;;1;0;;1;0;;1;0;
63660;1;0;;1;0;;0;0;;1;0;;1;0;;1;0;;1;0;
63670;1;1;;1;0;;0;0;;1;0;;1;0;;1;0;;1;0;
63680;1;1;;1;0;;0;0;;1;0;;1;0;;1;0;;1;0;
63690;1;0;;1;0;;0;0;;1;0;;1;0;;1;0;;1;0;
63700;1;1;;1;0;;0;0;;1;0;;1;0;;1;0;;1;0;
63710;1;0;;1;0;;0;0;;1;0;;1;0;;1;0;;1;0;
63720;1;1;;1;0;;0;0;;1;0;;1;0;;1;0;;1;0;
63730;1;0;;1;0;;0;0;;1;0;;1;0;;1;0;;1;0;
63740;1;1;;1;0;;0;0;;1;0;;1;0;;1;0;;1;0;
63750;1;1;;1;0;;0;0;;1;0;;1;0;;1;0;;1;0;
63760;1;0;;1;0;;0;0;;1;0;;1;0;;1;0;;1;0;
63770;1;1;;1;0;;0;0;;1;0;;1;0;;1;0;;1;0;
63780;1;0;;1;0;;0;0;;1;0;;1;0;;1;0;;1;0;
63790;1;1;;1;0;;0;0;;1;0;;1;0;;1;0;;1;0;
63800;1;0;;1;0;;0;0;;1;0;;1;1;;1;1;;1;0;
63810;1;1;;1;0;;0;0;;1;0;;1;0;;1;0;;1;0;
63820;1;1;;1;0;;0;0;;1;0;;1;0;;1;0;;1;0;
63830;1;0;;1;0;;0;0;;1;0;;1;0;;1;0;;1;0;
63840;1;1;;1;0;;0;0;;1;0;;1;0;;1;0;;1;0;
63850;1;0;;1;0;;0;0;;1;0;;1;0;;1;0;;1;0;
63860;1;1;;1;0;;0;0;;1;0;;1;0;;1;0;;1;0;
63870;1;0;;1;0;;0;1;;1;0;;1;0;;1;0;;1;0;
63880;1;1;;1;0;;0;0;;1;0;;1;0;;1;0;;1;0;
63890;1;1;;1;0;;0;0;;1;0;;1;0;;1;0;;1;0;
63900;1;0;;1;1;;0;0;;1;0;;1;0;;1;0;;1;0;
63910;1;1;;1;0;;0;0;;1;0;;1;0;;1;0;;1;0;
63920;1;0;;1;0;;0;0;;1;0;;1;0;;1;0;;1;0;
63930;1;1;;1;0;;0;0;;1;0;;1;0;;1;0;;1;0;
63940;1;0;;1;0;;0;0;;1;0;;1;0;;1;0;;1;0;
63950;1;1;;1;0;;0;0;;1;0;;1;0;;1;0;;1;0;
63960;1;1;;1;0;;0;0;;1;0;;1;0;;1;0;;1;0;
63970;1;0;;1;0;;0;0;;1;0;;1;0;;1;0;;1;0;
63980;1;1;;1;0;;0;0;;1;0;;1;0;;1;0;;1;0;
63990;1;0;;1;0;;0;0;;1;0;;1;0;;1;0;;1;0;
64000;1;1;;1;0;;0;0;;1;0;;1;0;;1;0;;1;0;
64010;1;0;;1;0;;0;0;;1;0;;1;0;;1;0;;1;0;
64020;1;1;;1;0;;0;0;;1;0;;1;0;;1;0;;1;0;
64030;1;1;;1;0;;0;0;;1;0;;1;0;;1;0;;1;0;
64040;1;0;;1;0;;0;0;;1;0;;1;0;;1;0;;1;0;
64050;1;1;;1;0;;0;0;;1;0;;1;0;;1;0;;1;0;
64060;1;0;;1;0;;0;0;;1;0;;1;0;;1;0;;1;0;
64070;1;1;;1;0;;0;0;;1;0;;1;0;;1;0;;1;0;
64080;1;0;;1;0;;0;0;;1;0;;1;0;;1;0;;1;0;
64090;1;1;;1;0;;0;0;;1;0;;1;0;;1;0;;1;0;
64100;1;0;;1;0;;0;0;;1;0;;1;0;;1;0;;1;0;
64110;1;1;;1;0;;0;0;;1;0;;1;0;;1;0;;1;0;
64120;1;1;;1;0;;0;0;;1;0;;1;0;;1;0;;1;0;
64130;1;0;;1;0;;0;0;;1;0;;1;0;;1;0;;1;0;
64140;1;1;;1;0;;0;0;;1;0;;1;0;;1;0;;1;0;
64150;1;0;;1;0;;0;0;;1;0;;1;0;;1;0;;1;0;
64160;1;1;;1;0;;0;0;;1;0;;1;0;;1;0;;1;0;
64170;1;0;;1;0;;0;0;;1;0;;1;0;;1;0;;1;0;
64180;1;1;;1;0;;0;0;;1;0;;1;0;;1;0;;1;0;
64190;1;1;;1;1;;0;0;;1;0;;1;0;;1;0;;1;0;
64200;1;0;;1;0;;0;0;;1;0;;1;0;;1;0;;1;0;
64210;1;1;;1;0;;0;0;;1;0;;1;0;;1;0;;1;0;
64220;1;0;;1;0;;0;0;;1;0;;1;0;;1;0;;1;0;
64230;1;1;;1;0;;0;0;;1;0;;1;0;;1;0;;1;0;
64240;1;0;;1;0;;0;1;;1;0;;1;0;;1;0;;1;0;
64250;1;1;;1;0;;0;0;;1;0;;1;0;;1;0;;1;0;
64260;1;1;;1;0;;0;0;;1;0;;1;0;;1;0;;1;0;
64270;1;0;;1;0;;0;0;;1;1;;1;0;;1;0;;1;0;
64280;1;1;;1;0;;0;0;;1;0;;1;0;;1;0;;1;0;
64290;1;0;;1;0;;0;0;;1;0;;1;0;;1;0;;1;0;
64300;1;1;;1;0;;0;0;;1;0;;1;0;;1;0;;1;0;
64310;1;0;;1;0;;0;0;;1;0;;1;0;;1;0;;1;0;
64320;1;1;;1;0;;0;0;;1;0;;1;0;;1;0;;1;0;
64330;1;0;;1;0;;0;0;;1;0;;1;0;;1;0;;1;0;
64340;1;1;;1;0;;0;0;;1;0;;1;0;;1;0;;1;0;
64350;1;1;;1;0;;0;0;;1;0;;1;0;;1;0;;1;0;
64360;1;0;;1;0;;0;0;;1;0;;1;0;;1;0;;1;0;
64370;1;1;;1;0;;0;0;;1;0;;1;0;;1;0;;1;0;
64380;1;0;;1;0;;0;0;;1;0;;1;0;;1;0;;1;0;
64390;1;1;;1;0;;0;0;;1;0;;1;0;;1;0;;1;0;
64400;1;0;;1;0;;0;0;;1;0;;1;0;;1;0;;1;0;
64410;1;1;;1;0;;0;0;;1;0;;1;0;;1;0;;1;0;
64420;1;0;;1;0;;0;0;;1;0;;1;0;;1;0;;1;0;
64430;1;1;;1;0;;0;0;;1;0;;1;0;;1;0;;1;0;
64440;1;1;;1;0;;0;0;;1;0;;1;0;;1;0;;1;0;
64450;1;0;;1;0;;0;0;;1;0;;1;0;;1;0;;1;0;
64460;1;1;;1;0;;0;0;;1;0;;1;0;;1;0;;1;0;
64470;1;0;;1;0;;0;0;;1;0;;1;0;;1;0;;1;0;
64480;1;1;;1;0;;0;0;;1;0;;1;0;;1;0;;1;0;
64490;1;0;;1;0;;0;0;;1;0;;1;0;;1;0;;1;0;
64500;1;1;;1;0;;0;0;;1;0;;1;0;;1;0;;1;0;
64510;1;0;;1;1;;0;0;;1;0;;1;0;;1;0;;1;0;
64520;1;1;;1;0;;0;0;;1;0;;1;0;;1;0;;1;0;
64530;1;1;;1;0;;0;0;;1;0;;1;0;;1;0;;1;0;
64540;1;0;;1;0;;0;0;;1;0;;1;0;;1;0;;1;0;
64550;1;1;;1;0;;0;0;;1;0;;1;0;;1;0;;1;0;
64560;1;0;;1;0;;0;0;;1;0;;1;0;;1;0;;1;0;
64570;1;1;;1;0;;0;1;;1;0;;1;0;;1;0;;1;0;
64580;1;0;;1;0;;0;0;;1;0;;1;0;;1;0;;1;0;
64590;1;1;;1;0;;0;0;;1;0;;1;0;;1;0;;1;0;
64600;1;0;;1;0;;0;0;;1;0;;1;0;;1;0;;1;0;
64610;1;1;;1;0;;0;0;;1;0;;1;0;;1;0;;1;0;
64620;1;0;;1;0;;0;0;;1;0;;1;0;;1;0;;1;0;
64630;1;1;;1;0;;0;0;;1;0;;1;0;;1;0;;1;0;
64640;1;1;;1;0;;0;0;;1;0;;1;0;;1;0;;1;0;
64650;1;0;;1;0;;0;0;;1;0;;1;0;;1;0;;1;0;
64660;1;1;;1;0;;0;0;;1;0;;1;0;;1;0;;1;0;
64670;1;0;;1;0;;0;0;;1;0;;1;0;;1;0;;1;0;
64680;1;1;;1;0;;0;0;;1;0;;1;0;;1;0;;1;0;
64690;1;0;;1;0;;0;0;;1;0;;1;0;;1;0;;1;0;
64700;1;1;;1;0;;0;0;;1;0;;1;0;;1;0;;1;0;
64710;1;0;;1;0;;0;0;;1;0;;1;0;;1;0;;1;0;
64720;1;1;;1;0;;0;0;;1;0;;1;0;;1;0;;1;0;
64730;1;0;;1;0;;0;0;;1;0;;1;0;;1;0;;1;0;
64740;1;1;;1;0;;0;0;;1;0;;1;0;;1;0;;1;0;
64750;1;1;;1;0;;0;0;;1;0;;1;1;;1;1;;1;0;
64760;1;0;;1;0;;0;0;;1;0;;1;0;;1;0;;1;0;
64770;1;1;;1;0;;0;0;;1;0;;1;0;;1;0;;1;0;
64780;1;0;;1;0;;0;0;;1;0;;1;0;;1;0;;1;0;
64790;1;1;;1;0;;0;0;;1;0;;1;0;;1;0;;1;0;
64800;1;0;;1;0;;0;0;;1;0;;1;0;;1;0;;1;0;
64810;1;1;;1;0;;0;0;;1;0;;1;0;;1;0;;1;0;
64820;1;0;;1;0;;0;0;;1;0;;1;0;;1;0;;1;0;
64830;1;1;;1;0;;0;0;;1;0;;1;0;;1;0;;1;0;
64840;1;0;;1;0;;0;0;;1;0;;1;0;;1;0;;1;0;
64850;1;1;;1;1;;0;0;;1;0;;1;0;;1;0;;1;0;
64860;1;1;;1;0;;0;0;;1;0;;1;0;;1;0;;1;0;
64870;1;0;;1;0;;0;0;;1;0;;1;0;;1;0;;1;0;
64880;1;1;;1;0;;0;1;;1;0;;1;0;;1;0;;1;0;
64890;1;0;;1;0;;0;0;;1;0;;1;0;;1;0;;1;0;
64900;1;1;;1;0;;0;0;;1;0;;1;0;;1;0;;1;0;
64910;1;0;;1;0;;0;0;;1;0;;1;0;;1;0;;1;0;
64920;1;1;;1;0;;0;0;;1;0;;1;0;;1;0;;1;0;
64930;1;0;;1;0;;0;0;;1;0;;1;0;;1;0;;1;0;
64940;1;1;;1;0;;0;0;;1;0;;1;0;;1;0;;1;0;
64950;1;0;;1;0;;0;0;;1;0;;1;0;;1;0;;1;0;
64960;1;1;;1;0;;0;0;;1;0;;1;0;;1;0;;1;0;
64970;1;0;;1;0;;0;0;;1;0;;1;0;;1;0;;1;0;
64980;1;1;;1;0;;0;0;;1;0;;1;0;;1;0;;1;0;
64990;1;1;;1;0;;0;0;;1;0;;1;0;;1;0;;1;0;
65000;1;0;;1;0;;0;0;;1;0;;1;0;;1;0;;1;0;
65010;1;1;;1;0;;0;0;;1;0;;1;0;;1;0;;1;0;
65020;1;0;;1;0;;0;0;;1;0;;1;0;;1;0;;1;0;
65030;1;1;;1;0;;0;0;;1;0;;1;0;;1;0;;1;0;
65040;1;0;;1;0;;0;0;;1;0;;1;0;;1;0;;1;0;
65050;1;1;;1;0;;0;0;;1;0;;1;0;;1;0;;1;0;
65060;1;0;;1;0;;0;0;;1;0;;1;0;;1;0;;1;0;
65070;1;1;;1;0;;0;0;;1;0;;1;0;;1;0;;1;0;
65080;1;0;;1;0;;0;0;;1;0;;1;0;;1;0;;1;0;
65090;1;1;;1;0;;0;0;;1;0;;1;0;;1;0;;1;0;
65100;1;0;;1;0;;0;0;;1;0;;1;0;;1;0;;1;0;
65110;1;1;;1;0;;0;0;;1;1;;1;0;;1;0;;1;0;
65120;1;0;;1;0;;0;0;;1;0;;1;0;;1;0;;1;0;
65130;1;1;;1;0;;0;0;;1;0;;1;0;;1;0;;1;0;
65140;1;1;;1;0;;0;0;;1;0;;1;0;;1;0;;1;0;
65150;1;0;;1;0;;0;0;;1;0;;1;0;;1;0;;1;0;
65160;1;1;;1;0;;0;1;;1;0;;1;0;;1;0;;1;0;
65170;1;0;;1;0;;0;0;;1;0;;1;0;;1;0;;1;0;
65180;1;1;;1;0;;0;0;;1;0;;1;0;;1;0;;1;0;
65190;1;0;;1;0;;0;0;;1;0;;1;0;;1;0;;1;0;
65200;1;1;;1;0;;0;0;;1;0;;1;0;;1;0;;1;0;
65210;1;0;;1;0;;0;0;;1;0;;1;0;;1;0;;1;0;
65220;1;1;;1;1;;0;0;;1;0;;1;0;;1;0;;1;0;
65230;1;0;;1;0;;0;0;;1;0;;1;0;;1;0;;1;0;
65240;1;1;;1;0;;0;0;;1;0;;1;0;;1;0;;1;0;
65250;1;0;;1;0;;0;0;;1;0;;1;0;;1;0;;1;0;
65260;1;1;;1;0;;0;0;;1;0;;1;0;;1;0;;1;0;
65270;1;0;;1;0;;0;0;;1;0;;1;0;;1;0;;1;0;
65280;1;1;;1;0;;0;0;;1;0;;1;0;;1;0;;1;0;
65290;1;0;;1;0;;0;0;;1;0;;1;0;;1;0;;1;0;
65300;1;1;;1;0;;0;0;;1;0;;1;0;;1;0;;1;0;
65310;1;0;;1;0;;0;0;;1;0;;1;0;;1;0;;1;0;
65320;1;1;;1;0;;0;0;;1;0;;1;0;;1;0;;1;0;
65330;1;1;;1;0;;0;0;;1;0;;1;0;;1;0;;1;0;
65340;1;0;;1;0;;0;0;;1;0;;1;0;;1;0;;1;0;
65350;1;1;;1;0;;0;0;;1;0;;1;0;;1;0;;1;0;
65360;1;0;;1;0;;0;0;;1;0;;1;0;;1;0;;1;0;
65370;1;1;;1;0;;0;0;;1;0;;1;0;;1;0;;1;0;
65380;1;0;;1;0;;0;0;;1;0;;1;0;;1;0;;1;0;
65390;1;1;;1;0;;0;0;;1;0;;1;0;;1;0;;1;0;
65400;1;0;;1;0;;0;0;;1;0;;1;0;;1;0;;1;0;
65410;1;1;;1;0;;0;0;;1;0;;1;0;;1;0;;1;0;
65420;1;0;;1;0;;0;0;;1;0;;1;0;;1;0;;1;0;
65430;1;1;;1;0;;0;1;;1;0;;1;0;;1;0;;1;0;
65440;1;0;;1;0;;0;0;;1;0;;1;0;;1;0;;1;0;
65450;1;1;;1;0;;0;0;;1;0;;1;0;;1;0;;1;0;
65460;1;0;;1;0;;0;0;;1;0;;1;0;;1;0;;1;0;
65470;1;1;;1;0;;0;0;;1;0;;1;0;;1;0;;1;0;
65480;1;0;;1;0;;0;0;;1;0;;1;0;;1;0;;1;0;
65490;1;1;;1;0;;0;0;;1;0;;1;0;;1;0;;1;0;
65500;1;0;;1;0;;0;0;;1;0;;1;0;;1;0;;1;0;
65510;1;1;;1;0;;0;0;;1;0;;1;0;;1;0;;1;0;
65520;1;0;;1;0;;0;0;;1;0;;1;0;;1;0;;1;0;
65530;1;1;;1;0;;0;0;;1;0;;1;0;;1;0;;1;0;
65540;1;0;;1;0;;0;0;;1;0;;1;0;;1;0;;1;0;
65550;1;1;;1;0;;0;0;;1;0;;1;0;;1;0;;1;0;
65560;1;0;;1;0;;0;0;;1;0;;1;0;;1;0;;1;0;
65570;1;1;;1;0;;0;0;;1;0;;1;0;;1;0;;1;0;
65580;1;0;;1;0;;0;0;;1;0;;1;0;;1;0;;1;0;
65590;1;1;;1;0;;0;0;;1;0;;1;0;;1;0;;1;0;
65600;1;0;;1;0;;0;0;;1;0;;1;0;;1;0;;1;0;
65610;1;1;;1;0;;0;0;;1;0;;1;0;;1;0;;1;0;
65620;1;0;;1;0;;0;0;;1;0;;1;0;;1;0;;1;0;
65630;1;1;;1;0;;0;0;;1;0;;1;0;;1;0;;1;0;
65640;1;0;;1;1;;0;0;;1;0;;1;0;;1;0;;1;0;
65650;1;1;;1;0;;0;0;;1;0;;1;0;;1;0;;1;0;
65660;1;0;;1;0;;0;0;;1;0;;1;1;;1;1;;1;0;
65670;1;1;;1;0;;0;0;;1;0;;1;0;;1;0;;1;0;
65680;1;0;;1;0;;0;1;;1;0;;1;0;;1;0;;1;0;
65690;1;1;;1;0;;0;0;;1;0;;1;0;;1;0;;1;0;
65700;1;1;;1;0;;0;0;;1;0;;1;0;;1;0;;1;0;
65710;1;0;;1;0;;0;0;;1;0;;1;0;;1;0;;1;0;
65720;1;1;;1;0;;0;0;;1;0;;1;0;;1;0;;1;0;
65730;1;0;;1;0;;0;0;;1;0;;1;0;;1;0;;1;0;
65740;1;1;;1;0;;0;0;;1;0;;1;0;;1;0;;1;0;
65750;1;0;;1;0;;0;0;;1;0;;1;0;;1;0;;1;0;
65760;1;1;;1;0;;0;0;;1;0;;1;0;;1;0;;1;0;
65770;1;0;;1;0;;0;0;;1;0;;1;0;;1;0;;1;0;
65780;1;1;;1;0;;0;0;;1;0;;1;0;;1;0;;1;0;
65790;1;0;;1;0;;0;0;;1;0;;1;0;;1;0;;1;0;
65800;1;1;;1;0;;0;0;;1;0;;1;0;;1;0;;1;0;
65810;1;0;;1;0;;0;0;;1;0;;1;0;;1;0;;1;0;
65820;1;1;;1;0;;0;0;;1;0;;1;0;;1;0;;1;0;
65830;1;0;;1;0;;0;0;;1;0;;1;0;;1;0;;1;0;
65840;1;1;;1;0;;0;0;;1;0;;1;0;;1;0;;1;0;
65850;1;0;;1;0;;0;0;;1;0;;1;0;;1;0;;1;0;
65860;1;1;;1;0;;0;0;;1;0;;1;0;;1;0;;1;0;
65870;1;0;;1;0;;0;0;;1;0;;1;0;;1;0;;1;0;
65880;1;1;;1;0;;0;0;;1;0;;1;0;;1;0;;1;0;
65890;1;0;;1;0;;0;0;;1;0;;1;0;;1;0;;1;0;
65900;1;1;;1;0;;0;0;;1;0;;1;0;;1;0;;1;0;
65910;1;0;;1;0;;0;1;;1;0;;1;0;;1;0;;1;0;
65920;1;1;;1;0;;0;0;;1;0;;1;0;;1;0;;1;0;
65930;1;0;;1;0;;0;0;;1;0;;1;0;;1;0;;1;0;
65940;1;1;;1;0;;0;0;;1;0;;1;0;;1;0;;1;0;
65950;1;0;;1;0;;0;0;;1;0;;1;0;;1;0;;1;0;
65960;1;0;;1;0;;0;0;;1;0;;1;0;;1;0;;1;0;
65970;1;1;;1;0;;0;0;;1;0;;1;0;;1;0;;1;0;
65980;1;0;;1;0;;0;0;;1;0;;1;0;;1;0;;1;0;
65990;1;1;;1;0;;0;0;;1;1;;1;0;;1;0;;1;0;
66000;1;0;;1;0;;0;0;;1;0;;1;0;;1;0;;1;0;
66010;1;1;;1;0;;0;0;;1;0;;1;0;;1;0;;1;0;
66020;1;0;;1;0;;0;0;;1;0;;1;0;;1;0;;1;0;
66030;1;1;;1;0;;0;0;;1;0;;1;0;;1;0;;1;0;
66040;1;0;;1;0;;0;0;;1;0;;1;0;;1;0;;1;0;
66050;1;1;;1;0;;0;0;;1;0;;1;0;;1;0;;1;0;
66060;1;0;;1;0;;0;0;;1;0;;1;0;;1;0;;1;0;
66070;1;1;;1;0;;0;0;;1;0;;1;0;;1;0;;1;0;
66080;1;0;;1;0;;0;0;;1;0;;1;0;;1;0;;1;0;
66090;1;1;;1;1;;0;0;;1;0;;1;0;;1;0;;1;0;
66100;1;0;;1;0;;0;0;;1;0;;1;0;;1;0;;1;0;
66110;1;1;;1;0;;0;0;;1;0;;1;0;;1;0;;1;0;
66120;1;0;;1;0;;0;0;;1;0;;1;0;;1;0;;1;0;
66130;1;1;;1;0;;0;0;;1;0;;1;0;;1;0;;1;0;
66140;1;0;;1;0;;0;1;;1;0;;1;0;;1;0;;1;0;
66150;1;1;;1;0;;0;0;;1;0;;1;0;;1;0;;1;0;
66160;1;0;;1;0;;0;0;;1;0;;1;0;;1;0;;1;0;
66170;1;1;;1;0;;0;0;;1;0;;1;0;;1;0;;1;0;
66180;1;0;;1;0;;0;0;;1;0;;1;0;;1;0;;1;0;
66190;1;1;;1;0;;0;0;;1;0;;1;0;;1;0;;1;0;
66200;1;0;;1;0;;0;0;;1;0;;1;0;;1;0;;1;0;
66210;1;1;;1;0;;0;0;;1;0;;1;0;;1;0;;1;0;
66220;1;0;;1;0;;0;0;;1;0;;1;0;;1;0;;1;0;
66230;1;1;;1;0;;0;0;;1;0;;1;0;;1;0;;1;0;
66240;1;0;;1;0;;0;0;;1;0;;1;0;;1;0;;1;0;
66250;1;1;;1;0;;0;0;;1;0;;1;0;;1;0;;1;0;
66260;1;0;;1;0;;0;0;;1;0;;1;0;;1;0;;1;0;
66270;1;1;;1;0;;0;0;;1;0;;1;0;;1;0;;1;0;
66280;1;0;;1;0;;0;0;;1;0;;1;0;;1;0;;1;0;
66290;1;1;;1;0;;0;0;;1;0;;1;0;;1;0;;1;0;
66300;1;0;;1;0;;0;0;;1;0;;1;0;;1;0;;1;0;
66310;1;0;;1;0;;0;0;;1;0;;1;0;;1;0;;1;0;
66320;1;1;;1;0;;0;0;;1;0;;1;0;;1;0;;1;0;
66330;1;0;;1;0;;0;0;;1;0;;1;0;;1;0;;1;0;
66340;1;1;;1;0;;0;0;;1;0;;1;0;;1;0;;1;0;
66350;1;0;;1;0;;0;1;;1;0;;1;0;;1;0;;1;0;
66360;1;1;;1;0;;0;0;;1;0;;1;0;;1;0;;1;0;
66370;1;0;;1;0;;0;0;;1;0;;1;0;;1;0;;1;0;
66380;1;1;;1;0;;0;0;;1;0;;1;0;;1;0;;1;0;
66390;1;0;;1;0;;0;0;;1;0;;1;0;;1;0;;1;0;
66400;1;1;;1;0;;0;0;;1;0;;1;0;;1;0;;1;0;
66410;1;0;;1;0;;0;0;;1;0;;1;0;;1;0;;1;0;
66420;1;1;;1;0;;0;0;;1;0;;1;0;;1;0;;1;0;
66430;1;0;;1;0;;0;0;;1;0;;1;0;;1;0;;1;0;
66440;1;1;;1;0;;0;0;;1;0;;1;0;;1;0;;1;0;
66450;1;0;;1;0;;0;0;;1;0;;1;0;;1;0;;1;0;
66460;1;1;;1;0;;0;0;;1;0;;1;0;;1;0;;1;0;
66470;1;0;;1;0;;0;0;;1;0;;1;0;;1;0;;1;0;
66480;1;0;;1;0;;0;0;;1;0;;1;0;;1;0;;1;0;
66490;1;1;;1;0;;0;0;;1;0;;1;0;;1;0;;1;0;
66500;1;0;;1;0;;0;0;;1;0;;1;0;;1;0;;1;0;
66510;1;1;;1;0;;0;0;;1;0;;1;0;;1;0;;1;0;
66520;1;0;;1;0;;0;0;;1;0;;1;0;;1;0;;1;0;
66530;1;1;;1;0;;0;0;;1;0;;1;0;;1;0;;1;0;
66540;1;0;;1;0;;0;0;;1;0;;1;0;;1;0;;1;0;
66550;1;1;;1;0;;0;1;;1;0;;1;1;;1;1;;1;0;
66560;1;0;;1;0;;0;0;;1;0;;1;0;;1;0;;1;0;
66570;1;1;;1;0;;0;0;;1;0;;1;0;;1;0;;1;0;
66580;1;0;;1;0;;0;0;;1;0;;1;0;;1;0;;1;0;
66590;1;1;;1;0;;0;0;;1;0;;1;0;;1;0;;1;0;
66600;1;0;;1;0;;0;0;;1;0;;1;0;;1;0;;1;0;
66610;1;1;;1;0;;0;0;;1;0;;1;0;;1;0;;1;0;
66620;1;0;;1;1;;0;0;;1;0;;1;0;;1;0;;1;0;
66630;1;0;;1;0;;0;0;;1;0;;1;0;;1;0;;1;0;
66640;1;1;;1;0;;0;0;;1;0;;1;0;;1;0;;1;0;
66650;1;0;;1;0;;0;0;;1;0;;1;0;;1;0;;1;0;
66660;1;1;;1;0;;0;0;;1;0;;1;0;;1;0;;1;0;
66670;1;0;;1;0;;0;0;;1;0;;1;0;;1;0;;1;0;
66680;1;1;;1;0;;0;0;;1;0;;1;0;;1;0;;1;0;
66690;1;0;;1;0;;0;0;;1;0;;1;0;;1;0;;1;0;
66700;1;1;;1;0;;0;0;;1;0;;1;0;;1;0;;1;0;
66710;1;0;;1;0;;0;0;;1;0;;1;0;;1;0;;1;0;
66720;1;1;;1;0;;0;0;;1;0;;1;0;;1;0;;1;0;
66730;1;0;;1;0;;0;0;;1;0;;1;0;;1;0;;1;0;
66740;1;0;;1;0;;0;0;;1;0;;1;0;;1;0;;1;0;
66750;1;1;;1;0;;0;1;;1;0;;1;0;;1;0;;1;0;
66760;1;0;;1;0;;0;0;;1;0;;1;0;;1;0;;1;0;
66770;1;1;;1;0;;0;0;;1;0;;1;0;;1;0;;1;0;
66780;1;0;;1;0;;0;0;;1;0;;1;0;;1;0;;1;0;
66790;1;1;;1;0;;0;0;;1;0;;1;0;;1;0;;1;0;
66800;1;0;;1;0;;0;0;;1;0;;1;0;;1;0;;1;0;
66810;1;1;;1;0;;0;0;;1;0;;1;0;;1;0;;1;0;
66820;1;0;;1;0;;0;0;;1;0;;1;0;;1;0;;1;0;
66830;1;1;;1;0;;0;0;;1;0;;1;0;;1;0;;1;0;
66840;1;0;;1;0;;0;0;;1;0;;1;0;;1;0;;1;0;
66850;1;0;;1;0;;0;0;;1;0;;1;0;;1;0;;1;0;
66860;1;1;;1;0;;0;0;;1;0;;1;0;;1;0;;1;0;
66870;1;0;;1;0;;0;0;;1;0;;1;0;;1;0;;1;0;
66880;1;1;;1;0;;0;0;;1;0;;1;0;;1;0;;1;0;
66890;1;0;;1;0;;0;0;;1;0;;1;0;;1;0;;1;0;
66900;1;1;;1;0;;0;0;;1;0;;1;0;;1;0;;1;0;
66910;1;0;;1;0;;0;0;;1;0;;1;0;;1;0;;1;0;
66920;1;1;;1;0;;0;0;;1;0;;1;0;;1;0;;1;0;
66930;1;0;;1;0;;0;1;;1;1;;1;0;;1;0;;1;0;
66940;1;0;;1;0;;0;0;;1;0;;1;0;;1;0;;1;0;
66950;1;1;;1;0;;0;0;;1;0;;1;0;;1;0;;1;0;
66960;1;0;;1;0;;0;0;;1;0;;1;0;;1;0;;1;0;
66970;1;1;;1;0;;0;0;;1;0;;1;0;;1;0;;1;0;
66980;1;0;;1;0;;0;0;;1;0;;1;0;;1;0;;1;0;
66990;1;1;;1;0;;0;0;;1;0;;1;0;;1;0;;1;0;
67000;1;0;;1;0;;0;0;;1;0;;1;0;;1;0;;1;0;
67010;1;1;;1;0;;0;0;;1;0;;1;0;;1;0;;1;0;
67020;1;0;;1;0;;0;0;;1;0;;1;0;;1;0;;1;0;
67030;1;0;;1;0;;0;0;;1;0;;1;0;;1;0;;1;0;
67040;1;1;;1;0;;0;0;;1;0;;1;0;;1;0;;1;0;
67050;1;0;;1;0;;0;0;;1;0;;1;0;;1;0;;1;0;
67060;1;1;;1;0;;0;0;;1;0;;1;0;;1;0;;1;0;
67070;1;0;;1;0;;0;0;;1;0;;1;0;;1;0;;1;0;
67080;1;1;;1;0;;0;0;;1;0;;1;0;;1;0;;1;0;
67090;1;0;;1;0;;0;0;;1;0;;1;0;;1;0;;1;0;
67100;1;0;;1;0;;0;0;;1;0;;1;0;;1;0;;1;0;
67110;1;1;;1;0;;0;1;;1;0;;1;0;;1;0;;1;0;
67120;1;0;;1;0;;0;0;;1;0;;1;0;;1;0;;1;0;
67130;1;1;;1;0;;0;0;;1;0;;1;0;;1;0;;1;0;
67140;1;0;;1;0;;0;0;;1;0;;1;0;;1;0;;1;0;
67150;1;1;;1;0;;0;0;;1;0;;1;0;;1;0;;1;0;
67160;1;0;;1;0;;0;0;;1;0;;1;0;;1;0;;1;0;
67170;1;1;;1;0;;0;0;;1;0;;1;0;;1;0;;1;0;
67180;1;0;;1;0;;0;0;;1;0;;1;0;;1;0;;1;0;
67190;1;0;;1;0;;0;0;;1;0;;1;0;;1;0;;1;0;
67200;1;1;;1;0;;0;0;;1;0;;1;0;;1;0;;1;0;
67210;1;0;;1;0;;0;0;;1;0;;1;0;;1;0;;1;0;
67220;1;1;;1;0;;0;0;;1;0;;1;0;;1;0;;1;0;
67230;1;0;;1;1;;0;0;;1;0;;1;0;;1;0;;1;0;
67240;1;1;;1;0;;0;0;;1;0;;1;0;;1;0;;1;0;
67250;1;0;;1;0;;0;0;;1;0;;1;0;;1;0;;1;0;
67260;1;0;;1;0;;0;0;;1;0;;1;0;;1;0;;1;0;
67270;1;1;;1;0;;0;0;;1;0;;1;0;;1;0;;1;0;
67280;1;0;;1;0;;0;1;;1;0;;1;0;;1;0;;1;0;
67290;1;1;;1;0;;0;0;;1;0;;1;0;;1;0;;1;0;
67300;1;0;;1;0;;0;0;;1;0;;1;0;;1;0;;1;0;
67310;1;1;;1;0;;0;0;;1;0;;1;0;;1;0;;1;0;
67320;1;0;;1;0;;0;0;;1;0;;1;0;;1;0;;1;0;
67330;1;0;;1;0;;0;0;;1;0;;1;0;;1;0;;1;0;
67340;1;1;;1;0;;0;0;;1;0;;1;0;;1;0;;1;0;
67350;1;0;;1;0;;0;0;;1;0;;1;0;;1;0;;1;0;
67360;1;1;;1;0;;0;0;;1;0;;1;0;;1;0;;1;0;
67370;1;0;;1;0;;0;0;;1;0;;1;0;;1;0;;1;0;
67380;1;0;;1;0;;0;0;;1;0;;1;0;;1;0;;1;0;
67390;1;1;;1;0;;0;0;;1;0;;1;0;;1;0;;1;0;
67400;1;0;;1;0;;0;0;;1;0;;1;1;;1;1;;1;0;
67410;1;1;;1;0;;0;0;;1;0;;1;0;;1;0;;1;0;
67420;1;0;;1;0;;0;0;;1;0;;1;0;;1;0;;1;0;
67430;1;1;;1;0;;0;0;;1;0;;1;0;;1;0;;1;0;
67440;1;0;;1;0;;0;0;;1;0;;1;0;;1;0;;1;0;
67450;1;0;;1;0;;0;1;;1;0;;1;0;;1;0;;1;0;
67460;1;1;;1;0;;0;0;;1;0;;1;0;;1;0;;1;0;
67470;1;0;;1;0;;0;0;;1;0;;1;0;;1;0;;1;0;
67480;1;1;;1;0;;0;0;;1;0;;1;0;;1;0;;1;0;
67490;1;0;;1;0;;0;0;;1;0;;1;0;;1;0;;1;0;
67500;1;0;;1;0;;0;0;;1;0;;1;0;;1;0;;1;0;
67510;1;1;;1;0;;0;0;;1;0;;1;0;;1;0;;1;0;
67520;1;0;;1;0;;0;0;;1;0;;1;0;;1;0;;1;0;
67530;1;1;;1;0;;0;0;;1;0;;1;0;;1;0;;1;0;
67540;1;0;;1;0;;0;0;;1;0;;1;0;;1;0;;1;0;
67550;1;1;;1;0;;0;0;;1;0;;1;0;;1;0;;1;0;
67560;1;0;;1;0;;0;0;;1;0;;1;0;;1;0;;1;0;
67570;1;0;;1;0;;0;0;;1;0;;1;0;;1;0;;1;0;
67580;1;1;;1;0;;0;0;;1;0;;1;0;;1;0;;1;0;
67590;1;0;;1;0;;0;0;;1;0;;1;0;;1;0;;1;0;
67600;1;1;;1;0;;0;0;;1;0;;1;0;;1;0;;1;0;
67610;1;0;;1;0;;0;1;;1;0;;1;0;;1;0;;1;0;
67620;1;0;;1;0;;0;0;;1;0;;1;0;;1;0;;1;0;
67630;1;1;;1;0;;0;0;;1;0;;1;0;;1;0;;1;0;
67640;1;0;;1;0;;0;0;;1;0;;1;0;;1;0;;1;0;
67650;1;1;;1;0;;0;0;;1;0;;1;0;;1;0;;1;0;
67660;1;0;;1;0;;0;0;;1;0;;1;0;;1;0;;1;0;
67670;1;0;;1;0;;0;0;;1;0;;1;0;;1;0;;1;0;
67680;1;1;;1;0;;0;0;;1;0;;1;0;;1;0;;1;0;
67690;1;0;;1;0;;0;0;;1;0;;1;0;;1;0;;1;0;
67700;1;1;;1;0;;0;0;;1;0;;1;0;;1;0;;1;0;
67710;1;0;;1;0;;0;0;;1;0;;1;0;;1;0;;1;0;
67720;1;0;;1;0;;0;0;;1;0;;1;0;;1;0;;1;0;
67730;1;1;;1;0;;0;0;;1;0;;1;0;;1;0;;1;0;
67740;1;0;;1;0;;0;0;;1;0;;1;0;;1;0;;1;0;
67750;1;1;;1;0;;0;0;;1;0;;1;0;;1;0;;1;0;
67760;1;0;;1;0;;0;0;;1;0;;1;0;;1;0;;1;0;
67770;1;0;;1;0;;0;1;;1;0;;1;0;;1;0;;1;0;
67780;1;1;;1;0;;0;0;;1;0;;1;0;;1;0;;1;0;
67790;1;0;;1;0;;0;0;;1;0;;1;0;;1;0;;1;0;
67800;1;1;;1;0;;0;0;;1;0;;1;0;;1;0;;1;0;
67810;1;0;;1;0;;0;0;;1;0;;1;0;;1;0;;1;0;
67820;1;0;;1;0;;0;0;;1;0;;1;0;;1;0;;1;0;
67830;1;1;;1;0;;0;0;;1;0;;1;0;;1;0;;1;0;
67840;1;0;;1;0;;0;0;;1;0;;1;0;;1;0;;1;0;
67850;1;1;;1;0;;0;0;;1;0;;1;0;;1;0;;1;0;
67860;1;0;;1;0;;0;0;;1;0;;1;0;;1;0;;1;0;
67870;1;0;;1;0;;0;0;;1;0;;1;0;;1;0;;1;0;
67880;1;1;;1;0;;0;0;;1;0;;1;0;;1;0;;1;0;
67890;1;0;;1;0;;0;0;;1;0;;1;0;;1;0;;1;0;
67900;1;1;;1;0;;0;0;;1;0;;1;0;;1;0;;1;0;
67910;1;0;;1;0;;0;0;;1;0;;1;0;;1;0;;1;0;
67920;1;0;;1;0;;0;1;;1;0;;1;0;;1;0;;1;0;
67930;1;1;;1;0;;0;0;;1;1;;1;0;;1;0;;1;0;
67940;1;0;;1;0;;0;0;;1;0;;1;0;;1;0;;1;0;
67950;1;0;;1;0;;0;0;;1;0;;1;0;;1;0;;1;0;
67960;1;1;;1;0;;0;0;;1;0;;1;0;;1;0;;1;0;
67970;1;0;;1;1;;0;0;;1;0;;1;0;;1;0;;1;0;
67980;1;1;;1;0;;0;0;;1;0;;1;0;;1;0;;1;0;
67990;1;0;;1;0;;0;0;;1;0;;1;0;;1;0;;1;0;
68000;1;0;;1;0;;0;0;;1;0;;1;0;;1;0;;1;0;
68010;1;1;;1;0;;0;0;;1;0;;1;0;;1;0;;1;0;
68020;1;0;;1;0;;0;0;;1;0;;1;0;;1;0;;1;0;
68030;1;1;;1;0;;0;0;;1;0;;1;0;;1;0;;1;0;
68040;1;0;;1;0;;0;0;;1;0;;1;0;;1;0;;1;0;
68050;1;0;;1;0;;0;0;;1;0;;1;0;;1;0;;1;0;
68060;1;1;;1;0;;0;1;;1;0;;1;0;;1;0;;1;0;
68070;1;0;;1;0;;0;0;;1;0;;1;0;;1;0;;1;0;
68080;1;0;;1;0;;0;0;;1;0;;1;0;;1;0;;1;0;
68090;1;1;;1;0;;0;0;;1;0;;1;0;;1;0;;1;0;
68100;1;0;;1;0;;0;0;;1;0;;1;0;;1;0;;1;0;
68110;1;1;;1;0;;0;0;;1;0;;1;0;;1;0;;1;0;
68120;1;0;;1;0;;0;0;;1;0;;1;0;;1;0;;1;0;
68130;1;0;;1;0;;0;0;;1;0;;1;0;;1;0;;1;0;
68140;1;1;;1;0;;0;0;;1;0;;1;0;;1;0;;1;0;
68150;1;0;;1;0;;0;0;;1;0;;1;0;;1;0;;1;0;
68160;1;1;;1;0;;0;0;;1;0;;1;0;;1;0;;1;0;
68170;1;0;;1;0;;0;0;;1;0;;1;0;;1;0;;1;0;
68180;1;0;;1;0;;0;0;;1;0;;1;0;;1;0;;1;0;
68190;1;1;;1;0;;0;0;;1;0;;1;0;;1;0;;1;0;
68200;1;0;;1;0;;0;1;;1;0;;1;0;;1;0;;1;0;
68210;1;0;;1;0;;0;0;;1;0;;1;0;;1;0;;1;0;
68220;1;1;;1;0;;0;0;;1;0;;1;0;;1;0;;1;0;
68230;1;0;;1;0;;0;0;;1;0;;1;0;;1;0;;1;0;
68240;1;0;;1;0;;0;0;;1;0;;1;1;;1;1;;1;0;
68250;1;1;;1;0;;0;0;;1;0;;1;0;;1;0;;1;0;
68260;1;0;;1;0;;0;0;;1;0;;1;0;;1;0;;1;0;
68270;1;1;;1;0;;0;0;;1;0;;1;0;;1;0;;1;0;
68280;1;0;;1;0;;0;0;;1;0;;1;0;;1;0;;1;0;
68290;1;0;;1;0;;0;0;;1;0;;1;0;;1;0;;1;0;
68300;1;1;;1;0;;0;0;;1;0;;1;0;;1;0;;1;0;
68310;1;0;;1;0;;0;0;;1;0;;1;0;;1;0;;1;0;
68320;1;0;;1;0;;0;0;;1;0;;1;0;;1;0;;1;0;
68330;1;1;;1;0;;0;0;;1;0;;1;0;;1;0;;1;0;
68340;1;0;;1;0;;0;1;;1;0;;1;0;;1;0;;1;0;
68350;1;1;;1;0;;0;0;;1;0;;1;0;;1;0;;1;0;
68360;1;0;;1;0;;0;0;;1;0;;1;0;;1;0;;1;0;
68370;1;0;;1;0;;0;0;;1;0;;1;0;;1;0;;1;0;
68380;1;1;;1;0;;0;0;;1;0;;1;0;;1;0;;1;0;
68390;1;0;;1;0;;0;0;;1;0;;1;0;;1;0;;1;0;
68400;1;0;;1;0;;0;0;;1;0;;1;0;;1;0;;1;0;
68410;1;1;;1;0;;0;0;;1;0;;1;0;;1;0;;1;0;
68420;1;0;;1;0;;0;0;;1;0;;1;0;;1;0;;1;0;
68430;1;0;;1;0;;0;0;;1;0;;1;0;;1;0;;1;0;
68440;1;1;;1;0;;0;0;;1;0;;1;0;;1;0;;1;0;
68450;1;0;;1;0;;0;0;;1;0;;1;0;;1;0;;1;0;
68460;1;1;;1;0;;0;0;;1;0;;1;0;;1;0;;1;0;
68470;1;0;;1;0;;0;0;;1;0;;1;0;;1;0;;1;0;
68480;1;0;;1;0;;0;1;;1;0;;1;0;;1;0;;1;0;
68490;1;1;;1;0;;0;0;;1;0;;1;0;;1;0;;1;0;
68500;1;0;;1;0;;0;0;;1;0;;1;0;;1;0;;1;0;
68510;1;0;;1;0;;0;0;;1;0;;1;0;;1;0;;1;0;
68520;1;1;;1;0;;0;0;;1;0;;1;0;;1;0;;1;0;
68530;1;0;;1;0;;0;0;;1;0;;1;0;;1;0;;1;0;
68540;1;0;;1;0;;0;0;;1;0;;1;0;;1;0;;1;0;
68550;1;1;;1;0;;0;0;;1;0;;1;0;;1;0;;1;0;
68560;1;0;;1;0;;0;0;;1;0;;1;0;;1;0;;1;0;
68570;1;0;;1;0;;0;0;;1;0;;1;0;;1;0;;1;0;
68580;1;1;;1;0;;0;0;;1;0;;1;0;;1;0;;1;0;
68590;1;0;;1;0;;0;0;;1;0;;1;0;;1;0;;1;0;
68600;1;0;;1;0;;0;0;;1;0;;1;0;;1;0;;1;0;
68610;1;1;;1;0;;0;1;;1;0;;1;0;;1;0;;1;0;
68620;1;0;;1;0;;0;0;;1;0;;1;0;;1;0;;1;0;
68630;1;1;;1;0;;0;0;;1;0;;1;0;;1;0;;1;0;
68640;1;0;;1;0;;0;0;;1;0;;1;0;;1;0;;1;0;
68650;1;0;;1;0;;0;0;;1;0;;1;0;;1;0;;1;0;
68660;1;1;;1;0;;0;0;;1;0;;1;0;;1;0;;1;0;
68670;1;0;;1;0;;0;0;;1;0;;1;0;;1;0;;1;0;
68680;1;0;;1;0;;0;0;;1;0;;1;0;;1;0;;1;0;
68690;1;1;;1;0;;0;0;;1;0;;1;0;;1;0;;1;0;
68700;1;0;;1;0;;0;0;;1;0;;1;0;;1;0;;1;0;
68710;1;0;;1;0;;0;0;;1;0;;1;0;;1;0;;1;0;
68720;1;1;;1;0;;0;0;;1;0;;1;0;;1;0;;1;0;
68730;1;0;;1;0;;0;1;;1;0;;1;0;;1;0;;1;0;
68740;1;0;;1;0;;0;0;;1;0;;1;0;;1;0;;1;0;
68750;1;1;;1;0;;0;0;;1;0;;1;0;;1;0;;1;0;
68760;1;0;;1;0;;0;0;;1;0;;1;0;;1;0;;1;0;
68770;1;0;;1;0;;0;0;;1;0;;1;0;;1;0;;1;0;
68780;1;1;;1;0;;0;0;;1;0;;1;0;;1;0;;1;0;
68790;1;0;;1;0;;0;0;;1;0;;1;0;;1;0;;1;0;
68800;1;0;;1;0;;0;0;;1;0;;1;0;;1;0;;1;0;
68810;1;1;;1;0;;0;0;;1;0;;1;0;;1;0;;1;0;
68820;1;0;;1;0;;0;0;;1;0;;1;0;;1;0;;1;0;
68830;1;0;;1;0;;0;0;;1;0;;1;0;;1;0;;1;0;
68840;1;1;;1;0;;0;0;;1;0;;1;0;;1;0;;1;0;
68850;1;0;;1;0;;0;0;;1;0;;1;0;;1;0;;1;0;
68860;1;0;;1;0;;0;1;;1;0;;1;0;;1;0;;1;0;
68870;1;1;;1;0;;0;0;;1;0;;1;0;;1;0;;1;0;
68880;1;0;;1;0;;0;0;;1;0;;1;0;;1;0;;1;0;
68890;1;0;;1;0;;0;0;;1;0;;1;0;;1;0;;1;0;
68900;1;1;;1;0;;0;0;;1;0;;1;0;;1;0;;1;0;
68910;1;0;;1;0;;0;0;;1;0;;1;0;;1;0;;1;0;
68920;1;0;;1;1;;0;0;;1;0;;1;0;;1;0;;1;0;
68930;1;1;;1;0;;0;0;;1;0;;1;0;;1;0;;1;0;
68940;1;0;;1;0;;0;0;;1;0;;1;0;;1;0;;1;0;
68950;1;0;;1;0;;0;0;;1;0;;1;0;;1;0;;1;0;
68960;1;1;;1;0;;0;0;;1;0;;1;0;;1;0;;1;0;
68970;1;0;;1;0;;0;0;;1;0;;1;0;;1;0;;1;0;
68980;1;0;;1;0;;0;1;;1;0;;1;0;;1;0;;1;0;
68990;1;1;;1;0;;0;0;;1;0;;1;0;;1;0;;1;0;
69000;1;0;;1;0;;0;0;;1;1;;1;0;;1;0;;1;0;
69010;1;0;;1;0;;0;0;;1;0;;1;0;;1;0;;1;0;
69020;1;1;;1;0;;0;0;;1;0;;1;0;;1;0;;1;0;
69030;1;0;;1;0;;0;0;;1;0;;1;0;;1;0;;1;0;
69040;1;0;;1;0;;0;0;;1;0;;1;0;;1;0;;1;0;
69050;1;1;;1;0;;0;0;;1;0;;1;0;;1;0;;1;0;
69060;1;0;;1;0;;0;0;;1;0;;1;1;;1;1;;1;0;
69070;1;0;;1;0;;0;0;;1;0;;1;0;;1;0;;1;0;
69080;1;1;;1;0;;0;0;;1;0;;1;0;;1;0;;1;0;
69090;1;0;;1;0;;0;0;;1;0;;1;0;;1;0;;1;0;
69100;1;0;;1;0;;0;1;;1;0;;1;0;;1;0;;1;0;
69110;1;1;;1;0;;0;0;;1;0;;1;0;;1;0;;1;0;
69120;1;0;;1;0;;0;0;;1;0;;1;0;;1;0;;1;0;
69130;1;0;;1;0;;0;0;;1;0;;1;0;;1;0;;1;0;
69140;1;1;;1;0;;0;0;;1;0;;1;0;;1;0;;1;0;
69150;1;0;;1;0;;0;0;;1;0;;1;0;;1;0;;1;0;
69160;1;0;;1;0;;0;0;;1;0;;1;0;;1;0;;1;0;
69170;1;1;;1;0;;0;0;;1;0;;1;0;;1;0;;1;0;
69180;1;0;;1;0;;0;0;;1;0;;1;0;;1;0;;1;0;
69190;1;0;;1;0;;0;0;;1;0;;1;0;;1;0;;1;0;
69200;1;0;;1;0;;0;0;;1;0;;1;0;;1;0;;1;0;
69210;1;1;;1;0;;0;0;;1;0;;1;0;;1;0;;1;0;
69220;1;0;;1;0;;0;1;;1;0;;1;0;;1;0;;1;0;
69230;1;0;;1;0;;0;0;;1;0;;1;0;;1;0;;1;0;
69240;1;1;;1;0;;0;0;;1;0;;1;0;;1;0;;1;0;
69250;1;0;;1;0;;0;0;;1;0;;1;0;;1;0;;1;0;
69260;1;0;;1;0;;0;0;;1;0;;1;0;;1;0;;1;0;
69270;1;1;;1;0;;0;0;;1;0;;1;0;;1;0;;1;0;
69280;1;0;;1;0;;0;0;;1;0;;1;0;;1;0;;1;0;
69290;1;0;;1;0;;0;0;;1;0;;1;0;;1;0;;1;0;
69300;1;1;;1;0;;0;0;;1;0;;1;0;;1;0;;1;0;
69310;1;0;;1;0;;0;0;;1;0;;1;0;;1;0;;1;0;
69320;1;0;;1;0;;0;0;;1;0;;1;0;;1;0;;1;0;
69330;1;1;;1;0;;0;1;;1;0;;1;0;;1;0;;1;0;
69340;1;0;;1;0;;0;0;;1;0;;1;0;;1;0;;1;0;
69350;1;0;;1;0;;0;0;;1;0;;1;0;;1;0;;1;0;
69360;1;0;;1;0;;0;0;;1;0;;1;0;;1;0;;1;0;
69370;1;1;;1;0;;0;0;;1;0;;1;0;;1;0;;1;0;
69380;1;0;;1;0;;0;0;;1;0;;1;0;;1;0;;1;0;
69390;1;0;;1;0;;0;0;;1;0;;1;0;;1;0;;1;0;
69400;1;1;;1;0;;0;0;;1;0;;1;0;;1;0;;1;0;
69410;1;0;;1;0;;0;0;;1;0;;1;0;;1;0;;1;0;
69420;1;0;;1;0;;0;0;;1;0;;1;0;;1;0;;1;0;
69430;1;1;;1;0;;0;0;;1;0;;1;0;;1;0;;1;0;
69440;1;0;;1;0;;0;1;;1;0;;1;0;;1;0;;1;0;
69450;1;0;;1;0;;0;0;;1;0;;1;0;;1;0;;1;0;
69460;1;1;;1;0;;0;0;;1;0;;1;0;;1;0;;1;0;
69470;1;0;;1;0;;0;0;;1;0;;1;0;;1;0;;1;0;
69480;1;0;;1;0;;0;0;;1;0;;1;0;;1;0;;1;0;
69490;1;0;;1;0;;0;0;;1;0;;1;0;;1;0;;1;0;
69500;1;1;;1;0;;0;0;;1;0;;1;0;;1;0;;1;0;
69510;1;0;;1;0;;0;0;;1;0;;1;0;;1;0;;1;0;
69520;1;0;;1;0;;0;0;;1;0;;1;0;;1;0;;1;0;
69530;1;1;;1;0;;0;0;;1;0;;1;0;;1;0;;1;0;
69540;1;0;;1;0;;0;0;;1;0;;1;0;;1;0;;1;0;
69550;1;0;;1;0;;0;1;;1;0;;1;0;;1;0;;1;0;
69560;1;1;;1;0;;0;0;;1;0;;1;0;;1;0;;1;0;
69570;1;0;;1;0;;0;0;;1;0;;1;0;;1;0;;1;0;
69580;1;0;;1;0;;0;0;;1;0;;1;0;;1;0;;1;0;
69590;1;0;;1;0;;0;0;;1;0;;1;0;;1;0;;1;0;
69600;1;1;;1;0;;0;0;;1;0;;1;0;;1;0;;1;0;
69610;1;0;;1;0;;0;0;;1;0;;1;0;;1;0;;1;0;
69620;1;0;;1;0;;0;0;;1;0;;1;0;;1;0;;1;0;
69630;1;1;;1;0;;0;0;;1;0;;1;0;;1;0;;1;0;
69640;1;0;;1;0;;0;0;;1;0;;1;0;;1;0;;1;0;
69650;1;0;;1;0;;0;0;;1;0;;1;0;;1;0;;1;0;
69660;1;0;;1;0;;0;1;;1;0;;1;0;;1;0;;1;0;
69670;1;1;;1;0;;0;0;;1;0;;1;0;;1;0;;1;0;
69680;1;0;;1;0;;0;0;;1;0;;1;0;;1;0;;1;0;
69690;1;0;;1;0;;0;0;;1;0;;1;0;;1;0;;1;0;
69700;1;1;;1;0;;0;0;;1;0;;1;0;;1;0;;1;0;
69710;1;0;;1;0;;0;0;;1;0;;1;0;;1;0;;1;0;
69720;1;0;;1;0;;0;0;;1;0;;1;0;;1;0;;1;0;
69730;1;0;;1;0;;0;0;;1;0;;1;0;;1;0;;1;0;
69740;1;1;;1;0;;0;0;;1;0;;1;0;;1;0;;1;0;
69750;1;0;;1;0;;0;0;;1;0;;1;0;;1;0;;1;0;
69760;1;0;;1;0;;0;1;;1;0;;1;0;;1;0;;1;0;
69770;1;1;;1;0;;0;0;;1;0;;1;0;;1;0;;1;0;
69780;1;0;;1;0;;0;0;;1;0;;1;0;;1;0;;1;0;
69790;1;0;;1;0;;0;0;;1;0;;1;0;;1;0;;1;0;
69800;1;0;;1;0;;0;0;;1;0;;1;0;;1;0;;1;0;
69810;1;1;;1;0;;0;0;;1;0;;1;0;;1;0;;1;0;
69820;1;0;;1;0;;0;0;;1;0;;1;0;;1;0;;1;0;
69830;1;0;;1;0;;0;0;;1;0;;1;0;;1;0;;1;0;
69840;1;1;;1;0;;0;0;;1;0;;1;0;;1;0;;1;0;
69850;1;0;;1;0;;0;0;;1;0;;1;0;;1;0;;1;0;
69860;1;0;;1;0;;0;0;;1;0;;1;0;;1;0;;1;0;
69870;1;0;;1;0;;0;1;;1;0;;1;1;;1;1;;1;0;
69880;1;1;;1;0;;0;0;;1;0;;1;0;;1;0;;1;0;
69890;1;0;;1;0;;0;0;;1;0;;1;0;;1;0;;1;0;
69900;1;0;;1;0;;0;0;;1;0;;1;0;;1;0;;1;0;
69910;1;1;;1;0;;0;0;;1;0;;1;0;;1;0;;1;0;
69920;1;0;;1;0;;0;0;;1;0;;1;0;;1;0;;1;0;
69930;1;0;;1;0;;0;0;;1;0;;1;0;;1;0;;1;0;
69940;1;0;;1;0;;0;0;;1;0;;1;0;;1;0;;1;0;
69950;1;1;;1;0;;0;0;;1;0;;1;0;;1;0;;1;0;
69960;1;0;;1;0;;0;0;;1;0;;1;0;;1;0;;1;0;
69970;1;0;;1;0;;0;1;;1;0;;1;0;;1;0;;1;0;
69980;1;0;;1;0;;0;0;;1;0;;1;0;;1;0;;1;0;
69990;1;1;;1;0;;0;0;;1;0;;1;0;;1;0;;1;0;
70000;1;0;;1;0;;0;0;;1;0;;1;0;;1;0;;1;0;
70010;1;0;;1;0;;0;0;;1;0;;1;0;;1;0;;1;0;
70020;1;1;;1;0;;0;0;;1;0;;1;0;;1;0;;1;0;
70030;1;0;;1;0;;0;0;;1;0;;1;0;;1;0;;1;0;
70040;1;0;;1;0;;0;0;;1;0;;1;0;;1;0;;1;0;
70050;1;0;;1;0;;0;0;;1;0;;1;0;;1;0;;1;0;
70060;1;1;;1;0;;0;0;;1;0;;1;0;;1;0;;1;0;
70070;1;0;;1;0;;0;1;;1;0;;1;0;;1;0;;1;0;
70080;1;0;;1;0;;0;0;;1;0;;1;0;;1;0;;1;0;
70090;1;0;;1;0;;0;0;;1;0;;1;0;;1;0;;1;0;
70100;1;1;;1;0;;0;0;;1;0;;1;0;;1;0;;1;0;
70110;1;0;;1;0;;0;0;;1;0;;1;0;;1;0;;1;0;
70120;1;0;;1;0;;0;0;;1;0;;1;0;;1;0;;1;0;
70130;1;0;;1;0;;0;0;;1;0;;1;0;;1;0;;1;0;
70140;1;1;;1;0;;0;0;;1;0;;1;0;;1;0;;1;0;
70150;1;0;;1;0;;0;0;;1;1;;1;0;;1;0;;1;0;
70160;1;0;;1;0;;0;0;;1;0;;1;0;;1;0;;1;0;
70170;1;0;;1;0;;0;1;;1;0;;1;0;;1;0;;1;0;
70180;1;1;;1;0;;0;0;;1;0;;1;0;;1;0;;1;0;
70190;1;0;;1;0;;0;0;;1;0;;1;0;;1;0;;1;0;
70200;1;0;;1;0;;0;0;;1;0;;1;0;;1;0;;1;0;
70210;1;1;;1;0;;0;0;;1;0;;1;0;;1;0;;1;0;
70220;1;0;;1;0;;0;0;;1;0;;1;0;;1;0;;1;0;
70230;1;0;;1;0;;0;0;;1;0;;1;0;;1;0;;1;0;
70240;1;0;;1;0;;0;0;;1;0;;1;0;;1;0;;1;0;
70250;1;1;;1;0;;0;0;;1;0;;1;0;;1;0;;1;0;
70260;1;0;;1;0;;0;1;;1;0;;1;0;;1;0;;1;0;
70270;1;0;;1;0;;0;0;;1;0;;1;0;;1;0;;1;0;
70280;1;0;;1;0;;0;0;;1;0;;1;0;;1;0;;1;0;
70290;1;1;;1;0;;0;0;;1;0;;1;0;;1;0;;1;0;
70300;1;0;;1;0;;0;0;;1;0;;1;0;;1;0;;1;0;
70310;1;0;;1;0;;0;0;;1;0;;1;0;;1;0;;1;0;
70320;1;0;;1;0;;0;0;;1;0;;1;0;;1;0;;1;0;
70330;1;1;;1;0;;0;0;;1;0;;1;0;;1;0;;1;0;
70340;1;0;;1;0;;0;0;;1;0;;1;0;;1;0;;1;0;
70350;1;0;;1;0;;0;0;;1;0;;1;0;;1;0;;1;0;
70360;1;0;;1;0;;0;1;;1;0;;1;0;;1;0;;1;0;
70370;1;1;;1;0;;0;0;;1;0;;1;0;;1;0;;1;0;
70380;1;0;;1;0;;0;0;;1;0;;1;0;;1;0;;1;0;
70390;1;0;;1;0;;0;0;;1;0;;1;0;;1;0;;1;0;
70400;1;0;;1;0;;0;0;;1;0;;1;0;;1;0;;1;0;
70410;1;1;;1;0;;0;0;;1;0;;1;0;;1;0;;1;0;
70420;1;0;;1;0;;0;0;;1;0;;1;0;;1;0;;1;0;
70430;1;0;;1;0;;0;0;;1;0;;1;0;;1;0;;1;0;
70440;1;0;;1;0;;0;0;;1;0;;1;0;;1;0;;1;0;
70450;1;1;;1;0;;0;1;;1;0;;1;0;;1;0;;1;0;
70460;1;0;;1;0;;0;0;;1;0;;1;0;;1;0;;1;0;
70470;1;0;;1;0;;0;0;;1;0;;1;0;;1;0;;1;0;
70480;1;0;;1;0;;0;0;;1;0;;1;0;;1;0;;1;0;
70490;1;1;;1;0;;0;0;;1;0;;1;0;;1;0;;1;0;
70500;1;0;;1;0;;0;0;;1;0;;1;0;;1;0;;1;0;
70510;1;0;;1;0;;0;1;;1;0;;1;0;;1;0;;1;0;
70520;1;0;;1;0;;0;0;;1;0;;1;0;;1;0;;1;0;
70530;1;1;;1;0;;0;0;;1;0;;1;0;;1;0;;1;0;
70540;1;0;;1;0;;0;0;;1;0;;1;0;;1;0;;1;0;
70550;1;0;;1;0;;0;0;;1;0;;1;0;;1;0;;1;0;
70560;1;0;;1;0;;0;1;;1;0;;1;0;;1;0;;1;0;
70570;1;1;;1;0;;0;0;;1;0;;1;0;;1;0;;1;0;
70580;1;0;;1;0;;0;0;;1;0;;1;0;;1;0;;1;0;
70590;1;0;;1;0;;0;0;;1;0;;1;0;;1;0;;1;0;
70600;1;0;;1;0;;0;0;;1;0;;1;0;;1;0;;1;0;
70610;1;0;;1;0;;0;1;;1;0;;1;0;;1;0;;1;0;
70620;1;1;;1;0;;0;0;;1;0;;1;0;;1;0;;1;0;
70630;1;0;;1;0;;0;0;;1;0;;1;0;;1;0;;1;0;
70640;1;0;;1;0;;0;0;;1;0;;1;0;;1;0;;1;0;
70650;1;0;;1;0;;0;0;;1;0;;1;0;;1;0;;1;0;
70660;1;1;;1;0;;0;1;;1;0;;1;0;;1;0;;1;0;
70670;1;0;;1;0;;0;0;;1;0;;1;1;;1;1;;1;0;
70680;1;0;;1;0;;0;0;;1;0;;1;0;;1;0;;1;0;
70690;1;0;;1;0;;0;0;;1;0;;1;0;;1;0;;1;0;
70700;1;1;;1;0;;0;0;;1;0;;1;0;;1;0;;1;0;
70710;1;0;;1;0;;0;1;;1;0;;1;0;;1;0;;1;0;
70720;1;0;;1;0;;0;0;;1;0;;1;0;;1;0;;1;0;
70730;1;0;;1;0;;0;0;;1;0;;1;0;;1;0;;1;0;
70740;1;1;;1;0;;0;0;;1;0;;1;0;;1;0;;1;0;
70750;1;0;;1;0;;0;0;;1;0;;1;0;;1;0;;1;0;
70760;1;0;;1;0;;0;1;;1;0;;1;0;;1;0;;1;0;
70770;1;0;;1;0;;0;0;;1;0;;1;0;;1;0;;1;0;
70780;1;0;;1;0;;0;0;;1;0;;1;0;;1;0;;1;0;
70790;1;1;;1;0;;0;0;;1;0;;1;0;;1;0;;1;0;
70800;1;0;;1;0;;0;0;;1;0;;1;0;;1;0;;1;0;
70810;1;0;;1;0;;0;1;;1;0;;1;0;;1;0;;1;0;
70820;1;0;;1;0;;0;0;;1;0;;1;0;;1;0;;1;0;
70830;1;1;;1;0;;0;0;;1;0;;1;0;;1;0;;1;0;
70840;1;0;;1;0;;0;0;;1;0;;1;0;;1;0;;1;0;
70850;1;0;;1;0;;0;1;;1;0;;1;0;;1;0;;1;0;
70860;1;0;;1;0;;0;0;;1;0;;1;0;;1;0;;1;0;
70870;1;0;;1;0;;0;0;;1;0;;1;0;;1;0;;1;0;
70880;1;1;;1;0;;0;0;;1;0;;1;0;;1;0;;1;0;
70890;1;0;;1;0;;0;0;;1;0;;1;0;;1;0;;1;0;
70900;1;0;;1;0;;0;1;;1;0;;1;0;;1;0;;1;0;
70910;1;0;;1;0;;0;0;;1;0;;1;0;;1;0;;1;0;
70920;1;1;;1;0;;0;0;;1;0;;1;0;;1;0;;1;0;
70930;1;0;;1;0;;0;0;;1;0;;1;0;;1;0;;1;0;
70940;1;0;;1;0;;0;0;;1;0;;1;0;;1;0;;1;0;
70950;1;0;;1;0;;0;1;;1;0;;1;0;;1;0;;1;0;
70960;1;0;;1;0;;0;0;;1;0;;1;0;;1;0;;1;0;
70970;1;1;;1;0;;0;0;;1;0;;1;0;;1;0;;1;0;
70980;1;0;;1;0;;0;0;;1;0;;1;0;;1;0;;1;0;
70990;1;0;;1;0;;0;0;;1;0;;1;0;;1;0;;1;0;
71000;1;0;;1;0;;0;1;;1;0;;1;0;;1;0;;1;0;
71010;1;1;;1;0;;0;0;;1;0;;1;0;;1;0;;1;0;
71020;1;0;;1;0;;0;0;;1;0;;1;0;;1;0;;1;0;
71030;1;0;;1;0;;0;0;;1;0;;1;0;;1;0;;1;0;
71040;1;0;;1;0;;0;1;;1;0;;1;0;;1;0;;1;0;
71050;1;0;;1;0;;0;0;;1;0;;1;0;;1;0;;1;0;
71060;1;1;;1;0;;0;0;;1;0;;1;0;;1;0;;1;0;
71070;1;0;;1;0;;0;0;;1;0;;1;0;;1;0;;1;0;
71080;1;0;;1;0;;0;0;;1;0;;1;0;;1;0;;1;0;
71090;1;0;;1;0;;0;1;;1;0;;1;0;;1;0;;1;0;
71100;1;0;;1;0;;0;0;;1;0;;1;0;;1;0;;1;0;
71110;1;1;;1;0;;0;0;;1;0;;1;0;;1;0;;1;0;
71120;1;0;;1;0;;0;0;;1;0;;1;0;;1;0;;1;0;
71130;1;0;;1;0;;0;1;;1;0;;1;0;;1;0;;1;0;
71140;1;0;;1;0;;0;0;;1;0;;1;0;;1;0;;1;0;
71150;1;1;;1;0;;0;0;;1;0;;1;0;;1;0;;1;0;
71160;1;0;;1;0;;0;0;;1;0;;1;0;;1;0;;1;0;
71170;1;0;;1;0;;0;0;;1;0;;1;0;;1;0;;1;0;
71180;1;0;;1;0;;0;1;;1;0;;1;0;;1;0;;1;0;
71190;1;0;;1;1;;0;0;;1;0;;1;0;;1;0;;1;0;
71200;1;1;;1;0;;0;0;;1;0;;1;0;;1;0;;1;0;
71210;1;0;;1;0;;0;0;;1;0;;1;0;;1;0;;1;0;
71220;1;0;;1;0;;0;1;;1;0;;1;0;;1;0;;1;0;
71230;1;0;;1;0;;0;0;;1;0;;1;0;;1;0;;1;0;
71240;1;0;;1;0;;0;0;;1;0;;1;0;;1;0;;1;0;
71250;1;1;;1;0;;0;0;;1;0;;1;0;;1;0;;1;0;
71260;1;0;;1;0;;0;0;;1;0;;1;0;;1;0;;1;0;
71270;1;0;;1;0;;0;1;;1;0;;1;0;;1;0;;1;0;
71280;1;0;;1;0;;0;0;;1;0;;1;0;;1;0;;1;0;
71290;1;0;;1;0;;0;0;;1;0;;1;0;;1;0;;1;0;
71300;1;1;;1;0;;0;0;;1;0;;1;0;;1;0;;1;0;
71310;1;0;;1;0;;0;1;;1;0;;1;0;;1;0;;1;0;
71320;1;0;;1;0;;0;0;;1;0;;1;0;;1;0;;1;0;
71330;1;0;;1;0;;0;0;;1;0;;1;0;;1;0;;1;0;
71340;1;0;;1;0;;0;0;;1;0;;1;0;;1;0;;1;0;
71350;1;1;;1;0;;0;0;;1;0;;1;0;;1;0;;1;0;
71360;1;0;;1;0;;0;1;;1;0;;1;0;;1;0;;1;0;
71370;1;0;;1;0;;0;0;;1;0;;1;0;;1;0;;1;0;
71380;1;0;;1;0;;0;0;;1;0;;1;0;;1;0;;1;0;
71390;1;0;;1;0;;0;0;;1;0;;1;0;;1;0;;1;0;
71400;1;1;;1;0;;0;1;;1;1;;1;0;;1;0;;1;0;
71410;1;0;;1;0;;0;0;;1;0;;1;0;;1;0;;1;0;
71420;1;0;;1;0;;0;0;;1;0;;1;0;;1;0;;1;0;
71430;1;0;;1;0;;0;0;;1;0;;1;0;;1;0;;1;0;
71440;1;0;;1;0;;0;1;;1;0;;1;0;;1;0;;1;0;
71450;1;0;;1;0;;0;0;;1;0;;1;0;;1;0;;1;0;
71460;1;0;;1;0;;0;0;;1;0;;1;1;;1;1;;1;0;
71470;1;0;;1;0;;0;0;;1;0;;1;0;;1;0;;1;0;
71480;1;0;;1;0;;0;0;;1;0;;1;0;;1;0;;1;0;
71490;1;1;;1;0;;0;1;;1;0;;1;0;;1;0;;1;0;
71500;1;0;;1;0;;0;0;;1;0;;1;0;;1;0;;1;0;
71510;1;0;;1;0;;0;0;;1;0;;1;0;;1;0;;1;0;
71520;1;0;;1;0;;0;0;;1;0;;1;0;;1;0;;1;0;
71530;1;0;;1;0;;0;1;;1;0;;1;0;;1;0;;1;0;
71540;1;0;;1;0;;0;0;;1;0;;1;0;;1;0;;1;0;
71550;1;0;;1;0;;0;0;;1;0;;1;0;;1;0;;1;0;
71560;1;0;;1;0;;0;0;;1;0;;1;0;;1;0;;1;0;
71570;1;0;;1;0;;0;1;;1;0;;1;0;;1;0;;1;0;
71580;1;0;;1;0;;0;0;;1;0;;1;0;;1;0;;1;0;
71590;1;1;;1;0;;0;0;;1;0;;1;0;;1;0;;1;0;
71600;1;0;;1;0;;0;0;;1;0;;1;0;;1;0;;1;0;
71610;1;0;;1;0;;0;1;;1;0;;1;0;;1;0;;1;0;
71620;1;0;;1;0;;0;0;;1;0;;1;0;;1;0;;1;0;
71630;1;0;;1;0;;0;0;;1;0;;1;0;;1;0;;1;0;
71640;1;0;;1;0;;0;0;;1;0;;1;0;;1;0;;1;0;
71650;1;0;;1;0;;0;0;;1;0;;1;0;;1;0;;1;0;
71660;1;0;;1;0;;0;1;;1;0;;1;0;;1;0;;1;0;
71670;1;0;;1;0;;0;0;;1;0;;1;0;;1;0;;1;0;
71680;1;0;;1;0;;0;0;;1;0;;1;0;;1;0;;1;0;
71690;1;1;;1;0;;0;0;;1;0;;1;0;;1;0;;1;0;
71700;1;0;;1;0;;0;1;;1;0;;1;0;;1;0;;1;0;
71710;1;0;;1;0;;0;0;;1;0;;1;0;;1;0;;1;0;
71720;1;0;;1;0;;0;0;;1;0;;1;0;;1;0;;1;0;
71730;1;0;;1;0;;0;0;;1;0;;1;0;;1;0;;1;0;
71740;1;0;;1;0;;0;1;;1;0;;1;0;;1;0;;1;0;
71750;1;0;;1;0;;0;0;;1;0;;1;0;;1;0;;1;0;
71760;1;0;;1;0;;0;0;;1;0;;1;0;;1;0;;1;0;
71770;1;0;;1;0;;0;0;;1;0;;1;0;;1;0;;1;0;
71780;1;0;;1;0;;0;1;;1;0;;1;0;;1;0;;1;0;
71790;1;1;;1;0;;0;0;;1;0;;1;0;;1;0;;1;0;
71800;1;0;;1;0;;0;0;;1;0;;1;0;;1;0;;1;0;
71810;1;0;;1;0;;0;0;;1;0;;1;0;;1;0;;1;0;
71820;1;0;;1;0;;0;1;;1;0;;1;0;;1;0;;1;0;
71830;1;0;;1;0;;0;0;;1;0;;1;0;;1;0;;1;0;
71840;1;0;;1;0;;0;0;;1;0;;1;0;;1;0;;1;0;
71850;1;0;;1;0;;0;0;;1;0;;1;0;;1;0;;1;0;
71860;1;0;;1;0;;0;1;;1;0;;1;0;;1;0;;1;0;
71870;1;0;;1;0;;0;0;;1;0;;1;0;;1;0;;1;0;
71880;1;0;;1;0;;0;0;;1;0;;1;0;;1;0;;1;0;
71890;1;1;;1;0;;0;0;;1;0;;1;0;;1;0;;1;0;
71900;1;0;;1;0;;0;1;;1;0;;1;0;;1;0;;1;0;
71910;1;0;;1;0;;0;0;;1;0;;1;0;;1;0;;1;0;
71920;1;0;;1;0;;0;0;;1;0;;1;0;;1;0;;1;0;
71930;1;0;;1;0;;0;0;;1;0;;1;0;;1;0;;1;0;
71940;1;0;;1;0;;0;1;;1;0;;1;0;;1;0;;1;0;
71950;1;0;;1;0;;0;0;;1;0;;1;0;;1;0;;1;0;
71960;1;0;;1;0;;0;0;;1;0;;1;0;;1;0;;1;0;
71970;1;0;;1;0;;0;0;;1;0;;1;0;;1;0;;1;0;
71980;1;0;;1;0;;0;1;;1;0;;1;0;;1;0;;1;0;
71990;1;0;;1;0;;0;0;;1;0;;1;0;;1;0;;1;0;
72000;1;1;;1;0;;0;0;;1;0;;1;0;;1;0;;1;0;
72010;1;0;;1;0;;0;0;;1;0;;1;0;;1;0;;1;0;
72020;1;0;;1;0;;0;1;;1;0;;1;0;;1;0;;1;0;
72030;1;0;;1;0;;0;0;;1;0;;1;0;;1;0;;1;0;
72040;1;0;;1;0;;0;0;;1;0;;1;0;;1;0;;1;0;
72050;1;0;;1;0;;0;0;;1;0;;1;0;;1;0;;1;0;
72060;1;0;;1;0;;0;1;;1;0;;1;0;;1;0;;1;0;
72070;1;0;;1;0;;0;0;;1;0;;1;0;;1;0;;1;0;
72080;1;0;;1;0;;0;0;;1;0;;1;0;;1;0;;1;0;
72090;1;0;;1;0;;0;0;;1;0;;1;0;;1;0;;1;0;
72100;1;0;;1;0;;0;1;;1;0;;1;0;;1;0;;1;0;
72110;1;1;;1;0;;0;0;;1;0;;1;0;;1;0;;1;0;
72120;1;0;;1;0;;0;0;;1;0;;1;0;;1;0;;1;0;
72130;1;0;;1;0;;0;0;;1;0;;1;0;;1;0;;1;0;
72140;1;0;;1;0;;0;1;;1;0;;1;0;;1;0;;1;0;
72150;1;0;;1;0;;0;0;;1;0;;1;0;;1;0;;1;0;
72160;1;0;;1;0;;0;0;;1;0;;1;0;;1;0;;1;0;
72170;1;0;;1;0;;0;0;;1;0;;1;0;;1;0;;1;0;
72180;1;0;;1;0;;0;1;;1;0;;1;0;;1;0;;1;0;
72190;1;0;;1;0;;0;0;;1;0;;1;0;;1;0;;1;0;
72200;1;0;;1;0;;0;0;;1;0;;1;0;;1;0;;1;0;
72210;1;0;;1;0;;0;0;;1;0;;1;0;;1;0;;1;0;
72220;1;1;;1;0;;0;1;;1;0;;1;0;;1;0;;1;0;
72230;1;0;;1;0;;0;0;;1;0;;1;0;;1;0;;1;0;
72240;1;0;;1;0;;0;0;;1;0;;1;0;;1;0;;1;0;
72250;1;0;;1;0;;0;1;;1;0;;1;1;;1;1;;1;0;
72260;1;0;;1;0;;0;0;;1;0;;1;0;;1;0;;1;0;
72270;1;0;;1;0;;0;0;;1;0;;1;0;;1;0;;1;0;
72280;1;0;;1;0;;0;0;;1;0;;1;0;;1;0;;1;0;
72290;1;0;;1;0;;0;1;;1;0;;1;0;;1;0;;1;0;
72300;1;0;;1;0;;0;0;;1;0;;1;0;;1;0;;1;0;
72310;1;0;;1;0;;0;0;;1;0;;1;0;;1;0;;1;0;
72320;1;0;;1;0;;0;0;;1;0;;1;0;;1;0;;1;0;
72330;1;0;;1;0;;0;1;;1;0;;1;0;;1;0;;1;0;
72340;1;1;;1;0;;0;0;;1;0;;1;0;;1;0;;1;0;
72350;1;0;;1;0;;0;0;;1;0;;1;0;;1;0;;1;0;
72360;1;0;;1;0;;0;0;;1;0;;1;0;;1;0;;1;0;
72370;1;0;;1;0;;0;1;;1;0;;1;0;;1;0;;1;0;
72380;1;0;;1;0;;0;0;;1;0;;1;0;;1;0;;1;0;
72390;1;0;;1;0;;0;0;;1;0;;1;0;;1;0;;1;0;
72400;1;0;;1;0;;0;0;;1;0;;1;0;;1;0;;1;0;
72410;1;0;;1;0;;0;1;;1;0;;1;0;;1;0;;1;0;
72420;1;0;;1;0;;0;0;;1;0;;1;0;;1;0;;1;0;
72430;1;0;;1;0;;0;0;;1;0;;1;0;;1;0;;1;0;
72440;1;0;;1;0;;0;1;;1;0;;1;0;;1;0;;1;0;
72450;1;0;;1;0;;0;0;;1;0;;1;0;;1;0;;1;0;
72460;1;1;;1;0;;0;0;;1;0;;1;0;;1;0;;1;0;
72470;1;0;;1;0;;0;0;;1;0;;1;0;;1;0;;1;0;
72480;1;0;;1;0;;0;1;;1;0;;1;0;;1;0;;1;0;
72490;1;0;;1;0;;0;0;;1;0;;1;0;;1;0;;1;0;
72500;1;0;;1;0;;0;0;;1;0;;1;0;;1;0;;1;0;
72510;1;0;;1;0;;0;0;;1;0;;1;0;;1;0;;1;0;
72520;1;0;;1;0;;0;1;;1;0;;1;0;;1;0;;1;0;
72530;1;0;;1;0;;0;0;;1;0;;1;0;;1;0;;1;0;
72540;1;0;;1;0;;0;0;;1;0;;1;0;;1;0;;1;0;
72550;1;0;;1;0;;0;1;;1;0;;1;0;;1;0;;1;0;
72560;1;0;;1;0;;0;0;;1;0;;1;0;;1;0;;1;0;
72570;1;0;;1;0;;0;0;;1;0;;1;0;;1;0;;1;0;
72580;1;1;;1;0;;0;0;;1;0;;1;0;;1;0;;1;0;
72590;1;0;;1;0;;0;1;;1;0;;1;0;;1;0;;1;0;
72600;1;0;;1;0;;0;0;;1;0;;1;0;;1;0;;1;0;
72610;1;0;;1;0;;0;0;;1;0;;1;0;;1;0;;1;0;
72620;1;0;;1;0;;0;0;;1;0;;1;0;;1;0;;1;0;
72630;1;0;;1;0;;0;1;;1;0;;1;0;;1;0;;1;0;
72640;1;0;;1;0;;0;0;;1;0;;1;0;;1;0;;1;0;
72650;1;0;;1;0;;0;0;;1;0;;1;0;;1;0;;1;0;
72660;1;0;;1;0;;0;1;;1;0;;1;0;;1;0;;1;0;
72670;1;0;;1;0;;0;0;;1;0;;1;0;;1;0;;1;0;
72680;1;0;;1;0;;0;0;;1;0;;1;0;;1;0;;1;0;
72690;1;0;;1;0;;0;0;;1;0;;1;0;;1;0;;1;0;
72700;1;0;;1;0;;0;1;;1;0;;1;0;;1;0;;1;0;
72710;1;1;;1;0;;0;0;;1;0;;1;0;;1;0;;1;0;
72720;1;0;;1;0;;0;0;;1;0;;1;0;;1;0;;1;0;
72730;1;0;;1;0;;0;1;;1;0;;1;0;;1;0;;1;0;
72740;1;0;;1;0;;0;0;;1;0;;1;0;;1;0;;1;0;
72750;1;0;;1;0;;0;0;;1;0;;1;0;;1;0;;1;0;
72760;1;0;;1;0;;0;0;;1;1;;1;0;;1;0;;1;0;
72770;1;0;;1;0;;0;1;;1;0;;1;0;;1;0;;1;0;
72780;1;0;;1;0;;0;0;;1;0;;1;0;;1;0;;1;0;
72790;1;0;;1;0;;0;0;;1;0;;1;0;;1;0;;1;0;
72800;1;0;;1;0;;0;1;;1;0;;1;0;;1;0;;1;0;
72810;1;0;;1;0;;0;0;;1;0;;1;0;;1;0;;1;0;
72820;1;0;;1;0;;0;0;;1;0;;1;0;;1;0;;1;0;
72830;1;0;;1;0;;0;0;;1;0;;1;0;;1;0;;1;0;
72840;1;0;;1;0;;0;1;;1;0;;1;0;;1;0;;1;0;
72850;1;1;;1;0;;0;0;;1;0;;1;0;;1;0;;1;0;
72860;1;0;;1;0;;0;0;;1;0;;1;0;;1;0;;1;0;
72870;1;0;;1;0;;0;1;;1;0;;1;0;;1;0;;1;0;
72880;1;0;;1;0;;0;0;;1;0;;1;0;;1;0;;1;0;
72890;1;0;;1;0;;0;0;;1;0;;1;0;;1;0;;1;0;
72900;1;0;;1;0;;0;0;;1;0;;1;0;;1;0;;1;0;
72910;1;0;;1;0;;0;1;;1;0;;1;0;;1;0;;1;0;
72920;1;0;;1;0;;0;0;;1;0;;1;0;;1;0;;1;0;
72930;1;0;;1;0;;0;0;;1;0;;1;0;;1;0;;1;0;
72940;1;0;;1;0;;0;1;;1;0;;1;0;;1;0;;1;0;
72950;1;0;;1;0;;0;0;;1;0;;1;0;;1;0;;1;0;
72960;1;0;;1;0;;0;0;;1;0;;1;0;;1;0;;1;0;
72970;1;0;;1;0;;0;0;;1;0;;1;0;;1;0;;1;0;
72980;1;0;;1;0;;0;1;;1;0;;1;0;;1;0;;1;0;
72990;1;1;;1;0;;0;0;;1;0;;1;0;;1;0;;1;0;
73000;1;0;;1;0;;0;0;;1;0;;1;0;;1;0;;1;0;
73010;1;0;;1;0;;0;1;;1;0;;1;0;;1;0;;1;0;
73020;1;0;;1;0;;0;0;;1;0;;1;0;;1;0;;1;0;
73030;1;0;;1;0;;0;0;;1;0;;1;0;;1;0;;1;0;
73040;1;0;;1;0;;0;0;;1;0;;1;1;;1;1;;1;0;
73050;1;0;;1;0;;0;1;;1;0;;1;0;;1;0;;1;0;
73060;1;0;;1;0;;0;0;;1;0;;1;0;;1;0;;1;0;
73070;1;0;;1;0;;0;0;;1;0;;1;0;;1;0;;1;0;
73080;1;0;;1;0;;0;1;;1;0;;1;0;;1;0;;1;0;
73090;1;0;;1;0;;0;0;;1;0;;1;0;;1;0;;1;0;
73100;1;0;;1;0;;0;0;;1;0;;1;0;;1;0;;1;0;
73110;1;0;;1;0;;0;1;;1;0;;1;0;;1;0;;1;0;
73120;1;0;;1;0;;0;0;;1;0;;1;0;;1;0;;1;0;
73130;1;0;;1;0;;0;0;;1;0;;1;0;;1;0;;1;0;
73140;1;1;;1;0;;0;0;;1;0;;1;0;;1;0;;1;0;
73150;1;0;;1;0;;0;1;;1;0;;1;0;;1;0;;1;0;
73160;1;0;;1;0;;0;0;;1;0;;1;0;;1;0;;1;0;
73170;1;0;;1;0;;0;0;;1;0;;1;0;;1;0;;1;0;
73180;1;0;;1;0;;0;1;;1;0;;1;0;;1;0;;1;0;
73190;1;0;;1;0;;0;0;;1;0;;1;0;;1;0;;1;0;
73200;1;0;;1;0;;0;0;;1;0;;1;0;;1;0;;1;0;
73210;1;0;;1;0;;0;1;;1;0;;1;0;;1;0;;1;0;
73220;1;0;;1;0;;0;0;;1;0;;1;0;;1;0;;1;0;
73230;1;0;;1;0;;0;0;;1;0;;1;0;;1;0;;1;0;
73240;1;0;;1;0;;0;0;;1;0;;1;0;;1;0;;1;0;
73250;1;0;;1;0;;0;1;;1;0;;1;0;;1;0;;1;0;
73260;1;0;;1;0;;0;0;;1;0;;1;0;;1;0;;1;0;
73270;1;0;;1;0;;0;0;;1;0;;1;0;;1;0;;1;0;
73280;1;0;;1;0;;0;1;;1;0;;1;0;;1;0;;1;0;
73290;1;1;;1;0;;0;0;;1;0;;1;0;;1;0;;1;0;
73300;1;0;;1;0;;0;0;;1;0;;1;0;;1;0;;1;0;
73310;1;0;;1;0;;0;1;;1;0;;1;0;;1;0;;1;0;
73320;1;0;;1;0;;0;0;;1;0;;1;0;;1;0;;1;0;
73330;1;0;;1;0;;0;0;;1;0;;1;0;;1;0;;1;0;
73340;1;0;;1;0;;0;0;;1;0;;1;0;;1;0;;1;0;
73350;1;0;;1;0;;0;1;;1;0;;1;0;;1;0;;1;0;
73360;1;0;;1;0;;0;0;;1;0;;1;0;;1;0;;1;0;
73370;1;0;;1;0;;0;0;;1;0;;1;0;;1;0;;1;0;
73380;1;0;;1;0;;0;1;;1;0;;1;0;;1;0;;1;0;
73390;1;0;;1;0;;0;0;;1;0;;1;0;;1;0;;1;0;
73400;1;0;;1;0;;0;0;;1;0;;1;0;;1;0;;1;0;
73410;1;0;;1;0;;0;1;;1;0;;1;0;;1;0;;1;0;
73420;1;0;;1;0;;0;0;;1;0;;1;0;;1;0;;1;0;
73430;1;0;;1;0;;0;0;;1;0;;1;0;;1;0;;1;0;
73440;1;0;;1;0;;0;1;;1;0;;1;0;;1;0;;1;0;
73450;1;1;;1;0;;0;0;;1;0;;1;0;;1;0;;1;0;
73460;1;0;;1;0;;0;0;;1;0;;1;0;;1;0;;1;0;
73470;1;0;;1;0;;0;1;;1;0;;1;0;;1;0;;1;0;
73480;1;0;;1;0;;0;0;;1;0;;1;0;;1;0;;1;0;
73490;1;0;;1;0;;0;0;;1;0;;1;0;;1;0;;1;0;
73500;1;0;;1;0;;0;0;;1;0;;1;0;;1;0;;1;0;
73510;1;0;;1;0;;0;1;;1;0;;1;0;;1;0;;1;0;
73520;1;0;;1;0;;0;0;;1;0;;1;0;;1;0;;1;0;
73530;1;0;;1;0;;0;0;;1;0;;1;0;;1;0;;1;0;
73540;1;0;;1;0;;0;1;;1;0;;1;0;;1;0;;1;0;
73550;1;0;;1;0;;0;0;;1;0;;1;0;;1;0;;1;0;
73560;1;0;;1;0;;0;0;;1;0;;1;0;;1;0;;1;0;
73570;1;0;;1;0;;0;1;;1;0;;1;0;;1;0;;1;0;
73580;1;0;;1;0;;0;0;;1;0;;1;0;;1;0;;1;0;
73590;1;0;;1;0;;0;0;;1;0;;1;0;;1;0;;1;0;
73600;1;0;;1;0;;0;1;;1;0;;1;0;;1;0;;1;0;
73610;1;0;;1;0;;0;0;;1;0;;1;0;;1;0;;1;0;
73620;1;0;;1;0;;0;0;;1;0;;1;0;;1;0;;1;0;
73630;1;1;;1;0;;0;1;;1;0;;1;0;;1;0;;1;0;
73640;1;0;;1;0;;0;0;;1;0;;1;0;;1;0;;1;0;
73650;1;0;;1;0;;0;0;;1;0;;1;0;;1;0;;1;0;
73660;1;0;;1;0;;0;1;;1;0;;1;0;;1;0;;1;0;
73670;1;0;;1;0;;0;0;;1;0;;1;0;;1;0;;1;0;
73680;1;0;;1;0;;0;0;;1;0;;1;0;;1;0;;1;0;
73690;1;0;;1;0;;0;0;;1;0;;1;0;;1;0;;1;0;
73700;1;0;;1;0;;0;1;;1;0;;1;0;;1;0;;1;0;
73710;1;0;;1;0;;0;0;;1;0;;1;0;;1;0;;1;0;
73720;1;0;;1;0;;0;0;;1;0;;1;0;;1;0;;1;0;
73730;1;0;;1;0;;0;1;;1;0;;1;0;;1;0;;1;0;
73740;1;0;;1;0;;0;0;;1;0;;1;0;;1;0;;1;0;
73750;1;0;;1;0;;0;0;;1;0;;1;0;;1;0;;1;0;
73760;1;0;;1;0;;0;1;;1;0;;1;0;;1;0;;1;0;
73770;1;0;;1;0;;0;0;;1;0;;1;0;;1;0;;1;0;
73780;1;0;;1;0;;0;0;;1;0;;1;0;;1;0;;1;0;
73790;1;0;;1;0;;0;1;;1;0;;1;0;;1;0;;1;0;
73800;1;0;;1;0;;0;0;;1;0;;1;0;;1;0;;1;0;
73810;1;1;;1;0;;0;0;;1;0;;1;0;;1;0;;1;0;
73820;1;0;;1;0;;0;1;;1;0;;1;0;;1;0;;1;0;
73830;1;0;;1;0;;0;0;;1;0;;1;1;;1;1;;1;0;
73840;1;0;;1;0;;0;0;;1;0;;1;0;;1;0;;1;0;
73850;1;0;;1;0;;0;1;;1;0;;1;0;;1;0;;1;0;
73860;1;0;;1;0;;0;0;;1;0;;1;0;;1;0;;1;0;
73870;1;0;;1;0;;0;0;;1;0;;1;0;;1;0;;1;0;
73880;1;0;;1;0;;0;1;;1;0;;1;0;;1;0;;1;0;
73890;1;0;;1;0;;0;0;;1;0;;1;0;;1;0;;1;0;
73900;1;0;;1;0;;0;0;;1;0;;1;0;;1;0;;1;0;
73910;1;0;;1;0;;0;1;;1;0;;1;0;;1;0;;1;0;
73920;1;0;;1;0;;0;0;;1;0;;1;0;;1;0;;1;0;
73930;1;0;;1;0;;0;0;;1;0;;1;0;;1;0;;1;0;
73940;1;0;;1;0;;0;1;;1;0;;1;0;;1;0;;1;0;
73950;1;0;;1;0;;0;0;;1;0;;1;0;;1;0;;1;0;
73960;1;0;;1;0;;0;0;;1;0;;1;0;;1;0;;1;0;
73970;1;0;;1;0;;0;1;;1;0;;1;0;;1;0;;1;0;
73980;1;0;;1;0;;0;0;;1;0;;1;0;;1;0;;1;0;
73990;1;0;;1;0;;0;0;;1;0;;1;0;;1;0;;1;0;
74000;1;0;;1;0;;0;1;;1;0;;1;0;;1;0;;1;0;
74010;1;1;;1;0;;0;0;;1;0;;1;0;;1;0;;1;0;
74020;1;0;;1;0;;0;0;;1;0;;1;0;;1;0;;1;0;
74030;1;0;;1;0;;0;1;;1;0;;1;0;;1;0;;1;0;
74040;1;0;;1;0;;0;0;;1;0;;1;0;;1;0;;1;0;
74050;1;0;;1;0;;0;0;;1;0;;1;0;;1;0;;1;0;
74060;1;0;;1;0;;0;1;;1;0;;1;0;;1;0;;1;0;
74070;1;0;;1;0;;0;0;;1;0;;1;0;;1;0;;1;0;
74080;1;0;;1;0;;0;0;;1;0;;1;0;;1;0;;1;0;
74090;1;0;;1;0;;0;1;;1;0;;1;0;;1;0;;1;0;
74100;1;0;;1;0;;0;0;;1;0;;1;0;;1;0;;1;0;
74110;1;0;;1;0;;0;0;;1;0;;1;0;;1;0;;1;0;
74120;1;0;;1;0;;0;1;;1;0;;1;0;;1;0;;1;0;
74130;1;0;;1;0;;0;0;;1;0;;1;0;;1;0;;1;0;
74140;1;0;;1;0;;0;0;;1;0;;1;0;;1;0;;1;0;
74150;1;0;;1;0;;0;1;;1;0;;1;0;;1;0;;1;0;
74160;1;0;;1;0;;0;0;;1;0;;1;0;;1;0;;1;0;
74170;1;0;;1;0;;0;0;;1;0;;1;0;;1;0;;1;0;
74180;1;0;;1;0;;0;1;;1;0;;1;0;;1;0;;1;0;
74190;1;0;;1;0;;0;0;;1;0;;1;0;;1;0;;1;0;
74200;1;0;;1;0;;0;0;;1;0;;1;0;;1;0;;1;0;
74210;1;0;;1;0;;0;1;;1;0;;1;0;;1;0;;1;0;
74220;1;1;;1;0;;0;0;;1;0;;1;0;;1;0;;1;0;
74230;1;0;;1;0;;0;0;;1;0;;1;0;;1;0;;1;0;
74240;1;0;;1;0;;0;1;;1;0;;1;0;;1;0;;1;0;
74250;1;0;;1;0;;0;0;;1;0;;1;0;;1;0;;1;0;
74260;1;0;;1;0;;0;1;;1;0;;1;0;;1;0;;1;0;
74270;1;0;;1;0;;0;0;;1;0;;1;0;;1;0;;1;0;
74280;1;0;;1;0;;0;0;;1;0;;1;0;;1;0;;1;0;
74290;1;0;;1;0;;0;1;;1;0;;1;0;;1;0;;1;0;
74300;1;0;;1;0;;0;0;;1;0;;1;0;;1;0;;1;0;
74310;1;0;;1;0;;0;0;;1;0;;1;0;;1;0;;1;0;
74320;1;0;;1;0;;0;1;;1;0;;1;0;;1;0;;1;0;
74330;1;0;;1;0;;0;0;;1;0;;1;0;;1;0;;1;0;
74340;1;0;;1;0;;0;0;;1;0;;1;0;;1;0;;1;0;
74350;1;0;;1;0;;0;1;;1;0;;1;0;;1;0;;1;0;
74360;1;0;;1;0;;0;0;;1;0;;1;0;;1;0;;1;0;
74370;1;0;;1;0;;0;0;;1;0;;1;0;;1;0;;1;0;
74380;1;0;;1;0;;0;1;;1;0;;1;0;;1;0;;1;0;
74390;1;0;;1;0;;0;0;;1;0;;1;0;;1;0;;1;0;
74400;1;0;;1;0;;0;0;;1;0;;1;0;;1;0;;1;0;
74410;1;0;;1;0;;0;1;;1;0;;1;0;;1;0;;1;0;
74420;1;0;;1;0;;0;0;;1;0;;1;0;;1;0;;1;0;
74430;1;0;;1;0;;0;0;;1;0;;1;0;;1;0;;1;0;
74440;1;0;;1;0;;0;1;;1;0;;1;0;;1;0;;1;0;
74450;1;1;;1;0;;0;0;;1;0;;1;0;;1;0;;1;0;
74460;1;0;;1;0;;0;1;;1;0;;1;0;;1;0;;1;0;
74470;1;0;;1;0;;0;0;;1;0;;1;0;;1;0;;1;0;
74480;1;0;;1;0;;0;0;;1;0;;1;0;;1;0;;1;0;
74490;1;0;;1;0;;0;1;;1;0;;1;0;;1;0;;1;0;
74500;1;0;;1;0;;0;0;;1;0;;1;0;;1;0;;1;0;
74510;1;0;;1;0;;0;0;;1;0;;1;0;;1;0;;1;0;
74520;1;0;;1;0;;0;1;;1;0;;1;0;;1;0;;1;0;
74530;1;0;;1;0;;0;0;;1;0;;1;0;;1;0;;1;0;
74540;1;0;;1;0;;0;0;;1;0;;1;0;;1;0;;1;0;
74550;1;0;;1;0;;0;1;;1;0;;1;0;;1;0;;1;0;
74560;1;0;;1;0;;0;0;;1;0;;1;0;;1;0;;1;0;
74570;1;0;;1;0;;0;0;;1;0;;1;0;;1;0;;1;0;
74580;1;0;;1;0;;0;1;;1;0;;1;0;;1;0;;1;0;
74590;1;0;;1;0;;0;0;;1;0;;1;0;;1;0;;1;0;
74600;1;0;;1;0;;0;1;;1;0;;1;0;;1;0;;1;0;
74610;1;0;;1;0;;0;0;;1;0;;1;0;;1;0;;1;0;
74620;1;0;;1;0;;0;0;;1;0;;1;0;;1;0;;1;0;
74630;1;0;;1;0;;0;1;;1;0;;1;1;;1;1;;1;0;
74640;1;0;;1;0;;0;0;;1;0;;1;0;;1;0;;1;0;
74650;1;0;;1;0;;0;0;;1;0;;1;0;;1;0;;1;0;
74660;1;0;;1;0;;0;1;;1;0;;1;0;;1;0;;1;0;
74670;1;0;;1;0;;0;0;;1;0;;1;0;;1;0;;1;0;
74680;1;0;;1;0;;0;0;;1;0;;1;0;;1;0;;1;0;
74690;1;0;;1;0;;0;1;;1;0;;1;0;;1;0;;1;0;
74700;1;1;;1;0;;0;0;;1;0;;1;0;;1;0;;1;0;
74710;1;0;;1;0;;0;1;;1;0;;1;0;;1;0;;1;0;
74720;1;0;;1;0;;0;0;;1;0;;1;0;;1;0;;1;0;
74730;1;0;;1;0;;0;0;;1;0;;1;0;;1;0;;1;0;
74740;1;0;;1;0;;0;1;;1;0;;1;0;;1;0;;1;0;
74750;1;0;;1;0;;0;0;;1;0;;1;0;;1;0;;1;0;
74760;1;0;;1;0;;0;0;;1;0;;1;0;;1;0;;1;0;
74770;1;0;;1;0;;0;1;;1;0;;1;0;;1;0;;1;0;
74780;1;0;;1;0;;0;0;;1;0;;1;0;;1;0;;1;0;
74790;1;0;;1;0;;0;1;;1;0;;1;0;;1;0;;1;0;
74800;1;0;;1;0;;0;0;;1;0;;1;0;;1;0;;1;0;
74810;1;0;;1;0;;0;0;;1;0;;1;0;;1;0;;1;0;
74820;1;0;;1;0;;0;1;;1;0;;1;0;;1;0;;1;0;
74830;1;0;;1;0;;0;0;;1;0;;1;0;;1;0;;1;0;
74840;1;0;;1;0;;0;0;;1;0;;1;0;;1;0;;1;0;
74850;1;0;;1;0;;0;1;;1;0;;1;0;;1;0;;1;0;
74860;1;0;;1;0;;0;0;;1;0;;1;0;;1;0;;1;0;
74870;1;0;;1;0;;0;0;;1;0;;1;0;;1;0;;1;0;
74880;1;0;;1;0;;0;1;;1;0;;1;0;;1;0;;1;0;
74890;1;0;;1;0;;0;0;;1;0;;1;0;;1;0;;1;0;
74900;1;0;;1;0;;0;1;;1;0;;1;0;;1;0;;1;0;
74910;1;0;;1;0;;0;0;;1;0;;1;0;;1;0;;1;0;
74920;1;0;;1;0;;0;0;;1;0;;1;0;;1;0;;1;0;
74930;1;0;;1;0;;0;1;;1;0;;1;0;;1;0;;1;0;
74940;1;0;;1;0;;0;0;;1;0;;1;0;;1;0;;1;0;
74950;1;0;;1;0;;0;0;;1;0;;1;0;;1;0;;1;0;
74960;1;0;;1;0;;0;1;;1;0;;1;0;;1;0;;1;0;
74970;1;0;;1;0;;0;0;;1;0;;1;0;;1;0;;1;0;
74980;1;1;;1;0;;0;1;;1;0;;1;0;;1;0;;1;0;
74990;1;0;;1;0;;0;0;;1;0;;1;0;;1;0;;1;0;
75000;1;0;;1;0;;0;0;;1;0;;1;0;;1;0;;1;0;
75010;1;0;;1;0;;0;1;;1;0;;1;0;;1;0;;1;0;
75020;1;0;;1;0;;0;0;;1;0;;1;0;;1;0;;1;0;
75030;1;0;;1;0;;0;1;;1;0;;1;0;;1;0;;1;0;
75040;1;0;;1;0;;0;0;;1;0;;1;0;;1;0;;1;0;
75050;1;0;;1;0;;0;0;;1;0;;1;0;;1;0;;1;0;
75060;1;0;;1;0;;0;1;;1;0;;1;0;;1;0;;1;0;
75070;1;0;;1;0;;0;0;;1;0;;1;0;;1;0;;1;0;
75080;1;0;;1;0;;0;0;;1;0;;1;0;;1;0;;1;0;
75090;1;0;;1;0;;0;1;;1;0;;1;0;;1;0;;1;0;
75100;1;0;;1;0;;0;0;;1;0;;1;0;;1;0;;1;0;
75110;1;0;;1;0;;0;1;;1;0;;1;0;;1;0;;1;0;
75120;1;0;;1;0;;0;0;;1;0;;1;0;;1;0;;1;0;
75130;1;0;;1;0;;0;0;;1;0;;1;0;;1;0;;1;0;
75140;1;0;;1;0;;0;1;;1;0;;1;0;;1;0;;1;0;
75150;1;0;;1;0;;0;0;;1;0;;1;0;;1;0;;1;0;
75160;1;0;;1;0;;0;1;;1;0;;1;0;;1;0;;1;0;
75170;1;0;;1;0;;0;0;;1;0;;1;0;;1;0;;1;0;
75180;1;0;;1;0;;0;0;;1;0;;1;0;;1;0;;1;0;
75190;1;0;;1;0;;0;1;;1;0;;1;0;;1;0;;1;0;
75200;1;0;;1;0;;0;0;;1;0;;1;0;;1;0;;1;0;
75210;1;0;;1;0;;0;0;;1;0;;1;0;;1;0;;1;0;
75220;1;0;;1;0;;0;1;;1;0;;1;0;;1;0;;1;0;
75230;1;0;;1;0;;0;0;;1;0;;1;0;;1;0;;1;0;
75240;1;0;;1;0;;0;1;;1;0;;1;0;;1;0;;1;0;
75250;1;0;;1;0;;0;0;;1;0;;1;0;;1;0;;1;0;
75260;1;0;;1;0;;0;0;;1;0;;1;0;;1;0;;1;0;
75270;1;0;;1;0;;0;1;;1;0;;1;0;;1;0;;1;0;
75280;1;0;;1;0;;0;0;;1;0;;1;0;;1;0;;1;0;
75290;1;0;;1;0;;0;1;;1;0;;1;0;;1;0;;1;0;
75300;1;1;;1;0;;0;0;;1;0;;1;0;;1;0;;1;0;
75310;1;0;;1;0;;0;0;;1;0;;1;0;;1;0;;1;0;
75320;1;0;;1;0;;0;1;;1;0;;1;0;;1;0;;1;0;
75330;1;0;;1;0;;0;0;;1;0;;1;0;;1;0;;1;0;
75340;1;0;;1;0;;0;1;;1;0;;1;0;;1;0;;1;0;
75350;1;0;;1;0;;0;0;;1;0;;1;0;;1;0;;1;0;
75360;1;0;;1;0;;0;0;;1;0;;1;0;;1;0;;1;0;
75370;1;0;;1;0;;0;1;;1;0;;1;0;;1;0;;1;0;
75380;1;0;;1;0;;0;0;;1;0;;1;0;;1;0;;1;0;
75390;1;0;;1;0;;0;1;;1;0;;1;0;;1;0;;1;0;
75400;1;0;;1;0;;0;0;;1;0;;1;0;;1;0;;1;0;
75410;1;0;;1;0;;0;0;;1;0;;1;0;;1;0;;1;0;
75420;1;0;;1;0;;0;1;;1;0;;1;0;;1;0;;1;0;
75430;1;0;;1;0;;0;0;;1;0;;1;0;;1;0;;1;0;
75440;1;0;;1;0;;0;1;;1;0;;1;1;;1;1;;1;0;
75450;1;0;;1;0;;0;0;;1;0;;1;0;;1;0;;1;0;
75460;1;0;;1;0;;0;0;;1;0;;1;0;;1;0;;1;0;
75470;1;0;;1;0;;0;1;;1;0;;1;0;;1;0;;1;0;
75480;1;0;;1;0;;0;0;;1;0;;1;0;;1;0;;1;0;
75490;1;0;;1;0;;0;1;;1;0;;1;0;;1;0;;1;0;
75500;1;0;;1;0;;0;0;;1;0;;1;0;;1;0;;1;0;
75510;1;0;;1;0;;0;0;;1;0;;1;0;;1;0;;1;0;
75520;1;0;;1;0;;0;1;;1;0;;1;0;;1;0;;1;0;
75530;1;0;;1;0;;0;0;;1;0;;1;0;;1;0;;1;0;
75540;1;0;;1;0;;0;1;;1;0;;1;0;;1;0;;1;0;
75550;1;0;;1;0;;0;0;;1;0;;1;0;;1;0;;1;0;
75560;1;0;;1;0;;0;0;;1;0;;1;0;;1;0;;1;0;
75570;1;0;;1;0;;0;1;;1;1;;1;0;;1;0;;1;0;
75580;1;0;;1;0;;0;0;;1;0;;1;0;;1;0;;1;0;
75590;1;0;;1;0;;0;1;;1;0;;1;0;;1;0;;1;0;
75600;1;0;;1;0;;0;0;;1;0;;1;0;;1;0;;1;0;
75610;1;0;;1;0;;0;0;;1;0;;1;0;;1;0;;1;0;
75620;1;0;;1;0;;0;1;;1;0;;1;0;;1;0;;1;0;
75630;1;0;;1;0;;0;0;;1;0;;1;0;;1;0;;1;0;
75640;1;0;;1;0;;0;1;;1;0;;1;0;;1;0;;1;0;
75650;1;0;;1;0;;0;0;;1;0;;1;0;;1;0;;1;0;
75660;1;0;;1;0;;0;0;;1;0;;1;0;;1;0;;1;0;
75670;1;1;;1;0;;0;1;;1;0;;1;0;;1;0;;1;0;
75680;1;0;;1;0;;0;0;;1;0;;1;0;;1;0;;1;0;
75690;1;0;;1;0;;0;1;;1;0;;1;0;;1;0;;1;0;
75700;1;0;;1;0;;0;0;;1;0;;1;0;;1;0;;1;0;
75710;1;0;;1;0;;0;1;;1;0;;1;0;;1;0;;1;0;
75720;1;0;;1;0;;0;0;;1;0;;1;0;;1;0;;1;0;
75730;1;0;;1;0;;0;0;;1;0;;1;0;;1;0;;1;0;
75740;1;0;;1;0;;0;1;;1;0;;1;0;;1;0;;1;0;
75750;1;0;;1;0;;0;0;;1;0;;1;0;;1;0;;1;0;
75760;1;0;;1;0;;0;1;;1;0;;1;0;;1;0;;1;0;
75770;1;0;;1;0;;0;0;;1;0;;1;0;;1;0;;1;0;
75780;1;0;;1;0;;0;0;;1;0;;1;0;;1;0;;1;0;
75790;1;0;;1;0;;0;1;;1;0;;1;0;;1;0;;1;0;
75800;1;0;;1;0;;0;0;;1;0;;1;0;;1;0;;1;0;
75810;1;0;;1;0;;0;1;;1;0;;1;0;;1;0;;1;0;
75820;1;0;;1;0;;0;0;;1;0;;1;0;;1;0;;1;0;
75830;1;0;;1;0;;0;1;;1;0;;1;0;;1;0;;1;0;
75840;1;0;;1;0;;0;0;;1;0;;1;0;;1;0;;1;0;
75850;1;0;;1;0;;0;0;;1;0;;1;0;;1;0;;1;0;
75860;1;0;;1;0;;0;1;;1;0;;1;0;;1;0;;1;0;
75870;1;0;;1;0;;0;0;;1;0;;1;0;;1;0;;1;0;
75880;1;0;;1;0;;0;1;;1;0;;1;0;;1;0;;1;0;
75890;1;0;;1;0;;0;0;;1;0;;1;0;;1;0;;1;0;
75900;1;0;;1;0;;0;1;;1;0;;1;0;;1;0;;1;0;
75910;1;0;;1;0;;0;0;;1;0;;1;0;;1;0;;1;0;
75920;1;0;;1;0;;0;0;;1;0;;1;0;;1;0;;1;0;
75930;1;0;;1;0;;0;1;;1;0;;1;0;;1;0;;1;0;
75940;1;0;;1;0;;0;0;;1;0;;1;0;;1;0;;1;0;
75950;1;0;;1;0;;0;1;;1;0;;1;0;;1;0;;1;0;
75960;1;0;;1;0;;0;0;;1;0;;1;0;;1;0;;1;0;
75970;1;0;;1;0;;0;0;;1;0;;1;0;;1;0;;1;0;
75980;1;0;;1;0;;0;1;;1;0;;1;0;;1;0;;1;0;
75990;1;0;;1;0;;0;0;;1;0;;1;0;;1;0;;1;0;
76000;1;0;;1;0;;0;1;;1;0;;1;0;;1;0;;1;0;
76010;1;0;;1;0;;0;0;;1;0;;1;0;;1;0;;1;0;
76020;1;0;;1;0;;0;1;;1;0;;1;0;;1;0;;1;0;
76030;1;0;;1;0;;0;0;;1;0;;1;0;;1;0;;1;0;
76040;1;0;;1;0;;0;0;;1;0;;1;0;;1;0;;1;0;
76050;1;0;;1;0;;0;1;;1;0;;1;0;;1;0;;1;0;
76060;1;0;;1;0;;0;0;;1;0;;1;0;;1;0;;1;0;
76070;1;0;;1;0;;0;1;;1;0;;1;0;;1;0;;1;0;
76080;1;0;;1;0;;0;0;;1;0;;1;0;;1;0;;1;0;
76090;1;0;;1;0;;0;1;;1;0;;1;0;;1;0;;1;0;
76100;1;0;;1;0;;0;0;;1;0;;1;0;;1;0;;1;0;
76110;1;0;;1;0;;0;0;;1;0;;1;0;;1;0;;1;0;
76120;1;1;;1;0;;0;1;;1;0;;1;0;;1;0;;1;0;
76130;1;0;;1;0;;0;0;;1;0;;1;0;;1;0;;1;0;
76140;1;0;;1;0;;0;1;;1;0;;1;0;;1;0;;1;0;
76150;1;0;;1;0;;0;0;;1;0;;1;0;;1;0;;1;0;
76160;1;0;;1;0;;0;1;;1;0;;1;0;;1;0;;1;0;
76170;1;0;;1;0;;0;0;;1;0;;1;0;;1;0;;1;0;
76180;1;0;;1;0;;0;1;;1;0;;1;0;;1;0;;1;0;
76190;1;0;;1;0;;0;0;;1;0;;1;0;;1;0;;1;0;
76200;1;0;;1;0;;0;0;;1;0;;1;0;;1;0;;1;0;
76210;1;0;;1;0;;0;1;;1;0;;1;0;;1;0;;1;0;
76220;1;0;;1;0;;0;0;;1;0;;1;0;;1;0;;1;0;
76230;1;0;;1;0;;0;1;;1;0;;1;0;;1;0;;1;0;
76240;1;0;;1;0;;0;0;;1;0;;1;0;;1;0;;1;0;
76250;1;0;;1;0;;0;1;;1;0;;1;0;;1;0;;1;0;
76260;1;0;;1;0;;0;0;;1;0;;1;1;;1;1;;1;0;
76270;1;0;;1;0;;0;0;;1;0;;1;0;;1;0;;1;0;
76280;1;0;;1;0;;0;1;;1;0;;1;0;;1;0;;1;0;
76290;1;0;;1;0;;0;0;;1;0;;1;0;;1;0;;1;0;
76300;1;0;;1;0;;0;1;;1;0;;1;0;;1;0;;1;0;
76310;1;0;;1;0;;0;0;;1;0;;1;0;;1;0;;1;0;
76320;1;0;;1;0;;0;1;;1;0;;1;0;;1;0;;1;0;
76330;1;0;;1;0;;0;0;;1;0;;1;0;;1;0;;1;0;
76340;1;0;;1;0;;0;1;;1;0;;1;0;;1;0;;1;0;
76350;1;0;;1;0;;0;0;;1;0;;1;0;;1;0;;1;0;
76360;1;0;;1;0;;0;0;;1;0;;1;0;;1;0;;1;0;
76370;1;0;;1;0;;0;1;;1;0;;1;0;;1;0;;1;0;
76380;1;0;;1;0;;0;0;;1;0;;1;0;;1;0;;1;0;
76390;1;0;;1;0;;0;1;;1;0;;1;0;;1;0;;1;0;
76400;1;0;;1;0;;0;0;;1;0;;1;0;;1;0;;1;0;
76410;1;0;;1;0;;0;1;;1;0;;1;0;;1;0;;1;0;
76420;1;0;;1;0;;0;0;;1;0;;1;0;;1;0;;1;0;
76430;1;0;;1;0;;0;1;;1;0;;1;0;;1;0;;1;0;
76440;1;0;;1;0;;0;0;;1;0;;1;0;;1;0;;1;0;
76450;1;0;;1;0;;0;0;;1;0;;1;0;;1;0;;1;0;
76460;1;0;;1;0;;0;1;;1;0;;1;0;;1;0;;1;0;
76470;1;0;;1;0;;0;0;;1;0;;1;0;;1;0;;1;0;
76480;1;0;;1;0;;0;1;;1;0;;1;0;;1;0;;1;0;
76490;1;0;;1;0;;0;0;;1;0;;1;0;;1;0;;1;0;
76500;1;0;;1;0;;0;1;;1;0;;1;0;;1;0;;1;0;
76510;1;0;;1;0;;0;0;;1;0;;1;0;;1;0;;1;0;
76520;1;0;;1;0;;0;1;;1;0;;1;0;;1;0;;1;0;
76530;1;0;;1;0;;0;0;;1;0;;1;0;;1;0;;1;0;
76540;1;0;;1;0;;0;1;;1;0;;1;0;;1;0;;1;0;
76550;1;0;;1;0;;0;0;;1;0;;1;0;;1;0;;1;0;
76560;1;0;;1;0;;0;0;;1;0;;1;0;;1;0;;1;0;
76570;1;0;;1;0;;0;1;;1;0;;1;0;;1;0;;1;0;
76580;1;0;;1;0;;0;0;;1;0;;1;0;;1;0;;1;0;
76590;1;0;;1;0;;0;1;;1;0;;1;0;;1;0;;1;0;
76600;1;0;;1;0;;0;0;;1;0;;1;0;;1;0;;1;0;
76610;1;0;;1;0;;0;1;;1;0;;1;0;;1;0;;1;0;
76620;1;0;;1;0;;0;0;;1;0;;1;0;;1;0;;1;0;
76630;1;0;;1;0;;0;1;;1;0;;1;0;;1;0;;1;0;
76640;1;0;;1;0;;0;0;;1;0;;1;0;;1;0;;1;0;
76650;1;0;;1;0;;0;1;;1;0;;1;0;;1;0;;1;0;
76660;1;0;;1;0;;0;0;;1;0;;1;0;;1;0;;1;0;
76670;1;0;;1;0;;0;0;;1;0;;1;0;;1;0;;1;0;
76680;1;0;;1;0;;0;1;;1;0;;1;0;;1;0;;1;0;
76690;1;0;;1;0;;0;0;;1;0;;1;0;;1;0;;1;0;
76700;1;1;;1;0;;0;1;;1;0;;1;0;;1;0;;1;0;
76710;1;0;;1;0;;0;0;;1;0;;1;0;;1;0;;1;0;
76720;1;0;;1;0;;0;1;;1;0;;1;0;;1;0;;1;0;
76730;1;0;;1;0;;0;0;;1;0;;1;0;;1;0;;1;0;
76740;1;0;;1;0;;0;1;;1;0;;1;0;;1;0;;1;0;
76750;1;0;;1;0;;0;0;;1;0;;1;0;;1;0;;1;0;
76760;1;0;;1;0;;0;1;;1;0;;1;0;;1;0;;1;0;
76770;1;0;;1;0;;0;0;;1;0;;1;0;;1;0;;1;0;
76780;1;0;;1;0;;0;1;;1;0;;1;0;;1;0;;1;0;
76790;1;0;;1;0;;0;0;;1;0;;1;0;;1;0;;1;0;
76800;1;0;;1;0;;0;0;;1;0;;1;0;;1;0;;1;0;
76810;1;0;;1;0;;0;1;;1;0;;1;0;;1;0;;1;0;
76820;1;0;;1;0;;0;0;;1;0;;1;0;;1;0;;1;0;
76830;1;0;;1;0;;0;1;;1;0;;1;0;;1;0;;1;0;
76840;1;0;;1;0;;0;0;;1;0;;1;0;;1;0;;1;0;
76850;1;0;;1;0;;0;1;;1;0;;1;0;;1;0;;1;0;
76860;1;0;;1;0;;0;0;;1;0;;1;0;;1;0;;1;0;
76870;1;0;;1;0;;0;1;;1;0;;1;0;;1;0;;1;0;
76880;1;0;;1;0;;0;0;;1;0;;1;0;;1;0;;1;0;
76890;1;0;;1;0;;0;1;;1;0;;1;0;;1;0;;1;0;
76900;1;0;;1;0;;0;0;;1;0;;1;0;;1;0;;1;0;
76910;1;0;;1;0;;0;1;;1;0;;1;0;;1;0;;1;0;
76920;1;0;;1;0;;0;0;;1;0;;1;0;;1;0;;1;0;
76930;1;0;;1;0;;0;1;;1;0;;1;0;;1;0;;1;0;
76940;1;0;;1;0;;0;0;;1;0;;1;0;;1;0;;1;0;
76950;1;0;;1;0;;0;1;;1;0;;1;0;;1;0;;1;0;
76960;1;0;;1;0;;0;0;;1;0;;1;0;;1;0;;1;0;
76970;1;0;;1;0;;0;0;;1;0;;1;0;;1;0;;1;0;
76980;1;0;;1;0;;0;1;;1;0;;1;0;;1;0;;1;0;
76990;1;0;;1;0;;0;0;;1;0;;1;0;;1;0;;1;0;
77000;1;0;;1;0;;0;1;;1;0;;1;0;;1;0;;1;0;
77010;1;0;;1;0;;0;0;;1;0;;1;0;;1;0;;1;0;
77020;1;0;;1;0;;0;1;;1;0;;1;0;;1;0;;1;0;
77030;1;0;;1;0;;0;0;;1;0;;1;0;;1;0;;1;0;
77040;1;0;;1;0;;0;1;;1;0;;1;0;;1;0;;1;0;
77050;1;0;;1;0;;0;0;;1;0;;1;0;;1;0;;1;0;
77060;1;0;;1;0;;0;1;;1;0;;1;0;;1;0;;1;0;
77070;1;0;;1;0;;0;0;;1;0;;1;0;;1;0;;1;0;
77080;1;0;;1;0;;0;1;;1;0;;1;0;;1;0;;1;0;
77090;1;0;;1;0;;0;0;;1;0;;1;1;;1;1;;1;0;
77100;1;0;;1;0;;0;1;;1;0;;1;0;;1;0;;1;0;
77110;1;0;;1;0;;0;0;;1;0;;1;0;;1;0;;1;0;
77120;1;0;;1;0;;0;1;;1;0;;1;0;;1;0;;1;0;
77130;1;0;;1;0;;0;0;;1;0;;1;0;;1;0;;1;0;
77140;1;0;;1;0;;0;1;;1;0;;1;0;;1;0;;1;0;
77150;1;0;;1;0;;0;0;;1;0;;1;0;;1;0;;1;0;
77160;1;0;;1;0;;0;1;;1;0;;1;0;;1;0;;1;0;
77170;1;0;;1;0;;0;0;;1;0;;1;0;;1;0;;1;0;
77180;1;0;;1;0;;0;1;;1;0;;1;0;;1;0;;1;0;
77190;1;0;;1;0;;0;0;;1;0;;1;0;;1;0;;1;0;
77200;1;0;;1;0;;0;1;;1;0;;1;0;;1;0;;1;0;
77210;1;0;;1;0;;0;0;;1;0;;1;0;;1;0;;1;0;
77220;1;0;;1;0;;0;0;;1;0;;1;0;;1;0;;1;0;
77230;1;0;;1;0;;0;1;;1;0;;1;0;;1;0;;1;0;
77240;1;0;;1;0;;0;0;;1;0;;1;0;;1;0;;1;0;
77250;1;0;;1;0;;0;1;;1;0;;1;0;;1;0;;1;0;
77260;1;0;;1;0;;0;0;;1;0;;1;0;;1;0;;1;0;
77270;1;0;;1;0;;0;1;;1;0;;1;0;;1;0;;1;0;
77280;1;0;;1;0;;0;0;;1;0;;1;0;;1;0;;1;0;
77290;1;0;;1;0;;0;1;;1;0;;1;0;;1;0;;1;0;
77300;1;0;;1;0;;0;0;;1;0;;1;0;;1;0;;1;0;
77310;1;0;;1;0;;0;1;;1;0;;1;0;;1;0;;1;0;
77320;1;0;;1;0;;0;0;;1;0;;1;0;;1;0;;1;0;
77330;1;0;;1;0;;0;1;;1;0;;1;0;;1;0;;1;0;
77340;1;0;;1;0;;0;0;;1;0;;1;0;;1;0;;1;0;
77350;1;0;;1;0;;0;1;;1;0;;1;0;;1;0;;1;0;
77360;1;0;;1;0;;0;0;;1;0;;1;0;;1;0;;1;0;
77370;1;0;;1;0;;0;1;;1;0;;1;0;;1;0;;1;0;
77380;1;0;;1;0;;0;0;;1;0;;1;0;;1;0;;1;0;
77390;1;0;;1;0;;0;1;;1;0;;1;0;;1;0;;1;0;
77400;1;0;;1;0;;0;0;;1;0;;1;0;;1;0;;1;0;
77410;1;0;;1;0;;0;1;;1;0;;1;0;;1;0;;1;0;
77420;1;0;;1;0;;0;0;;1;0;;1;0;;1;0;;1;0;
77430;1;0;;1;0;;0;1;;1;0;;1;0;;1;0;;1;0;
77440;1;0;;1;0;;0;0;;1;0;;1;0;;1;0;;1;0;
77450;1;0;;1;0;;0;1;;1;0;;1;0;;1;0;;1;0;
77460;1;0;;1;0;;0;0;;1;0;;1;0;;1;0;;1;0;
77470;1;0;;1;0;;0;1;;1;0;;1;0;;1;0;;1;0;
77480;1;0;;1;0;;0;0;;1;0;;1;0;;1;0;;1;0;
77490;1;0;;1;0;;0;1;;1;0;;1;0;;1;0;;1;0;
77500;1;0;;1;0;;0;0;;1;0;;1;0;;1;0;;1;0;
77510;1;0;;1;0;;0;1;;1;0;;1;0;;1;0;;1;0;
77520;1;0;;1;0;;0;0;;1;0;;1;0;;1;0;;1;0;
77530;1;0;;1;0;;0;1;;1;0;;1;0;;1;0;;1;0;
77540;1;0;;1;0;;0;0;;1;0;;1;0;;1;0;;1;0;
77550;1;0;;1;0;;0;1;;1;0;;1;0;;1;0;;1;0;
77560;1;0;;1;0;;0;0;;1;0;;1;0;;1;0;;1;0;
77570;1;0;;1;0;;0;1;;1;0;;1;0;;1;0;;1;0;
77580;1;1;;1;0;;0;0;;1;0;;1;0;;1;0;;1;0;
77590;1;0;;1;0;;0;1;;1;0;;1;0;;1;0;;1;0;
77600;1;0;;1;0;;0;0;;1;0;;1;0;;1;0;;1;0;
77610;1;0;;1;0;;0;1;;1;0;;1;0;;1;0;;1;0;
77620;1;0;;1;0;;0;0;;1;0;;1;0;;1;0;;1;0;
77630;1;0;;1;0;;0;1;;1;0;;1;0;;1;0;;1;0;
77640;1;0;;1;0;;0;0;;1;0;;1;0;;1;0;;1;0;
77650;1;0;;1;0;;0;1;;1;0;;1;0;;1;0;;1;0;
77660;1;0;;1;0;;0;0;;1;0;;1;0;;1;0;;1;0;
77670;1;0;;1;0;;0;1;;1;0;;1;0;;1;0;;1;0;
77680;1;0;;1;0;;0;0;;1;0;;1;0;;1;0;;1;0;
77690;1;0;;1;0;;0;1;;1;0;;1;0;;1;0;;1;0;
77700;1;0;;1;0;;0;0;;1;0;;1;0;;1;0;;1;0;
77710;1;0;;1;0;;0;1;;1;0;;1;0;;1;0;;1;0;
77720;1;0;;1;0;;0;0;;1;0;;1;0;;1;0;;1;0;
77730;1;0;;1;0;;0;1;;1;0;;1;0;;1;0;;1;0;
77740;1;0;;1;0;;0;0;;1;0;;1;0;;1;0;;1;0;
77750;1;0;;1;0;;0;1;;1;0;;1;0;;1;0;;1;0;
77760;1;0;;1;0;;0;0;;1;0;;1;0;;1;0;;1;0;
77770;1;0;;1;0;;0;1;;1;0;;1;0;;1;0;;1;0;
77780;1;0;;1;0;;0;1;;1;0;;1;0;;1;0;;1;0;
77790;1;0;;1;0;;0;0;;1;0;;1;0;;1;0;;1;0;
77800;1;0;;1;0;;0;1;;1;0;;1;0;;1;0;;1;0;
77810;1;0;;1;0;;0;0;;1;0;;1;0;;1;0;;1;0;
77820;1;0;;1;0;;0;1;;1;0;;1;0;;1;0;;1;0;
77830;1;0;;1;0;;0;0;;1;0;;1;0;;1;0;;1;0;
77840;1;0;;1;0;;0;1;;1;0;;1;0;;1;0;;1;0;
77850;1;0;;1;0;;0;0;;1;0;;1;0;;1;0;;1;0;
77860;1;0;;1;0;;0;1;;1;0;;1;0;;1;0;;1;0;
77870;1;0;;1;0;;0;0;;1;0;;1;0;;1;0;;1;0;
77880;1;0;;1;0;;0;1;;1;0;;1;0;;1;0;;1;0;
77890;1;0;;1;0;;0;0;;1;0;;1;0;;1;0;;1;0;
77900;1;0;;1;0;;0;1;;1;0;;1;0;;1;0;;1;0;
77910;1;0;;1;0;;0;0;;1;0;;1;0;;1;0;;1;0;
77920;1;0;;1;0;;0;1;;1;0;;1;0;;1;0;;1;0;
77930;1;0;;1;0;;0;0;;1;0;;1;0;;1;0;;1;0;
77940;1;0;;1;0;;0;1;;1;0;;1;0;;1;0;;1;0;
77950;1;0;;1;0;;0;0;;1;0;;1;1;;1;1;;1;0;
77960;1;0;;1;0;;0;1;;1;0;;1;0;;1;0;;1;0;
77970;1;0;;1;0;;0;0;;1;0;;1;0;;1;0;;1;0;
77980;1;0;;1;0;;0;1;;1;0;;1;0;;1;0;;1;0;
77990;1;0;;1;0;;0;0;;1;0;;1;0;;1;0;;1;0;
78000;1;0;;1;0;;0;1;;1;0;;1;0;;1;0;;1;0;
78010;1;0;;1;0;;0;0;;1;0;;1;0;;1;0;;1;0;
78020;1;0;;1;0;;0;1;;1;0;;1;0;;1;0;;1;0;
78030;1;0;;1;0;;0;1;;1;0;;1;0;;1;0;;1;0;
78040;1;0;;1;0;;0;0;;1;0;;1;0;;1;0;;1;0;
78050;1;0;;1;0;;0;1;;1;0;;1;0;;1;0;;1;0;
78060;1;0;;1;0;;0;0;;1;0;;1;0;;1;0;;1;0;
78070;1;0;;1;0;;0;1;;1;0;;1;0;;1;0;;1;0;
78080;1;0;;1;0;;0;0;;1;0;;1;0;;1;0;;1;0;
78090;1;0;;1;0;;0;1;;1;0;;1;0;;1;0;;1;0;
78100;1;0;;1;0;;0;0;;1;0;;1;0;;1;0;;1;0;
78110;1;0;;1;0;;0;1;;1;0;;1;0;;1;0;;1;0;
78120;1;0;;1;0;;0;0;;1;0;;1;0;;1;0;;1;0;
78130;1;0;;1;0;;0;1;;1;0;;1;0;;1;0;;1;0;
78140;1;0;;1;0;;0;0;;1;0;;1;0;;1;0;;1;0;
78150;1;0;;1;0;;0;1;;1;0;;1;0;;1;0;;1;0;
78160;1;0;;1;0;;0;0;;1;0;;1;0;;1;0;;1;0;
78170;1;0;;1;0;;0;1;;1;0;;1;0;;1;0;;1;0;
78180;1;0;;1;0;;0;0;;1;0;;1;0;;1;0;;1;0;
78190;1;0;;1;0;;0;1;;1;0;;1;0;;1;0;;1;0;
78200;1;0;;1;0;;0;1;;1;0;;1;0;;1;0;;1;0;
78210;1;0;;1;0;;0;0;;1;0;;1;0;;1;0;;1;0;
78220;1;0;;1;0;;0;1;;1;0;;1;0;;1;0;;1;0;
78230;1;0;;1;0;;0;0;;1;0;;1;0;;1;0;;1;0;
78240;1;0;;1;0;;0;1;;1;0;;1;0;;1;0;;1;0;
78250;1;0;;1;0;;0;0;;1;0;;1;0;;1;0;;1;0;
78260;1;0;;1;0;;0;1;;1;0;;1;0;;1;0;;1;0;
78270;1;0;;1;0;;0;0;;1;0;;1;0;;1;0;;1;0;
78280;1;0;;1;0;;0;1;;1;0;;1;0;;1;0;;1;0;
78290;1;0;;1;0;;0;0;;1;0;;1;0;;1;0;;1;0;
78300;1;0;;1;0;;0;1;;1;0;;1;0;;1;0;;1;0;
78310;1;0;;1;0;;0;0;;1;0;;1;0;;1;0;;1;0;
78320;1;0;;1;0;;0;1;;1;0;;1;0;;1;0;;1;0;
78330;1;0;;1;0;;0;1;;1;0;;1;0;;1;0;;1;0;
78340;1;0;;1;0;;0;0;;1;0;;1;0;;1;0;;1;0;
78350;1;0;;1;0;;0;1;;1;0;;1;0;;1;0;;1;0;
78360;1;0;;1;0;;0;0;;1;0;;1;0;;1;0;;1;0;
78370;1;0;;1;0;;0;1;;1;0;;1;0;;1;0;;1;0;
78380;1;0;;1;0;;0;0;;1;0;;1;0;;1;0;;1;0;
78390;1;0;;1;0;;0;1;;1;0;;1;0;;1;0;;1;0;
78400;1;0;;1;0;;0;0;;1;0;;1;0;;1;0;;1;0;
78410;1;0;;1;0;;0;1;;1;0;;1;0;;1;0;;1;0;
78420;1;0;;1;0;;0;0;;1;0;;1;0;;1;0;;1;0;
78430;1;0;;1;0;;0;1;;1;0;;1;0;;1;0;;1;0;
78440;1;0;;1;0;;0;1;;1;0;;1;0;;1;0;;1;0;
78450;1;0;;1;0;;0;0;;1;0;;1;0;;1;0;;1;0;
78460;1;0;;1;0;;0;1;;1;0;;1;0;;1;0;;1;0;
78470;1;0;;1;0;;0;0;;1;0;;1;0;;1;0;;1;0;
78480;1;0;;1;0;;0;1;;1;0;;1;0;;1;0;;1;0;
78490;1;0;;1;0;;0;0;;1;0;;1;0;;1;0;;1;0;
78500;1;0;;1;0;;0;1;;1;0;;1;0;;1;0;;1;0;
78510;1;0;;1;0;;0;0;;1;0;;1;0;;1;0;;1;0;
78520;1;0;;1;0;;0;1;;1;0;;1;0;;1;0;;1;0;
78530;1;0;;1;0;;0;0;;1;0;;1;0;;1;0;;1;0;
78540;1;0;;1;0;;0;1;;1;0;;1;0;;1;0;;1;0;
78550;1;0;;1;0;;0;1;;1;0;;1;0;;1;0;;1;0;
78560;1;0;;1;0;;0;0;;1;0;;1;0;;1;0;;1;0;
78570;1;0;;1;0;;0;1;;1;0;;1;0;;1;0;;1;0;
78580;1;0;;1;0;;0;0;;1;0;;1;0;;1;0;;1;0;
78590;1;0;;1;0;;0;1;;1;0;;1;0;;1;0;;1;0;
78600;1;0;;1;0;;0;0;;1;0;;1;0;;1;0;;1;0;
78610;1;0;;1;0;;0;1;;1;0;;1;0;;1;0;;1;0;
78620;1;0;;1;0;;0;0;;1;0;;1;0;;1;0;;1;0;
78630;1;0;;1;0;;0;1;;1;0;;1;0;;1;0;;1;0;
78640;1;0;;1;0;;0;1;;1;0;;1;0;;1;0;;1;0;
78650;1;0;;1;0;;0;0;;1;0;;1;0;;1;0;;1;0;
78660;1;0;;1;0;;0;1;;1;0;;1;0;;1;0;;1;0;
78670;1;0;;1;0;;0;0;;1;0;;1;0;;1;0;;1;0;
78680;1;0;;1;0;;0;1;;1;0;;1;0;;1;0;;1;0;
78690;1;0;;1;0;;0;0;;1;0;;1;0;;1;0;;1;0;
78700;1;0;;1;0;;0;1;;1;0;;1;0;;1;0;;1;0;
78710;1;0;;1;0;;0;0;;1;0;;1;0;;1;0;;1;0;
78720;1;0;;1;0;;0;1;;1;0;;1;0;;1;0;;1;0;
78730;1;0;;1;0;;0;1;;1;0;;1;0;;1;0;;1;0;
78740;1;0;;1;0;;0;0;;1;0;;1;0;;1;0;;1;0;
78750;1;0;;1;0;;0;1;;1;0;;1;0;;1;0;;1;0;
78760;1;0;;1;0;;0;0;;1;0;;1;0;;1;0;;1;0;
78770;1;0;;1;0;;0;1;;1;0;;1;0;;1;0;;1;0;
78780;1;0;;1;0;;0;0;;1;0;;1;0;;1;0;;1;0;
78790;1;0;;1;0;;0;1;;1;0;;1;0;;1;0;;1;0;
78800;1;0;;1;0;;0;1;;1;0;;1;0;;1;0;;1;0;
78810;1;0;;1;0;;0;0;;1;0;;1;0;;1;0;;1;0;
78820;1;0;;1;0;;0;1;;1;0;;1;1;;1;1;;1;0;
78830;1;0;;1;0;;0;0;;1;0;;1;0;;1;0;;1;0;
78840;1;0;;1;0;;0;1;;1;0;;1;0;;1;0;;1;0;
78850;1;0;;1;0;;0;0;;1;0;;1;0;;1;0;;1;0;
78860;1;0;;1;0;;0;1;;1;0;;1;0;;1;0;;1;0;
78870;1;0;;1;0;;0;0;;1;0;;1;0;;1;0;;1;0;
78880;1;0;;1;0;;0;1;;1;0;;1;0;;1;0;;1;0;
78890;1;0;;1;0;;0;1;;1;0;;1;0;;1;0;;1;0;
78900;1;0;;1;0;;0;0;;1;0;;1;0;;1;0;;1;0;
78910;1;0;;1;0;;0;1;;1;0;;1;0;;1;0;;1;0;
78920;1;0;;1;0;;0;0;;1;0;;1;0;;1;0;;1;0;
78930;1;0;;1;0;;0;1;;1;0;;1;0;;1;0;;1;0;
78940;1;0;;1;0;;0;0;;1;0;;1;0;;1;0;;1;0;
78950;1;0;;1;0;;0;1;;1;0;;1;0;;1;0;;1;0;
78960;1;0;;1;0;;0;1;;1;0;;1;0;;1;0;;1;0;
78970;1;0;;1;0;;0;0;;1;0;;1;0;;1;0;;1;0;
78980;1;0;;1;0;;0;1;;1;0;;1;0;;1;0;;1;0;
78990;1;0;;1;0;;0;0;;1;0;;1;0;;1;0;;1;0;
79000;1;0;;1;0;;0;1;;1;0;;1;0;;1;0;;1;0;
79010;1;0;;1;0;;0;0;;1;0;;1;0;;1;0;;1;0;
79020;1;0;;1;0;;0;1;;1;0;;1;0;;1;0;;1;0;
79030;1;0;;1;0;;0;1;;1;0;;1;0;;1;0;;1;0;
79040;1;0;;1;0;;0;0;;1;0;;1;0;;1;0;;1;0;
79050;1;0;;1;0;;0;1;;1;0;;1;0;;1;0;;1;0;
79060;1;0;;1;0;;0;0;;1;0;;1;0;;1;0;;1;0;
79070;1;0;;1;0;;0;1;;1;0;;1;0;;1;0;;1;0;
79080;1;0;;1;0;;0;1;;1;0;;1;0;;1;0;;1;0;
79090;1;0;;1;0;;0;0;;1;0;;1;0;;1;0;;1;0;
79100;1;0;;1;0;;0;1;;1;0;;1;0;;1;0;;1;0;
79110;1;0;;1;0;;0;0;;1;0;;1;0;;1;0;;1;0;
79120;1;0;;1;0;;0;1;;1;0;;1;0;;1;0;;1;0;
79130;1;0;;1;0;;0;0;;1;0;;1;0;;1;0;;1;0;
79140;1;0;;1;0;;0;1;;1;0;;1;0;;1;0;;1;0;
79150;1;0;;1;0;;0;1;;1;0;;1;0;;1;0;;1;0;
79160;1;0;;1;0;;0;0;;1;0;;1;0;;1;0;;1;0;
79170;1;0;;1;0;;0;1;;1;0;;1;0;;1;0;;1;0;
79180;1;0;;1;0;;0;0;;1;0;;1;0;;1;0;;1;0;
79190;1;0;;1;0;;0;1;;1;0;;1;0;;1;0;;1;0;
79200;1;0;;1;0;;0;1;;1;0;;1;0;;1;0;;1;0;
79210;1;0;;1;0;;0;0;;1;0;;1;0;;1;0;;1;0;
79220;1;0;;1;0;;0;1;;1;0;;1;0;;1;0;;1;0;
79230;1;0;;1;0;;0;0;;1;0;;1;0;;1;0;;1;0;
79240;1;0;;1;0;;0;1;;1;0;;1;0;;1;0;;1;0;
79250;1;0;;1;0;;0;0;;1;0;;1;0;;1;0;;1;0;
79260;1;0;;1;0;;0;1;;1;0;;1;0;;1;0;;1;0;
79270;1;0;;1;0;;0;1;;1;0;;1;0;;1;0;;1;0;
79280;1;0;;1;0;;0;0;;1;0;;1;0;;1;0;;1;0;
79290;1;0;;1;0;;0;1;;1;0;;1;0;;1;0;;1;0;
79300;1;0;;1;0;;0;0;;1;0;;1;0;;1;0;;1;0;
79310;1;0;;1;0;;0;1;;1;0;;1;0;;1;0;;1;0;
79320;1;0;;1;0;;0;1;;1;0;;1;0;;1;0;;1;0;
79330;1;0;;1;0;;0;0;;1;0;;1;0;;1;0;;1;0;
79340;1;0;;1;0;;0;1;;1;0;;1;0;;1;0;;1;0;
79350;1;0;;1;0;;0;0;;1;0;;1;0;;1;0;;1;0;
79360;1;0;;1;0;;0;1;;1;0;;1;0;;1;0;;1;0;
79370;1;0;;1;0;;0;1;;1;0;;1;0;;1;0;;1;0;
79380;1;0;;1;0;;0;0;;1;0;;1;0;;1;0;;1;0;
79390;1;0;;1;0;;0;1;;1;0;;1;0;;1;0;;1;0;
79400;1;0;;1;0;;0;0;;1;0;;1;0;;1;0;;1;0;
79410;1;0;;1;0;;0;1;;1;0;;1;0;;1;0;;1;0;
79420;1;0;;1;0;;0;0;;1;0;;1;0;;1;0;;1;0;
79430;1;0;;1;0;;0;1;;1;0;;1;0;;1;0;;1;0;
79440;1;0;;1;0;;0;1;;1;0;;1;0;;1;0;;1;0;
79450;1;0;;1;0;;0;0;;1;0;;1;0;;1;0;;1;0;
79460;1;0;;1;0;;0;1;;1;0;;1;0;;1;0;;1;0;
79470;1;0;;1;0;;0;0;;1;0;;1;0;;1;0;;1;0;
79480;1;0;;1;0;;0;1;;1;0;;1;0;;1;0;;1;0;
79490;1;0;;1;0;;0;1;;1;0;;1;0;;1;0;;1;0;
79500;1;0;;1;0;;0;0;;1;0;;1;0;;1;0;;1;0;
79510;1;0;;1;0;;0;1;;1;0;;1;0;;1;0;;1;0;
79520;1;0;;1;0;;0;0;;1;0;;1;0;;1;0;;1;0;
79530;1;0;;1;0;;0;1;;1;0;;1;0;;1;0;;1;0;
79540;1;0;;1;0;;0;1;;1;0;;1;0;;1;0;;1;0;
79550;1;0;;1;0;;0;0;;1;0;;1;0;;1;0;;1;0;
79560;1;0;;1;0;;0;1;;1;0;;1;0;;1;0;;1;0;
79570;1;0;;1;0;;0;0;;1;0;;1;0;;1;0;;1;0;
79580;1;0;;1;0;;0;1;;1;0;;1;0;;1;0;;1;0;
79590;1;0;;1;0;;0;1;;1;0;;1;0;;1;0;;1;0;
79600;1;0;;1;0;;0;0;;1;0;;1;0;;1;0;;1;0;
79610;1;0;;1;0;;0;1;;1;0;;1;0;;1;0;;1;0;
79620;1;0;;1;0;;0;0;;1;0;;1;0;;1;0;;1;0;
79630;1;0;;1;0;;0;1;;1;0;;1;0;;1;0;;1;0;
79640;1;0;;1;0;;0;1;;1;0;;1;0;;1;0;;1;0;
79650;1;0;;1;0;;0;0;;1;0;;1;0;;1;0;;1;0;
79660;1;0;;1;0;;0;1;;1;0;;1;0;;1;0;;1;0;
79670;1;0;;1;0;;0;0;;1;0;;1;0;;1;0;;1;0;
79680;1;0;;1;0;;0;1;;1;0;;1;0;;1;0;;1;0;
79690;1;0;;1;0;;0;1;;1;0;;1;0;;1;0;;1;0;
79700;1;0;;1;0;;0;0;;1;0;;1;0;;1;0;;1;0;
79710;1;0;;1;0;;0;1;;1;0;;1;1;;1;1;;1;0;
79720;1;0;;1;0;;0;1;;1;0;;1;0;;1;0;;1;0;
79730;1;0;;1;0;;0;0;;1;0;;1;0;;1;0;;1;0;
79740;1;0;;1;0;;0;1;;1;0;;1;0;;1;0;;1;0;
79750;1;0;;1;0;;0;0;;1;0;;1;0;;1;0;;1;0;
79760;1;0;;1;0;;0;1;;1;0;;1;0;;1;0;;1;0;
79770;1;0;;1;0;;0;1;;1;0;;1;0;;1;0;;1;0;
79780;1;0;;1;0;;0;0;;1;0;;1;0;;1;0;;1;0;
79790;1;0;;1;0;;0;1;;1;0;;1;0;;1;0;;1;0;
79800;1;0;;1;0;;0;0;;1;0;;1;0;;1;0;;1;0;
79810;1;0;;1;0;;0;1;;1;0;;1;0;;1;0;;1;0;
79820;1;0;;1;0;;0;1;;1;0;;1;0;;1;0;;1;0;
79830;1;0;;1;0;;0;0;;1;0;;1;0;;1;0;;1;0;
79840;1;0;;1;0;;0;1;;1;0;;1;0;;1;0;;1;0;
79850;1;0;;1;0;;0;1;;1;0;;1;0;;1;0;;1;0;
79860;1;0;;1;0;;0;0;;1;0;;1;0;;1;0;;1;0;
79870;1;0;;1;0;;0;1;;1;0;;1;0;;1;0;;1;0;
79880;1;0;;1;0;;0;0;;1;0;;1;0;;1;0;;1;0;
79890;1;0;;1;0;;0;1;;1;0;;1;0;;1;0;;1;0;
79900;1;0;;1;0;;0;1;;1;0;;1;0;;1;0;;1;0;
79910;1;0;;1;0;;0;0;;1;0;;1;0;;1;0;;1;0;
79920;1;0;;1;0;;0;1;;1;0;;1;0;;1;0;;1;0;
79930;1;0;;1;0;;0;0;;1;0;;1;0;;1;0;;1;0;
79940;1;0;;1;0;;0;1;;1;0;;1;0;;1;0;;1;0;
79950;1;0;;1;0;;0;1;;1;0;;1;0;;1;0;;1;0;
79960;1;0;;1;0;;0;0;;1;1;;1;0;;1;0;;1;0;
79970;1;0;;1;0;;0;1;;1;0;;1;0;;1;0;;1;0;
79980;1;0;;1;0;;0;1;;1;0;;1;0;;1;0;;1;0;
79990;1;0;;1;0;;0;0;;1;0;;1;0;;1;0;;1;0;
80000;1;0;;1;0;;0;1;;1;0;;1;0;;1;0;;1;0;
80010;1;0;;1;0;;0;0;;1;0;;1;0;;1;0;;1;0;
80020;1;0;;1;0;;0;1;;1;0;;1;0;;1;0;;1;0;
80030;1;0;;1;0;;0;1;;1;0;;1;0;;1;0;;1;0;
80040;1;0;;1;0;;0;0;;1;0;;1;0;;1;0;;1;0;
80050;1;0;;1;0;;0;1;;1;0;;1;0;;1;0;;1;0;
80060;1;0;;1;0;;0;1;;1;0;;1;0;;1;0;;1;0;
80070;1;0;;1;0;;0;0;;1;0;;1;0;;1;0;;1;0;
80080;1;0;;1;0;;0;1;;1;0;;1;0;;1;0;;1;0;
80090;1;0;;1;0;;0;0;;1;0;;1;0;;1;0;;1;0;
80100;1;0;;1;0;;0;1;;1;0;;1;0;;1;0;;1;0;
80110;1;0;;1;0;;0;1;;1;0;;1;0;;1;0;;1;0;
80120;1;0;;1;0;;0;0;;1;0;;1;0;;1;0;;1;0;
80130;1;0;;1;0;;0;1;;1;0;;1;0;;1;0;;1;0;
80140;1;0;;1;0;;0;1;;1;0;;1;0;;1;0;;1;0;
80150;1;0;;1;0;;0;0;;1;0;;1;0;;1;0;;1;0;
80160;1;0;;1;0;;0;1;;1;0;;1;0;;1;0;;1;0;
80170;1;0;;1;0;;0;0;;1;0;;1;0;;1;0;;1;0;
80180;1;0;;1;0;;0;1;;1;0;;1;0;;1;0;;1;0;
80190;1;0;;1;0;;0;1;;1;0;;1;0;;1;0;;1;0;
80200;1;0;;1;0;;0;0;;1;0;;1;0;;1;0;;1;0;
80210;1;0;;1;0;;0;1;;1;0;;1;0;;1;0;;1;0;
80220;1;0;;1;0;;0;1;;1;0;;1;0;;1;0;;1;0;
80230;1;0;;1;0;;0;0;;1;0;;1;0;;1;0;;1;0;
80240;1;0;;1;0;;0;1;;1;0;;1;0;;1;0;;1;0;
80250;1;0;;1;0;;0;1;;1;0;;1;0;;1;0;;1;0;
80260;1;0;;1;0;;0;0;;1;0;;1;0;;1;0;;1;0;
80270;1;0;;1;0;;0;1;;1;0;;1;0;;1;0;;1;0;
80280;1;0;;1;0;;0;0;;1;0;;1;0;;1;0;;1;0;
80290;1;0;;1;0;;0;1;;1;0;;1;0;;1;0;;1;0;
80300;1;0;;1;0;;0;1;;1;0;;1;0;;1;0;;1;0;
80310;1;0;;1;0;;0;0;;1;0;;1;0;;1;0;;1;0;
80320;1;0;;1;0;;0;1;;1;0;;1;0;;1;0;;1;0;
80330;1;0;;1;0;;0;1;;1;0;;1;0;;1;0;;1;0;
80340;1;0;;1;0;;0;0;;1;0;;1;0;;1;0;;1;0;
80350;1;0;;1;0;;0;1;;1;0;;1;0;;1;0;;1;0;
80360;1;0;;1;0;;0;1;;1;0;;1;0;;1;0;;1;0;
80370;1;0;;1;0;;0;0;;1;0;;1;0;;1;0;;1;0;
80380;1;0;;1;0;;0;1;;1;0;;1;0;;1;0;;1;0;
80390;1;0;;1;0;;0;0;;1;0;;1;0;;1;0;;1;0;
80400;1;0;;1;0;;0;1;;1;0;;1;0;;1;0;;1;0;
80410;1;0;;1;0;;0;1;;1;0;;1;0;;1;0;;1;0;
80420;1;0;;1;0;;0;0;;1;0;;1;0;;1;0;;1;0;
80430;1;0;;1;0;;0;1;;1;0;;1;0;;1;0;;1;0;
80440;1;0;;1;0;;0;1;;1;0;;1;0;;1;0;;1;0;
80450;1;0;;1;0;;0;0;;1;0;;1;0;;1;0;;1;0;
80460;1;0;;1;0;;0;1;;1;0;;1;0;;1;0;;1;0;
80470;1;0;;1;0;;0;1;;1;0;;1;0;;1;0;;1;0;
80480;1;0;;1;0;;0;0;;1;0;;1;0;;1;0;;1;0;
80490;1;0;;1;0;;0;1;;1;0;;1;0;;1;0;;1;0;
80500;1;0;;1;0;;0;1;;1;0;;1;0;;1;0;;1;0;
80510;1;0;;1;0;;0;0;;1;0;;1;0;;1;0;;1;0;
80520;1;0;;1;0;;0;1;;1;0;;1;0;;1;0;;1;0;
80530;1;0;;1;0;;0;0;;1;0;;1;0;;1;0;;1;0;
80540;1;0;;1;0;;0;1;;1;0;;1;0;;1;0;;1;0;
80550;1;0;;1;0;;0;1;;1;0;;1;0;;1;0;;1;0;
80560;1;0;;1;0;;0;0;;1;0;;1;0;;1;0;;1;0;
80570;1;0;;1;0;;0;1;;1;0;;1;0;;1;0;;1;0;
80580;1;0;;1;0;;0;1;;1;0;;1;0;;1;0;;1;0;
80590;1;0;;1;0;;0;0;;1;0;;1;0;;1;0;;1;0;
80600;1;0;;1;0;;0;1;;1;0;;1;0;;1;0;;1;0;
80610;1;0;;1;0;;0;1;;1;0;;1;0;;1;0;;1;0;
80620;1;0;;1;0;;0;0;;1;0;;1;0;;1;0;;1;0;
80630;1;0;;1;0;;0;1;;1;0;;1;0;;1;0;;1;0;
80640;1;0;;1;0;;0;1;;1;0;;1;1;;1;1;;1;0;
80650;1;0;;1;0;;0;0;;1;0;;1;0;;1;0;;1;0;
80660;1;0;;1;0;;0;1;;1;0;;1;0;;1;0;;1;0;
80670;1;0;;1;0;;0;1;;1;0;;1;0;;1;0;;1;0;
80680;1;0;;1;0;;0;0;;1;0;;1;0;;1;0;;1;0;
80690;1;0;;1;0;;0;1;;1;0;;1;0;;1;0;;1;0;
80700;1;0;;1;0;;0;1;;1;0;;1;0;;1;0;;1;0;
80710;1;0;;1;0;;0;0;;1;0;;1;0;;1;0;;1;0;
80720;1;0;;1;0;;0;1;;1;0;;1;0;;1;0;;1;0;
80730;1;0;;1;0;;0;1;;1;0;;1;0;;1;0;;1;0;
80740;1;0;;1;0;;0;0;;1;0;;1;0;;1;0;;1;0;
80750;1;0;;1;0;;0;1;;1;0;;1;0;;1;0;;1;0;
80760;1;0;;1;0;;0;1;;1;0;;1;0;;1;0;;1;0;
80770;1;0;;1;0;;0;0;;1;0;;1;0;;1;0;;1;0;
80780;1;0;;1;0;;0;1;;1;0;;1;0;;1;0;;1;0;
80790;1;0;;1;0;;0;0;;1;0;;1;0;;1;0;;1;0;
80800;1;0;;1;0;;0;1;;1;0;;1;0;;1;0;;1;0;
80810;1;0;;1;0;;0;1;;1;0;;1;0;;1;0;;1;0;
80820;1;0;;1;0;;0;0;;1;0;;1;0;;1;0;;1;0;
80830;1;0;;1;0;;0;1;;1;0;;1;0;;1;0;;1;0;
80840;1;0;;1;0;;0;1;;1;0;;1;0;;1;0;;1;0;
80850;1;0;;1;0;;0;0;;1;0;;1;0;;1;0;;1;0;
80860;1;0;;1;0;;0;1;;1;0;;1;0;;1;0;;1;0;
80870;1;0;;1;0;;0;1;;1;0;;1;0;;1;0;;1;0;
80880;1;0;;1;0;;0;0;;1;0;;1;0;;1;0;;1;0;
80890;1;0;;1;0;;0;1;;1;0;;1;0;;1;0;;1;0;
80900;1;0;;1;0;;0;1;;1;0;;1;0;;1;0;;1;0;
80910;1;0;;1;0;;0;0;;1;0;;1;0;;1;0;;1;0;
80920;1;0;;1;0;;0;1;;1;0;;1;0;;1;0;;1;0;
80930;1;0;;1;0;;0;1;;1;0;;1;0;;1;0;;1;0;
80940;1;0;;1;0;;0;0;;1;0;;1;0;;1;0;;1;0;
80950;1;0;;1;0;;0;1;;1;0;;1;0;;1;0;;1;0;
80960;1;0;;1;0;;0;1;;1;0;;1;0;;1;0;;1;0;
80970;1;0;;1;0;;0;0;;1;0;;1;0;;1;0;;1;0;
80980;1;0;;1;0;;0;1;;1;0;;1;0;;1;0;;1;0;
80990;1;0;;1;0;;0;1;;1;0;;1;0;;1;0;;1;0;
81000;1;0;;1;0;;0;0;;1;0;;1;0;;1;0;;1;0;
81010;1;0;;1;0;;0;1;;1;0;;1;0;;1;0;;1;0;
81020;1;0;;1;0;;0;1;;1;0;;1;0;;1;0;;1;0;
81030;1;0;;1;0;;0;0;;1;0;;1;0;;1;0;;1;0;
81040;1;0;;1;0;;0;1;;1;0;;1;0;;1;0;;1;0;
81050;1;0;;1;0;;0;1;;1;0;;1;0;;1;0;;1;0;
81060;1;0;;1;0;;0;0;;1;0;;1;0;;1;0;;1;0;
81070;1;0;;1;0;;0;1;;1;0;;1;0;;1;0;;1;0;
81080;1;0;;1;0;;0;1;;1;0;;1;0;;1;0;;1;0;
81090;1;0;;1;0;;0;0;;1;0;;1;0;;1;0;;1;0;
81100;1;0;;1;0;;0;1;;1;0;;1;0;;1;0;;1;0;
81110;1;0;;1;0;;0;1;;1;0;;1;0;;1;0;;1;0;
81120;1;0;;1;0;;0;1;;1;0;;1;0;;1;0;;1;0;
81130;1;0;;1;0;;0;0;;1;0;;1;0;;1;0;;1;0;
81140;1;0;;1;0;;0;1;;1;0;;1;0;;1;0;;1;0;
81150;1;0;;1;0;;0;1;;1;0;;1;0;;1;0;;1;0;
81160;1;0;;1;0;;0;0;;1;0;;1;0;;1;0;;1;0;
81170;1;0;;1;0;;0;1;;1;0;;1;0;;1;0;;1;0;
81180;1;0;;1;0;;0;1;;1;0;;1;0;;1;0;;1;0;
81190;1;0;;1;0;;0;0;;1;0;;1;0;;1;0;;1;0;
81200;1;0;;1;0;;0;1;;1;0;;1;0;;1;0;;1;0;
81210;1;0;;1;0;;0;1;;1;0;;1;0;;1;0;;1;0;
81220;1;0;;1;0;;0;0;;1;0;;1;0;;1;0;;1;0;
81230;1;0;;1;0;;0;1;;1;0;;1;0;;1;0;;1;0;
81240;1;0;;1;0;;0;1;;1;0;;1;0;;1;0;;1;0;
81250;1;0;;1;0;;0;0;;1;0;;1;0;;1;0;;1;0;
81260;1;0;;1;0;;0;1;;1;0;;1;0;;1;0;;1;0;
81270;1;0;;1;0;;0;1;;1;0;;1;0;;1;0;;1;0;
81280;1;0;;1;0;;0;0;;1;0;;1;0;;1;0;;1;0;
81290;1;0;;1;0;;0;1;;1;0;;1;0;;1;0;;1;0;
81300;1;0;;1;0;;0;1;;1;0;;1;0;;1;0;;1;0;
81310;1;0;;1;0;;0;0;;1;0;;1;0;;1;0;;1;0;
81320;1;0;;1;0;;0;1;;1;0;;1;0;;1;0;;1;0;
81330;1;0;;1;0;;0;1;;1;0;;1;0;;1;0;;1;0;
81340;1;0;;1;0;;0;0;;1;0;;1;0;;1;0;;1;0;
81350;1;0;;1;0;;0;1;;1;0;;1;0;;1;0;;1;0;
81360;1;0;;1;0;;0;1;;1;0;;1;0;;1;0;;1;0;
81370;1;0;;1;0;;0;1;;1;0;;1;0;;1;0;;1;0;
81380;1;0;;1;0;;0;0;;1;0;;1;0;;1;0;;1;0;
81390;1;0;;1;0;;0;1;;1;0;;1;0;;1;0;;1;0;
81400;1;0;;1;0;;0;1;;1;0;;1;0;;1;0;;1;0;
81410;1;0;;1;0;;0;0;;1;0;;1;0;;1;0;;1;0;
81420;1;0;;1;0;;0;1;;1;0;;1;0;;1;0;;1;0;
81430;1;0;;1;0;;0;1;;1;0;;1;0;;1;0;;1;0;
81440;1;0;;1;0;;0;0;;1;0;;1;0;;1;0;;1;0;
81450;1;0;;1;0;;0;1;;1;0;;1;0;;1;0;;1;0;
81460;1;0;;1;0;;0;1;;1;0;;1;0;;1;0;;1;0;
81470;1;0;;1;0;;0;0;;1;0;;1;0;;1;0;;1;0;
81480;1;0;;1;0;;0;1;;1;0;;1;0;;1;0;;1;0;
81490;1;0;;1;0;;0;1;;1;0;;1;0;;1;0;;1;0;
81500;1;0;;1;0;;0;1;;1;0;;1;0;;1;0;;1;0;
81510;1;0;;1;0;;0;0;;1;0;;1;0;;1;0;;1;0;
81520;1;0;;1;0;;0;1;;1;0;;1;0;;1;0;;1;0;
81530;1;0;;1;0;;0;1;;1;0;;1;0;;1;0;;1;0;
81540;1;0;;1;0;;0;0;;1;0;;1;0;;1;0;;1;0;
81550;1;0;;1;0;;0;1;;1;0;;1;0;;1;0;;1;0;
81560;1;0;;1;0;;0;1;;1;0;;1;0;;1;0;;1;0;
81570;1;0;;1;0;;0;0;;1;0;;1;0;;1;0;;1;0;
81580;1;0;;1;0;;0;1;;1;0;;1;0;;1;0;;1;0;
81590;1;0;;1;0;;0;1;;1;0;;1;0;;1;0;;1;0;
81600;1;0;;1;0;;0;0;;1;0;;1;1;;1;1;;1;0;
81610;1;0;;1;0;;0;1;;1;0;;1;0;;1;0;;1;0;
81620;1;0;;1;0;;0;1;;1;0;;1;0;;1;0;;1;0;
81630;1;0;;1;0;;0;1;;1;0;;1;0;;1;0;;1;0;
81640;1;0;;1;0;;0;0;;1;0;;1;0;;1;0;;1;0;
81650;1;0;;1;0;;0;1;;1;0;;1;0;;1;0;;1;0;
81660;1;0;;1;0;;0;1;;1;0;;1;0;;1;0;;1;0;
81670;1;0;;1;0;;0;0;;1;0;;1;0;;1;0;;1;0;
81680;1;0;;1;0;;0;1;;1;0;;1;0;;1;0;;1;0;
81690;1;0;;1;0;;0;1;;1;0;;1;0;;1;0;;1;0;
81700;1;0;;1;0;;0;0;;1;0;;1;0;;1;0;;1;0;
81710;1;0;;1;0;;0;1;;1;0;;1;0;;1;0;;1;0;
81720;1;0;;1;0;;0;1;;1;0;;1;0;;1;0;;1;0;
81730;1;0;;1;0;;0;1;;1;0;;1;0;;1;0;;1;0;
81740;1;0;;1;0;;0;0;;1;0;;1;0;;1;0;;1;0;
81750;1;0;;1;0;;0;1;;1;0;;1;0;;1;0;;1;0;
81760;1;0;;1;0;;0;1;;1;0;;1;0;;1;0;;1;0;
81770;1;0;;1;0;;0;0;;1;0;;1;0;;1;0;;1;0;
81780;1;0;;1;0;;0;1;;1;0;;1;0;;1;0;;1;0;
81790;1;0;;1;0;;0;1;;1;0;;1;0;;1;0;;1;0;
81800;1;0;;1;0;;0;0;;1;0;;1;0;;1;0;;1;0;
81810;1;0;;1;0;;0;1;;1;0;;1;0;;1;0;;1;0;
81820;1;0;;1;0;;0;1;;1;0;;1;0;;1;0;;1;0;
81830;1;0;;1;0;;0;1;;1;0;;1;0;;1;0;;1;0;
81840;1;0;;1;0;;0;0;;1;0;;1;0;;1;0;;1;0;
81850;1;0;;1;0;;0;1;;1;0;;1;0;;1;0;;1;0;
81860;1;0;;1;0;;0;1;;1;0;;1;0;;1;0;;1;0;
81870;1;0;;1;0;;0;0;;1;0;;1;0;;1;0;;1;0;
81880;1;0;;1;0;;0;1;;1;0;;1;0;;1;0;;1;0;
81890;1;0;;1;0;;0;1;;1;0;;1;0;;1;0;;1;0;
81900;1;0;;1;0;;0;1;;1;0;;1;0;;1;0;;1;0;
81910;1;0;;1;0;;0;0;;1;0;;1;0;;1;0;;1;0;
81920;1;0;;1;0;;0;1;;1;0;;1;0;;1;0;;1;0;
81930;1;0;;1;0;;0;1;;1;0;;1;0;;1;0;;1;0;
81940;1;0;;1;0;;0;0;;1;0;;1;0;;1;0;;1;0;
81950;1;0;;1;0;;0;1;;1;0;;1;0;;1;0;;1;0;
81960;1;0;;1;0;;0;1;;1;0;;1;0;;1;0;;1;0;
81970;1;0;;1;0;;0;1;;1;0;;1;0;;1;0;;1;0;
81980;1;0;;1;0;;0;0;;1;0;;1;0;;1;0;;1;0;
81990;1;0;;1;0;;0;1;;1;0;;1;0;;1;0;;1;0;
82000;1;0;;1;0;;0;1;;1;0;;1;0;;1;0;;1;0;
82010;1;0;;1;0;;0;0;;1;0;;1;0;;1;0;;1;0;
82020;1;0;;1;0;;0;1;;1;0;;1;0;;1;0;;1;0;
82030;1;0;;1;0;;0;1;;1;0;;1;0;;1;0;;1;0;
82040;1;0;;1;0;;0;1;;1;0;;1;0;;1;0;;1;0;
82050;1;0;;1;0;;0;0;;1;0;;1;0;;1;0;;1;0;
82060;1;0;;1;0;;0;1;;1;0;;1;0;;1;0;;1;0;
82070;1;0;;1;0;;0;1;;1;0;;1;0;;1;0;;1;0;
82080;1;0;;1;0;;0;0;;1;0;;1;0;;1;0;;1;0;
82090;1;0;;1;0;;0;1;;1;0;;1;0;;1;0;;1;0;
82100;1;0;;1;0;;0;1;;1;0;;1;0;;1;0;;1;0;
82110;1;0;;1;0;;0;1;;1;0;;1;0;;1;0;;1;0;
82120;1;0;;1;0;;0;0;;1;0;;1;0;;1;0;;1;0;
82130;1;0;;1;0;;0;1;;1;0;;1;0;;1;0;;1;0;
82140;1;0;;1;0;;0;1;;1;0;;1;0;;1;0;;1;0;
82150;1;0;;1;0;;0;0;;1;0;;1;0;;1;0;;1;0;
82160;1;0;;1;0;;0;1;;1;0;;1;0;;1;0;;1;0;
82170;1;0;;1;0;;0;1;;1;0;;1;0;;1;0;;1;0;
82180;1;0;;1;0;;0;1;;1;0;;1;0;;1;0;;1;0;
82190;1;0;;1;0;;0;0;;1;0;;1;0;;1;0;;1;0;
82200;1;0;;1;0;;0;1;;1;0;;1;0;;1;0;;1;0;
82210;1;0;;1;0;;0;1;;1;0;;1;0;;1;0;;1;0;
82220;1;0;;1;0;;0;1;;1;0;;1;0;;1;0;;1;0;
82230;1;0;;1;0;;0;0;;1;0;;1;0;;1;0;;1;0;
82240;1;0;;1;0;;0;1;;1;0;;1;0;;1;0;;1;0;
82250;1;0;;1;0;;0;1;;1;0;;1;0;;1;0;;1;0;
82260;1;0;;1;0;;0;0;;1;0;;1;0;;1;0;;1;0;
82270;1;0;;1;0;;0;1;;1;0;;1;0;;1;0;;1;0;
82280;1;0;;1;0;;0;1;;1;0;;1;0;;1;0;;1;0;
82290;1;0;;1;0;;0;1;;1;0;;1;0;;1;0;;1;0;
82300;1;0;;1;0;;0;0;;1;0;;1;0;;1;0;;1;0;
82310;1;0;;1;0;;0;1;;1;0;;1;0;;1;0;;1;0;
82320;1;0;;1;0;;0;1;;1;0;;1;0;;1;0;;1;0;
82330;1;0;;1;0;;0;0;;1;0;;1;0;;1;0;;1;0;
82340;1;0;;1;0;;0;1;;1;0;;1;0;;1;0;;1;0;
82350;1;0;;1;0;;0;1;;1;0;;1;0;;1;0;;1;0;
82360;1;0;;1;0;;0;1;;1;0;;1;0;;1;0;;1;0;
82370;1;0;;1;0;;0;0;;1;0;;1;0;;1;0;;1;0;
82380;1;0;;1;0;;0;1;;1;0;;1;0;;1;0;;1;0;
82390;1;0;;1;0;;0;1;;1;0;;1;0;;1;0;;1;0;
82400;1;0;;1;0;;0;1;;1;0;;1;0;;1;0;;1;0;
82410;1;0;;1;0;;0;0;;1;0;;1;0;;1;0;;1;0;
82420;1;0;;1;0;;0;1;;1;0;;1;0;;1;0;;1;0;
82430;1;0;;1;0;;0;1;;1;0;;1;0;;1;0;;1;0;
82440;1;0;;1;0;;0;1;;1;0;;1;0;;1;0;;1;0;
82450;1;0;;1;0;;0;0;;1;0;;1;0;;1;0;;1;0;
82460;1;0;;1;0;;0;1;;1;0;;1;0;;1;0;;1;0;
82470;1;0;;1;0;;0;1;;1;0;;1;0;;1;0;;1;0;
82480;1;0;;1;0;;0;0;;1;0;;1;0;;1;0;;1;0;
82490;1;0;;1;0;;0;1;;1;0;;1;0;;1;0;;1;0;
82500;1;0;;1;0;;0;1;;1;0;;1;0;;1;0;;1;0;
82510;1;0;;1;0;;0;1;;1;0;;1;0;;1;0;;1;0;
82520;1;0;;1;0;;0;0;;1;0;;1;0;;1;0;;1;0;
82530;1;0;;1;0;;0;1;;1;0;;1;0;;1;0;;1;0;
82540;1;0;;1;0;;0;1;;1;0;;1;0;;1;0;;1;0;
82550;1;0;;1;0;;0;1;;1;0;;1;0;;1;0;;1;0;
82560;1;0;;1;0;;0;0;;1;0;;1;0;;1;0;;1;0;
82570;1;0;;1;0;;0;1;;1;0;;1;0;;1;0;;1;0;
82580;1;0;;1;0;;0;1;;1;0;;1;0;;1;0;;1;0;
82590;1;0;;1;0;;0;1;;1;0;;1;0;;1;0;;1;0;
82600;1;0;;1;0;;0;0;;1;0;;1;1;;1;1;;1;0;
82610;1;0;;1;0;;0;1;;1;0;;1;0;;1;0;;1;0;
82620;1;0;;1;0;;0;1;;1;0;;1;0;;1;0;;1;0;
82630;1;0;;1;0;;0;1;;1;0;;1;0;;1;0;;1;0;
82640;1;0;;1;0;;0;0;;1;0;;1;0;;1;0;;1;0;
82650;1;0;;1;0;;0;1;;1;0;;1;0;;1;0;;1;0;
82660;1;0;;1;0;;0;1;;1;0;;1;0;;1;0;;1;0;
82670;1;0;;1;0;;0;0;;1;0;;1;0;;1;0;;1;0;
82680;1;0;;1;0;;0;1;;1;0;;1;0;;1;0;;1;0;
82690;1;0;;1;0;;0;1;;1;0;;1;0;;1;0;;1;0;
82700;1;0;;1;0;;0;1;;1;0;;1;0;;1;0;;1;0;
82710;1;0;;1;0;;0;0;;1;0;;1;0;;1;0;;1;0;
82720;1;0;;1;0;;0;1;;1;0;;1;0;;1;0;;1;0;
82730;1;0;;1;0;;0;1;;1;0;;1;0;;1;0;;1;0;
82740;1;0;;1;0;;0;1;;1;0;;1;0;;1;0;;1;0;
82750;1;0;;1;0;;0;0;;1;0;;1;0;;1;0;;1;0;
82760;1;0;;1;0;;0;1;;1;0;;1;0;;1;0;;1;0;
82770;1;0;;1;0;;0;1;;1;0;;1;0;;1;0;;1;0;
82780;1;0;;1;0;;0;1;;1;0;;1;0;;1;0;;1;0;
82790;1;0;;1;0;;0;0;;1;0;;1;0;;1;0;;1;0;
82800;1;0;;1;0;;0;1;;1;0;;1;0;;1;0;;1;0;
82810;1;0;;1;0;;0;1;;1;0;;1;0;;1;0;;1;0;
82820;1;0;;1;0;;0;1;;1;0;;1;0;;1;0;;1;0;
82830;1;0;;1;0;;0;0;;1;0;;1;0;;1;0;;1;0;
82840;1;0;;1;0;;0;1;;1;0;;1;0;;1;0;;1;0;
82850;1;0;;1;0;;0;1;;1;0;;1;0;;1;0;;1;0;
82860;1;0;;1;0;;0;1;;1;0;;1;0;;1;0;;1;0;
82870;1;0;;1;0;;0;0;;1;0;;1;0;;1;0;;1;0;
82880;1;0;;1;0;;0;1;;1;0;;1;0;;1;0;;1;0;
82890;1;0;;1;0;;0;1;;1;0;;1;0;;1;0;;1;0;
82900;1;0;;1;0;;0;1;;1;0;;1;0;;1;0;;1;0;
82910;1;0;;1;0;;0;0;;1;0;;1;0;;1;0;;1;0;
82920;1;0;;1;0;;0;1;;1;0;;1;0;;1;0;;1;0;
82930;1;0;;1;0;;0;1;;1;0;;1;0;;1;0;;1;0;
82940;1;0;;1;0;;0;1;;1;0;;1;0;;1;0;;1;0;
82950;1;0;;1;0;;0;0;;1;0;;1;0;;1;0;;1;0;
82960;1;0;;1;0;;0;1;;1;0;;1;0;;1;0;;1;0;
82970;1;0;;1;0;;0;1;;1;0;;1;0;;1;0;;1;0;
82980;1;0;;1;0;;0;1;;1;0;;1;0;;1;0;;1;0;
82990;1;0;;1;0;;0;0;;1;0;;1;0;;1;0;;1;0;
83000;1;0;;1;0;;0;1;;1;0;;1;0;;1;0;;1;0;
83010;1;0;;1;0;;0;1;;1;0;;1;0;;1;0;;1;0;
83020;1;0;;1;0;;0;1;;1;0;;1;0;;1;0;;1;0;
83030;1;0;;1;0;;0;0;;1;0;;1;0;;1;0;;1;0;
83040;1;0;;1;0;;0;1;;1;0;;1;0;;1;0;;1;0;
83050;1;0;;1;0;;0;1;;1;0;;1;0;;1;0;;1;0;
83060;1;0;;1;0;;0;1;;1;0;;1;0;;1;0;;1;0;
83070;1;0;;1;0;;0;0;;1;0;;1;0;;1;0;;1;0;
83080;1;0;;1;0;;0;1;;1;0;;1;0;;1;0;;1;0;
83090;1;0;;1;0;;0;1;;1;0;;1;0;;1;0;;1;0;
83100;1;0;;1;0;;0;1;;1;0;;1;0;;1;0;;1;0;
83110;1;0;;1;0;;0;1;;1;0;;1;0;;1;0;;1;0;
83120;1;0;;1;0;;0;0;;1;0;;1;0;;1;0;;1;0;
83130;1;0;;1;0;;0;1;;1;0;;1;0;;1;0;;1;0;
83140;1;0;;1;0;;0;1;;1;0;;1;0;;1;0;;1;0;
83150;1;0;;1;0;;0;1;;1;0;;1;0;;1;0;;1;0;
83160;1;0;;1;0;;0;0;;1;0;;1;0;;1;0;;1;0;
83170;1;0;;1;0;;0;1;;1;0;;1;0;;1;0;;1;0;
83180;1;0;;1;0;;0;1;;1;0;;1;0;;1;0;;1;0;
83190;1;0;;1;0;;0;1;;1;0;;1;0;;1;0;;1;0;
83200;1;0;;1;0;;0;0;;1;0;;1;0;;1;0;;1;0;
83210;1;0;;1;0;;0;1;;1;0;;1;0;;1;0;;1;0;
83220;1;0;;1;0;;0;1;;1;0;;1;0;;1;0;;1;0;
83230;1;0;;1;0;;0;1;;1;0;;1;0;;1;0;;1;0;
83240;1;0;;1;0;;0;0;;1;0;;1;0;;1;0;;1;0;
83250;1;0;;1;0;;0;1;;1;0;;1;0;;1;0;;1;0;
83260;1;0;;1;0;;0;1;;1;0;;1;0;;1;0;;1;0;
83270;1;0;;1;0;;0;1;;1;0;;1;0;;1;0;;1;0;
83280;1;0;;1;0;;0;0;;1;0;;1;0;;1;0;;1;0;
83290;1;0;;1;0;;0;1;;1;0;;1;0;;1;0;;1;0;
83300;1;0;;1;0;;0;1;;1;0;;1;0;;1;0;;1;0;
83310;1;0;;1;0;;0;1;;1;0;;1;0;;1;0;;1;0;
83320;1;0;;1;0;;0;1;;1;0;;1;0;;1;0;;1;0;
83330;1;0;;1;0;;0;0;;1;0;;1;0;;1;0;;1;0;
83340;1;0;;1;0;;0;1;;1;0;;1;0;;1;0;;1;0;
83350;1;0;;1;0;;0;1;;1;0;;1;0;;1;0;;1;0;
83360;1;0;;1;0;;0;1;;1;0;;1;0;;1;0;;1;0;
83370;1;0;;1;0;;0;0;;1;0;;1;0;;1;0;;1;0;
83380;1;0;;1;0;;0;1;;1;0;;1;0;;1;0;;1;0;
83390;1;0;;1;0;;0;1;;1;0;;1;0;;1;0;;1;0;
83400;1;0;;1;0;;0;1;;1;0;;1;0;;1;0;;1;0;
83410;1;0;;1;0;;0;0;;1;0;;1;0;;1;0;;1;0;
83420;1;0;;1;0;;0;1;;1;0;;1;0;;1;0;;1;0;
83430;1;0;;1;0;;0;1;;1;0;;1;0;;1;0;;1;0;
83440;1;0;;1;0;;0;1;;1;0;;1;0;;1;0;;1;0;
83450;1;0;;1;0;;0;1;;1;0;;1;0;;1;0;;1;0;
83460;1;0;;1;0;;0;0;;1;0;;1;0;;1;0;;1;0;
83470;1;0;;1;0;;0;1;;1;0;;1;0;;1;0;;1;0;
83480;1;0;;1;0;;0;1;;1;0;;1;0;;1;0;;1;0;
83490;1;0;;1;0;;0;1;;1;0;;1;0;;1;0;;1;0;
83500;1;0;;1;0;;0;0;;1;0;;1;0;;1;0;;1;0;
83510;1;0;;1;0;;0;1;;1;0;;1;0;;1;0;;1;0;
83520;1;0;;1;0;;0;1;;1;0;;1;0;;1;0;;1;0;
83530;1;0;;1;0;;0;1;;1;0;;1;0;;1;0;;1;0;
83540;1;0;;1;0;;0;1;;1;0;;1;0;;1;0;;1;0;
83550;1;0;;1;0;;0;0;;1;0;;1;0;;1;0;;1;0;
83560;1;0;;1;0;;0;1;;1;0;;1;0;;1;0;;1;0;
83570;1;0;;1;0;;0;1;;1;0;;1;0;;1;0;;1;0;
83580;1;0;;1;0;;0;1;;1;0;;1;0;;1;0;;1;0;
83590;1;0;;1;0;;0;0;;1;0;;1;0;;1;0;;1;0;
83600;1;0;;1;0;;0;1;;1;0;;1;0;;1;0;;1;0;
83610;1;0;;1;0;;0;1;;1;0;;1;0;;1;0;;1;0;
83620;1;0;;1;0;;0;1;;1;0;;1;0;;1;0;;1;0;
83630;1;0;;1;0;;0;1;;1;0;;1;0;;1;0;;1;0;
83640;1;0;;1;0;;0;0;;1;0;;1;0;;1;0;;1;0;
83650;1;0;;1;0;;0;1;;1;0;;1;1;;1;1;;1;0;
83660;1;0;;1;0;;0;1;;1;0;;1;0;;1;0;;1;0;
83670;1;0;;1;0;;0;1;;1;0;;1;0;;1;0;;1;0;
83680;1;0;;1;0;;0;0;;1;0;;1;0;;1;0;;1;0;
83690;1;0;;1;0;;0;1;;1;0;;1;0;;1;0;;1;0;
83700;1;0;;1;0;;0;1;;1;0;;1;0;;1;0;;1;0;
83710;1;0;;1;0;;0;1;;1;0;;1;0;;1;0;;1;0;
83720;1;0;;1;0;;0;1;;1;0;;1;0;;1;0;;1;0;
83730;1;0;;1;0;;0;0;;1;0;;1;0;;1;0;;1;0;
83740;1;0;;1;0;;0;1;;1;0;;1;0;;1;0;;1;0;
83750;1;0;;1;0;;0;1;;1;0;;1;0;;1;0;;1;0;
83760;1;0;;1;0;;0;1;;1;0;;1;0;;1;0;;1;0;
83770;1;0;;1;0;;0;0;;1;0;;1;0;;1;0;;1;0;
83780;1;0;;1;0;;0;1;;1;0;;1;0;;1;0;;1;0;
83790;1;0;;1;0;;0;1;;1;0;;1;0;;1;0;;1;0;
83800;1;0;;1;0;;0;1;;1;0;;1;0;;1;0;;1;0;
83810;1;0;;1;0;;0;1;;1;0;;1;0;;1;0;;1;0;
83820;1;0;;1;0;;0;0;;1;0;;1;0;;1;0;;1;0;
83830;1;0;;1;0;;0;1;;1;0;;1;0;;1;0;;1;0;
83840;1;0;;1;0;;0;1;;1;0;;1;0;;1;0;;1;0;
83850;1;0;;1;0;;0;1;;1;0;;1;0;;1;0;;1;0;
83860;1;0;;1;0;;0;1;;1;0;;1;0;;1;0;;1;0;
83870;1;0;;1;0;;0;0;;1;0;;1;0;;1;0;;1;0;
83880;1;0;;1;0;;0;1;;1;0;;1;0;;1;0;;1;0;
83890;1;0;;1;0;;0;1;;1;0;;1;0;;1;0;;1;0;
83900;1;0;;1;0;;0;1;;1;0;;1;0;;1;0;;1;0;
83910;1;0;;1;0;;0;0;;1;0;;1;0;;1;0;;1;0;
83920;1;0;;1;0;;0;1;;1;0;;1;0;;1;0;;1;0;
83930;1;0;;1;0;;0;1;;1;0;;1;0;;1;0;;1;0;
83940;1;0;;1;0;;0;1;;1;0;;1;0;;1;0;;1;0;
83950;1;0;;1;0;;0;1;;1;0;;1;0;;1;0;;1;0;
83960;1;0;;1;0;;0;0;;1;0;;1;0;;1;0;;1;0;
83970;1;0;;1;0;;0;1;;1;0;;1;0;;1;0;;1;0;
83980;1;0;;1;0;;0;1;;1;0;;1;0;;1;0;;1;0;
83990;1;0;;1;0;;0;1;;1;0;;1;0;;1;0;;1;0;
84000;1;0;;1;0;;0;1;;1;0;;1;0;;1;0;;1;0;
84010;1;0;;1;0;;0;0;;1;0;;1;0;;1;0;;1;0;
84020;1;0;;1;0;;0;1;;1;0;;1;0;;1;0;;1;0;
84030;1;0;;1;0;;0;1;;1;0;;1;0;;1;0;;1;0;
84040;1;0;;1;0;;0;1;;1;0;;1;0;;1;0;;1;0;
84050;1;0;;1;0;;0;1;;1;0;;1;0;;1;0;;1;0;
84060;1;0;;1;0;;0;0;;1;0;;1;0;;1;0;;1;0;
84070;1;0;;1;0;;0;1;;1;0;;1;0;;1;0;;1;0;
84080;1;0;;0;0;;0;1;;1;0;;1;0;;1;0;;1;0;
84090;1;0;;0;0;;0;1;;1;0;;1;0;;1;0;;1;0;
84100;1;0;;0;0;;0;1;;1;0;;1;0;;1;0;;1;0;
84110;1;0;;0;0;;0;0;;1;0;;1;0;;1;0;;1;0;
84120;1;0;;0;0;;0;1;;1;0;;1;0;;1;0;;1;0;
84130;0;0;;0;0;;0;1;;1;0;;1;0;;1;0;;1;0;
84140;0;0;;0;0;;0;1;;1;0;;1;0;;1;0;;1;0;
84150;0;0;;0;0;;0;1;;1;0;;1;0;;1;0;;1;0;
84160;0;0;;0;0;;0;0;;1;0;;1;0;;1;0;;1;0;
84170;0;0;;0;0;;0;1;;1;0;;1;0;;1;0;;1;0;
84180;0;0;;0;0;;0;1;;1;0;;1;0;;1;0;;1;0;
84190;0;0;;0;0;;0;1;;1;0;;1;0;;1;0;;1;0;
84200;0;0;;0;0;;0;1;;1;0;;1;0;;1;0;;1;0;
84210;0;0;;0;0;;0;0;;1;0;;1;0;;1;0;;1;0;
84220;0;0;;0;0;;0;1;;1;0;;1;0;;1;0;;1;0;
84230;0;0;;0;0;;0;1;;1;0;;1;0;;1;0;;1;0;
84240;0;0;;0;0;;0;1;;1;0;;1;0;;1;0;;1;0;
84250;0;0;;0;0;;0;1;;1;0;;1;0;;1;0;;1;0;
84260;0;0;;0;0;;0;0;;1;0;;1;0;;1;0;;1;0;
84270;0;0;;0;0;;0;1;;1;0;;1;0;;1;0;;1;0;
84280;0;0;;0;0;;0;1;;1;0;;1;0;;1;0;;1;0;
84290;0;0;;0;0;;0;1;;1;0;;1;0;;1;0;;1;0;
84300;0;0;;0;0;;0;1;;1;0;;1;0;;1;0;;1;0;
84310;0;0;;0;0;;0;0;;1;0;;1;0;;1;0;;1;0;
84320;0;0;;0;0;;0;1;;1;0;;1;0;;1;0;;1;0;
84330;0;0;;0;0;;0;1;;1;0;;1;0;;1;0;;1;0;
84340;0;0;;0;0;;0;1;;1;0;;1;0;;1;0;;1;0;
84350;0;0;;0;0;;0;1;;1;0;;1;0;;1;0;;1;0;
84360;0;0;;0;0;;0;0;;1;0;;1;0;;1;0;;1;0;
84370;0;0;;0;0;;0;1;;1;0;;1;0;;1;0;;1;0;
84380;0;0;;0;0;;0;1;;1;0;;1;0;;1;0;;1;0;
84390;0;0;;0;0;;0;1;;1;0;;1;0;;1;0;;1;0;
84400;0;0;;0;0;;0;1;;1;0;;1;0;;1;0;;1;0;
84410;0;0;;0;0;;0;0;;1;0;;1;0;;1;0;;1;0;
84420;0;0;;0;0;;0;1;;1;0;;1;0;;1;0;;1;0;
84430;0;0;;0;0;;0;1;;1;0;;1;0;;1;0;;1;0;
84440;0;0;;0;0;;0;1;;1;0;;1;0;;1;0;;1;0;
84450;0;0;;0;0;;0;1;;1;0;;1;0;;1;0;;1;0;
84460;0;0;;0;0;;0;0;;1;0;;1;0;;1;0;;1;0;
84470;0;0;;0;0;;0;1;;1;0;;1;0;;1;0;;1;0;
84480;0;0;;0;0;;0;1;;1;0;;1;0;;1;0;;1;0;
84490;0;0;;0;0;;0;1;;1;0;;1;0;;1;0;;1;0;
84500;0;0;;0;0;;0;1;;1;0;;1;0;;1;0;;1;0;
84510;0;0;;0;0;;0;0;;1;0;;1;0;;1;0;;1;0;
84520;0;0;;0;0;;0;1;;1;0;;1;0;;1;0;;1;0;
84530;0;0;;0;0;;0;1;;1;0;;1;0;;1;0;;1;0;
84540;0;0;;0;0;;0;1;;1;0;;1;0;;1;0;;1;0;
84550;0;0;;0;0;;0;1;;1;0;;1;0;;1;0;;1;0;
84560;0;0;;0;0;;0;0;;1;0;;1;0;;1;0;;1;0;
84570;0;0;;0;0;;0;1;;1;0;;1;0;;1;0;;1;0;
84580;0;0;;0;0;;0;1;;1;0;;1;0;;1;0;;1;0;
84590;0;0;;0;0;;0;1;;1;0;;1;0;;1;0;;1;0;
84600;0;0;;0;0;;0;1;;1;0;;1;0;;1;0;;1;0;
84610;0;0;;0;0;;0;1;;1;0;;1;0;;1;0;;1;0;
84620;0;0;;0;0;;0;0;;1;0;;1;0;;1;0;;1;0;
84630;0;0;;0;0;;0;1;;1;0;;1;0;;1;0;;1;0;
84640;0;0;;0;0;;0;1;;1;0;;1;0;;1;0;;1;0;
84650;0;0;;0;0;;0;1;;1;0;;1;0;;1;0;;1;0;
84660;0;0;;0;0;;0;1;;1;0;;1;0;;1;0;;1;0;
84670;0;0;;0;0;;0;0;;1;0;;1;0;;1;0;;1;0;
84680;0;0;;0;0;;0;1;;1;0;;1;0;;1;0;;1;0;
84690;0;0;;0;0;;0;1;;1;0;;1;0;;1;0;;1;0;
84700;0;0;;0;0;;0;1;;1;0;;1;0;;1;0;;1;0;
84710;0;0;;0;0;;0;1;;1;0;;1;0;;1;0;;1;0;
84720;0;0;;0;0;;0;0;;1;0;;1;0;;1;0;;1;0;
84730;0;0;;0;0;;0;1;;1;0;;1;0;;1;0;;1;0;
84740;0;0;;0;0;;0;1;;1;0;;1;0;;1;0;;1;0;
84750;0;0;;0;0;;0;1;;1;0;;1;0;;1;0;;1;0;
84760;0;0;;0;0;;0;1;;1;0;;1;1;;1;1;;1;0;
84770;0;0;;0;0;;0;1;;1;0;;1;0;;1;0;;1;0;
84780;0;0;;0;0;;0;0;;1;0;;1;0;;1;0;;1;0;
84790;0;0;;0;0;;0;1;;1;0;;1;0;;1;0;;1;0;
84800;0;0;;0;0;;0;1;;1;0;;1;0;;1;0;;1;0;
84810;0;0;;0;0;;0;1;;1;0;;1;0;;1;0;;1;0;
84820;0;0;;0;0;;0;1;;1;0;;1;0;;1;0;;1;0;
84830;0;0;;0;0;;0;0;;1;0;;1;0;;1;0;;1;0;
84840;0;0;;0;0;;0;1;;1;0;;1;0;;1;0;;1;0;
84850;0;0;;0;0;;0;1;;1;0;;1;0;;1;0;;1;0;
84860;0;0;;0;0;;0;1;;1;0;;1;0;;1;0;;1;0;
84870;0;0;;0;0;;0;1;;1;0;;1;0;;1;0;;1;0;
84880;0;0;;0;0;;0;1;;1;0;;1;0;;1;0;;1;0;
84890;0;0;;0;0;;0;0;;1;0;;1;0;;1;0;;1;0;
84900;0;0;;0;0;;0;1;;1;0;;1;0;;1;0;;1;0;
84910;0;0;;0;0;;0;1;;1;0;;1;0;;1;0;;1;0;
84920;0;0;;0;0;;0;1;;1;0;;1;0;;1;0;;1;0;
84930;0;0;;0;0;;0;1;;1;0;;1;0;;1;0;;1;0;
84940;0;0;;0;0;;0;0;;1;0;;1;0;;1;0;;1;0;
84950;0;0;;0;0;;0;1;;1;0;;1;0;;1;0;;1;0;
84960;0;0;;0;0;;0;1;;1;0;;1;0;;1;0;;1;0;
84970;0;0;;0;0;;0;1;;1;0;;1;0;;1;0;;1;0;
84980;0;0;;0;0;;0;1;;1;0;;1;0;;1;0;;1;0;
84990;0;0;;0;0;;0;1;;1;0;;1;0;;1;0;;1;0;
85000;0;0;;0;0;;0;0;;1;0;;1;0;;1;0;;1;0;
85010;0;0;;0;0;;0;1;;1;0;;1;0;;1;0;;1;0;
85020;0;0;;0;0;;0;1;;1;0;;1;0;;1;0;;1;0;
85030;0;0;;0;0;;0;1;;1;0;;1;0;;1;0;;1;0;
85040;0;0;;0;0;;0;1;;1;0;;1;0;;1;0;;1;0;
85050;0;0;;0;0;;0;1;;1;0;;1;0;;1;0;;1;0;
85060;0;0;;0;0;;0;0;;1;0;;1;0;;1;0;;1;0;
85070;0;0;;0;0;;0;1;;1;0;;1;0;;1;0;;1;0;
85080;0;0;;0;0;;0;1;;1;0;;1;0;;1;0;;1;0;
85090;0;0;;0;0;;0;1;;1;0;;1;0;;1;0;;1;0;
85100;0;0;;0;0;;0;1;;1;0;;1;0;;1;0;;1;0;
85110;0;0;;0;0;;0;0;;1;0;;1;0;;1;0;;1;0;
85120;0;0;;0;0;;0;1;;1;0;;1;0;;1;0;;1;0;
85130;0;0;;0;0;;0;1;;1;0;;1;0;;1;0;;1;0;
85140;0;0;;0;0;;0;1;;1;0;;1;0;;1;0;;1;0;
85150;0;0;;0;0;;0;1;;1;0;;1;0;;1;0;;1;0;
85160;0;0;;0;0;;0;1;;1;0;;1;0;;1;0;;1;0;
85170;0;0;;0;0;;0;0;;1;0;;1;0;;1;0;;1;0;
85180;0;0;;0;0;;0;1;;1;0;;1;0;;1;0;;1;0;
85190;0;0;;0;0;;0;1;;1;0;;1;0;;1;0;;1;0;
85200;0;0;;0;0;;0;1;;1;0;;1;0;;1;0;;1;0;
85210;0;0;;0;0;;0;1;;1;0;;1;0;;1;0;;1;0;
85220;0;0;;0;0;;0;1;;1;0;;1;0;;1;0;;1;0;
85230;0;0;;0;0;;0;0;;1;0;;1;0;;1;0;;1;0;
85240;0;0;;0;0;;0;1;;1;0;;1;0;;1;0;;1;0;
85250;0;0;;0;0;;0;1;;1;0;;1;0;;1;0;;1;0;
85260;0;0;;0;0;;0;1;;1;0;;1;0;;1;0;;1;0;
85270;0;0;;0;0;;0;1;;1;0;;1;0;;1;0;;1;0;
85280;0;0;;0;0;;0;1;;1;0;;1;0;;1;0;;1;0;
85290;0;0;;0;0;;0;0;;1;0;;1;0;;1;0;;1;0;
85300;0;0;;0;0;;0;1;;1;0;;1;0;;1;0;;1;0;
85310;0;0;;0;0;;0;1;;1;0;;1;0;;1;0;;1;0;
85320;0;0;;0;0;;0;1;;1;0;;1;0;;1;0;;1;0;
85330;0;0;;0;0;;0;1;;1;0;;1;0;;1;0;;1;0;
85340;0;0;;0;0;;0;1;;1;0;;1;0;;1;0;;1;0;
85350;0;0;;0;0;;0;0;;1;0;;1;0;;1;0;;1;0;
85360;0;0;;0;0;;0;1;;1;0;;1;0;;1;0;;1;0;
85370;0;0;;0;0;;0;1;;1;0;;1;0;;1;0;;1;0;
85380;0;0;;0;0;;0;1;;1;0;;1;0;;1;0;;1;0;
85390;0;0;;0;0;;0;1;;1;0;;1;0;;1;0;;1;0;
85400;0;0;;0;0;;0;1;;1;0;;1;0;;1;0;;1;0;
85410;0;0;;0;0;;0;0;;1;0;;1;0;;1;0;;1;0;
85420;0;0;;0;0;;0;1;;1;0;;1;0;;1;0;;1;0;
85430;0;0;;0;0;;0;1;;1;0;;1;0;;1;0;;1;0;
85440;0;0;;0;0;;0;1;;1;0;;1;0;;1;0;;1;0;
85450;0;0;;0;0;;0;1;;1;0;;1;0;;1;0;;1;0;
85460;0;0;;0;0;;0;1;;1;0;;1;0;;1;0;;1;0;
85470;0;0;;0;0;;0;0;;1;0;;1;0;;1;0;;1;0;
85480;0;0;;0;0;;0;1;;1;0;;1;0;;1;0;;1;0;
85490;0;0;;0;0;;0;1;;1;0;;1;0;;1;0;;1;0;
85500;0;0;;0;0;;0;1;;1;0;;1;0;;1;0;;1;0;
85510;0;0;;0;0;;0;1;;1;0;;1;0;;1;0;;1;0;
85520;0;0;;0;0;;0;1;;1;0;;1;0;;1;0;;1;0;
85530;0;0;;0;0;;0;0;;1;0;;1;0;;1;0;;1;0;
85540;0;0;;0;0;;0;1;;1;0;;1;0;;1;0;;1;0;
85550;0;0;;0;0;;0;1;;1;0;;1;0;;1;0;;1;0;
85560;0;0;;0;0;;0;1;;1;0;;1;0;;1;0;;1;0;
85570;0;0;;0;0;;0;1;;1;0;;1;0;;1;0;;1;0;
85580;0;0;;0;0;;0;1;;1;0;;1;0;;1;0;;1;0;
85590;0;0;;0;0;;0;0;;1;0;;1;0;;1;0;;1;0;
85600;0;0;;0;0;;0;1;;1;0;;1;0;;1;0;;1;0;
85610;0;0;;0;0;;0;1;;1;0;;1;0;;1;0;;1;0;
85620;0;0;;0;0;;0;1;;1;0;;1;0;;1;0;;1;0;
85630;0;0;;0;0;;0;1;;1;0;;1;0;;1;0;;1;0;
85640;0;0;;0;0;;0;1;;1;0;;1;0;;1;0;;1;0;
85650;0;0;;0;0;;0;1;;1;0;;1;0;;1;0;;1;0;
85660;0;0;;0;0;;0;0;;1;0;;1;0;;1;0;;1;0;
85670;0;0;;0;0;;0;1;;1;0;;1;0;;1;0;;1;0;
85680;0;0;;0;0;;0;1;;1;0;;1;0;;1;0;;1;0;
85690;0;0;;0;0;;0;1;;1;0;;1;0;;1;0;;1;0;
85700;0;0;;0;0;;0;1;;1;0;;1;0;;1;0;;1;0;
85710;0;0;;0;0;;0;1;;1;0;;1;0;;1;0;;1;0;
85720;0;0;;0;0;;0;0;;1;0;;1;0;;1;0;;1;0;
85730;0;0;;0;0;;0;1;;1;0;;1;0;;1;0;;1;0;
85740;0;0;;0;0;;0;1;;1;0;;1;0;;1;0;;1;0;
85750;0;0;;0;0;;0;1;;1;0;;1;0;;1;0;;1;0;
85760;0;0;;0;0;;0;1;;1;0;;1;0;;1;0;;1;0;
85770;0;0;;0;0;;0;1;;1;0;;1;0;;1;0;;1;0;
85780;0;0;;0;0;;0;0;;1;0;;1;0;;1;0;;1;0;
85790;0;0;;0;0;;0;1;;1;0;;1;0;;1;0;;1;0;
85800;0;0;;0;0;;0;1;;1;0;;1;0;;1;0;;1;0;
85810;0;0;;0;0;;0;1;;1;0;;1;0;;1;0;;1;0;
85820;0;0;;0;0;;0;1;;1;0;;1;0;;1;0;;1;0;
85830;0;0;;0;0;;0;1;;1;0;;1;0;;1;0;;1;0;
85840;0;0;;0;0;;0;1;;1;0;;1;0;;1;0;;1;0;
85850;0;0;;0;0;;0;0;;1;0;;1;0;;1;0;;1;0;
85860;0;0;;0;0;;0;1;;1;0;;1;0;;1;0;;1;0;
85870;0;0;;0;0;;0;1;;1;0;;1;0;;1;0;;1;0;
85880;0;0;;0;0;;0;1;;1;0;;1;0;;1;0;;1;0;
85890;0;0;;0;0;;0;1;;1;0;;1;0;;1;0;;1;0;
85900;0;0;;0;0;;0;1;;1;0;;1;0;;1;0;;1;0;
85910;0;0;;0;0;;0;0;;1;0;;1;0;;1;0;;1;0;
85920;0;0;;0;0;;0;1;;1;0;;1;0;;1;0;;1;0;
85930;0;0;;0;0;;0;1;;1;0;;1;0;;1;0;;1;0;
85940;0;0;;0;0;;0;1;;1;0;;1;1;;1;1;;1;0;
85950;0;0;;0;0;;0;1;;1;0;;1;0;;1;0;;1;0;
85960;0;0;;0;0;;0;1;;1;0;;1;0;;1;0;;1;0;
85970;0;0;;0;0;;0;1;;1;0;;1;0;;1;0;;1;0;
85980;0;0;;0;0;;0;0;;1;0;;1;0;;1;0;;1;0;
85990;0;0;;0;0;;0;1;;1;0;;1;0;;1;0;;1;0;
86000;0;0;;0;0;;0;1;;1;0;;1;0;;1;0;;1;0;
86010;0;0;;0;0;;0;1;;1;0;;1;0;;1;0;;1;0;
86020;0;0;;0;0;;0;1;;1;0;;1;0;;1;0;;1;0;
86030;0;0;;0;0;;0;1;;1;0;;1;0;;1;0;;1;0;
86040;0;0;;0;0;;0;0;;1;0;;1;0;;1;0;;1;0;
86050;0;0;;0;0;;0;1;;1;0;;1;0;;1;0;;1;0;
86060;0;0;;0;0;;0;1;;1;0;;1;0;;1;0;;1;0;
86070;0;0;;0;0;;0;1;;1;0;;1;0;;1;0;;1;0;
86080;0;0;;0;0;;0;1;;1;0;;1;0;;1;0;;1;0;
86090;0;0;;0;0;;0;1;;1;0;;1;0;;1;0;;1;0;
86100;0;0;;0;0;;0;1;;1;0;;1;0;;1;0;;1;0;
86110;0;0;;0;0;;0;0;;1;0;;1;0;;1;0;;1;0;
86120;0;0;;0;0;;0;1;;1;0;;1;0;;1;0;;1;0;
86130;0;0;;0;0;;0;1;;1;0;;1;0;;1;0;;1;0;
86140;0;0;;0;0;;0;1;;1;0;;1;0;;1;0;;1;0;
86150;0;0;;0;0;;0;1;;1;0;;1;0;;1;0;;1;0;
86160;0;0;;0;0;;0;1;;1;0;;1;0;;1;0;;1;0;
86170;0;0;;0;0;;0;1;;1;0;;1;0;;1;0;;1;0;
86180;0;0;;0;0;;0;0;;1;0;;1;0;;1;0;;1;0;
86190;0;0;;0;0;;0;1;;1;0;;1;0;;1;0;;1;0;
86200;0;0;;0;0;;0;1;;1;0;;1;0;;1;0;;1;0;
86210;0;0;;0;0;;0;1;;1;0;;1;0;;1;0;;1;0;
86220;0;0;;0;0;;0;1;;1;0;;1;0;;1;0;;1;0;
86230;0;0;;0;0;;0;1;;1;0;;1;0;;1;0;;1;0;
86240;0;0;;0;0;;0;1;;1;0;;1;0;;1;0;;1;0;
86250;0;0;;0;0;;0;0;;1;0;;1;0;;1;0;;1;0;
86260;0;0;;0;0;;0;1;;1;0;;1;0;;1;0;;1;0;
86270;0;0;;0;0;;0;1;;1;0;;1;0;;1;0;;1;0;
86280;0;0;;0;0;;0;1;;1;0;;1;0;;1;0;;1;0;
86290;0;0;;0;0;;0;1;;1;0;;1;0;;1;0;;1;0;
86300;0;0;;0;0;;0;1;;1;0;;1;0;;1;0;;1;0;
86310;0;0;;0;0;;0;1;;1;0;;1;0;;1;0;;1;0;
86320;0;0;;0;0;;0;0;;1;0;;1;0;;1;0;;1;0;
86330;0;0;;0;0;;0;1;;1;0;;1;0;;1;0;;1;0;
86340;0;0;;0;0;;0;1;;1;0;;1;0;;1;0;;1;0;
86350;0;0;;0;0;;0;1;;1;0;;1;0;;1;0;;1;0;
86360;0;0;;0;0;;0;1;;1;1;;1;0;;1;0;;1;0;
86370;0;0;;0;0;;0;1;;1;0;;1;0;;1;0;;1;0;
86380;0;0;;0;0;;0;1;;1;0;;1;0;;1;0;;1;0;
86390;0;0;;0;0;;0;0;;1;0;;1;0;;1;0;;1;0;
86400;0;0;;0;0;;0;1;;1;0;;1;0;;1;0;;1;0;
86410;0;0;;0;0;;0;1;;1;0;;1;0;;1;0;;1;0;
86420;0;0;;0;0;;0;1;;1;0;;1;0;;1;0;;1;0;
86430;0;0;;0;0;;0;1;;1;0;;1;0;;1;0;;1;0;
86440;0;0;;0;0;;0;1;;1;0;;1;0;;1;0;;1;0;
86450;0;0;;0;0;;0;1;;1;0;;1;0;;1;0;;1;0;
86460;0;0;;0;0;;0;0;;1;0;;1;0;;1;0;;1;0;
86470;0;0;;0;0;;0;1;;1;0;;1;0;;1;0;;1;0;
86480;0;0;;0;0;;0;1;;1;0;;1;0;;1;0;;1;0;
86490;0;0;;0;0;;0;1;;1;0;;1;0;;1;0;;1;0;
86500;0;0;;0;0;;0;1;;1;0;;1;0;;1;0;;1;0;
86510;0;0;;0;0;;0;1;;1;0;;1;0;;1;0;;1;0;
86520;0;0;;0;0;;0;1;;1;0;;1;0;;1;0;;1;0;
86530;0;0;;0;0;;0;0;;1;0;;1;0;;1;0;;1;0;
86540;0;0;;0;0;;0;1;;1;0;;1;0;;1;0;;1;0;
86550;0;0;;0;0;;0;1;;1;0;;1;0;;1;0;;1;0;
86560;0;0;;0;0;;0;1;;1;0;;1;0;;1;0;;1;0;
86570;0;0;;0;0;;0;1;;1;0;;1;0;;1;0;;1;0;
86580;0;0;;0;0;;0;1;;1;0;;1;0;;1;0;;1;0;
86590;0;0;;0;0;;0;1;;1;0;;1;0;;1;0;;1;0;
86600;0;0;;0;0;;0;0;;1;0;;1;0;;1;0;;1;0;
86610;0;0;;0;0;;0;1;;1;0;;1;0;;1;0;;1;0;
86620;0;0;;0;0;;0;1;;1;0;;1;0;;1;0;;1;0;
86630;0;0;;0;0;;0;1;;1;0;;1;0;;1;0;;1;0;
86640;0;0;;0;0;;0;1;;1;0;;1;0;;1;0;;1;0;
86650;0;0;;0;0;;0;1;;1;0;;1;0;;1;0;;1;0;
86660;0;0;;0;0;;0;1;;1;0;;1;0;;1;0;;1;0;
86670;0;0;;0;0;;0;0;;1;0;;1;0;;1;0;;1;0;
86680;0;0;;0;0;;0;1;;1;0;;1;0;;1;0;;1;0;
86690;0;0;;0;0;;0;1;;1;0;;1;0;;1;0;;1;0;
86700;0;0;;0;0;;0;1;;1;0;;1;0;;1;0;;1;0;
86710;0;0;;0;0;;0;1;;1;0;;1;0;;1;0;;1;0;
86720;0;0;;0;0;;0;1;;1;0;;1;0;;1;0;;1;0;
86730;0;0;;0;0;;0;1;;1;0;;1;0;;1;0;;1;0;
86740;0;0;;0;0;;0;0;;1;0;;1;0;;1;0;;1;0;
86750;0;0;;0;0;;0;1;;1;0;;1;0;;1;0;;1;0;
86760;0;0;;0;0;;0;1;;1;0;;1;0;;1;0;;1;0;
86770;0;0;;0;0;;0;1;;1;0;;1;0;;1;0;;1;0;
86780;0;0;;0;0;;0;1;;1;0;;1;0;;1;0;;1;0;
86790;0;0;;0;0;;0;1;;1;0;;1;0;;1;0;;1;0;
86800;0;0;;0;0;;0;1;;1;0;;1;0;;1;0;;1;0;
86810;0;0;;0;0;;0;1;;1;0;;1;0;;1;0;;1;0;
86820;0;0;;0;0;;0;0;;1;0;;1;0;;1;0;;1;0;
86830;0;0;;0;0;;0;1;;1;0;;1;0;;1;0;;1;0;
86840;0;0;;0;0;;0;1;;1;0;;1;0;;1;0;;1;0;
86850;0;0;;0;0;;0;1;;1;0;;1;0;;1;0;;1;0;
86860;0;0;;0;0;;0;1;;1;0;;1;0;;1;0;;1;0;
86870;0;0;;0;0;;0;1;;1;0;;1;0;;1;0;;1;0;
86880;0;0;;0;0;;0;1;;1;0;;1;0;;1;0;;1;0;
86890;0;0;;0;0;;0;0;;1;0;;1;0;;1;0;;1;0;
86900;0;0;;0;0;;0;1;;1;0;;1;0;;1;0;;1;0;
86910;0;0;;0;0;;0;1;;1;0;;1;0;;1;0;;1;0;
86920;0;0;;0;0;;0;1;;1;0;;1;0;;1;0;;1;0;
86930;0;0;;0;0;;0;1;;1;0;;1;0;;1;0;;1;0;
86940;0;0;;0;0;;0;1;;1;0;;1;0;;1;0;;1;0;
86950;0;0;;0;0;;0;1;;1;0;;1;0;;1;0;;1;0;
86960;0;0;;0;0;;0;1;;1;0;;1;0;;1;0;;1;0;
86970;0;0;;0;0;;0;0;;1;0;;1;0;;1;0;;1;0;
86980;0;0;;0;0;;0;1;;1;0;;1;0;;1;0;;1;0;
86990;0;0;;0;0;;0;1;;1;0;;1;0;;1;0;;1;0;
87000;0;0;;0;0;;0;1;;1;0;;1;0;;1;0;;1;0;
87010;0;0;;0;0;;0;1;;1;0;;1;0;;1;0;;1;0;
87020;0;0;;0;0;;0;1;;1;0;;1;0;;1;0;;1;0;
87030;0;0;;0;0;;0;1;;1;0;;1;0;;1;0;;1;0;
87040;0;0;;0;0;;0;0;;1;0;;1;0;;1;0;;1;0;
87050;0;0;;0;0;;0;1;;1;0;;1;0;;1;0;;1;0;
87060;0;0;;0;0;;0;1;;1;0;;1;0;;1;0;;1;0;
87070;0;0;;0;0;;0;1;;1;0;;1;0;;1;0;;1;0;
87080;0;0;;0;0;;0;1;;1;0;;1;0;;1;0;;1;0;
87090;0;0;;0;0;;0;1;;1;0;;1;0;;1;0;;1;0;
87100;0;0;;0;0;;0;1;;1;0;;1;0;;1;0;;1;0;
87110;0;0;;0;0;;0;1;;1;0;;1;0;;1;0;;1;0;
87120;0;0;;0;0;;0;0;;1;0;;1;0;;1;0;;1;0;
87130;0;0;;0;0;;0;1;;1;0;;1;0;;1;0;;1;0;
87140;0;0;;0;0;;0;1;;1;0;;1;0;;1;0;;1;0;
87150;0;0;;0;0;;0;1;;1;0;;1;0;;1;0;;1;0;
87160;0;0;;0;0;;0;1;;1;0;;1;0;;1;0;;1;0;
87170;0;0;;0;0;;0;1;;1;0;;1;0;;1;0;;1;0;
87180;0;0;;0;0;;0;1;;1;0;;1;0;;1;0;;1;0;
87190;0;0;;0;0;;0;0;;1;0;;1;0;;1;0;;1;0;
87200;0;0;;0;0;;0;1;;1;0;;1;0;;1;0;;1;0;
87210;0;0;;0;0;;0;1;;1;0;;1;0;;1;0;;1;0;
87220;0;0;;0;0;;0;1;;1;0;;1;1;;1;1;;1;0;
87230;0;0;;0;0;;0;1;;1;0;;1;0;;1;0;;1;0;
87240;0;0;;0;0;;0;1;;1;0;;1;0;;1;0;;1;0;
87250;0;0;;0;0;;0;1;;1;0;;1;0;;1;0;;1;0;
87260;0;0;;0;0;;0;1;;1;0;;1;0;;1;0;;1;0;
87270;0;0;;0;0;;0;0;;1;0;;1;0;;1;0;;1;0;
87280;0;0;;0;0;;0;1;;1;0;;1;0;;1;0;;1;0;
87290;0;0;;0;0;;0;1;;1;0;;1;0;;1;0;;1;0;
87300;0;0;;0;0;;0;1;;1;0;;1;0;;1;0;;1;0;
87310;0;0;;0;0;;0;1;;1;0;;1;0;;1;0;;1;0;
87320;0;0;;0;0;;0;1;;1;0;;1;0;;1;0;;1;0;
87330;0;0;;0;0;;0;1;;1;0;;1;0;;1;0;;1;0;
87340;0;0;;0;0;;0;1;;1;0;;1;0;;1;0;;1;0;
87350;0;0;;0;0;;0;0;;1;0;;1;0;;1;0;;1;0;
87360;0;0;;0;0;;0;1;;1;0;;1;0;;1;0;;1;0;
87370;0;0;;0;0;;0;1;;1;0;;1;0;;1;0;;1;0;
87380;0;0;;0;0;;0;1;;1;0;;1;0;;1;0;;1;0;
87390;0;0;;0;0;;0;1;;1;0;;1;0;;1;0;;1;0;
87400;0;0;;0;0;;0;1;;1;0;;1;0;;1;0;;1;0;
87410;0;0;;0;0;;0;1;;1;0;;1;0;;1;0;;1;0;
87420;0;0;;0;0;;0;1;;1;0;;1;0;;1;0;;1;0;
87430;0;0;;0;0;;0;0;;1;0;;1;0;;1;0;;1;0;
87440;0;0;;0;0;;0;1;;1;0;;1;0;;1;0;;1;0;
87450;0;0;;0;0;;0;1;;1;0;;1;0;;1;0;;1;0;
87460;0;0;;0;0;;0;1;;1;0;;1;0;;1;0;;1;0;
87470;0;0;;0;0;;0;1;;1;0;;1;0;;1;0;;1;0;
87480;0;0;;0;0;;0;1;;1;0;;1;0;;1;0;;1;0;
87490;0;0;;0;0;;0;1;;1;0;;1;0;;1;0;;1;0;
87500;0;0;;0;0;;0;1;;1;0;;1;0;;1;0;;1;0;
87510;0;0;;0;0;;0;0;;1;0;;1;0;;1;0;;1;0;
87520;0;0;;0;0;;0;1;;1;0;;1;0;;1;0;;1;0;
87530;0;0;;0;0;;0;1;;1;0;;1;0;;1;0;;1;0;
87540;0;0;;0;0;;0;1;;1;0;;1;0;;1;0;;1;0;
87550;0;0;;0;0;;0;1;;1;0;;1;0;;1;0;;1;0;
87560;0;0;;0;0;;0;1;;1;0;;1;0;;1;0;;1;0;
87570;0;0;;0;0;;0;1;;1;0;;1;0;;1;0;;1;0;
87580;0;0;;0;0;;0;1;;1;0;;1;0;;1;0;;1;0;
87590;0;0;;0;0;;0;0;;1;0;;1;0;;1;0;;1;0;
87600;0;0;;0;0;;0;1;;1;0;;1;0;;1;0;;1;0;
87610;0;0;;0;0;;0;1;;1;0;;1;0;;1;0;;1;0;
87620;0;0;;0;0;;0;1;;1;0;;1;0;;1;0;;1;0;
87630;0;0;;0;0;;0;1;;1;0;;1;0;;1;0;;1;0;
87640;0;0;;0;0;;0;1;;1;0;;1;0;;1;0;;1;0;
87650;0;0;;0;0;;0;1;;1;0;;1;0;;1;0;;1;0;
87660;0;0;;0;0;;0;1;;1;0;;1;0;;1;0;;1;0;
87670;0;0;;0;0;;0;0;;1;0;;1;0;;1;0;;1;0;
87680;0;0;;0;0;;0;1;;1;0;;1;0;;1;0;;1;0;
87690;0;0;;0;0;;0;1;;1;0;;1;0;;1;0;;1;0;
87700;0;0;;0;0;;0;1;;1;0;;1;0;;1;0;;1;0;
87710;0;0;;0;0;;0;1;;1;0;;1;0;;1;0;;1;0;
87720;0;0;;0;0;;0;1;;1;0;;1;0;;1;0;;1;0;
87730;0;0;;0;0;;0;1;;1;0;;1;0;;1;0;;1;0;
87740;0;0;;0;0;;0;1;;1;0;;1;0;;1;0;;1;0;
87750;0;0;;0;0;;0;0;;1;0;;1;0;;1;0;;1;0;
87760;0;0;;0;0;;0;1;;1;0;;1;0;;1;0;;1;0;
87770;0;0;;0;0;;0;1;;1;0;;1;0;;1;0;;1;0;
87780;0;0;;0;0;;0;1;;1;0;;1;0;;1;0;;1;0;
87790;0;0;;0;0;;0;1;;1;0;;1;0;;1;0;;1;0;
87800;0;0;;0;0;;0;1;;1;0;;1;0;;1;0;;1;0;
87810;0;0;;0;0;;0;1;;1;0;;1;0;;1;0;;1;0;
87820;0;0;;0;0;;0;1;;1;0;;1;0;;1;0;;1;0;
87830;0;0;;0;0;;0;0;;1;0;;1;0;;1;0;;1;0;
87840;0;0;;0;0;;0;1;;1;0;;1;0;;1;0;;1;0;
87850;0;0;;0;0;;0;1;;1;0;;1;0;;1;0;;1;0;
87860;0;0;;0;0;;0;1;;1;0;;1;0;;1;0;;1;0;
87870;0;0;;0;0;;0;1;;1;0;;1;0;;1;0;;1;0;
87880;0;0;;0;0;;0;1;;1;0;;1;0;;1;0;;1;0;
87890;0;0;;0;0;;0;1;;1;0;;1;0;;1;0;;1;0;
87900;0;0;;0;0;;0;1;;1;0;;1;0;;1;0;;1;0;
87910;0;0;;0;0;;0;0;;1;0;;1;0;;1;0;;1;0;
87920;0;0;;0;0;;0;1;;1;0;;1;0;;1;0;;1;0;
87930;0;0;;0;0;;0;1;;1;0;;1;0;;1;0;;1;0;
87940;0;0;;0;0;;0;1;;1;0;;1;0;;1;0;;1;0;
87950;0;0;;0;0;;0;1;;1;0;;1;0;;1;0;;1;0;
87960;0;0;;0;0;;0;1;;1;0;;1;0;;1;0;;1;0;
87970;0;0;;0;0;;0;1;;1;0;;1;0;;1;0;;1;0;
87980;0;0;;0;0;;0;1;;1;0;;1;0;;1;0;;1;0;
87990;0;0;;0;0;;0;0;;1;0;;1;0;;1;0;;1;0;
88000;0;0;;0;0;;0;1;;1;0;;1;0;;1;0;;1;0;
88010;0;0;;0;0;;0;1;;1;0;;1;0;;1;0;;1;0;
88020;0;0;;0;0;;0;1;;1;0;;1;0;;1;0;;1;0;
88030;0;0;;0;0;;0;1;;1;0;;1;0;;1;0;;1;0;
88040;0;0;;0;0;;0;1;;1;0;;1;0;;1;0;;1;0;
88050;0;0;;0;0;;0;1;;1;0;;1;0;;1;0;;1;0;
88060;0;0;;0;0;;0;1;;1;0;;1;0;;1;0;;1;0;
88070;0;0;;0;0;;0;1;;1;0;;1;0;;1;0;;1;0;
88080;0;0;;0;0;;0;0;;1;0;;1;0;;1;0;;1;0;
88090;0;0;;0;0;;0;1;;1;0;;1;0;;1;0;;1;0;
88100;0;0;;0;0;;0;1;;1;0;;1;0;;1;0;;1;0;
88110;0;0;;0;0;;0;1;;1;0;;1;0;;1;0;;1;0;
88120;0;0;;0;0;;0;1;;1;0;;1;0;;1;0;;1;0;
88130;0;0;;0;0;;0;1;;1;0;;1;0;;1;0;;1;0;
88140;0;0;;0;0;;0;1;;1;0;;1;0;;1;0;;1;0;
88150;0;0;;0;0;;0;1;;1;0;;1;0;;1;0;;1;0;
88160;0;0;;0;0;;0;0;;1;0;;1;0;;1;0;;1;0;
88170;0;0;;0;0;;0;1;;1;0;;1;0;;1;0;;1;0;
88180;0;0;;0;0;;0;1;;1;0;;1;0;;1;0;;1;0;
88190;0;0;;0;0;;0;1;;1;0;;1;0;;1;0;;1;0;
88200;0;0;;0;0;;0;1;;1;0;;1;0;;1;0;;1;0;
88210;0;0;;0;0;;0;1;;1;0;;1;0;;1;0;;1;0;
88220;0;0;;0;0;;0;1;;1;0;;1;0;;1;0;;1;0;
88230;0;0;;0;0;;0;1;;1;0;;1;0;;1;0;;1;0;
88240;0;0;;0;0;;0;0;;1;0;;1;0;;1;0;;1;0;
88250;0;0;;0;0;;0;1;;1;0;;1;0;;1;0;;1;0;
88260;0;0;;0;0;;0;1;;1;0;;1;0;;1;0;;1;0;
88270;0;0;;0;0;;0;1;;1;0;;1;0;;1;0;;1;0;
88280;0;0;;0;0;;0;1;;1;0;;1;0;;1;0;;1;0;
88290;0;0;;0;0;;0;1;;1;0;;1;0;;1;0;;1;0;
88300;0;0;;0;0;;0;1;;1;0;;1;0;;1;0;;1;0;
88310;0;0;;0;0;;0;1;;1;0;;1;0;;1;0;;1;0;
88320;0;0;;0;0;;0;1;;1;0;;1;0;;1;0;;1;0;
88330;0;0;;0;0;;0;0;;1;0;;1;0;;1;0;;1;0;
88340;0;0;;0;0;;0;1;;1;0;;1;0;;1;0;;1;0;
88350;0;0;;0;0;;0;1;;1;0;;1;0;;1;0;;1;0;
88360;0;0;;0;0;;0;1;;1;0;;1;0;;1;0;;1;0;
88370;0;0;;0;0;;0;1;;1;0;;1;0;;1;0;;1;0;
88380;0;0;;0;0;;0;1;;1;0;;1;0;;1;0;;1;0;
88390;0;0;;0;0;;0;1;;1;0;;1;0;;1;0;;1;0;
88400;0;0;;0;0;;0;1;;1;0;;1;0;;1;0;;1;0;
88410;0;0;;0;0;;0;0;;1;0;;1;0;;1;0;;1;0;
88420;0;0;;0;0;;0;1;;1;0;;1;0;;1;0;;1;0;
88430;0;0;;0;0;;0;1;;1;0;;1;0;;1;0;;1;0;
88440;0;0;;0;0;;0;1;;1;0;;1;0;;1;0;;1;0;
88450;0;0;;0;0;;0;1;;1;0;;1;0;;1;0;;1;0;
88460;0;0;;0;0;;0;1;;1;0;;1;0;;1;0;;1;0;
88470;0;0;;0;0;;0;1;;1;0;;1;0;;1;0;;1;0;
88480;0;0;;0;0;;0;1;;1;0;;1;0;;1;0;;1;0;
88490;0;0;;0;0;;0;1;;1;0;;1;0;;1;0;;1;0;
88500;0;0;;0;0;;0;0;;1;0;;1;0;;1;0;;1;0;
88510;0;0;;0;0;;0;1;;1;0;;1;0;;1;0;;1;0;
88520;0;0;;0;0;;0;1;;1;0;;1;0;;1;0;;1;0;
88530;0;0;;0;0;;0;1;;1;0;;1;0;;1;0;;1;0;
88540;0;0;;0;0;;0;1;;1;0;;1;0;;1;0;;1;0;
88550;0;0;;0;0;;0;1;;1;0;;1;0;;1;0;;1;0;
88560;0;0;;0;0;;0;1;;1;0;;1;0;;1;0;;1;0;
88570;0;0;;0;0;;0;1;;1;0;;1;0;;1;0;;1;0;
88580;0;0;;0;0;;0;0;;1;0;;1;0;;1;0;;1;0;
88590;0;0;;0;0;;0;1;;1;0;;1;0;;1;0;;1;0;
88600;0;0;;0;0;;0;1;;1;0;;1;0;;1;0;;1;0;
88610;0;0;;0;0;;0;1;;1;0;;1;1;;1;1;;1;0;
88620;0;0;;0;0;;0;1;;1;0;;1;0;;1;0;;1;0;
88630;0;0;;0;0;;0;1;;1;0;;1;0;;1;0;;1;0;
88640;0;0;;0;0;;0;1;;1;0;;1;0;;1;0;;1;0;
88650;0;0;;0;0;;0;1;;1;0;;1;0;;1;0;;1;0;
88660;0;0;;0;0;;0;1;;1;0;;1;0;;1;0;;1;0;
88670;0;0;;0;0;;0;0;;1;0;;1;0;;1;0;;1;0;
88680;0;0;;0;0;;0;1;;1;0;;1;0;;1;0;;1;0;
88690;0;0;;0;0;;0;1;;1;0;;1;0;;1;0;;1;0;
88700;0;0;;0;0;;0;1;;1;0;;1;0;;1;0;;1;0;
88710;0;0;;0;0;;0;1;;1;0;;1;0;;1;0;;1;0;
88720;0;0;;0;0;;0;1;;1;0;;1;0;;1;0;;1;0;
88730;0;0;;0;0;;0;1;;1;0;;1;0;;1;0;;1;0;
88740;0;0;;0;0;;0;1;;1;0;;1;0;;1;0;;1;0;
88750;0;0;;0;0;;0;0;;1;0;;1;0;;1;0;;1;0;
88760;0;0;;0;0;;0;1;;1;0;;1;0;;1;0;;1;0;
88770;0;0;;0;0;;0;1;;1;0;;1;0;;1;0;;1;0;
88780;0;0;;0;0;;0;1;;1;0;;1;0;;1;0;;1;0;
88790;0;0;;0;0;;0;1;;1;0;;1;0;;1;0;;1;0;
88800;0;0;;0;0;;0;1;;1;0;;1;0;;1;0;;1;0;
88810;0;0;;0;0;;0;1;;1;0;;1;0;;1;0;;1;0;
88820;0;0;;0;0;;0;1;;1;0;;1;0;;1;0;;1;0;
88830;0;0;;0;0;;0;0;;1;0;;1;0;;1;0;;1;0;
88840;0;0;;0;0;;0;1;;1;0;;1;0;;1;0;;1;0;
88850;0;0;;0;0;;0;1;;1;0;;1;0;;1;0;;1;0;
88860;0;0;;0;0;;0;1;;1;0;;1;0;;1;0;;1;0;
88870;0;0;;0;0;;0;1;;1;0;;1;0;;1;0;;1;0;
88880;0;0;;0;0;;0;1;;1;0;;1;0;;1;0;;1;0;
88890;0;0;;0;0;;0;1;;1;0;;1;0;;1;0;;1;0;
88900;0;0;;0;0;;0;1;;1;0;;1;0;;1;0;;1;0;
88910;0;0;;0;0;;0;1;;1;0;;1;0;;1;0;;1;0;
88920;0;0;;0;0;;0;0;;1;0;;1;0;;1;0;;1;0;
88930;0;0;;0;0;;0;1;;1;0;;1;0;;1;0;;1;0;
88940;0;0;;0;0;;0;1;;1;0;;1;0;;1;0;;1;0;
88950;0;0;;0;0;;0;1;;1;0;;1;0;;1;0;;1;0;
88960;0;0;;0;0;;0;1;;1;0;;1;0;;1;0;;1;0;
88970;0;0;;0;0;;0;1;;1;0;;1;0;;1;0;;1;0;
88980;0;0;;0;0;;0;1;;1;0;;1;0;;1;0;;1;0;
88990;0;0;;0;0;;0;1;;1;0;;1;0;;1;0;;1;0;
89000;0;0;;0;0;;0;0;;1;0;;1;0;;1;0;;1;0;
89010;0;0;;0;0;;0;1;;1;0;;1;0;;1;0;;1;0;
89020;0;0;;0;0;;0;1;;1;0;;1;0;;1;0;;1;0;
89030;0;0;;0;0;;0;1;;1;0;;1;0;;1;0;;1;0;
89040;0;0;;0;0;;0;1;;1;0;;1;0;;1;0;;1;0;
89050;0;0;;0;0;;0;1;;1;0;;1;0;;1;0;;1;0;
89060;0;0;;0;0;;0;1;;1;0;;1;0;;1;0;;1;0;
89070;0;0;;0;0;;0;1;;1;0;;1;0;;1;0;;1;0;
89080;0;0;;0;0;;0;1;;1;0;;1;0;;1;0;;1;0;
89090;0;0;;0;0;;0;0;;1;0;;1;0;;1;0;;1;0;
89100;0;0;;0;0;;0;1;;1;0;;1;0;;1;0;;1;0;
89110;0;0;;0;0;;0;1;;1;0;;1;0;;1;0;;1;0;
89120;0;0;;0;0;;0;1;;1;0;;1;0;;1;0;;1;0;
89130;0;0;;0;0;;0;1;;1;0;;1;0;;1;0;;1;0;
89140;0;0;;0;0;;0;1;;1;0;;1;0;;1;0;;1;0;
89150;0;0;;0;0;;0;1;;1;0;;1;0;;1;0;;1;0;
89160;0;0;;0;0;;0;1;;1;0;;1;0;;1;0;;1;0;
89170;0;0;;0;0;;0;0;;1;0;;1;0;;1;0;;1;0;
89180;0;0;;0;0;;0;1;;1;0;;1;0;;1;0;;1;0;
89190;0;0;;0;0;;0;1;;1;0;;1;0;;1;0;;1;0;
89200;0;0;;0;0;;0;1;;1;0;;1;0;;1;0;;1;0;
89210;0;0;;0;0;;0;1;;1;0;;1;0;;1;0;;1;0;
89220;0;0;;0;0;;0;1;;1;0;;1;0;;1;0;;1;0;
89230;0;0;;0;0;;0;1;;1;0;;1;0;;1;0;;1;0;
89240;0;0;;0;0;;0;1;;1;0;;1;0;;1;0;;1;0;
89250;0;0;;0;0;;0;1;;1;0;;1;0;;1;0;;1;0;
89260;0;0;;0;0;;0;0;;1;0;;1;0;;1;0;;1;0;
89270;0;0;;0;0;;0;1;;1;0;;1;0;;1;0;;1;0;
89280;0;0;;0;0;;0;1;;1;0;;1;0;;1;0;;1;0;
89290;0;0;;0;0;;0;1;;1;0;;1;0;;1;0;;1;0;
89300;0;0;;0;0;;0;1;;1;0;;1;0;;1;0;;1;0;
89310;0;0;;0;0;;0;1;;1;0;;1;0;;1;0;;1;0;
89320;0;0;;0;0;;0;1;;1;0;;1;0;;1;0;;1;0;
89330;0;0;;0;0;;0;1;;1;0;;1;0;;1;0;;1;0;
89340;0;0;;0;0;;0;0;;1;0;;1;0;;1;0;;1;0;
89350;0;0;;0;0;;0;1;;1;0;;1;0;;1;0;;1;0;
89360;0;0;;0;0;;0;1;;1;0;;1;0;;1;0;;1;0;
89370;0;0;;0;0;;0;1;;1;0;;1;0;;1;0;;1;0;
89380;0;0;;0;0;;0;1;;1;0;;1;0;;1;0;;1;0;
89390;0;0;;0;0;;0;1;;1;0;;1;0;;1;0;;1;0;
89400;0;0;;0;0;;0;1;;1;0;;1;0;;1;0;;1;0;
89410;0;0;;0;0;;0;1;;1;0;;1;0;;1;0;;1;0;
89420;0;0;;0;0;;0;0;;1;0;;1;0;;1;0;;1;0;
89430;0;0;;0;0;;0;1;;1;0;;1;0;;1;0;;1;0;
89440;0;0;;0;0;;0;1;;1;0;;1;0;;1;0;;1;0;
89450;0;0;;0;0;;0;1;;1;0;;1;0;;1;0;;1;0;
89460;0;0;;0;0;;0;1;;1;0;;1;0;;1;0;;1;0;
89470;0;0;;0;0;;0;1;;1;0;;1;0;;1;0;;1;0;
89480;0;0;;0;0;;0;1;;1;0;;1;0;;1;0;;1;0;
89490;0;0;;0;0;;0;1;;1;0;;1;0;;1;0;;1;0;
89500;0;0;;0;0;;0;1;;1;0;;1;0;;1;0;;1;0;
89510;0;0;;0;0;;0;0;;1;0;;1;0;;1;0;;1;0;
89520;0;0;;0;0;;0;1;;1;0;;1;0;;1;0;;1;0;
89530;0;0;;0;0;;0;1;;1;0;;1;0;;1;0;;1;0;
89540;0;0;;0;0;;0;1;;1;0;;1;0;;1;0;;1;0;
89550;0;0;;0;0;;0;1;;1;0;;1;0;;1;0;;1;0;
89560;0;0;;0;0;;0;1;;1;0;;1;0;;1;0;;1;0;
89570;0;0;;0;0;;0;1;;1;0;;1;0;;1;0;;1;0;
89580;0;0;;0;0;;0;1;;1;0;;1;0;;1;0;;1;0;
89590;0;0;;0;0;;0;0;;1;0;;1;0;;1;0;;1;0;
89600;0;0;;0;0;;0;1;;1;0;;1;0;;1;0;;1;0;
89610;0;0;;0;0;;0;1;;1;0;;1;0;;1;0;;1;0;
89620;0;0;;0;0;;0;1;;1;0;;1;0;;1;0;;1;0;
89630;0;0;;0;0;;0;1;;1;0;;1;0;;1;0;;1;0;
89640;0;0;;0;0;;0;1;;1;0;;1;0;;1;0;;1;0;
89650;0;0;;0;0;;0;1;;1;0;;1;0;;1;0;;1;0;
89660;0;0;;0;0;;0;1;;1;0;;1;0;;1;0;;1;0;
89670;0;0;;0;0;;0;0;;1;0;;1;0;;1;0;;1;0;
89680;0;0;;0;0;;0;1;;1;0;;1;0;;1;0;;1;0;
89690;0;0;;0;0;;0;1;;1;0;;1;0;;1;0;;1;0;
89700;0;0;;0;0;;0;1;;1;0;;1;0;;1;0;;1;0;
89710;0;0;;0;0;;0;1;;1;0;;1;0;;1;0;;1;0;
89720;0;0;;0;0;;0;1;;1;0;;1;0;;1;0;;1;0;
89730;0;0;;0;0;;0;1;;1;0;;1;0;;1;0;;1;0;
89740;0;0;;0;0;;0;1;;1;0;;1;0;;1;0;;1;0;
89750;0;0;;0;0;;0;0;;1;0;;1;0;;1;0;;1;0;
89760;0;0;;0;0;;0;1;;1;0;;1;0;;1;0;;1;0;
89770;0;0;;0;0;;0;1;;1;0;;1;0;;1;0;;1;0;
89780;0;0;;0;0;;0;1;;1;0;;1;0;;1;0;;1;0;
89790;0;0;;0;0;;0;1;;1;0;;1;0;;1;0;;1;0;
89800;0;0;;0;0;;0;1;;1;0;;1;0;;1;0;;1;0;
89810;0;0;;0;0;;0;1;;1;0;;1;0;;1;0;;1;0;
89820;0;0;;0;0;;0;1;;1;0;;1;0;;1;0;;1;0;
89830;0;0;;0;0;;0;0;;1;0;;1;0;;1;0;;1;0;
89840;0;0;;0;0;;0;1;;1;0;;1;0;;1;0;;1;0;
89850;0;0;;0;0;;0;1;;1;0;;1;0;;1;0;;1;0;
89860;0;0;;0;0;;0;1;;1;0;;1;0;;1;0;;1;0;
89870;0;0;;0;0;;0;1;;1;0;;1;0;;1;0;;1;0;
89880;0;0;;0;0;;0;1;;1;0;;1;0;;1;0;;1;0;
89890;0;0;;0;0;;0;1;;1;0;;1;0;;1;0;;1;0;
89900;0;0;;0;0;;0;1;;1;0;;1;0;;1;0;;1;0;
89910;0;0;;0;0;;0;0;;1;0;;1;0;;1;0;;1;0;
89920;0;0;;0;0;;0;1;;1;0;;1;0;;1;0;;1;0;
89930;0;0;;0;0;;0;1;;1;0;;1;0;;1;0;;1;0;
89940;0;0;;0;0;;0;1;;1;0;;1;0;;1;0;;1;0;
89950;0;0;;0;0;;0;1;;1;0;;1;0;;1;0;;1;0;
89960;0;0;;0;0;;0;1;;1;0;;1;0;;1;0;;1;0;
89970;0;0;;0;0;;0;1;;1;0;;1;0;;1;0;;1;0;
89980;0;0;;0;0;;0;0;;1;0;;1;0;;1;0;;1;0;
89990;0;0;;0;0;;0;1;;1;0;;1;0;;1;0;;1;0;
90000;0;0;;0;0;;0;1;;1;0;;1;0;;1;0;;1;0;
90010;0;0;;0;0;;0;1;;1;0;;1;0;;1;0;;1;0;
90020;0;0;;0;0;;0;1;;1;0;;1;0;;1;0;;1;0;
90030;0;0;;0;0;;0;1;;1;0;;1;0;;1;0;;1;0;
90040;0;0;;0;0;;0;1;;1;0;;1;0;;1;0;;1;0;
90050;0;0;;0;0;;0;1;;1;0;;1;0;;1;0;;1;0;
90060;0;0;;0;0;;0;0;;1;0;;1;0;;1;0;;1;0;
90070;0;0;;0;0;;0;1;;1;0;;1;0;;1;0;;1;0;
90080;0;0;;0;0;;0;1;;1;0;;1;0;;1;0;;1;0;
90090;0;0;;0;0;;0;1;;1;0;;1;0;;1;0;;1;0;
90100;0;0;;0;0;;0;1;;1;0;;1;0;;1;0;;1;0;
90110;0;0;;0;0;;0;1;;1;0;;1;0;;1;0;;1;0;
90120;0;0;;0;0;;0;1;;1;0;;1;0;;1;0;;1;0;
90130;0;0;;0;0;;0;0;;1;0;;1;0;;1;0;;1;0;
90140;0;0;;0;0;;0;1;;1;0;;1;0;;1;0;;1;0;
90150;0;0;;0;0;;0;1;;1;0;;1;0;;1;0;;1;0;
90160;0;0;;0;0;;0;1;;1;0;;1;0;;1;0;;1;0;
90170;0;0;;0;0;;0;1;;1;0;;1;0;;1;0;;1;0;
90180;0;0;;0;0;;0;1;;1;0;;1;0;;1;0;;1;0;
90190;0;0;;0;0;;0;1;;1;0;;1;0;;1;0;;1;0;
90200;0;0;;0;0;;0;1;;1;0;;1;0;;1;0;;1;0;
90210;0;0;;0;0;;0;0;;1;0;;1;0;;1;0;;1;0;
90220;0;0;;0;0;;0;1;;1;0;;1;0;;1;0;;1;0;
90230;0;0;;0;0;;0;1;;1;0;;1;0;;1;0;;1;0;
90240;0;0;;0;0;;0;1;;1;0;;1;0;;1;0;;1;0;
90250;0;0;;0;0;;0;1;;1;0;;1;0;;1;0;;1;0;
90260;0;1;;0;0;;0;1;;1;0;;1;0;;1;0;;1;0;
90270;0;0;;0;0;;0;1;;1;0;;1;0;;1;0;;1;0;
90280;0;0;;0;0;;0;0;;1;0;;1;0;;1;0;;1;0;
90290;0;0;;0;0;;0;1;;1;0;;1;0;;1;0;;1;0;
90300;0;0;;0;0;;0;1;;1;0;;1;0;;1;0;;1;0;
90310;0;0;;0;0;;0;1;;1;0;;1;0;;1;0;;1;0;
90320;0;0;;0;0;;0;1;;1;0;;1;0;;1;0;;1;0;
90330;0;0;;0;0;;0;1;;1;0;;1;0;;1;0;;1;0;
90340;0;0;;0;0;;0;1;;1;0;;1;0;;1;0;;1;0;
90350;0;0;;0;0;;0;0;;1;0;;1;0;;1;0;;1;0;
90360;0;0;;0;0;;0;1;;1;0;;1;0;;1;0;;1;0;
90370;0;0;;0;0;;0;1;;1;0;;1;0;;1;0;;1;0;
90380;0;0;;0;0;;0;1;;1;0;;1;0;;1;0;;1;0;
90390;0;0;;0;0;;0;1;;1;0;;1;0;;1;0;;1;0;
90400;0;0;;0;0;;0;1;;1;0;;1;0;;1;0;;1;0;
90410;0;0;;0;0;;0;1;;1;0;;1;0;;1;0;;1;0;
90420;0;0;;0;0;;0;0;;1;0;;1;0;;1;0;;1;0;
90430;0;0;;0;0;;0;1;;1;0;;1;0;;1;0;;1;0;
90440;0;0;;0;0;;0;1;;1;0;;1;0;;1;0;;1;0;
90450;0;0;;0;0;;0;1;;1;0;;1;0;;1;0;;1;0;
90460;0;0;;0;0;;0;1;;1;0;;1;0;;1;0;;1;0;
90470;0;0;;0;0;;0;1;;1;0;;1;0;;1;0;;1;0;
90480;0;0;;0;0;;0;1;;1;0;;1;0;;1;0;;1;0;
90490;0;0;;0;0;;0;0;;1;0;;1;0;;1;0;;1;0;
90500;0;0;;0;0;;0;1;;1;0;;1;0;;1;0;;1;0;
90510;0;0;;0;0;;0;1;;1;0;;1;0;;1;0;;1;0;
90520;0;0;;0;0;;0;1;;1;0;;1;0;;1;0;;1;0;
90530;0;0;;0;0;;0;1;;1;0;;1;0;;1;0;;1;0;
90540;0;0;;0;0;;0;1;;1;0;;1;0;;1;0;;1;0;
90550;0;0;;0;0;;0;1;;1;0;;1;0;;1;0;;1;0;
90560;0;0;;0;0;;0;0;;1;0;;1;0;;1;0;;1;0;
90570;0;0;;0;0;;0;1;;1;0;;1;0;;1;0;;1;0;
90580;0;0;;0;0;;0;1;;1;0;;1;0;;1;0;;1;0;
90590;0;0;;0;0;;0;1;;1;0;;1;0;;1;0;;1;0;
90600;0;0;;0;0;;0;1;;1;0;;1;0;;1;0;;1;0;
90610;0;0;;0;0;;0;1;;1;0;;1;0;;1;0;;1;0;
90620;0;0;;0;0;;0;1;;1;0;;1;0;;1;0;;1;0;
90630;0;0;;0;0;;0;0;;1;0;;1;0;;1;0;;1;0;
90640;0;0;;0;0;;0;1;;1;0;;1;0;;1;0;;1;0;
90650;0;0;;0;0;;0;1;;1;0;;1;0;;1;0;;1;0;
90660;0;0;;0;0;;0;1;;1;0;;1;0;;1;0;;1;0;
90670;0;0;;0;0;;0;1;;1;0;;1;0;;1;0;;1;0;
90680;0;0;;0;0;;0;1;;1;0;;1;0;;1;0;;1;0;
90690;0;0;;0;0;;0;0;;1;0;;1;0;;1;0;;1;0;
90700;0;0;;0;0;;0;1;;1;0;;1;0;;1;0;;1;0;
90710;0;0;;0;0;;0;1;;1;0;;1;0;;1;0;;1;0;
90720;0;0;;0;0;;0;1;;1;0;;1;0;;1;0;;1;0;
90730;0;0;;0;0;;0;1;;1;0;;1;0;;1;0;;1;0;
90740;0;0;;0;0;;0;1;;1;0;;1;0;;1;0;;1;0;
90750;0;0;;0;0;;0;1;;1;0;;1;0;;1;0;;1;0;
90760;0;0;;0;0;;0;0;;1;0;;1;0;;1;0;;1;0;
90770;0;0;;0;0;;0;1;;1;0;;1;0;;1;0;;1;0;
90780;0;0;;0;0;;0;1;;1;0;;1;0;;1;0;;1;0;
90790;0;0;;0;0;;0;1;;1;0;;1;0;;1;0;;1;0;
90800;0;0;;0;0;;0;1;;1;0;;1;0;;1;0;;1;0;
90810;0;0;;0;0;;0;1;;1;0;;1;0;;1;0;;1;0;
90820;0;0;;0;0;;0;0;;1;0;;1;0;;1;0;;1;0;
90830;0;0;;0;0;;0;1;;1;0;;1;0;;1;0;;1;0;
90840;0;0;;0;0;;0;1;;1;0;;1;0;;1;0;;1;0;
90850;0;0;;0;0;;0;1;;1;0;;1;0;;1;0;;1;0;
90860;0;0;;0;0;;0;1;;1;0;;1;0;;1;0;;1;0;
90870;0;0;;0;0;;0;1;;1;0;;1;0;;1;0;;1;0;
90880;0;0;;0;0;;0;0;;1;0;;1;0;;1;0;;1;0;
90890;0;0;;0;0;;0;1;;1;0;;1;0;;1;0;;1;0;
90900;0;0;;0;0;;0;1;;1;0;;1;0;;1;0;;1;0;
90910;0;0;;0;0;;0;1;;1;0;;1;0;;1;0;;1;0;
90920;0;0;;0;0;;0;1;;1;0;;1;0;;1;0;;1;0;
90930;0;0;;0;0;;0;1;;1;0;;1;0;;1;0;;1;0;
90940;0;0;;0;0;;0;1;;1;0;;1;0;;1;0;;1;0;
90950;0;0;;0;0;;0;0;;1;0;;1;0;;1;0;;1;0;
90960;0;0;;0;0;;0;1;;1;0;;1;0;;1;0;;1;0;
90970;0;0;;0;0;;0;1;;1;0;;1;0;;1;0;;1;0;
90980;0;0;;0;0;;0;1;;1;0;;1;0;;1;0;;1;0;
90990;0;0;;0;0;;0;1;;1;0;;1;0;;1;0;;1;0;
91000;0;0;;0;0;;0;1;;1;0;;1;0;;1;0;;1;0;
91010;0;0;;0;0;;0;0;;1;0;;1;0;;1;0;;1;0;
91020;0;0;;0;0;;0;1;;1;0;;1;0;;1;0;;1;0;
91030;0;0;;0;0;;0;1;;1;0;;1;0;;1;0;;1;0;
91040;0;0;;0;0;;0;1;;1;0;;1;0;;1;0;;1;0;
91050;0;0;;0;0;;0;1;;1;0;;1;0;;1;0;;1;0;
91060;0;0;;0;0;;0;1;;1;0;;1;0;;1;0;;1;0;
91070;0;0;;0;0;;0;0;;1;0;;1;0;;1;0;;1;0;
91080;0;0;;0;0;;0;1;;1;0;;1;0;;1;0;;1;0;
91090;0;0;;0;0;;0;1;;1;0;;1;0;;1;0;;1;0;
91100;0;0;;0;0;;0;1;;1;0;;1;0;;1;0;;1;0;
91110;0;0;;0;0;;0;1;;1;0;;1;0;;1;0;;1;0;
91120;0;0;;0;0;;0;1;;1;0;;1;0;;1;0;;1;0;
91130;0;0;;0;0;;0;0;;1;0;;1;0;;1;0;;1;0;
91140;0;0;;0;0;;0;1;;1;0;;1;0;;1;0;;1;0;
91150;0;0;;0;0;;0;1;;1;0;;1;0;;1;0;;1;0;
91160;0;0;;0;0;;0;1;;1;0;;1;0;;1;0;;1;0;
91170;0;0;;0;0;;0;1;;1;0;;1;0;;1;0;;1;0;
91180;0;0;;0;0;;0;0;;1;0;;1;0;;1;0;;1;0;
91190;0;0;;0;0;;0;1;;1;0;;1;0;;1;0;;1;0;
91200;0;0;;0;0;;0;1;;1;0;;1;0;;1;0;;1;0;
91210;0;0;;0;0;;0;1;;1;0;;1;0;;1;0;;1;0;
91220;0;0;;0;0;;0;1;;1;0;;1;0;;1;0;;1;0;
91230;0;0;;0;0;;0;1;;1;0;;1;0;;1;0;;1;0;
91240;0;1;;0;0;;0;0;;1;0;;1;0;;1;0;;1;0;
91250;0;0;;0;0;;0;1;;1;0;;1;0;;1;0;;1;0;
91260;0;0;;0;0;;0;1;;1;0;;1;0;;1;0;;1;0;
91270;0;0;;0;0;;0;1;;1;0;;1;0;;1;0;;1;0;
91280;0;0;;0;0;;0;1;;1;0;;1;0;;1;0;;1;0;
91290;0;0;;0;0;;0;1;;1;0;;1;0;;1;0;;1;0;
91300;0;0;;0;0;;0;0;;1;0;;1;0;;1;0;;1;0;
91310;0;0;;0;0;;0;1;;1;0;;1;0;;1;0;;1;0;
91320;0;0;;0;0;;0;1;;1;0;;1;0;;1;0;;1;0;
91330;0;0;;0;0;;0;1;;1;0;;1;0;;1;0;;1;0;
91340;0;0;;0;0;;0;1;;1;0;;1;0;;1;0;;1;0;
91350;0;0;;0;0;;0;0;;1;0;;1;0;;1;0;;1;0;
91360;0;0;;0;0;;0;1;;1;0;;1;0;;1;0;;1;0;
91370;0;0;;0;0;;0;1;;1;0;;1;0;;1;0;;1;0;
91380;0;0;;0;0;;0;1;;1;0;;1;0;;1;0;;1;0;
91390;0;0;;0;0;;0;1;;1;0;;1;0;;1;0;;1;0;
91400;0;0;;0;0;;0;1;;1;0;;1;0;;1;0;;1;0;
91410;0;0;;0;0;;0;0;;1;0;;1;0;;1;0;;1;0;
91420;0;0;;0;0;;0;1;;1;0;;1;0;;1;0;;1;0;
91430;0;0;;0;0;;0;1;;1;0;;1;0;;1;0;;1;0;
91440;0;0;;0;0;;0;1;;1;0;;1;0;;1;0;;1;0;
91450;0;0;;0;0;;0;1;;1;0;;1;0;;1;0;;1;0;
91460;0;0;;0;0;;0;0;;1;0;;1;0;;1;0;;1;0;
91470;0;0;;0;0;;0;1;;1;0;;1;0;;1;0;;1;0;
91480;0;0;;0;0;;0;1;;1;0;;1;0;;1;0;;1;0;
91490;0;0;;0;0;;0;1;;1;0;;1;0;;1;0;;1;0;
91500;0;0;;0;0;;0;1;;1;0;;1;0;;1;0;;1;0;
91510;0;0;;0;0;;0;0;;1;0;;1;0;;1;0;;1;0;
91520;0;0;;0;0;;0;1;;1;0;;1;0;;1;0;;1;0;
91530;0;0;;0;0;;0;1;;1;0;;1;0;;1;0;;1;0;
91540;0;0;;0;0;;0;1;;1;0;;1;0;;1;0;;1;0;
91550;0;0;;0;0;;0;1;;1;0;;1;0;;1;0;;1;0;
91560;0;0;;0;0;;0;1;;1;0;;1;0;;1;0;;1;0;
91570;0;0;;0;0;;0;0;;1;0;;1;0;;1;0;;1;0;
91580;0;0;;0;0;;0;1;;1;0;;1;0;;1;0;;1;0;
91590;0;0;;0;0;;0;1;;1;0;;1;0;;1;0;;1;0;
91600;0;0;;0;0;;0;1;;1;0;;1;0;;1;0;;1;0;
91610;0;0;;0;0;;0;1;;1;0;;1;0;;1;0;;1;0;
91620;0;0;;0;0;;0;0;;1;0;;1;0;;1;0;;1;0;
91630;0;0;;0;0;;0;1;;1;0;;1;0;;1;0;;1;0;
91640;0;0;;0;0;;0;1;;1;0;;1;0;;1;0;;1;0;
91650;0;0;;0;0;;0;1;;1;0;;1;0;;1;0;;1;0;
91660;0;0;;0;0;;0;1;;1;0;;1;0;;1;0;;1;0;
91670;0;0;;0;0;;0;0;;1;0;;1;0;;1;0;;1;0;
91680;0;0;;0;0;;0;1;;1;0;;1;0;;1;0;;1;0;
91690;0;0;;0;0;;0;1;;1;0;;1;0;;1;0;;1;0;
91700;0;0;;0;0;;0;1;;1;0;;1;0;;1;0;;1;0;
91710;0;0;;0;0;;0;1;;1;0;;1;0;;1;0;;1;0;
91720;0;0;;0;0;;0;0;;1;0;;1;0;;1;0;;1;0;
91730;0;0;;0;0;;0;1;;1;0;;1;0;;1;0;;1;0;
91740;0;0;;0;0;;0;1;;1;0;;1;0;;1;0;;1;0;
91750;0;0;;0;0;;0;1;;1;0;;1;0;;1;0;;1;0;
91760;0;0;;0;0;;0;1;;1;0;;1;0;;1;0;;1;0;
91770;0;0;;0;0;;0;0;;1;0;;1;0;;1;0;;1;0;
91780;0;0;;0;0;;0;1;;1;0;;1;0;;1;0;;1;0;
91790;0;0;;0;0;;0;1;;1;0;;1;0;;1;0;;1;0;
91800;0;0;;0;0;;0;1;;1;0;;1;0;;1;0;;1;0;
91810;0;0;;0;0;;0;1;;1;0;;1;0;;1;0;;1;0;
91820;0;0;;0;0;;0;0;;1;0;;1;0;;1;0;;1;0;
91830;0;0;;0;0;;0;1;;1;0;;1;0;;1;0;;1;0;
91840;0;1;;0;0;;0;1;;1;0;;1;0;;1;0;;1;0;
91850;0;0;;0;0;;0;1;;1;0;;1;0;;1;0;;1;0;
91860;0;0;;0;0;;0;0;;1;0;;1;0;;1;0;;1;0;
91870;0;0;;0;0;;0;1;;1;0;;1;0;;1;0;;1;0;
91880;0;0;;0;0;;0;1;;1;0;;1;0;;1;0;;1;0;
91890;0;0;;0;0;;0;1;;1;0;;1;0;;1;0;;1;0;
91900;0;0;;0;0;;0;1;;1;0;;1;0;;1;0;;1;0;
91910;0;0;;0;0;;0;0;;1;0;;1;0;;1;0;;1;0;
91920;0;0;;0;0;;0;1;;1;0;;1;0;;1;0;;1;0;
91930;0;0;;0;0;;0;1;;1;0;;1;0;;1;0;;1;0;
91940;0;0;;0;0;;0;1;;1;0;;1;0;;1;0;;1;0;
91950;0;0;;0;0;;0;1;;1;0;;1;0;;1;0;;1;0;
91960;0;0;;0;0;;0;0;;1;0;;1;0;;1;0;;1;0;
91970;0;0;;0;0;;0;1;;1;0;;1;0;;1;0;;1;0;
91980;0;0;;0;0;;0;1;;1;0;;1;0;;1;0;;1;0;
91990;0;0;;0;0;;0;1;;1;0;;1;0;;1;0;;1;0;
92000;0;0;;0;0;;0;1;;1;0;;1;0;;1;0;;1;0;
92010;0;0;;0;0;;0;0;;1;0;;1;0;;1;0;;1;0;
92020;0;0;;0;0;;0;1;;1;0;;1;0;;1;0;;1;0;
92030;0;0;;0;0;;0;1;;1;0;;1;0;;1;0;;1;0;
92040;0;0;;0;0;;0;1;;1;0;;1;0;;1;0;;1;0;
92050;0;0;;0;0;;0;0;;1;0;;1;0;;1;0;;1;0;
92060;0;0;;0;0;;0;1;;1;0;;1;0;;1;0;;1;0;
92070;0;0;;0;0;;0;1;;1;0;;1;0;;1;0;;1;0;
92080;0;0;;0;0;;0;1;;1;0;;1;0;;1;0;;1;0;
92090;0;0;;0;0;;0;1;;1;0;;1;0;;1;0;;1;0;
92100;0;0;;0;0;;0;0;;1;0;;1;0;;1;0;;1;0;
92110;0;0;;0;0;;0;1;;1;0;;1;0;;1;0;;1;0;
92120;0;0;;0;0;;0;1;;1;0;;1;0;;1;0;;1;0;
92130;0;0;;0;0;;0;1;;1;0;;1;0;;1;0;;1;0;
92140;0;0;;0;0;;0;0;;1;0;;1;1;;1;1;;1;0;
92150;0;0;;0;0;;0;1;;1;0;;1;0;;1;0;;1;0;
92160;0;0;;0;0;;0;1;;1;0;;1;0;;1;0;;1;0;
92170;0;0;;0;0;;0;1;;1;0;;1;0;;1;0;;1;0;
92180;0;0;;0;0;;0;0;;1;0;;1;0;;1;0;;1;0;
92190;0;0;;0;0;;0;1;;1;0;;1;0;;1;0;;1;0;
92200;0;0;;0;0;;0;1;;1;0;;1;0;;1;0;;1;0;
92210;0;0;;0;0;;0;1;;1;0;;1;0;;1;0;;1;0;
92220;0;0;;0;0;;0;1;;1;0;;1;0;;1;0;;1;0;
92230;0;0;;0;0;;0;0;;1;0;;1;0;;1;0;;1;0;
92240;0;0;;0;0;;0;1;;1;0;;1;0;;1;0;;1;0;
92250;0;0;;0;0;;0;1;;1;0;;1;0;;1;0;;1;0;
92260;0;0;;0;0;;0;1;;1;0;;1;0;;1;0;;1;0;
92270;0;0;;0;0;;0;0;;1;0;;1;0;;1;0;;1;0;
92280;0;0;;0;0;;0;1;;1;0;;1;0;;1;0;;1;0;
92290;0;0;;0;0;;0;1;;1;0;;1;0;;1;0;;1;0;
92300;0;1;;0;0;;0;1;;1;0;;1;0;;1;0;;1;0;
92310;0;0;;0;0;;0;0;;1;0;;1;0;;1;0;;1;0;
92320;0;0;;0;0;;0;1;;1;0;;1;0;;1;0;;1;0;
92330;0;0;;0;0;;0;1;;1;0;;1;0;;1;0;;1;0;
92340;0;0;;0;0;;0;1;;1;0;;1;0;;1;0;;1;0;
92350;0;0;;0;0;;0;1;;1;0;;1;0;;1;0;;1;0;
92360;0;0;;0;0;;0;0;;1;0;;1;0;;1;0;;1;0;
92370;0;0;;0;0;;0;1;;1;0;;1;0;;1;0;;1;0;
92380;0;0;;0;0;;0;1;;1;0;;1;0;;1;0;;1;0;
92390;0;0;;0;0;;0;1;;1;0;;1;0;;1;0;;1;0;
92400;0;0;;0;0;;0;0;;1;0;;1;0;;1;0;;1;0;
92410;0;0;;0;0;;0;1;;1;0;;1;0;;1;0;;1;0;
92420;0;0;;0;0;;0;1;;1;0;;1;0;;1;0;;1;0;
92430;0;0;;0;0;;0;1;;1;0;;1;0;;1;0;;1;0;
92440;0;0;;0;0;;0;0;;1;0;;1;0;;1;0;;1;0;
92450;0;0;;0;0;;0;1;;1;0;;1;0;;1;0;;1;0;
92460;0;0;;0;0;;0;1;;1;0;;1;0;;1;0;;1;0;
92470;0;0;;0;0;;0;1;;1;0;;1;0;;1;0;;1;0;
92480;0;0;;0;0;;0;0;;1;0;;1;0;;1;0;;1;0;
92490;0;0;;0;0;;0;1;;1;0;;1;0;;1;0;;1;0;
92500;0;0;;0;0;;0;1;;1;0;;1;0;;1;0;;1;0;
92510;0;0;;0;0;;0;1;;1;0;;1;0;;1;0;;1;0;
92520;0;0;;0;0;;0;0;;1;0;;1;0;;1;0;;1;0;
92530;0;0;;0;0;;0;1;;1;0;;1;0;;1;0;;1;0;
92540;0;0;;0;0;;0;1;;1;0;;1;0;;1;0;;1;0;
92550;0;0;;0;0;;0;1;;1;0;;1;0;;1;0;;1;0;
92560;0;0;;0;0;;0;0;;1;0;;1;0;;1;0;;1;0;
92570;0;0;;0;0;;0;1;;1;0;;1;0;;1;0;;1;0;
92580;0;0;;0;0;;0;1;;1;0;;1;0;;1;0;;1;0;
92590;0;0;;0;0;;0;1;;1;0;;1;0;;1;0;;1;0;
92600;0;0;;0;0;;0;0;;1;0;;1;0;;1;0;;1;0;
92610;0;0;;0;0;;0;1;;1;0;;1;0;;1;0;;1;0;
92620;0;0;;0;0;;0;1;;1;0;;1;0;;1;0;;1;0;
92630;0;0;;0;0;;0;1;;1;0;;1;0;;1;0;;1;0;
92640;0;0;;0;0;;0;0;;1;0;;1;0;;1;0;;1;0;
92650;0;0;;0;0;;0;1;;1;0;;1;0;;1;0;;1;0;
92660;0;0;;0;0;;0;1;;1;0;;1;0;;1;0;;1;0;
92670;0;1;;0;0;;0;1;;1;0;;1;0;;1;0;;1;0;
92680;0;0;;0;0;;0;0;;1;0;;1;0;;1;0;;1;0;
92690;0;0;;0;0;;0;1;;1;0;;1;0;;1;0;;1;0;
92700;0;0;;0;0;;0;1;;1;0;;1;0;;1;0;;1;0;
92710;0;0;;0;0;;0;0;;1;0;;1;0;;1;0;;1;0;
92720;0;0;;0;0;;0;1;;1;0;;1;0;;1;0;;1;0;
92730;0;0;;0;0;;0;1;;1;0;;1;0;;1;0;;1;0;
92740;0;0;;0;0;;0;1;;1;0;;1;0;;1;0;;1;0;
92750;0;0;;0;0;;0;0;;1;0;;1;0;;1;0;;1;0;
92760;0;0;;0;0;;0;1;;1;0;;1;0;;1;0;;1;0;
92770;0;0;;0;0;;0;1;;1;0;;1;0;;1;0;;1;0;
92780;0;0;;0;0;;0;1;;1;0;;1;0;;1;0;;1;0;
92790;0;0;;0;0;;0;0;;1;0;;1;0;;1;0;;1;0;
92800;0;0;;0;0;;0;1;;1;0;;1;0;;1;0;;1;0;
92810;0;0;;0;0;;0;1;;1;0;;1;0;;1;0;;1;0;
92820;0;0;;0;0;;0;1;;1;0;;1;0;;1;0;;1;0;
92830;0;0;;0;0;;0;0;;1;0;;1;0;;1;0;;1;0;
92840;0;0;;0;0;;0;1;;1;0;;1;0;;1;0;;1;0;
92850;0;0;;0;0;;0;1;;1;0;;1;0;;1;0;;1;0;
92860;0;0;;0;0;;0;0;;1;0;;1;0;;1;0;;1;0;
92870;0;0;;0;0;;0;1;;1;0;;1;0;;1;0;;1;0;
92880;0;0;;0;0;;0;1;;1;0;;1;0;;1;0;;1;0;
92890;0;0;;0;0;;0;1;;1;0;;1;0;;1;0;;1;0;
92900;0;0;;0;0;;0;0;;1;0;;1;0;;1;0;;1;0;
92910;0;0;;0;0;;0;1;;1;0;;1;0;;1;0;;1;0;
92920;0;0;;0;0;;0;1;;1;0;;1;0;;1;0;;1;0;
92930;0;0;;0;0;;0;1;;1;0;;1;0;;1;0;;1;0;
92940;0;0;;0;0;;0;0;;1;0;;1;0;;1;0;;1;0;
92950;0;0;;0;0;;0;1;;1;0;;1;0;;1;0;;1;0;
92960;0;0;;0;0;;0;1;;1;0;;1;0;;1;0;;1;0;
92970;0;0;;0;0;;0;0;;1;0;;1;0;;1;0;;1;0;
92980;0;1;;0;0;;0;1;;1;0;;1;0;;1;0;;1;0;
92990;0;0;;0;0;;0;1;;1;0;;1;0;;1;0;;1;0;
93000;0;0;;0;0;;0;1;;1;0;;1;0;;1;0;;1;0;
93010;0;0;;0;0;;0;0;;1;0;;1;0;;1;0;;1;0;
93020;0;0;;0;0;;0;1;;1;0;;1;0;;1;0;;1;0;
93030;0;0;;0;0;;0;1;;1;0;;1;0;;1;0;;1;0;
93040;0;0;;0;0;;0;0;;1;0;;1;0;;1;0;;1;0;
93050;0;0;;0;0;;0;1;;1;0;;1;0;;1;0;;1;0;
93060;0;0;;0;0;;0;1;;1;0;;1;0;;1;0;;1;0;
93070;0;0;;0;0;;0;1;;1;0;;1;0;;1;0;;1;0;
93080;0;0;;0;0;;0;0;;1;0;;1;0;;1;0;;1;0;
93090;0;0;;0;0;;0;1;;1;0;;1;0;;1;0;;1;0;
93100;0;0;;0;0;;0;1;;1;0;;1;0;;1;0;;1;0;
93110;0;0;;0;0;;0;0;;1;0;;1;0;;1;0;;1;0;
93120;0;0;;0;0;;0;1;;1;0;;1;0;;1;0;;1;0;
93130;0;0;;0;0;;0;1;;1;0;;1;0;;1;0;;1;0;
93140;0;0;;0;0;;0;1;;1;0;;1;0;;1;0;;1;0;
93150;0;0;;0;0;;0;0;;1;0;;1;0;;1;0;;1;0;
93160;0;0;;0;0;;0;1;;1;0;;1;0;;1;0;;1;0;
93170;0;0;;0;0;;0;1;;1;0;;1;0;;1;0;;1;0;
93180;0;0;;0;0;;0;0;;1;0;;1;0;;1;0;;1;0;
93190;0;0;;0;0;;0;1;;1;0;;1;0;;1;0;;1;0;
93200;0;0;;0;0;;0;1;;1;0;;1;0;;1;0;;1;0;
93210;0;0;;0;0;;0;0;;1;0;;1;0;;1;0;;1;0;
93220;0;0;;0;0;;0;1;;1;0;;1;0;;1;0;;1;0;
93230;0;0;;0;0;;0;1;;1;0;;1;0;;1;0;;1;0;
93240;0;0;;0;0;;0;1;;1;0;;1;0;;1;0;;1;0;
93250;0;1;;0;0;;0;0;;1;0;;1;0;;1;0;;1;0;
93260;0;0;;0;0;;0;1;;1;0;;1;0;;1;0;;1;0;
93270;0;0;;0;0;;0;1;;1;0;;1;0;;1;0;;1;0;
93280;0;0;;0;0;;0;0;;1;0;;1;0;;1;0;;1;0;
93290;0;0;;0;0;;0;1;;1;0;;1;0;;1;0;;1;0;
93300;0;0;;0;0;;0;1;;1;0;;1;0;;1;0;;1;0;
93310;0;0;;0;0;;0;0;;1;0;;1;0;;1;0;;1;0;
93320;0;0;;0;0;;0;1;;1;0;;1;0;;1;0;;1;0;
93330;0;0;;0;0;;0;1;;1;0;;1;0;;1;0;;1;0;
93340;0;0;;0;0;;0;1;;1;0;;1;0;;1;0;;1;0;
93350;0;0;;0;0;;0;0;;1;0;;1;0;;1;0;;1;0;
93360;0;0;;0;0;;0;1;;1;0;;1;0;;1;0;;1;0;
93370;0;0;;0;0;;0;1;;1;0;;1;0;;1;0;;1;0;
93380;0;0;;0;0;;0;0;;1;0;;1;0;;1;0;;1;0;
93390;0;0;;0;0;;0;1;;1;0;;1;0;;1;0;;1;0;
93400;0;0;;0;0;;0;1;;1;0;;1;0;;1;0;;1;0;
93410;0;0;;0;0;;0;0;;1;0;;1;0;;1;0;;1;0;
93420;0;0;;0;0;;0;1;;1;0;;1;0;;1;0;;1;0;
93430;0;0;;0;0;;0;1;;1;0;;1;0;;1;0;;1;0;
93440;0;0;;0;0;;0;0;;1;0;;1;0;;1;0;;1;0;
93450;0;0;;0;0;;0;1;;1;0;;1;0;;1;0;;1;0;
93460;0;0;;0;0;;0;1;;1;0;;1;0;;1;0;;1;0;
93470;0;0;;0;0;;0;0;;1;0;;1;0;;1;0;;1;0;
93480;0;0;;0;0;;0;1;;1;0;;1;0;;1;0;;1;0;
93490;0;0;;0;0;;0;1;;1;0;;1;0;;1;0;;1;0;
93500;0;1;;0;0;;0;0;;1;0;;1;0;;1;0;;1;0;
93510;0;0;;0;0;;0;1;;1;0;;1;0;;1;0;;1;0;
93520;0;0;;0;0;;0;1;;1;0;;1;0;;1;0;;1;0;
93530;0;0;;0;0;;0;1;;1;0;;1;0;;1;0;;1;0;
93540;0;0;;0;0;;0;0;;1;0;;1;0;;1;0;;1;0;
93550;0;0;;0;0;;0;1;;1;0;;1;0;;1;0;;1;0;
93560;0;0;;0;0;;0;1;;1;0;;1;0;;1;0;;1;0;
93570;0;0;;0;0;;0;0;;1;0;;1;0;;1;0;;1;0;
93580;0;0;;0;0;;0;1;;1;0;;1;0;;1;0;;1;0;
93590;0;0;;0;0;;0;1;;1;0;;1;0;;1;0;;1;0;
93600;0;0;;0;0;;0;0;;1;0;;1;0;;1;0;;1;0;
93610;0;0;;0;0;;0;1;;1;0;;1;0;;1;0;;1;0;
93620;0;0;;0;0;;0;1;;1;0;;1;0;;1;0;;1;0;
93630;0;0;;0;0;;0;0;;1;0;;1;0;;1;0;;1;0;
93640;0;0;;0;0;;0;1;;1;0;;1;0;;1;0;;1;0;
93650;0;0;;0;0;;0;1;;1;0;;1;0;;1;0;;1;0;
93660;0;0;;0;0;;0;0;;1;0;;1;0;;1;0;;1;0;
93670;0;0;;0;0;;0;1;;1;0;;1;0;;1;0;;1;0;
93680;0;0;;0;0;;0;1;;1;0;;1;0;;1;0;;1;0;
93690;0;0;;0;0;;0;0;;1;0;;1;0;;1;0;;1;0;
93700;0;0;;0;0;;0;1;;1;0;;1;0;;1;0;;1;0;
93710;0;0;;0;0;;0;1;;1;0;;1;0;;1;0;;1;0;
93720;0;1;;0;0;;0;0;;1;0;;1;0;;1;0;;1;0;
93730;0;0;;0;0;;0;1;;1;0;;1;0;;1;0;;1;0;
93740;0;0;;0;0;;0;1;;1;0;;1;0;;1;0;;1;0;
93750;0;0;;0;0;;0;0;;1;0;;1;0;;1;0;;1;0;
93760;0;0;;0;0;;0;1;;1;0;;1;0;;1;0;;1;0;
93770;0;0;;0;0;;0;1;;1;0;;1;0;;1;0;;1;0;
93780;0;0;;0;0;;0;0;;1;0;;1;0;;1;0;;1;0;
93790;0;0;;0;0;;0;1;;1;0;;1;0;;1;0;;1;0;
93800;0;0;;0;0;;0;1;;1;0;;1;0;;1;0;;1;0;
93810;0;0;;0;0;;0;0;;1;0;;1;0;;1;0;;1;0;
93820;0;0;;0;0;;0;1;;1;0;;1;0;;1;0;;1;0;
93830;0;0;;0;0;;0;1;;1;0;;1;0;;1;0;;1;0;
93840;0;0;;0;0;;0;0;;1;0;;1;0;;1;0;;1;0;
93850;0;0;;0;0;;0;1;;1;0;;1;0;;1;0;;1;0;
93860;0;0;;0;0;;0;0;;1;0;;1;0;;1;0;;1;0;
93870;0;0;;0;0;;0;1;;1;0;;1;0;;1;0;;1;0;
93880;0;0;;0;0;;0;1;;1;0;;1;0;;1;0;;1;0;
93890;0;0;;0;0;;0;0;;1;0;;1;0;;1;0;;1;0;
93900;0;0;;0;0;;0;1;;1;0;;1;0;;1;0;;1;0;
93910;0;0;;0;0;;0;1;;1;0;;1;0;;1;0;;1;0;
93920;0;1;;0;0;;0;0;;1;0;;1;0;;1;0;;1;0;
93930;0;0;;0;0;;0;1;;1;0;;1;0;;1;0;;1;0;
93940;0;0;;0;0;;0;1;;1;0;;1;0;;1;0;;1;0;
93950;0;0;;0;0;;0;0;;1;0;;1;0;;1;0;;1;0;
93960;0;0;;0;0;;0;1;;1;0;;1;0;;1;0;;1;0;
93970;0;0;;0;0;;0;1;;1;0;;1;0;;1;0;;1;0;
93980;0;0;;0;0;;0;0;;1;0;;1;0;;1;0;;1;0;
93990;0;0;;0;0;;0;1;;1;0;;1;0;;1;0;;1;0;
94000;0;0;;0;0;;0;1;;1;0;;1;0;;1;0;;1;0;
94010;0;0;;0;0;;0;0;;1;0;;1;0;;1;0;;1;0;
94020;0;0;;0;0;;0;1;;1;0;;1;0;;1;0;;1;0;
94030;0;0;;0;0;;0;0;;1;0;;1;0;;1;0;;1;0;
94040;0;0;;0;0;;0;1;;1;0;;1;0;;1;0;;1;0;
94050;0;0;;0;0;;0;1;;1;0;;1;0;;1;0;;1;0;
94060;0;0;;0;0;;0;0;;1;0;;1;0;;1;0;;1;0;
94070;0;0;;0;0;;0;1;;1;0;;1;0;;1;0;;1;0;
94080;0;0;;0;0;;0;1;;1;0;;1;0;;1;0;;1;0;
94090;0;0;;0;0;;0;0;;1;0;;1;0;;1;0;;1;0;
94100;0;0;;0;0;;0;1;;1;0;;1;0;;1;0;;1;0;
94110;0;1;;0;0;;0;1;;1;0;;1;0;;1;0;;1;0;
94120;0;0;;0;0;;0;0;;1;0;;1;0;;1;0;;1;0;
94130;0;0;;0;0;;0;1;;1;0;;1;0;;1;0;;1;0;
94140;0;0;;0;0;;0;0;;1;0;;1;0;;1;0;;1;0;
94150;0;0;;0;0;;0;1;;1;0;;1;0;;1;0;;1;0;
94160;0;0;;0;0;;0;1;;1;0;;1;0;;1;0;;1;0;
94170;0;0;;0;0;;0;0;;1;0;;1;0;;1;0;;1;0;
94180;0;0;;0;0;;0;1;;1;0;;1;0;;1;0;;1;0;
94190;0;0;;0;0;;0;1;;1;0;;1;0;;1;0;;1;0;
94200;0;0;;0;0;;0;0;;1;0;;1;0;;1;0;;1;0;
94210;0;0;;0;0;;0;1;;1;0;;1;0;;1;0;;1;0;
94220;0;0;;0;0;;0;0;;1;0;;1;0;;1;0;;1;0;
94230;0;0;;0;0;;0;1;;1;0;;1;0;;1;0;;1;0;
94240;0;0;;0;0;;0;1;;1;0;;1;0;;1;0;;1;0;
94250;0;0;;0;0;;0;0;;1;0;;1;0;;1;0;;1;0;
94260;0;0;;0;0;;0;1;;1;0;;1;0;;1;0;;1;0;
94270;0;0;;0;0;;0;1;;1;0;;1;0;;1;0;;1;0;
94280;0;1;;0;0;;0;0;;1;0;;1;0;;1;0;;1;0;
94290;0;0;;0;0;;0;1;;1;0;;1;0;;1;0;;1;0;
94300;0;0;;0;0;;0;0;;1;0;;1;0;;1;0;;1;0;
94310;0;0;;0;0;;0;1;;1;0;;1;0;;1;0;;1;0;
94320;0;0;;0;0;;0;1;;1;0;;1;0;;1;0;;1;0;
94330;0;0;;0;0;;0;0;;1;0;;1;0;;1;0;;1;0;
94340;0;0;;0;0;;0;1;;1;0;;1;0;;1;0;;1;0;
94350;0;0;;0;0;;0;0;;1;0;;1;0;;1;0;;1;0;
94360;0;0;;0;0;;0;1;;1;0;;1;0;;1;0;;1;0;
94370;0;0;;0;0;;0;1;;1;0;;1;0;;1;0;;1;0;
94380;0;0;;0;0;;0;0;;1;0;;1;0;;1;0;;1;0;
94390;0;0;;0;0;;0;1;;1;0;;1;0;;1;0;;1;0;
94400;0;0;;0;0;;0;1;;1;0;;1;0;;1;0;;1;0;
94410;0;0;;0;0;;0;0;;1;0;;1;0;;1;0;;1;0;
94420;0;0;;0;0;;0;1;;1;0;;1;0;;1;0;;1;0;
94430;0;0;;0;0;;0;0;;1;0;;1;0;;1;0;;1;0;
94440;0;0;;0;0;;0;1;;1;0;;1;0;;1;0;;1;0;
94450;0;1;;0;0;;0;1;;1;0;;1;0;;1;0;;1;0;
94460;0;0;;0;0;;0;0;;1;0;;1;0;;1;0;;1;0;
94470;0;0;;0;0;;0;1;;1;0;;1;0;;1;0;;1;0;
94480;0;0;;0;0;;0;0;;1;0;;1;0;;1;0;;1;0;
94490;0;0;;0;0;;0;1;;1;0;;1;0;;1;0;;1;0;
94500;0;0;;0;0;;0;1;;1;0;;1;0;;1;0;;1;0;
94510;0;0;;0;0;;0;0;;1;0;;1;0;;1;0;;1;0;
94520;0;0;;0;0;;0;1;;1;0;;1;0;;1;0;;1;0;
94530;0;0;;0;0;;0;0;;1;0;;1;0;;1;0;;1;0;
94540;0;0;;0;0;;0;1;;1;0;;1;0;;1;0;;1;0;
94550;0;0;;0;0;;0;1;;1;0;;1;0;;1;0;;1;0;
94560;0;0;;0;0;;0;0;;1;0;;1;0;;1;0;;1;0;
94570;0;0;;0;0;;0;1;;1;0;;1;0;;1;0;;1;0;
94580;0;0;;0;0;;0;0;;1;0;;1;0;;1;0;;1;0;
94590;0;0;;0;0;;0;1;;1;0;;1;0;;1;0;;1;0;
94600;0;1;;0;0;;0;1;;1;0;;1;0;;1;0;;1;0;
94610;0;0;;0;0;;0;0;;1;0;;1;0;;1;0;;1;0;
94620;0;0;;0;0;;0;1;;1;0;;1;0;;1;0;;1;0;
94630;0;0;;0;0;;0;0;;1;0;;1;0;;1;0;;1;0;
94640;0;0;;0;0;;0;1;;1;0;;1;0;;1;0;;1;0;
94650;0;0;;0;0;;0;1;;1;0;;1;0;;1;0;;1;0;
94660;0;0;;0;0;;0;0;;1;0;;1;0;;1;0;;1;0;
94670;0;0;;0;0;;0;1;;1;0;;1;0;;1;0;;1;0;
94680;0;0;;0;0;;0;0;;1;0;;1;0;;1;0;;1;0;
94690;0;0;;0;0;;0;1;;1;0;;1;0;;1;0;;1;0;
94700;0;0;;0;0;;0;0;;1;0;;1;0;;1;0;;1;0;
94710;0;0;;0;0;;0;1;;1;0;;1;0;;1;0;;1;0;
94720;0;0;;0;0;;0;1;;1;0;;1;0;;1;0;;1;0;
94730;0;0;;0;0;;0;0;;1;0;;1;0;;1;0;;1;0;
94740;0;0;;0;0;;0;1;;1;0;;1;0;;1;0;;1;0;
94750;0;1;;0;0;;0;0;;1;0;;1;0;;1;0;;1;0;
94760;0;0;;0;0;;0;1;;1;0;;1;0;;1;0;;1;0;
94770;0;0;;0;0;;0;1;;1;0;;1;0;;1;0;;1;0;
94780;0;0;;0;0;;0;0;;1;0;;1;0;;1;0;;1;0;
94790;0;0;;0;0;;0;1;;1;0;;1;0;;1;0;;1;0;
94800;0;0;;0;0;;0;0;;1;0;;1;0;;1;0;;1;0;
94810;0;0;;0;0;;0;1;;1;0;;1;0;;1;0;;1;0;
94820;0;0;;0;0;;0;0;;1;0;;1;0;;1;0;;1;0;
94830;0;0;;0;0;;0;1;;1;0;;1;0;;1;0;;1;0;
94840;0;0;;0;0;;0;1;;1;0;;1;0;;1;0;;1;0;
94850;0;0;;0;0;;0;0;;1;0;;1;0;;1;0;;1;0;
94860;0;0;;0;0;;0;1;;1;0;;1;0;;1;0;;1;0;
94870;0;0;;0;0;;0;0;;1;0;;1;0;;1;0;;1;0;
94880;0;0;;0;0;;0;1;;1;0;;1;0;;1;0;;1;0;
94890;0;1;;0;0;;0;0;;1;0;;1;0;;1;0;;1;0;
94900;0;0;;0;0;;0;1;;1;0;;1;0;;1;0;;1;0;
94910;0;0;;0;0;;0;1;;1;0;;1;0;;1;0;;1;0;
94920;0;0;;0;0;;0;0;;1;0;;1;0;;1;0;;1;0;
94930;0;0;;0;0;;0;1;;1;0;;1;0;;1;0;;1;0;
94940;0;0;;0;0;;0;0;;1;0;;1;0;;1;0;;1;0;
94950;0;0;;0;0;;0;1;;1;0;;1;0;;1;0;;1;0;
94960;0;0;;0;0;;0;0;;1;0;;1;0;;1;0;;1;0;
94970;0;0;;0;0;;0;1;;1;0;;1;0;;1;0;;1;0;
94980;0;0;;0;0;;0;1;;1;0;;1;0;;1;0;;1;0;
94990;0;0;;0;0;;0;0;;1;0;;1;0;;1;0;;1;0;
95000;0;0;;0;0;;0;1;;1;0;;1;0;;1;0;;1;0;
95010;0;0;;0;0;;0;0;;1;0;;1;0;;1;0;;1;0;
95020;0;1;;0;0;;0;1;;1;0;;1;0;;1;0;;1;0;
95030;0;0;;0;0;;0;0;;1;0;;1;0;;1;0;;1;0;
95040;0;0;;0;0;;0;1;;1;0;;1;0;;1;0;;1;0;
95050;0;0;;0;0;;0;0;;1;0;;1;0;;1;0;;1;0;
95060;0;0;;0;0;;0;1;;1;0;;1;0;;1;0;;1;0;
95070;0;0;;0;0;;0;1;;1;0;;1;0;;1;0;;1;0;
95080;0;0;;0;0;;0;0;;1;0;;1;0;;1;0;;1;0;
95090;0;0;;0;0;;0;1;;1;0;;1;0;;1;0;;1;0;
95100;0;0;;0;0;;0;0;;1;0;;1;0;;1;0;;1;0;
95110;0;0;;0;0;;0;1;;1;0;;1;0;;1;0;;1;0;
95120;0;0;;0;0;;0;0;;1;0;;1;0;;1;0;;1;0;
95130;0;0;;0;0;;0;1;;1;0;;1;0;;1;0;;1;0;
95140;0;0;;0;0;;0;0;;1;0;;1;0;;1;0;;1;0;
95150;0;1;;0;0;;0;1;;1;0;;1;0;;1;0;;1;0;
95160;0;0;;0;0;;0;1;;1;0;;1;0;;1;0;;1;0;
95170;0;0;;0;0;;0;0;;1;0;;1;0;;1;0;;1;0;
95180;0;0;;0;0;;0;1;;1;0;;1;0;;1;0;;1;0;
95190;0;0;;0;0;;0;0;;1;0;;1;0;;1;0;;1;0;
95200;0;0;;0;0;;0;1;;1;0;;1;0;;1;0;;1;0;
95210;0;0;;0;0;;0;0;;1;0;;1;0;;1;0;;1;0;
95220;0;0;;0;0;;0;1;;1;0;;1;0;;1;0;;1;0;
95230;0;0;;0;0;;0;0;;1;0;;1;0;;1;0;;1;0;
95240;0;0;;0;0;;0;1;;1;0;;1;0;;1;0;;1;0;
95250;0;0;;0;0;;0;0;;1;0;;1;0;;1;0;;1;0;
95260;0;0;;0;0;;0;1;;1;0;;1;0;;1;0;;1;0;
95270;0;1;;0;0;;0;0;;1;0;;1;0;;1;0;;1;0;
95280;0;0;;0;0;;0;1;;1;0;;1;0;;1;0;;1;0;
95290;0;0;;0;0;;0;1;;1;0;;1;0;;1;0;;1;0;
95300;0;0;;0;0;;0;0;;1;0;;1;0;;1;0;;1;0;
95310;0;0;;0;0;;0;1;;1;0;;1;0;;1;0;;1;0;
95320;0;0;;0;0;;0;0;;1;0;;1;0;;1;0;;1;0;
95330;0;0;;0;0;;0;1;;1;0;;1;0;;1;0;;1;0;
95340;0;0;;0;0;;0;0;;1;0;;1;0;;1;0;;1;0;
95350;0;0;;0;0;;0;1;;1;0;;1;0;;1;0;;1;0;
95360;0;0;;0;0;;0;0;;1;0;;1;0;;1;0;;1;0;
95370;0;0;;0;0;;0;1;;1;0;;1;0;;1;0;;1;0;
95380;0;0;;0;0;;0;0;;1;0;;1;0;;1;0;;1;0;
95390;0;1;;0;0;;0;1;;1;0;;1;0;;1;0;;1;0;
95400;0;0;;0;0;;0;0;;1;0;;1;0;;1;0;;1;0;
95410;0;0;;0;0;;0;1;;1;0;;1;0;;1;0;;1;0;
95420;0;0;;0;0;;0;0;;1;0;;1;0;;1;0;;1;0;
95430;0;0;;0;0;;0;1;;1;0;;1;0;;1;0;;1;0;
95440;0;0;;0;0;;0;1;;1;0;;1;0;;1;0;;1;0;
95450;0;0;;0;0;;0;0;;1;0;;1;0;;1;0;;1;0;
95460;0;0;;0;0;;0;1;;1;0;;1;0;;1;0;;1;0;
95470;0;0;;0;0;;0;0;;1;0;;1;0;;1;0;;1;0;
95480;0;0;;0;0;;0;1;;1;0;;1;0;;1;0;;1;0;
95490;0;0;;0;0;;0;0;;1;0;;1;0;;1;0;;1;0;
95500;0;1;;0;0;;0;1;;1;0;;1;0;;1;0;;1;0;
95510;0;0;;0;0;;0;0;;1;0;;1;0;;1;0;;1;0;
95520;0;0;;0;0;;0;1;;1;0;;1;0;;1;0;;1;0;
95530;0;0;;0;0;;0;0;;1;0;;1;0;;1;0;;1;0;
95540;0;0;;0;0;;0;1;;1;0;;1;0;;1;0;;1;0;
95550;0;0;;0;0;;0;0;;1;0;;1;0;;1;0;;1;0;
95560;0;0;;0;0;;0;1;;1;0;;1;0;;1;0;;1;0;
95570;0;0;;0;0;;0;0;;1;0;;1;0;;1;0;;1;0;
95580;0;0;;0;0;;0;1;;1;0;;1;0;;1;0;;1;0;
95590;0;0;;0;0;;0;0;;1;0;;1;0;;1;0;;1;0;
95600;0;0;;0;0;;0;1;;1;0;;1;0;;1;0;;1;0;
95610;0;1;;0;0;;0;0;;1;0;;1;0;;1;0;;1;0;
95620;0;0;;0;0;;0;1;;1;0;;1;0;;1;0;;1;0;
95630;0;0;;0;0;;0;0;;1;0;;1;0;;1;0;;1;0;
95640;0;0;;0;0;;0;1;;1;0;;1;0;;1;0;;1;0;
95650;0;0;;0;0;;0;0;;1;0;;1;0;;1;0;;1;0;
95660;0;0;;0;0;;0;1;;1;0;;1;0;;1;0;;1;0;
95670;0;0;;0;0;;0;0;;1;0;;1;0;;1;0;;1;0;
95680;0;0;;0;0;;0;1;;1;0;;1;0;;1;0;;1;0;
95690;0;0;;0;0;;0;0;;1;0;;1;0;;1;0;;1;0;
95700;0;0;;0;0;;0;1;;1;0;;1;0;;1;0;;1;0;
95710;0;1;;0;0;;0;0;;1;0;;1;0;;1;0;;1;0;
95720;0;0;;0;0;;0;1;;1;0;;1;0;;1;0;;1;0;
95730;0;0;;0;0;;0;0;;1;0;;1;0;;1;0;;1;0;
95740;0;0;;0;0;;0;1;;1;0;;1;0;;1;0;;1;0;
95750;0;0;;0;0;;0;0;;1;0;;1;0;;1;0;;1;0;
95760;0;0;;0;0;;0;1;;1;0;;1;0;;1;0;;1;0;
95770;0;0;;0;0;;0;0;;1;0;;1;0;;1;0;;1;0;
95780;0;0;;0;0;;0;1;;1;0;;1;0;;1;0;;1;0;
95790;0;0;;0;0;;0;0;;1;0;;1;0;;1;0;;1;0;
95800;0;0;;0;0;;0;1;;1;0;;1;0;;1;0;;1;0;
95810;0;0;;0;0;;0;0;;1;0;;1;0;;1;0;;1;0;
95820;0;1;;0;0;;0;1;;1;0;;1;0;;1;0;;1;0;
95830;0;0;;0;0;;0;0;;1;0;;1;0;;1;0;;1;0;
95840;0;0;;0;0;;0;1;;1;0;;1;0;;1;0;;1;0;
95850;0;0;;0;0;;0;0;;1;0;;1;0;;1;0;;1;0;
95860;0;0;;0;0;;0;1;;1;0;;1;0;;1;0;;1;0;
95870;0;0;;0;0;;0;0;;1;0;;1;0;;1;0;;1;0;
95880;0;0;;0;0;;0;1;;1;0;;1;0;;1;0;;1;0;
95890;0;0;;0;0;;0;0;;1;0;;1;0;;1;0;;1;0;
95900;0;0;;0;0;;0;1;;1;0;;1;0;;1;0;;1;0;
95910;0;1;;0;0;;0;0;;1;0;;1;0;;1;0;;1;0;
95920;0;0;;0;0;;0;1;;1;0;;1;0;;1;0;;1;0;
95930;0;0;;0;0;;0;0;;1;0;;1;0;;1;0;;1;0;
95940;0;0;;0;0;;0;1;;1;0;;1;0;;1;0;;1;0;
95950;0;0;;0;0;;0;0;;1;0;;1;0;;1;0;;1;0;
95960;0;0;;0;0;;0;1;;1;0;;1;0;;1;0;;1;0;
95970;0;0;;0;0;;0;0;;1;0;;1;0;;1;0;;1;0;
95980;0;0;;0;0;;0;1;;1;0;;1;0;;1;0;;1;0;
95990;0;0;;0;0;;0;0;;1;0;;1;0;;1;0;;1;0;
96000;0;0;;0;0;;0;1;;1;0;;1;0;;1;0;;1;0;
96010;0;1;;0;0;;0;0;;1;0;;1;0;;1;0;;1;0;
96020;0;0;;0;0;;0;1;;1;0;;1;0;;1;0;;1;0;
96030;0;0;;0;0;;0;0;;1;0;;1;0;;1;0;;1;0;
96040;0;0;;0;0;;0;0;;1;0;;1;0;;1;0;;1;0;
96050;0;0;;0;0;;0;1;;1;0;;1;0;;1;0;;1;0;
96060;0;0;;0;0;;0;0;;1;0;;1;0;;1;0;;1;0;
96070;0;0;;0;0;;0;1;;1;0;;1;0;;1;0;;1;0;
96080;0;0;;0;0;;0;0;;1;0;;1;0;;1;0;;1;0;
96090;0;0;;0;0;;0;1;;1;0;;1;0;;1;0;;1;0;
96100;0;1;;0;0;;0;0;;1;0;;1;0;;1;0;;1;0;
96110;0;0;;0;0;;0;1;;1;0;;1;0;;1;0;;1;0;
96120;0;0;;0;0;;0;0;;1;0;;1;0;;1;0;;1;0;
96130;0;0;;0;0;;0;1;;1;0;;1;0;;1;0;;1;0;
96140;0;0;;0;0;;0;0;;1;0;;1;0;;1;0;;1;0;
96150;0;1;;0;0;;0;1;;1;0;;1;0;;1;0;;1;0;
96160;0;0;;0;0;;0;0;;1;0;;1;0;;1;0;;1;0;
96170;0;0;;0;0;;0;1;;1;0;;1;0;;1;0;;1;0;
96180;0;0;;0;0;;0;0;;1;0;;1;0;;1;0;;1;0;
96190;0;0;;0;0;;0;1;;1;0;;1;0;;1;0;;1;0;
96200;0;1;;0;0;;0;0;;1;0;;1;0;;1;0;;1;0;
96210;0;0;;0;0;;0;0;;1;0;;1;0;;1;0;;1;0;
96220;0;0;;0;0;;0;1;;1;0;;1;0;;1;0;;1;0;
96230;0;0;;0;0;;0;0;;1;0;;1;0;;1;0;;1;0;
96240;0;0;;0;0;;0;1;;1;0;;1;0;;1;0;;1;0;
96250;0;1;;0;0;;0;0;;1;0;;1;0;;1;0;;1;0;
96260;0;0;;0;0;;0;1;;1;0;;1;0;;1;0;;1;0;
96270;0;0;;0;0;;0;0;;1;0;;1;0;;1;0;;1;0;
96280;0;0;;0;0;;0;1;;1;0;;1;0;;1;0;;1;0;
96290;0;0;;0;0;;0;0;;1;0;;1;0;;1;0;;1;0;
96300;0;1;;0;0;;0;1;;1;0;;1;0;;1;0;;1;0;
96310;0;0;;0;0;;0;0;;1;0;;1;0;;1;0;;1;0;
96320;0;0;;0;0;;0;0;;1;0;;1;0;;1;0;;1;0;
96330;0;0;;0;0;;0;1;;1;0;;1;0;;1;0;;1;0;
96340;0;1;;0;0;;0;0;;1;0;;1;0;;1;0;;1;0;
96350;0;0;;0;0;;0;1;;1;0;;1;0;;1;0;;1;0;
96360;0;0;;0;0;;0;0;;1;0;;1;0;;1;0;;1;0;
96370;0;0;;0;0;;0;1;;1;0;;1;0;;1;0;;1;0;
96380;0;0;;0;0;;0;0;;1;0;;1;0;;1;0;;1;0;
96390;0;1;;0;0;;0;1;;1;0;;1;0;;1;0;;1;0;
96400;0;0;;0;0;;0;0;;1;0;;1;0;;1;0;;1;0;
96410;0;0;;0;0;;0;0;;1;0;;1;0;;1;0;;1;0;
96420;0;0;;0;0;;0;1;;1;0;;1;0;;1;0;;1;0;
96430;0;0;;0;0;;0;0;;1;0;;1;0;;1;0;;1;0;
96440;0;1;;0;0;;0;1;;1;0;;1;0;;1;0;;1;0;
96450;0;0;;0;0;;0;0;;1;0;;1;0;;1;0;;1;0;
96460;0;0;;0;0;;0;1;;1;0;;1;0;;1;0;;1;0;
96470;0;0;;0;0;;0;0;;1;0;;1;0;;1;0;;1;0;
96480;0;1;;0;0;;0;1;;1;0;;1;0;;1;0;;1;0;
96490;0;0;;0;0;;0;0;;1;0;;1;0;;1;0;;1;0;
96500;0;0;;0;0;;0;0;;1;0;;1;0;;1;0;;1;0;
96510;0;0;;0;0;;0;1;;1;0;;1;0;;1;0;;1;0;
96520;0;0;;0;0;;0;0;;1;0;;1;0;;1;0;;1;0;
96530;0;1;;0;0;;0;1;;1;0;;1;0;;1;0;;1;0;
96540;0;0;;0;0;;0;0;;1;0;;1;0;;1;0;;1;0;
96550;0;0;;0;0;;0;1;;1;0;;1;0;;1;0;;1;0;
96560;0;0;;0;0;;0;0;;1;0;;1;0;;1;0;;1;0;
96570;0;1;;0;0;;0;1;;1;0;;1;0;;1;0;;1;0;
96580;0;0;;0;0;;0;0;;1;0;;1;0;;1;0;;1;0;
96590;0;0;;0;0;;0;0;;1;0;;1;0;;1;0;;1;0;
96600;0;0;;0;0;;0;1;;1;0;;1;0;;1;0;;1;0;
96610;0;1;;0;0;;0;0;;1;0;;1;0;;1;0;;1;0;
96620;0;0;;0;0;;0;1;;1;0;;1;0;;1;0;;1;0;
96630;0;0;;0;0;;0;0;;1;0;;1;0;;1;0;;1;0;
96640;0;0;;0;0;;0;1;;1;0;;1;0;;1;0;;1;0;
96650;0;0;;0;0;;0;0;;1;0;;1;0;;1;0;;1;0;
96660;0;1;;0;0;;0;0;;1;0;;1;0;;1;0;;1;0;
96670;0;0;;0;0;;0;1;;1;0;;1;0;;1;0;;1;0;
96680;0;0;;0;0;;0;0;;1;0;;1;0;;1;0;;1;0;
96690;0;0;;0;0;;0;1;;1;0;;1;0;;1;0;;1;0;
96700;0;1;;0;0;;0;0;;1;0;;1;0;;1;0;;1;0;
96710;0;0;;0;0;;0;0;;1;0;;1;0;;1;0;;1;0;
96720;0;0;;0;0;;0;1;;1;0;;1;0;;1;0;;1;0;
96730;0;0;;0;0;;0;0;;1;0;;1;0;;1;0;;1;0;
96740;0;1;;0;0;;0;1;;1;0;;1;0;;1;0;;1;0;
96750;0;0;;0;0;;0;0;;1;0;;1;0;;1;0;;1;0;
96760;0;0;;0;0;;0;1;;1;0;;1;0;;1;0;;1;0;
96770;0;0;;0;0;;0;0;;1;0;;1;0;;1;0;;1;0;
96780;0;1;;0;0;;0;0;;1;0;;1;0;;1;0;;1;0;
96790;0;0;;0;0;;0;1;;1;0;;1;0;;1;0;;1;0;
96800;0;0;;0;0;;0;0;;1;0;;1;0;;1;0;;1;0;
96810;0;0;;0;0;;0;1;;1;0;;1;0;;1;0;;1;0;
96820;0;0;;0;0;;0;0;;1;0;;1;0;;1;0;;1;0;
96830;0;1;;0;0;;0;0;;1;0;;1;0;;1;0;;1;0;
96840;0;0;;0;0;;0;1;;1;0;;1;0;;1;0;;1;0;
96850;0;0;;0;0;;0;0;;1;0;;1;0;;1;0;;1;0;
96860;0;0;;0;0;;0;1;;1;0;;1;0;;1;0;;1;0;
96870;0;1;;0;0;;0;0;;1;0;;1;0;;1;0;;1;0;
96880;0;0;;0;0;;0;1;;1;0;;1;0;;1;0;;1;0;
96890;0;0;;0;0;;0;0;;1;0;;1;0;;1;0;;1;0;
96900;0;0;;0;0;;0;0;;1;0;;1;0;;1;0;;1;0;
96910;0;1;;0;0;;0;1;;1;0;;1;0;;1;0;;1;0;
96920;0;0;;0;0;;0;0;;1;0;;1;0;;1;0;;1;0;
96930;0;0;;0;0;;0;1;;1;0;;1;0;;1;0;;1;0;
96940;0;0;;0;0;;0;0;;1;0;;1;0;;1;0;;1;0;
96950;0;1;;0;0;;0;0;;1;0;;1;0;;1;0;;1;0;
96960;0;0;;0;0;;0;1;;1;0;;1;0;;1;0;;1;0;
96970;0;0;;0;0;;0;0;;1;0;;1;0;;1;0;;1;0;
96980;0;0;;0;0;;0;1;;1;0;;1;0;;1;0;;1;0;
96990;0;1;;0;0;;0;0;;1;0;;1;0;;1;0;;1;0;
97000;0;0;;0;0;;0;0;;1;0;;1;0;;1;0;;1;0;
97010;0;0;;0;0;;0;1;;1;0;;1;0;;1;0;;1;0;
97020;0;0;;0;0;;0;0;;1;0;;1;0;;1;0;;1;0;
97030;0;1;;0;0;;0;1;;1;0;;1;0;;1;0;;1;0;
97040;0;0;;0;0;;0;0;;1;0;;1;0;;1;0;;1;0;
97050;0;0;;0;0;;0;0;;1;0;;1;0;;1;0;;1;0;
97060;0;1;;0;0;;0;1;;1;0;;1;0;;1;0;;1;0;
97070;0;0;;0;0;;0;0;;1;0;;1;0;;1;0;;1;0;
97080;0;0;;0;0;;0;0;;1;0;;1;0;;1;0;;1;0;
97090;0;0;;0;0;;0;1;;1;0;;1;0;;1;0;;1;0;
97100;0;1;;0;0;;0;0;;1;0;;1;0;;1;0;;1;0;
97110;0;0;;0;0;;0;1;;1;0;;1;0;;1;0;;1;0;
97120;0;0;;0;0;;0;0;;1;0;;1;0;;1;0;;1;0;
97130;0;0;;0;0;;0;0;;1;0;;1;0;;1;0;;1;0;
97140;0;1;;0;0;;0;1;;1;0;;1;0;;1;0;;1;0;
97150;0;0;;0;0;;0;0;;1;0;;1;0;;1;0;;1;0;
97160;0;0;;0;0;;0;1;;1;0;;1;0;;1;0;;1;0;
97170;0;0;;0;0;;0;0;;1;0;;1;0;;1;0;;1;0;
97180;0;1;;0;0;;0;0;;1;0;;1;0;;1;0;;1;0;
97190;0;0;;0;0;;0;1;;1;0;;1;0;;1;0;;1;0;
97200;0;0;;0;0;;0;0;;1;0;;1;0;;1;0;;1;0;
97210;0;0;;0;0;;0;1;;1;0;;1;0;;1;0;;1;0;
97220;0;1;;0;0;;0;0;;1;0;;1;0;;1;0;;1;0;
97230;0;0;;0;0;;0;0;;1;0;;1;0;;1;0;;1;0;
97240;0;0;;0;0;;0;1;;1;0;;1;0;;1;0;;1;0;
97250;0;1;;0;0;;0;0;;1;0;;1;0;;1;0;;1;0;
97260;0;0;;0;0;;0;0;;1;0;;1;0;;1;0;;1;0;
97270;0;0;;0;0;;0;1;;1;0;;1;0;;1;0;;1;0;
97280;0;0;;0;0;;0;0;;1;0;;1;0;;1;0;;1;0;
97290;0;1;;0;0;;0;1;;1;0;;1;0;;1;0;;1;0;
97300;0;0;;0;0;;0;0;;1;0;;1;0;;1;0;;1;0;
97310;0;0;;0;0;;0;0;;1;0;;1;0;;1;0;;1;0;
97320;0;0;;0;0;;0;1;;1;0;;1;0;;1;0;;1;0;
97330;0;1;;0;0;;0;0;;1;0;;1;0;;1;0;;1;0;
97340;0;0;;0;0;;0;0;;1;0;;1;0;;1;0;;1;0;
97350;0;0;;0;0;;0;1;;1;0;;1;0;;1;0;;1;0;
97360;0;1;;0;0;;0;0;;1;0;;1;0;;1;0;;1;0;
97370;0;0;;0;0;;0;1;;1;0;;1;0;;1;0;;1;0;
97380;0;0;;0;0;;0;0;;1;0;;1;0;;1;0;;1;0;
97390;0;0;;0;0;;0;0;;1;0;;1;0;;1;0;;1;0;
97400;0;1;;0;0;;0;1;;1;0;;1;0;;1;0;;1;0;
97410;0;0;;0;0;;0;0;;1;0;;1;0;;1;0;;1;0;
97420;0;0;;0;0;;0;0;;1;0;;1;0;;1;0;;1;0;
97430;0;1;;0;0;;0;1;;1;0;;1;0;;1;0;;1;0;
97440;0;0;;0;0;;0;0;;1;0;;1;0;;1;0;;1;0;
97450;0;0;;0;0;;0;0;;1;0;;1;0;;1;0;;1;0;
97460;0;0;;0;0;;0;1;;1;0;;1;0;;1;0;;1;0;
97470;0;1;;0;0;;0;0;;1;0;;1;0;;1;0;;1;0;
97480;0;0;;0;0;;0;1;;1;0;;1;0;;1;0;;1;0;
97490;0;0;;0;0;;0;0;;1;0;;1;1;;1;1;;1;0;
97500;0;1;;0;0;;0;0;;1;0;;1;0;;1;0;;1;0;
97510;0;0;;0;0;;0;1;;1;0;;1;0;;1;0;;1;0;
97520;0;0;;0;0;;0;0;;1;0;;1;0;;1;0;;1;0;
97530;0;0;;0;0;;0;0;;1;0;;1;0;;1;0;;1;0;
97540;0;1;;0;0;;0;1;;1;0;;1;0;;1;0;;1;0;
97550;0;0;;0;0;;0;0;;1;0;;1;0;;1;0;;1;0;
97560;0;0;;0;0;;0;0;;1;0;;1;0;;1;0;;1;0;
97570;0;1;;0;0;;0;1;;1;0;;1;0;;1;0;;1;0;
97580;0;0;;0;0;;0;0;;1;0;;1;0;;1;0;;1;0;
97590;0;0;;0;0;;0;0;;1;0;;1;0;;1;0;;1;0;
97600;0;1;;0;0;;0;1;;1;0;;1;0;;1;0;;1;0;
97610;0;0;;0;0;;0;0;;1;0;;1;0;;1;0;;1;0;
97620;0;0;;0;0;;0;1;;1;0;;1;0;;1;0;;1;0;
97630;0;0;;0;0;;0;0;;1;0;;1;0;;1;0;;1;0;
97640;0;1;;0;0;;0;0;;1;0;;1;0;;1;0;;1;0;
97650;0;0;;0;0;;0;1;;1;0;;1;0;;1;0;;1;0;
97660;0;0;;0;0;;0;0;;1;0;;1;0;;1;0;;1;0;
97670;0;1;;0;0;;0;0;;1;0;;1;0;;1;0;;1;0;
97680;0;0;;0;0;;0;1;;1;0;;1;0;;1;0;;1;0;
97690;0;0;;0;0;;0;0;;1;0;;1;0;;1;0;;1;0;
97700;0;1;;0;0;;0;0;;1;0;;1;0;;1;0;;1;0;
97710;0;0;;0;0;;0;1;;1;0;;1;0;;1;0;;1;0;
97720;0;0;;0;0;;0;0;;1;0;;1;0;;1;0;;1;0;
97730;0;0;;0;0;;0;0;;1;0;;1;0;;1;0;;1;0;
97740;0;1;;0;0;;0;1;;1;0;;1;0;;1;0;;1;0;
97750;0;0;;0;0;;0;0;;1;0;;1;0;;1;0;;1;0;
97760;0;0;;0;0;;0;0;;1;0;;1;0;;1;0;;1;0;
97770;0;1;;0;0;;0;1;;1;0;;1;0;;1;0;;1;0;
97780;0;0;;0;0;;0;0;;1;0;;1;0;;1;0;;1;0;
97790;0;0;;0;0;;0;0;;1;0;;1;0;;1;0;;1;0;
97800;0;1;;0;0;;0;1;;1;0;;1;0;;1;0;;1;0;
97810;0;0;;0;0;;0;0;;1;0;;1;0;;1;0;;1;0;
97820;0;0;;0;0;;0;0;;1;0;;1;0;;1;0;;1;0;
97830;0;1;;0;0;;0;1;;1;0;;1;0;;1;0;;1;0;
97840;0;0;;0;0;;0;0;;1;0;;1;0;;1;0;;1;0;
97850;0;0;;0;0;;0;0;;1;0;;1;0;;1;0;;1;0;
97860;0;1;;0;0;;0;1;;1;0;;1;0;;1;0;;1;0;
97870;0;0;;0;0;;0;0;;1;0;;1;0;;1;0;;1;0;
97880;0;0;;0;0;;0;0;;1;0;;1;0;;1;0;;1;0;
97890;0;1;;0;0;;0;1;;1;0;;1;0;;1;0;;1;0;
97900;0;0;;0;0;;0;0;;1;0;;1;0;;1;0;;1;0;
97910;0;0;;0;0;;0;0;;1;0;;1;0;;1;0;;1;0;
97920;0;0;;0;0;;0;1;;1;0;;1;0;;1;0;;1;0;
97930;0;1;;0;0;;0;0;;1;0;;1;0;;1;0;;1;0;
97940;0;0;;0;0;;0;0;;1;0;;1;0;;1;0;;1;0;
97950;0;0;;0;0;;0;1;;1;0;;1;0;;1;0;;1;0;
97960;0;1;;0;0;;0;0;;1;0;;1;0;;1;0;;1;0;
97970;0;0;;0;0;;0;0;;1;0;;1;0;;1;0;;1;0;
97980;0;0;;0;0;;0;1;;1;0;;1;0;;1;0;;1;0;
97990;0;1;;0;0;;0;0;;1;0;;1;0;;1;0;;1;0;
98000;0;0;;0;0;;0;0;;1;0;;1;0;;1;0;;1;0;
98010;0;0;;0;0;;0;1;;1;0;;1;0;;1;0;;1;0;
98020;0;1;;0;0;;0;0;;1;0;;1;0;;1;0;;1;0;
98030;0;0;;0;0;;0;0;;1;0;;1;0;;1;0;;1;0;
98040;0;0;;0;0;;0;1;;1;0;;1;0;;1;0;;1;0;
98050;0;1;;0;0;;0;0;;1;0;;1;0;;1;0;;1;0;
98060;0;0;;0;0;;0;0;;1;0;;1;0;;1;0;;1;0;
98070;0;0;;0;0;;0;1;;1;0;;1;0;;1;0;;1;0;
98080;0;1;;0;0;;0;0;;1;0;;1;0;;1;0;;1;0;
98090;0;0;;0;0;;0;0;;1;0;;1;0;;1;0;;1;0;
98100;0;0;;0;0;;0;0;;1;0;;1;0;;1;0;;1;0;
98110;0;1;;0;0;;0;1;;1;0;;1;0;;1;0;;1;0;
98120;0;0;;0;0;;0;0;;1;0;;1;0;;1;0;;1;0;
98130;0;0;;0;0;;0;0;;1;0;;1;0;;1;0;;1;0;
98140;0;1;;0;0;;0;1;;1;0;;1;0;;1;0;;1;0;
98150;0;0;;0;0;;0;0;;1;0;;1;0;;1;0;;1;0;
98160;0;0;;0;0;;0;0;;1;0;;1;0;;1;0;;1;0;
98170;0;1;;0;0;;0;1;;1;0;;1;0;;1;0;;1;0;
98180;0;0;;0;0;;0;0;;1;0;;1;0;;1;0;;1;0;
98190;0;0;;0;0;;0;0;;1;0;;1;0;;1;0;;1;0;
98200;0;1;;0;0;;0;1;;1;0;;1;0;;1;0;;1;0;
98210;0;0;;0;0;;0;0;;1;0;;1;0;;1;0;;1;0;
98220;0;0;;0;0;;0;0;;1;0;;1;0;;1;0;;1;0;
98230;0;1;;0;0;;0;1;;1;0;;1;0;;1;0;;1;0;
98240;0;0;;0;0;;0;0;;1;0;;1;0;;1;0;;1;0;
98250;0;1;;0;0;;0;0;;1;0;;1;0;;1;0;;1;0;
98260;0;0;;0;0;;0;0;;1;0;;1;0;;1;0;;1;0;
98270;0;0;;0;0;;0;1;;1;0;;1;0;;1;0;;1;0;
98280;0;1;;0;0;;0;0;;1;0;;1;0;;1;0;;1;0;
98290;0;0;;0;0;;0;0;;1;0;;1;0;;1;0;;1;0;
98300;0;0;;0;0;;0;1;;1;0;;1;0;;1;0;;1;0;
98310;0;1;;0;0;;0;0;;1;0;;1;0;;1;0;;1;0;
98320;0;0;;0;0;;0;0;;1;0;;1;0;;1;0;;1;0;
98330;0;0;;0;0;;0;1;;1;0;;1;0;;1;0;;1;0;
98340;0;1;;0;0;;0;0;;1;0;;1;0;;1;0;;1;0;
98350;0;0;;0;0;;0;0;;1;0;;1;0;;1;0;;1;0;
98360;0;0;;0;0;;0;0;;1;0;;1;0;;1;0;;1;0;
98370;0;1;;0;0;;0;1;;1;0;;1;0;;1;0;;1;0;
98380;0;0;;0;0;;0;0;;1;0;;1;0;;1;0;;1;0;
98390;0;0;;0;0;;0;0;;1;0;;1;0;;1;0;;1;0;
98400;0;1;;0;0;;0;1;;1;0;;1;0;;1;0;;1;0;
98410;0;0;;0;0;;0;0;;1;0;;1;0;;1;0;;1;0;
98420;0;1;;0;0;;0;0;;1;0;;1;0;;1;0;;1;0;
98430;0;0;;0;0;;0;0;;1;0;;1;0;;1;0;;1;0;
98440;0;0;;0;0;;0;1;;1;0;;1;0;;1;0;;1;0;
98450;0;1;;0;0;;0;0;;1;0;;1;0;;1;0;;1;0;
98460;0;0;;0;0;;0;0;;1;0;;1;0;;1;0;;1;0;
98470;0;0;;0;0;;0;1;;1;0;;1;0;;1;0;;1;0;
98480;0;1;;0;0;;0;0;;1;0;;1;0;;1;0;;1;0;
98490;0;0;;0;0;;0;0;;1;0;;1;0;;1;0;;1;0;
98500;0;0;;0;0;;0;1;;1;0;;1;0;;1;0;;1;0;
98510;0;1;;0;0;;0;0;;1;0;;1;0;;1;0;;1;0;
98520;0;0;;0;0;;0;0;;1;0;;1;0;;1;0;;1;0;
98530;0;1;;0;0;;0;0;;1;0;;1;0;;1;0;;1;0;
98540;0;0;;0;0;;0;1;;1;0;;1;0;;1;0;;1;0;
98550;0;0;;0;0;;0;0;;1;0;;1;0;;1;0;;1;0;
98560;0;1;;0;0;;0;0;;1;0;;1;0;;1;0;;1;0;
98570;0;0;;0;0;;0;1;;1;0;;1;0;;1;0;;1;0;
98580;0;0;;0;0;;0;0;;1;0;;1;0;;1;0;;1;0;
98590;0;1;;0;0;;0;0;;1;0;;1;0;;1;0;;1;0;
98600;0;0;;0;0;;0;0;;1;0;;1;0;;1;0;;1;0;
98610;0;1;;0;0;;0;1;;1;0;;1;0;;1;0;;1;0;
98620;0;0;;0;0;;0;0;;1;0;;1;0;;1;0;;1;0;
98630;0;0;;0;0;;0;0;;1;0;;1;0;;1;0;;1;0;
98640;0;1;;0;0;;0;0;;1;0;;1;0;;1;0;;1;0;
98650;0;0;;0;0;;0;1;;1;0;;1;0;;1;0;;1;0;
98660;0;0;;0;0;;0;0;;1;0;;1;0;;1;0;;1;0;
98670;0;1;;0;0;;0;0;;1;0;;1;0;;1;0;;1;0;
98680;0;0;;0;0;;0;1;;1;0;;1;0;;1;0;;1;0;
98690;0;1;;0;0;;0;0;;1;0;;1;0;;1;0;;1;0;
98700;0;0;;0;0;;0;0;;1;0;;1;0;;1;0;;1;0;
98710;0;0;;0;0;;0;0;;1;0;;1;0;;1;0;;1;0;
98720;0;1;;0;0;;0;1;;1;0;;1;0;;1;0;;1;0;
98730;0;0;;0;0;;0;0;;1;0;;1;0;;1;0;;1;0;
98740;0;0;;0;0;;0;0;;1;0;;1;0;;1;0;;1;0;
98750;0;1;;0;0;;0;0;;1;0;;1;0;;1;0;;1;0;
98760;0;0;;0;0;;0;1;;1;0;;1;0;;1;0;;1;0;
98770;0;1;;0;0;;0;0;;1;0;;1;0;;1;0;;1;0;
98780;0;0;;0;0;;0;0;;1;0;;1;0;;1;0;;1;0;
98790;0;0;;0;0;;0;1;;1;0;;1;0;;1;0;;1;0;
98800;0;1;;0;0;;0;0;;1;0;;1;0;;1;0;;1;0;
98810;0;0;;0;0;;0;0;;1;0;;1;0;;1;0;;1;0;
98820;0;1;;0;0;;0;0;;1;0;;1;0;;1;0;;1;0;
98830;0;0;;0;0;;0;1;;1;0;;1;0;;1;0;;1;0;
98840;0;0;;0;0;;0;0;;1;0;;1;0;;1;0;;1;0;
98850;0;1;;0;0;;0;0;;1;0;;1;0;;1;0;;1;0;
98860;0;0;;0;0;;0;0;;1;0;;1;0;;1;0;;1;0;
98870;0;1;;0;0;;0;1;;1;0;;1;0;;1;0;;1;0;
98880;0;0;;0;0;;0;0;;1;0;;1;0;;1;0;;1;0;
98890;0;0;;0;0;;0;0;;1;0;;1;0;;1;0;;1;0;
98900;0;1;;0;0;;0;0;;1;0;;1;0;;1;0;;1;0;
98910;0;0;;0;0;;0;1;;1;0;;1;0;;1;0;;1;0;
98920;0;1;;0;0;;0;0;;1;0;;1;0;;1;0;;1;0;
98930;0;0;;0;0;;0;0;;1;0;;1;0;;1;0;;1;0;
98940;0;0;;0;0;;0;1;;1;0;;1;0;;1;0;;1;0;
98950;0;1;;0;0;;0;0;;1;0;;1;0;;1;0;;1;0;
98960;0;0;;0;0;;0;0;;1;0;;1;0;;1;0;;1;0;
98970;0;1;;0;0;;0;0;;1;0;;1;0;;1;0;;1;0;
98980;0;0;;0;0;;0;1;;1;0;;1;0;;1;0;;1;0;
98990;0;0;;0;0;;0;0;;1;0;;1;0;;1;0;;1;0;
99000;0;1;;0;0;;0;0;;1;0;;1;0;;1;0;;1;0;
99010;0;0;;0;0;;0;0;;1;1;;1;0;;1;0;;1;0;
99020;0;1;;0;0;;0;1;;1;0;;1;0;;1;0;;1;0;
99030;0;0;;0;0;;0;0;;1;0;;1;0;;1;0;;1;0;
99040;0;0;;0;0;;0;0;;1;0;;1;0;;1;0;;1;0;
99050;0;1;;0;0;;0;0;;1;0;;1;0;;1;0;;1;0;
99060;0;0;;0;0;;0;1;;1;0;;1;0;;1;0;;1;0;
99070;0;1;;0;0;;0;0;;1;0;;1;0;;1;0;;1;0;
99080;0;0;;0;0;;0;0;;1;0;;1;0;;1;0;;1;0;
99090;0;1;;0;0;;0;0;;1;0;;1;0;;1;0;;1;0;
99100;0;0;;0;0;;0;1;;1;0;;1;0;;1;0;;1;0;
99110;0;0;;0;0;;0;0;;1;0;;1;0;;1;0;;1;0;
99120;0;1;;0;0;;0;0;;1;0;;1;0;;1;0;;1;0;
99130;0;0;;0;0;;0;0;;1;0;;1;0;;1;0;;1;0;
99140;0;1;;0;0;;0;1;;1;0;;1;0;;1;0;;1;0;
99150;0;0;;0;0;;0;0;;1;0;;1;0;;1;0;;1;0;
99160;0;0;;0;0;;0;0;;1;0;;1;0;;1;0;;1;0;
99170;0;1;;0;0;;0;0;;1;0;;1;0;;1;0;;1;0;
99180;0;0;;0;0;;0;1;;1;0;;1;0;;1;0;;1;0;
99190;0;1;;0;0;;0;0;;1;0;;1;0;;1;0;;1;0;
99200;0;0;;0;0;;0;0;;1;0;;1;0;;1;0;;1;0;
99210;0;1;;0;0;;0;0;;1;0;;1;0;;1;0;;1;0;
99220;0;0;;0;0;;0;0;;1;0;;1;0;;1;0;;1;0;
99230;0;0;;0;0;;0;1;;1;0;;1;0;;1;0;;1;0;
99240;0;1;;0;0;;0;0;;1;0;;1;0;;1;0;;1;0;
99250;0;0;;0;0;;0;0;;1;0;;1;0;;1;0;;1;0;
99260;0;1;;0;0;;0;0;;1;0;;1;0;;1;0;;1;0;
99270;0;0;;0;0;;0;1;;1;0;;1;0;;1;0;;1;0;
99280;0;1;;0;0;;0;0;;1;0;;1;0;;1;0;;1;0;
99290;0;0;;0;0;;0;0;;1;0;;1;0;;1;0;;1;0;
99300;0;0;;0;0;;0;0;;1;0;;1;0;;1;0;;1;0;
99310;0;1;;0;0;;0;1;;1;0;;1;0;;1;0;;1;0;
99320;0;0;;0;0;;0;0;;1;0;;1;0;;1;0;;1;0;
99330;0;1;;0;0;;0;0;;1;0;;1;0;;1;0;;1;0;
99340;0;0;;0;0;;0;0;;1;0;;1;0;;1;0;;1;0;
99350;0;1;;0;0;;0;1;;1;0;;1;0;;1;0;;1;0;
99360;0;0;;0;0;;0;0;;1;0;;1;0;;1;0;;1;0;
99370;0;0;;0;0;;0;0;;1;0;;1;0;;1;0;;1;0;
99380;0;1;;0;0;;0;0;;1;0;;1;0;;1;0;;1;0;
99390;0;0;;0;0;;0;0;;1;0;;1;0;;1;0;;1;0;
99400;0;1;;0;0;;0;1;;1;0;;1;0;;1;0;;1;0;
99410;0;0;;0;0;;0;0;;1;0;;1;0;;1;0;;1;0;
99420;0;1;;0;0;;0;0;;1;0;;1;0;;1;0;;1;0;
99430;0;0;;0;0;;0;0;;1;0;;1;0;;1;0;;1;0;
99440;0;1;;0;0;;0;1;;1;0;;1;0;;1;0;;1;0;
99450;0;0;;0;0;;0;0;;1;0;;1;0;;1;0;;1;0;
99460;0;0;;0;0;;0;0;;1;0;;1;0;;1;0;;1;0;
99470;0;1;;0;0;;0;0;;1;0;;1;0;;1;0;;1;0;
99480;0;0;;0;0;;0;1;;1;0;;1;0;;1;0;;1;0;
99490;0;1;;0;0;;0;0;;1;0;;1;0;;1;0;;1;0;
99500;0;0;;0;0;;0;0;;1;0;;1;0;;1;0;;1;0;
99510;0;1;;0;0;;0;0;;1;0;;1;0;;1;0;;1;0;
99520;0;0;;0;0;;0;0;;1;0;;1;0;;1;0;;1;0;
99530;0;1;;0;0;;0;1;;1;0;;1;0;;1;0;;1;0;
99540;0;0;;0;0;;0;0;;1;0;;1;0;;1;0;;1;0;
99550;0;1;;0;0;;0;0;;1;0;;1;0;;1;0;;1;0;
99560;0;0;;0;0;;0;0;;1;0;;1;0;;1;0;;1;0;
99570;0;0;;0;0;;0;1;;1;0;;1;0;;1;0;;1;0;
99580;0;1;;0;0;;0;0;;1;0;;1;0;;1;0;;1;0;
99590;0;0;;0;0;;0;0;;1;0;;1;0;;1;0;;1;0;
99600;0;1;;0;0;;0;0;;1;0;;1;0;;1;0;;1;0;
99610;0;0;;0;0;;0;0;;1;0;;1;0;;1;0;;1;0;
99620;0;1;;0;0;;0;1;;1;0;;1;0;;1;0;;1;0;
99630;0;0;;0;0;;0;0;;1;0;;1;0;;1;0;;1;0;
99640;0;1;;0;0;;0;0;;1;0;;1;0;;1;0;;1;0;
99650;0;0;;0;0;;0;0;;1;0;;1;0;;1;0;;1;0;
99660;0;1;;0;0;;0;0;;1;0;;1;0;;1;0;;1;0;
99670;0;0;;0;0;;0;1;;1;0;;1;0;;1;0;;1;0;
99680;0;1;;0;0;;0;0;;1;0;;1;0;;1;0;;1;0;
99690;0;0;;0;0;;0;0;;1;0;;1;0;;1;0;;1;0;
99700;0;0;;0;0;;0;0;;1;0;;1;0;;1;0;;1;0;
99710;0;1;;0;0;;0;1;;1;0;;1;0;;1;0;;1;0;
99720;0;0;;0;0;;0;0;;1;0;;1;0;;1;0;;1;0;
99730;0;1;;0;0;;0;0;;1;0;;1;0;;1;0;;1;0;
99740;0;0;;0;0;;0;0;;1;0;;1;0;;1;0;;1;0;
99750;0;1;;0;0;;0;0;;1;0;;1;0;;1;0;;1;0;
99760;0;0;;0;0;;0;1;;1;0;;1;0;;1;0;;1;0;
99770;0;1;;0;0;;0;0;;1;0;;1;0;;1;0;;1;0;
99780;0;0;;0;0;;0;0;;1;0;;1;0;;1;0;;1;0;
99790;0;1;;0;0;;0;0;;1;0;;1;0;;1;0;;1;0;
99800;0;0;;0;0;;0;0;;1;0;;1;0;;1;0;;1;0;
99810;0;1;;0;0;;0;1;;1;0;;1;0;;1;0;;1;0;
99820;0;0;;0;0;;0;0;;1;0;;1;0;;1;0;;1;0;
99830;0;1;;0;0;;0;0;;1;0;;1;0;;1;0;;1;0;
99840;0;0;;0;0;;0;0;;1;0;;1;0;;1;0;;1;0;
99850;0;1;;0;0;;0;0;;1;0;;1;0;;1;0;;1;0;
99860;0;0;;0;0;;0;1;;1;0;;1;0;;1;0;;1;0;
99870;0;1;;0;0;;0;0;;1;0;;1;0;;1;0;;1;0;
99880;0;0;;0;0;;0;0;;1;0;;1;0;;1;0;;1;0;
99890;0;1;;0;0;;0;0;;1;0;;1;0;;1;0;;1;0;
99900;0;0;;0;0;;0;0;;1;0;;1;0;;1;0;;1;0;
99910;0;0;;0;0;;0;1;;1;0;;1;0;;1;0;;1;0;
99920;0;1;;0;0;;0;0;;1;0;;1;0;;1;0;;1;0;
99930;0;0;;0;0;;0;0;;1;0;;1;0;;1;0;;1;0;
99940;0;1;;0;0;;0;0;;1;0;;1;0;;1;0;;1;0;
99950;0;0;;0;0;;0;0;;1;0;;1;0;;1;0;;1;0;
99960;0;1;;0;0;;0;0;;1;0;;1;0;;1;0;;1;0;
99970;0;0;;0;0;;0;1;;1;0;;1;0;;1;0;;1;0;
99980;0;1;;0;0;;0;0;;1;0;;1;0;;1;0;;1;0;
99990;0;0;;0;0;;0;0;;1;0;;1;0;;1;0;;1;0;
100000;0;1;;0;0;;0;0;;1;0;;1;0;;1;0;;1;0;
100010;0;0;;0;0;;0;0;;1;0;;1;0;;1;0;;1;0;
100020;0;1;;0;0;;0;0;;1;0;;1;0;;1;0;;1;0;
100030;0;0;;0;0;;0;0;;1;0;;1;0;;1;0;;1;0;
100040;0;1;;0;0;;0;0;;1;0;;1;0;;1;0;;1;0;
100050;0;0;;0;0;;0;0;;1;0;;1;0;;1;0;;1;0;
100060;0;1;;0;0;;0;0;;1;0;;1;0;;1;0;;1;0;
100070;0;0;;0;0;;0;1;;1;0;;1;0;;1;0;;1;0;
100080;0;1;;0;0;;0;0;;1;0;;1;0;;1;0;;1;0;
100090;0;0;;0;0;;0;0;;1;0;;1;0;;1;0;;1;0;
100100;0;1;;0;0;;0;0;;1;0;;1;0;;1;0;;1;0;
100110;0;0;;0;0;;0;0;;1;0;;1;0;;1;0;;1;0;
100120;0;1;;0;0;;0;0;;1;0;;1;0;;1;0;;1;0;
100130;0;0;;0;0;;0;0;;1;0;;1;0;;1;0;;1;0;
100140;0;1;;0;0;;0;0;;1;0;;1;0;;1;0;;1;0;
100150;0;0;;0;0;;0;0;;1;0;;1;0;;1;0;;1;0;
100160;0;1;;0;0;;0;1;;1;0;;1;0;;1;0;;1;0;
100170;0;0;;0;0;;0;0;;1;0;;1;0;;1;0;;1;0;
100180;0;1;;0;0;;0;0;;1;0;;1;0;;1;0;;1;0;
100190;0;0;;0;0;;0;0;;1;0;;1;0;;1;0;;1;0;
100200;0;1;;0;0;;0;0;;1;0;;1;0;;1;0;;1;0;
100210;0;0;;0;0;;0;0;;1;0;;1;0;;1;0;;1;0;
100220;0;1;;0;0;;0;0;;1;0;;1;0;;1;0;;1;0;
100230;0;1;;0;0;;0;0;;1;0;;1;0;;1;0;;1;0;
100240;0;0;;0;0;;0;0;;1;0;;1;0;;1;0;;1;0;
100250;0;1;;0;0;;0;0;;1;0;;1;0;;1;0;;1;0;
100260;0;0;;0;0;;0;1;;1;0;;1;0;;1;0;;1;0;
100270;0;1;;0;0;;0;0;;1;0;;1;0;;1;0;;1;0;
100280;0;0;;0;0;;0;0;;1;0;;1;0;;1;0;;1;0;
100290;0;1;;0;0;;0;0;;1;0;;1;0;;1;0;;1;0;
100300;0;0;;0;0;;0;0;;1;0;;1;0;;1;0;;1;0;
100310;0;1;;0;0;;0;0;;1;0;;1;0;;1;0;;1;0;
100320;0;0;;0;0;;0;0;;1;0;;1;0;;1;0;;1;0;
100330;0;1;;0;0;;0;0;;1;0;;1;0;;1;0;;1;0;
100340;0;0;;0;0;;0;0;;1;0;;1;0;;1;0;;1;0;
100350;0;1;;0;0;;0;0;;1;0;;1;0;;1;0;;1;0;
100360;0;0;;0;0;;0;0;;1;0;;1;0;;1;0;;1;0;
100370;0;1;;0;0;;0;1;;1;0;;1;0;;1;0;;1;0;
100380;0;0;;0;0;;0;0;;1;0;;1;0;;1;0;;1;0;
100390;0;1;;0;0;;0;0;;1;0;;1;0;;1;0;;1;0;
100400;0;0;;0;0;;0;0;;1;0;;1;0;;1;0;;1;0;
100410;0;1;;0;0;;0;0;;1;0;;1;0;;1;0;;1;0;
100420;0;0;;0;0;;0;0;;1;0;;1;0;;1;0;;1;0;
100430;0;1;;0;0;;0;0;;1;0;;1;0;;1;0;;1;0;
100440;0;1;;0;0;;0;0;;1;0;;1;0;;1;0;;1;0;
100450;0;0;;0;0;;0;0;;1;0;;1;0;;1;0;;1;0;
100460;0;1;;0;0;;0;0;;1;0;;1;0;;1;0;;1;0;
100470;0;0;;0;0;;0;1;;1;0;;1;0;;1;0;;1;0;
100480;0;1;;0;0;;0;0;;1;0;;1;0;;1;0;;1;0;
100490;0;0;;0;0;;0;0;;1;0;;1;0;;1;0;;1;0;
100500;0;1;;0;0;;0;0;;1;0;;1;0;;1;0;;1;0;
100510;0;0;;0;0;;0;0;;1;0;;1;0;;1;0;;1;0;
100520;0;1;;0;0;;0;0;;1;0;;1;0;;1;0;;1;0;
100530;0;0;;0;0;;0;0;;1;0;;1;0;;1;0;;1;0;
100540;0;1;;0;0;;0;0;;1;0;;1;0;;1;0;;1;0;
100550;0;0;;0;0;;0;0;;1;0;;1;0;;1;0;;1;0;
100560;0;1;;0;0;;0;0;;1;0;;1;0;;1;0;;1;0;
100570;0;1;;0;0;;0;0;;1;0;;1;0;;1;0;;1;0;
100580;0;0;;0;0;;0;1;;1;0;;1;0;;1;0;;1;0;
100590;0;1;;0;0;;0;0;;1;0;;1;0;;1;0;;1;0;
100600;0;0;;0;0;;0;0;;1;0;;1;0;;1;0;;1;0;
100610;0;1;;0;0;;0;0;;1;0;;1;0;;1;0;;1;0;
100620;0;0;;0;0;;0;0;;1;0;;1;0;;1;0;;1;0;
100630;0;1;;0;0;;0;0;;1;0;;1;0;;1;0;;1;0;
100640;0;0;;0;0;;0;0;;1;0;;1;0;;1;0;;1;0;
100650;0;1;;0;0;;0;0;;1;0;;1;0;;1;0;;1;0;
100660;0;0;;0;0;;0;0;;1;0;;1;0;;1;0;;1;0;
100670;0;1;;0;0;;0;0;;1;0;;1;0;;1;0;;1;0;
100680;0;1;;0;0;;0;0;;1;0;;1;0;;1;0;;1;0;
100690;0;0;;0;0;;0;1;;1;0;;1;0;;1;0;;1;0;
100700;0;1;;0;0;;0;0;;1;0;;1;0;;1;0;;1;0;
100710;0;0;;0;0;;0;0;;1;0;;1;0;;1;0;;1;0;
100720;0;1;;0;0;;0;0;;1;0;;1;0;;1;0;;1;0;
100730;0;0;;0;0;;0;0;;1;0;;1;0;;1;0;;1;0;
100740;0;1;;0;0;;0;0;;1;0;;1;0;;1;0;;1;0;
100750;0;0;;0;0;;0;0;;1;0;;1;0;;1;0;;1;0;
100760;0;1;;0;0;;0;0;;1;0;;1;0;;1;0;;1;0;
100770;0;1;;0;0;;0;0;;1;0;;1;0;;1;0;;1;0;
100780;0;0;;0;0;;0;0;;1;0;;1;0;;1;0;;1;0;
100790;0;1;;0;0;;0;0;;1;0;;1;0;;1;0;;1;0;
100800;0;0;;0;0;;0;0;;1;0;;1;0;;1;0;;1;0;
100810;0;1;;0;0;;0;1;;1;0;;1;0;;1;0;;1;0;
100820;0;0;;0;0;;0;0;;1;0;;1;0;;1;0;;1;0;
100830;0;1;;0;0;;0;0;;1;0;;1;0;;1;0;;1;0;
100840;0;1;;0;0;;0;0;;1;0;;1;0;;1;0;;1;0;
100850;0;0;;0;0;;0;0;;1;0;;1;0;;1;0;;1;0;
100860;0;1;;0;0;;0;0;;1;0;;1;0;;1;0;;1;0;
100870;0;0;;0;0;;0;0;;1;0;;1;0;;1;0;;1;0;
100880;0;1;;0;0;;0;0;;1;0;;1;0;;1;0;;1;0;
100890;0;0;;0;0;;0;0;;1;0;;1;0;;1;0;;1;0;
100900;0;1;;0;0;;0;0;;1;0;;1;0;;1;0;;1;0;
100910;0;1;;0;0;;0;0;;1;0;;1;0;;1;0;;1;0;
100920;0;0;;0;0;;0;0;;1;0;;1;0;;1;0;;1;0;
100930;0;1;;0;0;;0;1;;1;0;;1;0;;1;0;;1;0;
100940;0;0;;0;0;;0;0;;1;0;;1;0;;1;0;;1;0;
100950;0;1;;0;0;;0;0;;1;0;;1;0;;1;0;;1;0;
100960;0;0;;0;0;;0;0;;1;0;;1;0;;1;0;;1;0;
100970;0;1;;0;0;;0;0;;1;0;;1;0;;1;0;;1;0;
100980;0;1;;0;0;;0;0;;1;0;;1;0;;1;0;;1;0;
100990;0;0;;0;0;;0;0;;1;0;;1;0;;1;0;;1;0;
101000;0;1;;0;0;;0;0;;1;0;;1;0;;1;0;;1;0;
101010;0;0;;0;0;;0;0;;1;0;;1;0;;1;0;;1;0;
101020;0;1;;0;0;;0;0;;1;0;;1;0;;1;0;;1;0;
101030;0;1;;0;0;;0;0;;1;0;;1;0;;1;0;;1;0;
101040;0;0;;0;0;;0;0;;1;0;;1;0;;1;0;;1;0;
101050;0;1;;0;0;;0;0;;1;0;;1;0;;1;0;;1;0;
101060;0;0;;0;0;;0;1;;1;0;;1;0;;1;0;;1;0;
101070;0;1;;0;0;;0;0;;1;0;;1;0;;1;0;;1;0;
101080;0;0;;0;0;;0;0;;1;0;;1;0;;1;0;;1;0;
101090;0;1;;0;0;;0;0;;1;0;;1;0;;1;0;;1;0;
101100;0;1;;0;0;;0;0;;1;0;;1;0;;1;0;;1;0;
101110;0;0;;0;0;;0;0;;1;0;;1;0;;1;0;;1;0;
101120;0;1;;0;0;;0;0;;1;0;;1;0;;1;0;;1;0;
101130;0;0;;0;0;;0;0;;1;0;;1;0;;1;0;;1;0;
101140;0;1;;0;0;;0;0;;1;0;;1;0;;1;0;;1;0;
101150;0;1;;0;0;;0;0;;1;0;;1;0;;1;0;;1;0;
101160;0;0;;0;0;;0;0;;1;0;;1;0;;1;0;;1;0;
101170;0;1;;0;0;;0;0;;1;0;;1;0;;1;0;;1;0;
101180;0;0;;0;0;;0;0;;1;0;;1;0;;1;0;;1;0;
101190;0;1;;0;0;;0;1;;1;0;;1;0;;1;0;;1;0;
101200;0;1;;0;0;;0;0;;1;0;;1;0;;1;0;;1;0;
101210;0;0;;0;0;;0;0;;1;0;;1;0;;1;0;;1;0;
101220;0;1;;0;0;;0;0;;1;0;;1;0;;1;0;;1;0;
101230;0;0;;0;0;;0;0;;1;0;;1;0;;1;0;;1;0;
101240;0;1;;0;0;;0;0;;1;0;;1;0;;1;0;;1;0;
101250;0;1;;0;0;;0;0;;1;0;;1;0;;1;0;;1;0;
101260;0;0;;0;0;;0;0;;1;0;;1;0;;1;0;;1;0;
101270;0;1;;0;0;;0;0;;1;0;;1;0;;1;0;;1;0;
101280;0;0;;0;0;;0;0;;1;0;;1;0;;1;0;;1;0;
101290;0;1;;0;0;;0;0;;1;0;;1;0;;1;0;;1;0;
101300;0;1;;0;0;;0;0;;1;0;;1;0;;1;0;;1;0;
101310;0;0;;0;0;;0;0;;1;0;;1;0;;1;0;;1;0;
101320;0;1;;0;0;;0;0;;1;0;;1;0;;1;0;;1;0;
101330;0;1;;0;0;;0;1;;1;0;;1;0;;1;0;;1;0;
101340;0;0;;0;0;;0;0;;1;0;;1;0;;1;0;;1;0;
101350;0;1;;0;0;;0;0;;1;0;;1;0;;1;0;;1;0;
101360;0;0;;0;0;;0;0;;1;0;;1;0;;1;0;;1;0;
101370;0;1;;0;0;;0;0;;1;0;;1;0;;1;0;;1;0;
101380;0;1;;0;0;;0;0;;1;0;;1;0;;1;0;;1;0;
101390;0;0;;0;0;;0;0;;1;0;;1;0;;1;0;;1;0;
101400;0;1;;0;0;;0;0;;1;0;;1;0;;1;0;;1;0;
101410;0;0;;0;0;;0;0;;1;0;;1;0;;1;0;;1;0;
101420;0;1;;0;0;;0;0;;1;0;;1;0;;1;0;;1;0;
101430;0;1;;0;0;;0;0;;1;0;;1;0;;1;0;;1;0;
101440;0;0;;0;0;;0;0;;1;0;;1;0;;1;0;;1;0;
101450;0;1;;0;0;;0;0;;1;0;;1;0;;1;0;;1;0;
101460;0;1;;0;0;;0;0;;1;0;;1;0;;1;0;;1;0;
101470;0;0;;0;0;;0;1;;1;0;;1;0;;1;0;;1;0;
101480;0;1;;0;0;;0;0;;1;0;;1;0;;1;0;;1;0;
101490;0;0;;0;0;;0;0;;1;0;;1;0;;1;0;;1;0;
101500;0;1;;0;0;;0;0;;1;0;;1;0;;1;0;;1;0;
101510;0;1;;0;0;;0;0;;1;0;;1;0;;1;0;;1;0;
101520;0;0;;0;0;;0;0;;1;0;;1;0;;1;0;;1;0;
101530;0;1;;0;0;;0;0;;1;0;;1;0;;1;0;;1;0;
101540;0;1;;0;0;;0;0;;1;0;;1;0;;1;0;;1;0;
101550;0;0;;0;0;;0;0;;1;0;;1;0;;1;0;;1;0;
101560;0;1;;0;0;;0;0;;1;0;;1;0;;1;0;;1;0;
101570;0;0;;0;0;;0;0;;1;0;;1;0;;1;0;;1;0;
101580;0;1;;0;0;;0;0;;1;0;;1;0;;1;0;;1;0;
101590;0;1;;0;0;;0;0;;1;0;;1;0;;1;0;;1;0;
101600;0;0;;0;0;;0;0;;1;0;;1;0;;1;0;;1;0;
101610;0;1;;0;0;;0;0;;1;0;;1;0;;1;0;;1;0;
101620;0;1;;0;0;;0;1;;1;0;;1;0;;1;0;;1;0;
101630;0;0;;0;0;;0;0;;1;0;;1;0;;1;0;;1;0;
101640;0;1;;0;0;;0;0;;1;0;;1;0;;1;0;;1;0;
101650;0;1;;0;0;;0;0;;1;0;;1;0;;1;0;;1;0;
101660;0;0;;0;0;;0;0;;1;0;;1;0;;1;0;;1;0;
101670;0;1;;0;0;;0;0;;1;0;;1;0;;1;0;;1;0;
101680;0;1;;0;0;;0;0;;1;0;;1;0;;1;0;;1;0;
101690;0;0;;0;0;;0;0;;1;0;;1;0;;1;0;;1;0;
101700;0;1;;0;0;;0;0;;1;0;;1;0;;1;0;;1;0;
101710;0;0;;0;0;;0;0;;1;0;;1;0;;1;0;;1;0;
101720;0;1;;0;0;;0;0;;1;0;;1;0;;1;0;;1;0;
101730;0;1;;0;0;;0;0;;1;0;;1;0;;1;0;;1;0;
101740;0;0;;0;0;;0;0;;1;0;;1;0;;1;0;;1;0;
101750;0;1;;0;0;;0;0;;1;0;;1;0;;1;0;;1;0;
101760;0;1;;0;0;;0;0;;1;0;;1;0;;1;0;;1;0;
101770;0;0;;0;0;;0;0;;1;0;;1;0;;1;0;;1;0;
101780;0;1;;0;0;;0;1;;1;0;;1;0;;1;0;;1;0;
101790;0;1;;0;0;;0;0;;1;0;;1;0;;1;0;;1;0;
101800;0;0;;0;0;;0;0;;1;0;;1;0;;1;0;;1;0;
101810;0;1;;0;0;;0;0;;1;0;;1;0;;1;0;;1;0;
101820;0;1;;0;0;;0;0;;1;0;;1;0;;1;0;;1;0;
101830;0;0;;0;0;;0;0;;1;0;;1;0;;1;0;;1;0;
101840;0;1;;0;0;;0;0;;1;0;;1;0;;1;0;;1;0;
101850;0;1;;0;0;;0;0;;1;0;;1;0;;1;0;;1;0;
101860;0;0;;0;0;;0;0;;1;0;;1;0;;1;0;;1;0;
101870;0;1;;0;0;;0;0;;1;0;;1;0;;1;0;;1;0;
101880;0;1;;0;0;;0;0;;1;0;;1;0;;1;0;;1;0;
101890;0;0;;0;0;;0;0;;1;0;;1;0;;1;0;;1;0;
101900;0;1;;0;0;;0;0;;1;0;;1;0;;1;0;;1;0;
101910;0;1;;0;0;;0;0;;1;0;;1;0;;1;0;;1;0;
101920;0;0;;0;0;;0;0;;1;0;;1;0;;1;0;;1;0;
101930;0;1;;0;0;;0;0;;1;0;;1;0;;1;0;;1;0;
101940;0;1;;0;0;;0;0;;1;0;;1;0;;1;0;;1;0;
101950;0;0;;0;0;;0;1;;1;0;;1;0;;1;0;;1;0;
101960;0;1;;0;0;;0;0;;1;0;;1;0;;1;0;;1;0;
101970;0;1;;0;0;;0;0;;1;0;;1;0;;1;0;;1;0;
101980;0;0;;0;0;;0;0;;1;0;;1;0;;1;0;;1;0;
101990;0;1;;0;0;;0;0;;1;0;;1;0;;1;0;;1;0;
102000;0;1;;0;0;;0;0;;1;0;;1;0;;1;0;;1;0;
102010;0;0;;0;0;;0;0;;1;0;;1;0;;1;0;;1;0;
102020;0;1;;0;0;;0;0;;1;0;;1;0;;1;0;;1;0;
102030;0;1;;0;0;;0;0;;1;0;;1;0;;1;0;;1;0;
102040;0;0;;0;0;;0;0;;1;0;;1;0;;1;0;;1;0;
102050;0;1;;0;0;;0;0;;1;0;;1;0;;1;0;;1;0;
102060;0;1;;0;0;;0;0;;1;0;;1;0;;1;0;;1;0;
102070;0;0;;0;0;;0;0;;1;0;;1;0;;1;0;;1;0;
102080;0;1;;0;0;;0;0;;1;0;;1;0;;1;0;;1;0;
102090;0;1;;0;0;;0;0;;1;0;;1;0;;1;0;;1;0;
102100;0;0;;0;0;;0;0;;1;0;;1;0;;1;0;;1;0;
102110;0;1;;0;0;;0;0;;1;0;;1;0;;1;0;;1;0;
102120;0;1;;0;0;;0;0;;1;0;;1;0;;1;0;;1;0;
102130;0;0;;0;0;;0;1;;1;0;;1;0;;1;0;;1;0;
102140;0;1;;0;0;;0;0;;1;0;;1;0;;1;0;;1;0;
102150;0;1;;0;0;;0;0;;1;0;;1;0;;1;0;;1;0;
102160;0;0;;0;0;;0;0;;1;0;;1;0;;1;0;;1;0;
102170;0;1;;0;0;;0;0;;1;0;;1;0;;1;0;;1;0;
102180;0;1;;0;0;;0;0;;1;0;;1;0;;1;0;;1;0;
102190;0;1;;0;0;;0;0;;1;0;;1;0;;1;0;;1;0;
102200;0;0;;0;0;;0;0;;1;0;;1;0;;1;0;;1;0;
102210;0;1;;0;0;;0;0;;1;0;;1;0;;1;0;;1;0;
102220;0;1;;0;0;;0;0;;1;0;;1;0;;1;0;;1;0;
102230;0;0;;0;0;;0;0;;1;0;;1;0;;1;0;;1;0;
102240;0;1;;0;0;;0;0;;1;0;;1;0;;1;0;;1;0;
102250;0;1;;0;0;;0;0;;1;0;;1;0;;1;0;;1;0;
102260;0;0;;0;0;;0;0;;1;0;;1;0;;1;0;;1;0;
102270;0;1;;0;0;;0;0;;1;0;;1;0;;1;0;;1;0;
102280;0;1;;0;0;;0;0;;1;0;;1;0;;1;0;;1;0;
102290;0;0;;0;0;;0;0;;1;0;;1;0;;1;0;;1;0;
102300;0;1;;0;0;;0;0;;1;0;;1;0;;1;0;;1;0;
102310;0;1;;0;0;;0;0;;1;0;;1;0;;1;0;;1;0;
102320;0;1;;0;0;;0;1;;1;0;;1;0;;1;0;;1;0;
102330;0;0;;0;0;;0;0;;1;0;;1;0;;1;0;;1;0;
102340;0;1;;0;0;;0;0;;1;0;;1;0;;1;0;;1;0;
102350;0;1;;0;0;;0;0;;1;0;;1;0;;1;0;;1;0;
102360;0;0;;0;0;;0;0;;1;0;;1;0;;1;0;;1;0;
102370;0;1;;0;0;;0;0;;1;0;;1;0;;1;0;;1;0;
102380;0;1;;0;0;;0;0;;1;0;;1;0;;1;0;;1;0;
102390;0;1;;0;0;;0;0;;1;0;;1;0;;1;0;;1;0;
102400;0;0;;0;0;;0;0;;1;0;;1;0;;1;0;;1;0;
102410;0;1;;0;0;;0;0;;1;0;;1;0;;1;0;;1;0;
102420;0;1;;0;0;;0;0;;1;0;;1;0;;1;0;;1;0;
102430;0;0;;0;0;;0;0;;1;0;;1;0;;1;0;;1;0;
102440;0;1;;0;0;;0;0;;1;0;;1;0;;1;0;;1;0;
102450;0;1;;0;0;;0;0;;1;0;;1;0;;1;0;;1;0;
102460;0;0;;0;0;;0;0;;1;0;;1;0;;1;0;;1;0;
102470;0;1;;0;0;;0;0;;1;0;;1;0;;1;0;;1;0;
102480;0;1;;0;0;;0;0;;1;0;;1;0;;1;0;;1;0;
102490;0;1;;0;0;;0;0;;1;0;;1;0;;1;0;;1;0;
102500;0;0;;0;0;;0;0;;1;0;;1;0;;1;0;;1;0;
102510;0;1;;0;0;;0;0;;1;0;;1;0;;1;0;;1;0;
102520;0;1;;0;0;;0;0;;1;0;;1;0;;1;0;;1;0;
102530;0;0;;0;0;;0;1;;1;0;;1;0;;1;0;;1;0;
102540;0;1;;0;0;;0;0;;1;0;;1;0;;1;0;;1;0;
102550;0;1;;0;0;;0;0;;1;0;;1;0;;1;0;;1;0;
102560;0;1;;0;0;;0;0;;1;0;;1;0;;1;0;;1;0;
102570;0;0;;0;0;;0;0;;1;0;;1;0;;1;0;;1;0;
102580;0;1;;0;0;;0;0;;1;0;;1;0;;1;0;;1;0;
102590;0;1;;0;0;;0;0;;1;0;;1;0;;1;0;;1;0;
102600;0;1;;0;0;;0;0;;1;0;;1;0;;1;0;;1;0;
102610;0;0;;0;0;;0;0;;1;0;;1;0;;1;0;;1;0;
102620;0;1;;0;0;;0;0;;1;0;;1;0;;1;0;;1;0;
102630;0;1;;0;0;;0;0;;1;0;;1;0;;1;0;;1;0;
102640;0;0;;0;0;;0;0;;1;0;;1;0;;1;0;;1;0;
102650;0;1;;0;0;;0;0;;1;0;;1;0;;1;0;;1;0;
102660;0;1;;0;0;;0;0;;1;0;;1;0;;1;0;;1;0;
102670;0;1;;0;0;;0;0;;1;0;;1;0;;1;0;;1;0;
102680;0;0;;0;0;;0;0;;1;0;;1;0;;1;0;;1;0;
102690;0;1;;0;0;;0;0;;1;0;;1;0;;1;0;;1;0;
102700;0;1;;0;0;;0;0;;1;0;;1;0;;1;0;;1;0;
102710;0;1;;0;0;;0;0;;1;0;;1;0;;1;0;;1;0;
102720;0;0;;0;0;;0;0;;1;0;;1;0;;1;0;;1;0;
102730;0;1;;0;0;;0;0;;1;0;;1;0;;1;0;;1;0;
102740;0;1;;0;0;;0;0;;1;0;;1;0;;1;0;;1;0;
102750;0;1;;0;0;;0;0;;1;0;;1;0;;1;0;;1;0;
102760;0;0;;0;0;;0;1;;1;0;;1;0;;1;0;;1;0;
102770;0;1;;0;0;;0;0;;1;0;;1;0;;1;0;;1;0;
102780;0;1;;0;0;;0;0;;1;0;;1;0;;1;0;;1;0;
102790;0;0;;0;0;;0;0;;1;0;;1;0;;1;0;;1;0;
102800;0;1;;0;0;;0;0;;1;0;;1;0;;1;0;;1;0;
102810;0;1;;0;0;;0;0;;1;0;;1;0;;1;0;;1;0;
102820;0;1;;0;0;;0;0;;1;0;;1;0;;1;0;;1;0;
102830;0;0;;0;0;;0;0;;1;0;;1;0;;1;0;;1;0;
102840;0;1;;0;0;;0;0;;1;0;;1;0;;1;0;;1;0;
102850;0;1;;0;0;;0;0;;1;0;;1;0;;1;0;;1;0;
102860;0;1;;0;0;;0;0;;1;0;;1;0;;1;0;;1;0;
102870;0;0;;0;0;;0;0;;1;0;;1;0;;1;0;;1;0;
102880;0;1;;0;0;;0;0;;1;0;;1;0;;1;0;;1;0;
102890;0;1;;0;0;;0;0;;1;0;;1;0;;1;0;;1;0;
102900;0;1;;0;0;;0;0;;1;0;;1;0;;1;0;;1;0;
102910;0;0;;0;0;;0;0;;1;0;;1;0;;1;0;;1;0;
102920;0;1;;0;0;;0;0;;1;0;;1;0;;1;0;;1;0;
102930;0;1;;0;0;;0;0;;1;0;;1;0;;1;0;;1;0;
102940;0;1;;0;0;;0;0;;1;0;;1;0;;1;0;;1;0;
102950;0;0;;0;0;;0;0;;1;0;;1;0;;1;0;;1;0;
102960;0;1;;0;0;;0;0;;1;0;;1;0;;1;0;;1;0;
102970;0;1;;0;0;;0;0;;1;0;;1;0;;1;0;;1;0;
102980;0;1;;0;0;;0;0;;1;0;;1;0;;1;0;;1;0;
102990;0;0;;0;0;;0;0;;1;0;;1;0;;1;0;;1;0;
103000;0;1;;0;0;;0;1;;1;0;;1;0;;1;0;;1;0;
103010;0;1;;0;0;;0;0;;1;0;;1;0;;1;0;;1;0;
103020;0;1;;0;0;;0;0;;1;0;;1;0;;1;0;;1;0;
103030;0;0;;0;0;;0;0;;1;0;;1;0;;1;0;;1;0;
103040;0;1;;0;0;;0;0;;1;0;;1;0;;1;0;;1;0;
103050;0;1;;0;0;;0;0;;1;0;;1;0;;1;0;;1;0;
103060;0;1;;0;0;;0;0;;1;0;;1;0;;1;0;;1;0;
103070;0;1;;0;0;;0;0;;1;0;;1;0;;1;0;;1;0;
103080;0;0;;0;0;;0;0;;1;0;;1;0;;1;0;;1;0;
103090;0;1;;0;0;;0;0;;1;0;;1;0;;1;0;;1;0;
103100;0;1;;0;0;;0;0;;1;0;;1;0;;1;0;;1;0;
103110;0;1;;0;0;;0;0;;1;0;;1;0;;1;0;;1;0;
103120;0;0;;0;0;;0;0;;1;0;;1;0;;1;0;;1;0;
103130;0;1;;0;0;;0;0;;1;0;;1;0;;1;0;;1;0;
103140;0;1;;0;0;;0;0;;1;0;;1;0;;1;0;;1;0;
103150;0;1;;0;0;;0;0;;1;0;;1;0;;1;0;;1;0;
103160;0;0;;0;0;;0;0;;1;0;;1;0;;1;0;;1;0;
103170;0;1;;0;0;;0;0;;1;0;;1;0;;1;0;;1;0;
103180;0;1;;0;0;;0;0;;1;0;;1;0;;1;0;;1;0;
103190;0;1;;0;0;;0;0;;1;0;;1;0;;1;0;;1;0;
103200;0;1;;0;0;;0;0;;1;0;;1;0;;1;0;;1;0;
103210;0;0;;0;0;;0;0;;1;0;;1;0;;1;0;;1;0;
103220;0;1;;0;0;;0;0;;1;0;;1;0;;1;0;;1;0;
103230;0;1;;0;0;;0;0;;1;0;;1;0;;1;0;;1;0;
103240;0;1;;0;0;;0;0;;1;0;;1;0;;1;0;;1;0;
103250;0;0;;0;0;;0;0;;1;0;;1;0;;1;0;;1;0;
103260;0;1;;0;0;;0;0;;1;0;;1;0;;1;0;;1;0;
103270;0;1;;0;0;;0;0;;1;0;;1;0;;1;0;;1;0;
103280;0;1;;0;0;;0;1;;1;0;;1;0;;1;0;;1;0;
103290;0;1;;0;0;;0;0;;1;0;;1;0;;1;0;;1;0;
103300;0;0;;0;0;;0;0;;1;0;;1;0;;1;0;;1;0;
103310;0;1;;0;0;;0;0;;1;0;;1;0;;1;0;;1;0;
103320;0;1;;0;0;;0;0;;1;0;;1;0;;1;0;;1;0;
103330;0;1;;0;0;;0;0;;1;0;;1;0;;1;0;;1;0;
103340;0;0;;0;0;;0;0;;1;0;;1;0;;1;0;;1;0;
103350;0;1;;0;0;;0;0;;1;0;;1;0;;1;0;;1;0;
103360;0;1;;0;0;;0;0;;1;0;;1;0;;1;0;;1;0;
103370;0;1;;0;0;;0;0;;1;0;;1;0;;1;0;;1;0;
103380;0;1;;0;0;;0;0;;1;0;;1;0;;1;0;;1;0;
103390;0;0;;0;0;;0;0;;1;0;;1;0;;1;0;;1;0;
103400;0;1;;0;0;;0;0;;1;0;;1;0;;1;0;;1;0;
103410;0;1;;0;0;;0;0;;1;0;;1;0;;1;0;;1;0;
103420;0;1;;0;0;;0;0;;1;0;;1;0;;1;0;;1;0;
103430;0;1;;0;0;;0;0;;1;0;;1;0;;1;0;;1;0;
103440;0;0;;0;0;;0;0;;1;0;;1;0;;1;0;;1;0;
103450;0;1;;0;0;;0;0;;1;0;;1;0;;1;0;;1;0;
103460;0;1;;0;0;;0;0;;1;0;;1;0;;1;0;;1;0;
103470;0;1;;0;0;;0;0;;1;0;;1;0;;1;0;;1;0;
103480;0;1;;0;0;;0;0;;1;0;;1;0;;1;0;;1;0;
103490;0;0;;0;0;;0;0;;1;0;;1;0;;1;0;;1;0;
103500;0;1;;0;0;;0;0;;1;0;;1;0;;1;0;;1;0;
103510;0;1;;0;0;;0;0;;1;0;;1;0;;1;0;;1;0;
103520;0;1;;0;0;;0;0;;1;0;;1;0;;1;0;;1;0;
103530;0;1;;0;0;;0;0;;1;0;;1;0;;1;0;;1;0;
103540;0;0;;0;0;;0;0;;1;0;;1;0;;1;0;;1;0;
103550;0;1;;0;0;;0;0;;1;0;;1;0;;1;0;;1;0;
103560;0;1;;0;0;;0;0;;1;0;;1;0;;1;0;;1;0;
103570;0;1;;0;0;;0;0;;1;0;;1;0;;1;0;;1;0;
103580;0;1;;0;0;;0;0;;1;0;;1;0;;1;0;;1;0;
103590;0;0;;0;0;;0;1;;1;0;;1;0;;1;0;;1;0;
103600;0;1;;0;0;;0;0;;1;0;;1;0;;1;0;;1;0;
103610;0;1;;0;0;;0;0;;1;0;;1;0;;1;0;;1;0;
103620;0;1;;0;0;;0;0;;1;0;;1;0;;1;0;;1;0;
103630;0;1;;0;0;;0;0;;1;0;;1;0;;1;0;;1;0;
103640;0;0;;0;0;;0;0;;1;0;;1;0;;1;0;;1;0;
103650;0;1;;0;0;;0;0;;1;0;;1;0;;1;0;;1;0;
103660;0;1;;0;0;;0;0;;1;0;;1;0;;1;0;;1;0;
103670;0;1;;0;0;;0;0;;1;0;;1;0;;1;0;;1;0;
103680;0;1;;0;0;;0;0;;1;0;;1;0;;1;0;;1;0;
103690;0;0;;0;0;;0;0;;1;0;;1;0;;1;0;;1;0;
103700;0;1;;0;0;;0;0;;1;0;;1;0;;1;0;;1;0;
103710;0;1;;0;0;;0;0;;1;0;;1;0;;1;0;;1;0;
103720;0;1;;0;0;;0;0;;1;0;;1;0;;1;0;;1;0;
103730;0;1;;0;0;;0;0;;1;0;;1;0;;1;0;;1;0;
103740;0;1;;0;0;;0;0;;1;0;;1;0;;1;0;;1;0;
103750;0;0;;0;0;;0;0;;1;0;;1;0;;1;0;;1;0;
103760;0;1;;0;0;;0;0;;1;0;;1;0;;1;0;;1;0;
103770;0;1;;0;0;;0;0;;1;0;;1;0;;1;0;;1;0;
103780;0;1;;0;0;;0;0;;1;0;;1;0;;1;0;;1;0;
103790;0;1;;0;0;;0;0;;1;0;;1;0;;1;0;;1;0;
103800;0;0;;0;0;;0;0;;1;0;;1;0;;1;0;;1;0;
103810;0;1;;0;0;;0;0;;1;0;;1;0;;1;0;;1;0;
103820;0;1;;0;0;;0;0;;1;0;;1;0;;1;0;;1;0;
103830;0;1;;0;0;;0;0;;1;0;;1;0;;1;0;;1;0;
103840;0;1;;0;0;;0;0;;1;0;;1;0;;1;0;;1;0;
103850;0;1;;0;0;;0;0;;1;0;;1;0;;1;0;;1;0;
103860;0;0;;0;0;;0;0;;1;0;;1;0;;1;0;;1;0;
103870;0;1;;0;0;;0;0;;1;0;;1;0;;1;0;;1;0;
103880;0;1;;0;0;;0;0;;1;0;;1;0;;1;0;;1;0;
103890;0;1;;0;0;;0;0;;1;0;;1;0;;1;0;;1;0;
103900;0;1;;0;0;;0;0;;1;0;;1;0;;1;0;;1;0;
103910;0;1;;0;0;;0;0;;1;0;;1;0;;1;0;;1;0;
103920;0;0;;0;0;;0;0;;1;0;;1;0;;1;0;;1;0;
103930;0;1;;0;0;;0;0;;1;0;;1;0;;1;0;;1;0;
103940;0;1;;0;0;;0;0;;1;0;;1;0;;1;0;;1;0;
103950;0;1;;0;0;;0;1;;1;0;;1;0;;1;0;;1;0;
103960;0;1;;0;0;;0;0;;1;0;;1;0;;1;0;;1;0;
103970;0;1;;0;0;;0;0;;1;0;;1;0;;1;0;;1;0;
103980;0;0;;0;0;;0;0;;1;0;;1;0;;1;0;;1;0;
103990;0;1;;0;0;;0;0;;1;0;;1;0;;1;0;;1;0;
104000;0;1;;0;0;;0;0;;1;0;;1;0;;1;0;;1;0;
104010;0;1;;0;0;;0;0;;1;0;;1;0;;1;0;;1;0;
104020;0;1;;0;0;;0;0;;1;0;;1;0;;1;0;;1;0;
104030;0;1;;0;0;;0;0;;1;0;;1;0;;1;0;;1;0;
104040;0;0;;0;0;;0;0;;1;0;;1;0;;1;0;;1;0;
104050;0;1;;0;0;;0;0;;1;0;;1;0;;1;0;;1;0;
104060;0;1;;0;0;;0;0;;1;0;;1;0;;1;0;;1;0;
104070;0;1;;0;0;;0;0;;1;0;;1;0;;1;0;;1;0;
104080;0;1;;0;0;;0;0;;1;0;;1;0;;1;0;;1;0;
104090;0;1;;0;0;;0;0;;1;0;;1;0;;1;0;;1;0;
104100;0;0;;0;0;;0;0;;1;0;;1;0;;1;0;;1;0;
104110;0;1;;0;0;;0;0;;1;0;;1;0;;1;0;;1;0;
104120;0;1;;0;0;;0;0;;1;0;;1;0;;1;0;;1;0;
104130;0;1;;0;0;;0;0;;1;0;;1;0;;1;0;;1;0;
104140;0;1;;0;0;;0;0;;1;0;;1;0;;1;0;;1;0;
104150;0;1;;0;0;;0;0;;1;0;;1;0;;1;0;;1;0;
104160;0;0;;0;0;;0;0;;1;0;;1;0;;1;0;;1;0;
104170;0;1;;0;0;;0;0;;1;0;;1;0;;1;0;;1;0;
104180;0;1;;0;0;;0;0;;1;0;;1;0;;1;0;;1;0;
104190;0;1;;0;0;;0;0;;1;0;;1;0;;1;0;;1;0;
104200;0;1;;0;0;;0;0;;1;0;;1;0;;1;0;;1;0;
104210;0;1;;0;0;;0;0;;1;0;;1;0;;1;0;;1;0;
104220;0;1;;0;0;;0;0;;1;0;;1;0;;1;0;;1;0;
104230;0;0;;0;0;;0;0;;1;0;;1;0;;1;0;;1;0;
104240;0;1;;0;0;;0;0;;1;0;;1;0;;1;0;;1;0;
104250;0;1;;0;0;;0;0;;1;0;;1;0;;1;0;;1;0;
104260;0;1;;0;0;;0;0;;1;0;;1;0;;1;0;;1;0;
104270;0;1;;0;0;;0;0;;1;0;;1;0;;1;0;;1;0;
104280;0;1;;0;0;;0;0;;1;0;;1;0;;1;0;;1;0;
104290;0;1;;0;0;;0;0;;1;0;;1;0;;1;0;;1;0;
104300;0;0;;0;0;;0;0;;1;0;;1;0;;1;0;;1;0;
104310;0;1;;0;0;;0;0;;1;0;;1;0;;1;0;;1;0;
104320;0;1;;0;0;;0;0;;1;0;;1;0;;1;0;;1;0;
104330;0;1;;0;0;;0;0;;1;0;;1;0;;1;0;;1;0;
104340;0;1;;0;0;;0;0;;1;0;;1;0;;1;0;;1;0;
104350;0;1;;0;0;;0;0;;1;0;;1;0;;1;0;;1;0;
104360;0;1;;0;0;;0;0;;1;0;;1;0;;1;0;;1;0;
104370;0;0;;0;0;;0;0;;1;0;;1;0;;1;0;;1;0;
104380;0;1;;0;0;;0;1;;1;0;;1;0;;1;0;;1;0;
104390;0;1;;0;0;;0;0;;1;0;;1;0;;1;0;;1;0;
104400;0;1;;0;0;;0;0;;1;0;;1;0;;1;0;;1;0;
104410;0;1;;0;0;;0;0;;1;0;;1;0;;1;0;;1;0;
104420;0;1;;0;0;;0;0;;1;0;;1;0;;1;0;;1;0;
104430;0;1;;0;0;;0;0;;1;0;;1;0;;1;0;;1;0;
104440;0;0;;0;0;;0;0;;1;0;;1;0;;1;0;;1;0;
104450;0;1;;0;0;;0;0;;1;0;;1;0;;1;0;;1;0;
104460;0;1;;0;0;;0;0;;1;0;;1;0;;1;0;;1;0;
104470;0;1;;0;0;;0;0;;1;0;;1;0;;1;0;;1;0;
104480;0;1;;0;0;;0;0;;1;0;;1;0;;1;0;;1;0;
104490;0;1;;0;0;;0;0;;1;0;;1;0;;1;0;;1;0;
104500;0;1;;0;0;;0;0;;1;0;;1;0;;1;0;;1;0;
104510;0;1;;0;0;;0;0;;1;0;;1;0;;1;0;;1;0;
104520;0;0;;0;0;;0;0;;1;0;;1;0;;1;0;;1;0;
104530;0;1;;0;0;;0;0;;1;0;;1;0;;1;0;;1;0;
104540;0;1;;0;0;;0;0;;1;0;;1;0;;1;0;;1;0;
104550;0;1;;0;0;;0;0;;1;0;;1;0;;1;0;;1;0;
104560;0;1;;0;0;;0;0;;1;0;;1;0;;1;0;;1;0;
104570;0;1;;0;0;;0;0;;1;0;;1;0;;1;0;;1;0;
104580;0;1;;0;0;;0;0;;1;0;;1;0;;1;0;;1;0;
104590;0;1;;0;0;;0;0;;1;0;;1;0;;1;0;;1;0;
104600;0;0;;0;0;;0;0;;1;0;;1;0;;1;0;;1;0;
104610;0;1;;0;0;;0;0;;1;0;;1;0;;1;0;;1;0;
104620;0;1;;0;0;;0;0;;1;0;;1;0;;1;0;;1;0;
104630;0;1;;0;0;;0;0;;1;0;;1;0;;1;0;;1;0;
104640;0;1;;0;0;;0;0;;1;0;;1;0;;1;0;;1;0;
104650;0;1;;0;0;;0;0;;1;0;;1;0;;1;0;;1;0;
104660;0;1;;0;0;;0;0;;1;0;;1;0;;1;0;;1;0;
104670;0;1;;0;0;;0;0;;1;0;;1;0;;1;0;;1;0;
104680;0;0;;0;0;;0;0;;1;0;;1;0;;1;0;;1;0;
104690;0;1;;0;0;;0;0;;1;0;;1;0;;1;0;;1;0;
104700;0;1;;0;0;;0;0;;1;0;;1;0;;1;0;;1;0;
104710;0;1;;0;0;;0;0;;1;0;;1;0;;1;0;;1;0;
104720;0;1;;0;0;;0;0;;1;0;;1;0;;1;0;;1;0;
104730;0;1;;0;0;;0;0;;1;0;;1;0;;1;0;;1;0;
104740;0;1;;0;0;;0;0;;1;0;;1;0;;1;0;;1;0;
104750;0;1;;0;0;;0;0;;1;0;;1;0;;1;0;;1;0;
104760;0;1;;0;0;;0;0;;1;0;;1;0;;1;0;;1;0;
104770;0;0;;0;0;;0;0;;1;0;;1;0;;1;0;;1;0;
104780;0;1;;0;0;;0;0;;1;0;;1;0;;1;0;;1;0;
104790;0;1;;0;0;;0;0;;1;0;;1;0;;1;0;;1;0;
104800;0;1;;0;0;;0;0;;1;0;;1;0;;1;0;;1;0;
104810;0;1;;0;0;;0;0;;1;0;;1;0;;1;0;;1;0;
104820;0;1;;0;0;;0;0;;1;0;;1;0;;1;0;;1;0;
104830;0;1;;0;0;;0;0;;1;0;;1;0;;1;0;;1;0;
104840;0;1;;0;0;;0;0;;1;0;;1;0;;1;0;;1;0;
104850;0;1;;0;0;;0;0;;1;0;;1;0;;1;0;;1;0;
104860;0;0;;0;0;;0;0;;1;0;;1;0;;1;0;;1;0;
104870;0;1;;0;0;;0;0;;1;0;;1;0;;1;0;;1;0;
104880;0;1;;0;0;;0;0;;1;0;;1;0;;1;0;;1;0;
104890;0;1;;0;0;;0;0;;1;0;;1;0;;1;0;;1;0;
104900;0;1;;0;0;;0;0;;1;0;;1;0;;1;0;;1;0;
104910;0;1;;0;0;;0;0;;1;0;;1;0;;1;0;;1;0;
104920;0;1;;0;0;;0;1;;1;0;;1;0;;1;0;;1;0;
104930;0;1;;0;0;;0;0;;1;0;;1;0;;1;0;;1;0;
104940;0;1;;0;0;;0;0;;1;0;;1;0;;1;0;;1;0;
104950;0;1;;0;0;;0;0;;1;0;;1;0;;1;0;;1;0;
104960;0;0;;0;0;;0;0;;1;0;;1;0;;1;0;;1;0;
104970;0;1;;0;0;;0;0;;1;0;;1;0;;1;0;;1;0;
104980;0;1;;0;0;;0;0;;1;0;;1;0;;1;0;;1;0;
104990;0;1;;0;0;;0;0;;1;0;;1;0;;1;0;;1;0;
105000;0;1;;0;0;;0;0;;1;0;;1;0;;1;0;;1;0;
105010;0;1;;0;0;;0;0;;1;0;;1;0;;1;0;;1;0;
105020;0;1;;0;0;;0;0;;1;0;;1;0;;1;0;;1;0;
105030;0;1;;0;0;;0;0;;1;0;;1;0;;1;0;;1;0;
105040;0;1;;0;0;;0;0;;1;0;;1;0;;1;0;;1;0;
105050;0;1;;0;0;;0;0;;1;0;;1;0;;1;0;;1;0;
105060;0;0;;0;0;;0;0;;1;0;;1;0;;1;0;;1;0;
105070;0;1;;0;0;;0;0;;1;0;;1;0;;1;0;;1;0;
105080;0;1;;0;0;;0;0;;1;0;;1;0;;1;0;;1;0;
105090;0;1;;0;0;;0;0;;1;0;;1;0;;1;0;;1;0;
105100;0;1;;0;0;;0;0;;1;0;;1;0;;1;0;;1;0;
105110;0;1;;0;0;;0;0;;1;0;;1;0;;1;0;;1;0;
105120;0;1;;0;0;;0;0;;1;0;;1;0;;1;0;;1;0;
105130;0;1;;0;0;;0;0;;1;0;;1;0;;1;0;;1;0;
105140;0;1;;0;0;;0;0;;1;0;;1;0;;1;0;;1;0;
105150;0;1;;0;0;;0;0;;1;0;;1;0;;1;0;;1;0;
105160;0;1;;0;0;;0;0;;1;0;;1;0;;1;0;;1;0;
105170;0;0;;0;0;;0;0;;1;0;;1;0;;1;0;;1;0;
105180;0;1;;0;0;;0;0;;1;0;;1;0;;1;0;;1;0;
105190;0;1;;0;0;;0;0;;1;0;;1;0;;1;0;;1;0;
105200;0;1;;0;0;;0;0;;1;0;;1;0;;1;0;;1;0;
105210;0;1;;0;0;;0;0;;1;0;;1;0;;1;0;;1;0;
105220;0;1;;0;0;;0;0;;1;0;;1;0;;1;0;;1;0;
105230;0;1;;0;0;;0;0;;1;0;;1;0;;1;0;;1;0;
105240;0;1;;0;0;;0;0;;1;0;;1;0;;1;0;;1;0;
105250;0;1;;0;0;;0;0;;1;0;;1;0;;1;0;;1;0;
105260;0;1;;0;0;;0;0;;1;0;;1;0;;1;0;;1;0;
105270;0;1;;0;0;;0;0;;1;0;;1;0;;1;0;;1;0;
105280;0;1;;0;0;;0;0;;1;0;;1;0;;1;0;;1;0;
105290;0;0;;0;0;;0;0;;1;0;;1;0;;1;0;;1;0;
105300;0;1;;0;0;;0;0;;1;0;;1;0;;1;0;;1;0;
105310;0;1;;0;0;;0;0;;1;0;;1;0;;1;0;;1;0;
105320;0;1;;0;0;;0;0;;1;0;;1;0;;1;0;;1;0;
105330;0;1;;0;0;;0;0;;1;0;;1;0;;1;0;;1;0;
105340;0;1;;0;0;;0;0;;1;0;;1;0;;1;0;;1;0;
105350;0;1;;0;0;;0;0;;1;0;;1;0;;1;0;;1;0;
105360;0;1;;0;0;;0;0;;1;0;;1;0;;1;0;;1;0;
105370;0;1;;0;0;;0;0;;1;0;;1;0;;1;0;;1;0;
105380;0;1;;0;0;;0;0;;1;0;;1;0;;1;0;;1;0;
105390;0;1;;0;0;;0;0;;1;0;;1;0;;1;0;;1;0;
105400;0;1;;0;0;;0;0;;1;0;;1;0;;1;0;;1;0;
105410;0;1;;0;0;;0;0;;1;0;;1;0;;1;0;;1;0;
105420;0;0;;0;0;;0;0;;1;0;;1;0;;1;0;;1;0;
105430;0;1;;0;0;;0;0;;1;0;;1;0;;1;0;;1;0;
105440;0;1;;0;0;;0;0;;1;0;;1;0;;1;0;;1;0;
105450;0;1;;0;0;;0;0;;1;0;;1;0;;1;0;;1;0;
105460;0;1;;0;0;;0;0;;1;0;;1;0;;1;0;;1;0;
105470;0;1;;0;0;;0;0;;1;0;;1;0;;1;0;;1;0;
105480;0;1;;0;0;;0;0;;1;0;;1;0;;1;0;;1;0;
105490;0;1;;0;0;;0;0;;1;0;;1;0;;1;0;;1;0;
105500;0;1;;0;0;;0;0;;1;0;;1;0;;1;0;;1;0;
105510;0;1;;0;0;;0;0;;1;0;;1;0;;1;0;;1;0;
105520;0;1;;0;0;;0;0;;1;0;;1;0;;1;0;;1;0;
105530;0;1;;0;0;;0;0;;1;0;;1;0;;1;0;;1;0;
105540;0;1;;0;0;;0;0;;1;0;;1;0;;1;0;;1;0;
105550;0;1;;0;0;;0;0;;1;0;;1;0;;1;0;;1;0;
105560;0;1;;0;0;;0;0;;1;0;;1;0;;1;0;;1;0;
105570;0;0;;0;0;;0;0;;1;0;;1;0;;1;0;;1;0;
105580;0;1;;0;0;;0;0;;1;0;;1;0;;1;0;;1;0;
105590;0;1;;0;0;;0;0;;1;0;;1;0;;1;0;;1;0;
105600;0;1;;0;0;;0;0;;1;0;;1;0;;1;0;;1;0;
105610;0;1;;0;0;;0;0;;1;0;;1;0;;1;0;;1;0;
105620;0;1;;0;0;;0;0;;1;0;;1;0;;1;0;;1;0;
105630;0;1;;0;0;;0;0;;1;0;;1;0;;1;0;;1;0;
105640;0;1;;0;0;;0;0;;1;0;;1;0;;1;0;;1;0;
105650;0;1;;0;0;;0;0;;1;0;;1;0;;1;0;;1;0;
105660;0;1;;0;0;;0;0;;1;0;;1;0;;1;0;;1;0;
105670;0;1;;0;0;;0;0;;1;0;;1;0;;1;0;;1;0;
105680;0;1;;0;0;;0;1;;1;0;;1;0;;1;0;;1;0;
105690;0;1;;0;0;;0;0;;1;0;;1;0;;1;0;;1;0;
105700;0;1;;0;0;;0;0;;1;0;;1;0;;1;0;;1;0;
105710;0;1;;0;0;;0;0;;1;0;;1;0;;1;0;;1;0;
105720;0;1;;0;0;;0;0;;1;0;;1;0;;1;0;;1;0;
105730;0;0;;0;0;;0;0;;1;0;;1;0;;1;0;;1;0;
105740;0;1;;0;0;;0;0;;1;0;;1;0;;1;0;;1;0;
105750;0;1;;0;0;;0;0;;1;0;;1;0;;1;0;;1;0;
105760;0;1;;0;0;;0;0;;1;0;;1;0;;1;0;;1;0;
105770;0;1;;0;0;;0;0;;1;0;;1;0;;1;0;;1;0;
105780;0;1;;0;0;;0;0;;1;0;;1;0;;1;0;;1;0;
105790;0;1;;0;0;;0;0;;1;0;;1;0;;1;0;;1;0;
105800;0;1;;0;0;;0;0;;1;0;;1;0;;1;0;;1;0;
105810;0;1;;0;0;;0;0;;1;0;;1;0;;1;0;;1;0;
105820;0;1;;0;0;;0;0;;1;0;;1;0;;1;0;;1;0;
105830;0;1;;0;0;;0;0;;1;0;;1;0;;1;0;;1;0;
105840;0;1;;0;0;;0;0;;1;0;;1;0;;1;0;;1;0;
105850;0;1;;0;0;;0;0;;1;0;;1;0;;1;0;;1;0;
105860;0;1;;0;0;;0;0;;1;0;;1;0;;1;0;;1;0;
105870;0;1;;0;0;;0;0;;1;0;;1;0;;1;0;;1;0;
105880;0;1;;0;0;;0;0;;1;0;;1;0;;1;0;;1;0;
105890;0;1;;0;0;;0;0;;1;0;;1;0;;1;0;;1;0;
105900;0;1;;0;0;;0;0;;1;0;;1;0;;1;0;;1;0;
105910;0;0;;0;0;;0;0;;1;0;;1;0;;1;0;;1;0;
105920;0;1;;0;0;;0;0;;1;0;;1;0;;1;0;;1;0;
105930;0;1;;0;0;;0;0;;1;0;;1;0;;1;0;;1;0;
105940;0;1;;0;0;;0;0;;1;0;;1;0;;1;0;;1;0;
105950;0;1;;0;0;;0;0;;1;0;;1;0;;1;0;;1;0;
105960;0;1;;0;0;;0;0;;1;0;;1;0;;1;0;;1;0;
105970;0;1;;0;0;;0;0;;1;0;;1;0;;1;0;;1;0;
105980;0;1;;0;0;;0;0;;1;0;;1;0;;1;0;;1;0;
105990;0;1;;0;0;;0;0;;1;0;;1;0;;1;0;;1;0;
106000;0;1;;0;0;;0;0;;1;0;;1;0;;1;0;;1;0;
106010;0;1;;0;0;;0;0;;1;0;;1;0;;1;0;;1;0;
106020;0;1;;0;0;;0;0;;1;0;;1;0;;1;0;;1;0;
106030;0;1;;0;0;;0;0;;1;0;;1;0;;1;0;;1;0;
106040;0;1;;0;0;;0;0;;1;0;;1;0;;1;0;;1;0;
106050;0;1;;0;0;;0;0;;1;0;;1;0;;1;0;;1;0;
106060;0;1;;0;0;;0;0;;1;0;;1;0;;1;0;;1;0;
106070;0;1;;0;0;;0;0;;1;0;;1;0;;1;0;;1;0;
106080;0;1;;0;0;;0;0;;1;0;;1;0;;1;0;;1;0;
106090;0;1;;0;0;;0;0;;1;0;;1;0;;1;0;;1;0;
106100;0;1;;0;0;;0;0;;1;0;;1;0;;1;0;;1;0;
106110;0;1;;0;0;;0;0;;1;0;;1;0;;1;0;;1;0;
106120;0;1;;0;0;;0;0;;1;0;;1;0;;1;0;;1;0;
106130;0;0;;0;0;;0;0;;1;0;;1;0;;1;0;;1;0;
106140;0;1;;0;0;;0;0;;1;0;;1;0;;1;0;;1;0;
106150;0;1;;0;0;;0;0;;1;0;;1;0;;1;0;;1;0;
106160;0;1;;0;0;;0;0;;1;0;;1;0;;1;0;;1;0;
106170;0;1;;0;0;;0;0;;1;0;;1;0;;1;0;;1;0;
106180;0;1;;0;0;;0;0;;1;0;;1;0;;1;0;;1;0;
106190;0;1;;0;0;;0;0;;1;0;;1;0;;1;0;;1;0;
106200;0;1;;0;0;;0;0;;1;0;;1;0;;1;0;;1;0;
106210;0;1;;0;0;;0;0;;1;0;;1;0;;1;0;;1;0;
106220;0;1;;0;0;;0;0;;1;0;;1;0;;1;0;;1;0;
106230;0;1;;0;0;;0;0;;1;0;;1;0;;1;0;;1;0;
106240;0;1;;0;0;;0;0;;1;0;;1;0;;1;0;;1;0;
106250;0;1;;0;0;;0;0;;1;0;;1;0;;1;0;;1;0;
106260;0;1;;0;0;;0;0;;1;0;;1;0;;1;0;;1;0;
106270;0;1;;0;0;;0;0;;1;0;;1;0;;1;0;;1;0;
106280;0;1;;0;0;;0;0;;1;0;;1;0;;1;0;;1;0;
106290;0;1;;0;0;;0;0;;1;0;;1;0;;1;0;;1;0;
106300;0;1;;0;0;;0;0;;1;0;;1;0;;1;0;;1;0;
106310;0;1;;0;0;;0;0;;1;0;;1;0;;1;0;;1;0;
106320;0;1;;0;0;;0;0;;1;0;;1;0;;1;0;;1;0;
106330;0;1;;0;0;;0;0;;1;0;;1;0;;1;0;;1;0;
106340;0;1;;0;0;;0;0;;1;0;;1;0;;1;0;;1;0;
106350;0;1;;0;0;;0;0;;1;0;;1;0;;1;0;;1;0;
106360;0;1;;0;0;;0;0;;1;0;;1;0;;1;0;;1;0;
106370;0;1;;0;0;;0;0;;1;0;;1;0;;1;0;;1;0;
106380;0;1;;0;0;;0;0;;1;0;;1;0;;1;0;;1;0;
106390;0;1;;0;0;;0;0;;1;0;;1;0;;1;0;;1;0;
106400;0;1;;0;0;;0;0;;1;0;;1;0;;1;0;;1;0;
106410;0;1;;0;0;;0;0;;1;0;;1;0;;1;0;;1;0;
106420;0;0;;0;0;;0;0;;1;0;;1;0;;1;0;;1;0;
106430;0;1;;0;0;;0;0;;1;0;;1;0;;1;0;;1;0;
106440;0;1;;0;0;;0;0;;1;0;;1;0;;1;0;;1;0;
106450;0;1;;0;0;;0;0;;1;0;;1;0;;1;0;;1;0;
106460;0;1;;0;0;;0;0;;1;0;;1;0;;1;0;;1;0;
106470;0;1;;0;0;;0;0;;1;0;;1;0;;1;0;;1;0;
106480;0;1;;0;0;;0;0;;1;0;;1;0;;1;0;;1;0;
106490;0;1;;0;0;;0;0;;1;0;;1;0;;1;0;;1;0;
106500;0;1;;0;0;;0;0;;1;0;;1;0;;1;0;;1;0;
106510;0;1;;0;0;;0;0;;1;0;;1;0;;1;0;;1;0;
106520;0;1;;0;0;;0;0;;1;0;;1;0;;1;0;;1;0;
106530;0;1;;0;0;;0;0;;1;0;;1;0;;1;0;;1;0;
106540;0;1;;0;0;;0;0;;1;0;;1;0;;1;0;;1;0;
106550;0;1;;0;0;;0;0;;1;0;;1;0;;1;0;;1;0;
106560;0;1;;0;0;;0;0;;1;0;;1;0;;1;0;;1;0;
106570;0;1;;0;0;;0;0;;1;0;;1;0;;1;0;;1;0;
106580;0;1;;0;0;;0;0;;1;0;;1;0;;1;0;;1;0;
106590;0;1;;0;0;;0;0;;1;0;;1;0;;1;0;;1;0;
106600;0;1;;0;0;;0;0;;1;0;;1;0;;1;0;;1;0;
106610;0;1;;0;0;;0;0;;1;0;;1;0;;1;0;;1;0;
106620;0;1;;0;0;;0;0;;1;0;;1;0;;1;0;;1;0;
106630;0;1;;0;0;;0;0;;1;0;;1;0;;1;0;;1;0;
106640;0;1;;0;0;;0;0;;1;0;;1;0;;1;0;;1;0;
106650;0;1;;0;0;;0;0;;1;0;;1;0;;1;0;;1;0;
106660;0;1;;0;0;;0;0;;1;0;;1;0;;1;0;;1;0;
106670;0;1;;0;0;;0;0;;1;0;;1;0;;1;0;;1;0;
106680;0;1;;0;0;;0;0;;1;0;;1;0;;1;0;;1;0;
106690;0;1;;0;0;;0;0;;1;0;;1;0;;1;0;;1;0;
106700;0;1;;0;0;;0;0;;1;0;;1;0;;1;0;;1;0;
106710;0;1;;0;0;;0;0;;1;0;;1;0;;1;0;;1;0;
106720;0;1;;0;0;;0;0;;1;0;;1;0;;1;0;;1;0;
106730;0;1;;0;0;;0;0;;1;0;;1;0;;1;0;;1;0;
106740;0;1;;0;0;;0;0;;1;0;;1;0;;1;0;;1;0;
106750;0;1;;0;0;;0;0;;1;0;;1;0;;1;0;;1;0;
106760;0;1;;0;0;;0;0;;1;0;;1;0;;1;0;;1;0;
106770;0;1;;0;0;;0;0;;1;0;;1;0;;1;0;;1;0;
106780;0;1;;0;0;;0;0;;1;0;;1;0;;1;0;;1;0;
106790;0;1;;0;0;;0;0;;1;0;;1;0;;1;0;;1;0;
106800;0;1;;0;0;;0;0;;1;0;;1;0;;1;0;;1;0;
106810;0;1;;0;0;;0;0;;1;0;;1;0;;1;0;;1;0;
106820;0;1;;0;0;;0;0;;1;0;;1;0;;1;0;;1;0;
106830;0;1;;0;0;;0;0;;1;0;;1;0;;1;0;;1;0;
106840;0;1;;0;0;;0;0;;1;0;;1;0;;1;0;;1;0;
106850;0;1;;0;0;;0;0;;1;0;;1;0;;1;0;;1;0;
106860;0;0;;0;0;;0;0;;1;0;;1;0;;1;0;;1;0;
106870;0;1;;0;0;;0;0;;1;0;;1;0;;1;0;;1;0;
106880;0;1;;0;0;;0;0;;1;0;;1;0;;1;0;;1;0;
106890;0;1;;0;0;;0;0;;1;0;;1;0;;1;0;;1;0;
106900;0;1;;0;0;;0;0;;1;0;;1;0;;1;0;;1;0;
106910;0;1;;0;0;;0;0;;1;0;;1;0;;1;0;;1;0;
106920;0;1;;0;0;;0;0;;1;0;;1;0;;1;0;;1;0;
106930;0;1;;0;0;;0;0;;1;0;;1;0;;1;0;;1;0;
106940;0;1;;0;0;;0;0;;1;0;;1;0;;1;0;;1;0;
106950;0;1;;0;0;;0;0;;1;0;;1;0;;1;0;;1;0;
106960;0;1;;0;0;;0;0;;1;0;;1;0;;1;0;;1;0;
106970;0;1;;0;0;;0;0;;1;0;;1;0;;1;0;;1;0;
106980;0;1;;0;0;;0;0;;1;0;;1;0;;1;0;;1;0;
106990;0;1;;0;0;;0;0;;1;0;;1;0;;1;0;;1;0;
107000;0;1;;0;0;;0;0;;1;0;;1;0;;1;0;;1;0;
107010;0;1;;0;0;;0;0;;1;0;;1;0;;1;0;;1;0;
107020;0;1;;0;0;;0;0;;1;0;;1;0;;1;0;;1;0;
107030;0;1;;0;0;;0;0;;1;0;;1;0;;1;0;;1;0;
107040;0;1;;0;0;;0;0;;1;0;;1;0;;1;0;;1;0;
107050;0;1;;0;0;;0;0;;1;0;;1;0;;1;0;;1;0;
107060;0;1;;0;0;;0;0;;1;0;;1;0;;1;0;;1;0;
107070;0;1;;0;0;;0;0;;1;0;;1;0;;1;0;;1;0;
107080;0;1;;0;0;;0;0;;1;0;;1;0;;1;0;;1;0;
107090;0;1;;0;0;;0;0;;1;0;;1;0;;1;0;;1;0;
107100;0;1;;0;0;;0;0;;1;0;;1;0;;1;0;;1;0;
107110;0;1;;0;0;;0;0;;1;0;;1;0;;1;0;;1;0;
107120;0;1;;0;0;;0;0;;1;0;;1;0;;1;0;;1;0;
107130;0;1;;0;0;;0;0;;1;0;;1;0;;1;0;;1;0;
107140;0;1;;0;0;;0;0;;1;0;;1;0;;1;0;;1;0;
107150;0;1;;0;0;;0;0;;1;0;;1;0;;1;0;;1;0;
107160;0;1;;0;0;;0;0;;1;0;;1;0;;1;0;;1;0;
107170;0;1;;0;0;;0;0;;1;0;;1;0;;1;0;;1;0;
107180;0;1;;0;0;;0;0;;1;0;;1;0;;1;0;;1;0;
107190;0;1;;0;0;;0;0;;1;0;;1;0;;1;0;;1;0;
107200;0;1;;0;0;;0;0;;1;0;;1;0;;1;0;;1;0;
107210;0;1;;0;0;;0;0;;1;0;;1;0;;1;0;;1;0;
107220;0;1;;0;0;;0;0;;1;0;;1;0;;1;0;;1;0;
107230;0;1;;0;0;;0;0;;1;0;;1;0;;1;0;;1;0;
107240;0;1;;0;0;;0;0;;1;0;;1;0;;1;0;;1;0;
107250;0;1;;0;0;;0;0;;1;0;;1;0;;1;0;;1;0;
107260;0;1;;0;0;;0;0;;1;0;;1;0;;1;0;;1;0;
107270;0;1;;0;0;;0;0;;1;0;;1;0;;1;0;;1;0;
107280;0;1;;0;0;;0;0;;1;0;;1;0;;1;0;;1;0;
107290;0;1;;0;0;;0;0;;1;0;;1;0;;1;0;;1;0;
107300;0;1;;0;0;;0;0;;1;0;;1;0;;1;0;;1;0;
107310;0;1;;0;0;;0;0;;1;0;;1;0;;1;0;;1;0;
107320;0;1;;0;0;;0;0;;1;0;;1;0;;1;0;;1;0;
107330;0;1;;0;0;;0;0;;1;0;;1;0;;1;0;;1;0;
107340;0;1;;0;0;;0;0;;1;0;;1;0;;1;0;;1;0;
107350;0;1;;0;0;;0;0;;1;0;;1;0;;1;0;;1;0;
107360;0;1;;0;0;;0;0;;1;0;;1;0;;1;0;;1;0;
107370;0;1;;0;0;;0;0;;1;0;;1;0;;1;0;;1;0;
107380;0;1;;0;0;;0;0;;1;0;;1;0;;1;0;;1;0;
107390;0;1;;0;0;;0;0;;1;0;;1;0;;1;0;;1;0;
107400;0;1;;0;0;;0;0;;1;0;;1;0;;1;0;;1;0;
107410;0;1;;0;0;;0;0;;1;0;;1;0;;1;0;;1;0;
107420;0;1;;0;0;;0;0;;1;0;;1;0;;1;0;;1;0;
107430;0;1;;0;0;;0;0;;1;0;;1;0;;1;0;;1;0;
107440;0;1;;0;0;;0;0;;1;0;;1;0;;1;0;;1;0;
107450;0;1;;0;0;;0;0;;1;0;;1;0;;1;0;;1;0;
107460;0;1;;0;0;;0;0;;1;0;;1;0;;1;0;;1;0;
107470;0;1;;0;0;;0;0;;1;0;;1;0;;1;0;;1;0;
107480;0;1;;0;0;;0;0;;1;0;;1;0;;1;0;;1;0;
107490;0;1;;0;0;;0;0;;1;0;;1;0;;1;0;;1;0;
107500;0;1;;0;0;;0;0;;1;0;;1;0;;1;0;;1;0;
107510;0;1;;0;0;;0;0;;1;0;;1;0;;1;0;;1;0;
107520;0;1;;0;0;;0;0;;1;0;;1;0;;1;0;;1;0;
107530;0;1;;0;0;;0;0;;1;0;;1;0;;1;0;;1;0;
107540;0;1;;0;0;;0;0;;1;0;;1;0;;1;0;;1;0;
107550;0;1;;0;0;;0;0;;1;0;;1;0;;1;0;;1;0;
107560;0;1;;0;0;;0;0;;1;0;;1;0;;1;0;;1;0;
107570;0;1;;0;0;;0;0;;1;0;;1;0;;1;0;;1;0;
107580;0;1;;0;0;;0;0;;1;0;;1;0;;1;0;;1;0;
107590;0;1;;0;0;;0;0;;1;0;;1;0;;1;0;;1;0;
107600;0;1;;0;0;;0;0;;1;0;;1;0;;1;0;;1;0;
107610;0;1;;0;0;;0;0;;1;0;;1;0;;1;0;;1;0;
107620;0;1;;0;0;;0;0;;1;0;;1;0;;1;0;;1;0;
107630;0;1;;0;0;;0;0;;1;0;;1;0;;1;0;;1;0;
107640;0;1;;0;0;;0;0;;1;0;;1;0;;1;0;;1;0;
107650;0;1;;0;0;;0;0;;1;0;;1;0;;1;0;;1;0;
107660;0;1;;0;0;;0;0;;1;0;;1;0;;1;0;;1;0;
107670;0;1;;0;0;;0;0;;1;0;;1;0;;1;0;;1;0;
107680;0;1;;0;0;;0;0;;1;0;;1;0;;1;0;;1;0;
107690;0;1;;0;0;;0;0;;1;0;;1;0;;1;0;;1;0;
107700;0;1;;0;0;;0;0;;1;0;;1;0;;1;0;;1;0;
107710;0;1;;0;0;;0;0;;1;0;;1;0;;1;0;;1;0;
107720;0;1;;0;0;;0;0;;1;0;;1;0;;1;0;;1;0;
107730;0;1;;0;0;;0;0;;1;0;;1;0;;1;0;;1;0;
107740;0;1;;0;0;;0;0;;1;0;;1;0;;1;0;;1;0;
107750;0;1;;0;0;;0;0;;1;0;;1;0;;1;0;;1;0;
107760;0;1;;0;0;;0;0;;1;0;;1;0;;1;0;;1;0;
107770;0;1;;0;0;;0;0;;1;0;;1;0;;1;0;;1;0;
107780;0;1;;0;0;;0;0;;1;0;;1;0;;1;0;;1;0;
107790;0;1;;0;0;;0;0;;1;0;;1;0;;1;0;;1;0;
107800;0;1;;0;0;;0;0;;1;0;;1;0;;1;0;;1;0;
107810;0;1;;0;0;;0;0;;1;0;;1;0;;1;0;;1;0;
107820;0;1;;0;0;;0;0;;1;0;;1;0;;1;0;;1;0;
107830;0;1;;0;0;;0;0;;1;0;;1;0;;1;0;;1;0;
107840;0;1;;0;0;;0;0;;1;0;;1;0;;1;0;;1;0;
107850;0;1;;0;0;;0;0;;1;0;;1;0;;1;0;;1;0;
107860;0;1;;0;0;;0;0;;1;0;;1;0;;1;0;;1;0;
107870;0;1;;0;0;;0;0;;1;0;;1;0;;1;0;;1;0;
107880;0;1;;0;0;;0;0;;1;0;;1;0;;1;0;;1;0;
107890;0;1;;0;0;;0;0;;1;0;;1;0;;1;0;;1;0;
107900;0;1;;0;0;;0;0;;1;0;;1;0;;1;0;;1;0;
107910;0;1;;0;0;;0;0;;1;0;;1;0;;1;0;;1;0;
107920;0;1;;0;0;;0;0;;1;0;;1;0;;1;0;;1;0;
107930;0;1;;0;0;;0;0;;1;0;;1;0;;1;0;;1;0;
107940;0;1;;0;0;;0;0;;1;0;;1;0;;1;0;;1;0;
107950;0;1;;0;0;;0;0;;1;0;;1;0;;1;0;;1;0;
107960;0;1;;0;0;;0;0;;1;0;;1;0;;1;0;;1;0;
107970;0;1;;0;0;;0;0;;1;0;;1;0;;1;0;;1;0;
107980;0;1;;0;0;;0;0;;1;0;;1;0;;1;0;;1;0;
107990;0;1;;0;0;;0;0;;1;0;;1;0;;1;0;;1;0;
108000;0;1;;0;0;;0;0;;1;0;;1;0;;1;0;;1;0;
108010;0;1;;0;0;;0;0;;1;0;;1;0;;1;0;;1;0;
108020;0;1;;0;0;;0;0;;1;0;;1;0;;1;0;;1;0;
108030;0;1;;0;0;;0;0;;1;0;;1;0;;1;0;;1;0;
108040;0;1;;0;0;;0;0;;1;0;;1;0;;1;0;;1;0;
108050;0;1;;0;0;;0;0;;1;0;;1;0;;1;0;;1;0;
108060;0;1;;0;0;;0;0;;1;0;;1;0;;1;0;;1;0;
108070;0;1;;0;0;;0;0;;1;0;;1;0;;1;0;;1;0;
108080;0;1;;0;0;;0;0;;1;0;;1;0;;1;0;;1;0;
108090;0;1;;0;0;;0;0;;1;0;;1;0;;1;0;;1;0;
108100;0;1;;0;0;;0;0;;1;0;;1;0;;1;0;;1;0;
108110;0;1;;0;0;;0;0;;1;0;;1;0;;1;0;;1;0;
108120;0;1;;0;0;;0;0;;1;0;;1;0;;1;0;;1;0;
108130;0;1;;0;0;;0;0;;1;0;;1;0;;1;0;;1;0;
108140;0;1;;0;0;;0;0;;1;0;;1;0;;1;0;;1;0;
108150;0;1;;0;0;;0;0;;1;0;;1;0;;1;0;;1;0;
108160;0;1;;0;0;;0;0;;1;0;;1;0;;1;0;;1;0;
108170;0;1;;0;0;;0;0;;1;0;;1;0;;1;0;;1;0;
108180;0;1;;0;0;;0;0;;1;0;;1;0;;1;0;;1;0;
108190;0;1;;0;0;;0;0;;1;0;;1;0;;1;0;;1;0;
108200;0;1;;0;0;;0;0;;1;0;;1;0;;1;0;;1;0;
108210;0;1;;0;0;;0;0;;1;0;;1;0;;1;0;;1;0;
108220;0;1;;0;0;;0;0;;1;0;;1;0;;1;0;;1;0;
108230;0;1;;0;0;;0;0;;1;0;;1;0;;1;0;;1;0;
108240;0;1;;0;0;;0;0;;1;0;;1;0;;1;0;;1;0;
108250;0;1;;0;0;;0;0;;1;0;;1;0;;1;0;;1;0;
108260;0;1;;0;0;;0;0;;1;0;;1;0;;1;0;;1;0;
108270;0;1;;0;0;;0;0;;1;0;;1;0;;1;0;;1;0;
108280;0;1;;0;0;;0;0;;1;0;;1;0;;1;0;;1;0;
108290;0;1;;0;0;;0;0;;1;0;;1;0;;1;0;;1;0;
108300;0;1;;0;0;;0;0;;1;0;;1;0;;1;0;;1;0;
108310;0;1;;0;0;;0;0;;1;0;;1;0;;1;0;;1;0;
108320;0;1;;0;0;;0;0;;1;0;;1;0;;1;0;;1;0;
108330;0;1;;0;0;;0;0;;1;0;;1;0;;1;0;;1;0;
108340;0;1;;0;0;;0;0;;1;0;;1;0;;1;0;;1;0;
108350;0;1;;0;0;;0;0;;1;0;;1;0;;1;0;;1;0;
108360;0;0;;0;0;;0;0;;1;0;;1;0;;1;0;;1;0;
108370;0;1;;0;0;;0;0;;1;0;;1;0;;1;0;;1;0;
108380;0;1;;0;0;;0;0;;1;0;;1;0;;1;0;;1;0;
108390;0;1;;0;0;;0;0;;1;0;;1;0;;1;0;;1;0;
108400;0;1;;0;0;;0;0;;1;0;;1;0;;1;0;;1;0;
108410;0;1;;0;0;;0;0;;1;0;;1;0;;1;0;;1;0;
108420;0;1;;0;0;;0;0;;1;0;;1;0;;1;0;;1;0;
108430;0;1;;0;0;;0;0;;1;0;;1;0;;1;0;;1;0;
108440;0;1;;0;0;;0;0;;1;0;;1;0;;1;0;;1;0;
108450;0;1;;0;0;;0;0;;1;0;;1;0;;1;0;;1;0;
108460;0;1;;0;0;;0;0;;1;0;;1;0;;1;0;;1;0;
108470;0;1;;0;0;;0;0;;1;0;;1;0;;1;0;;1;0;
108480;0;1;;0;0;;0;0;;1;0;;1;0;;1;0;;1;0;
108490;0;1;;0;0;;0;0;;1;0;;1;0;;1;0;;1;0;
108500;0;1;;0;0;;0;0;;1;0;;1;0;;1;0;;1;0;
108510;0;1;;0;0;;0;0;;1;0;;1;0;;1;0;;1;0;
108520;0;1;;0;0;;0;0;;1;0;;1;0;;1;0;;1;0;
108530;0;1;;0;0;;0;0;;1;0;;1;0;;1;0;;1;0;
108540;0;1;;0;0;;0;0;;1;0;;1;0;;1;0;;1;0;
108550;0;1;;0;0;;0;0;;1;0;;1;0;;1;0;;1;0;
108560;0;0;;0;0;;0;0;;1;0;;1;0;;1;0;;1;0;
108570;0;1;;0;0;;0;0;;1;0;;1;0;;1;0;;1;0;
108580;0;1;;0;0;;0;0;;1;0;;1;0;;1;0;;1;0;
108590;0;1;;0;0;;0;0;;1;0;;1;0;;1;0;;1;0;
108600;0;1;;0;0;;0;0;;1;0;;1;0;;1;0;;1;0;
108610;0;1;;0;0;;0;0;;1;0;;1;0;;1;0;;1;0;
108620;0;1;;0;0;;0;0;;1;0;;1;0;;1;0;;1;0;
108630;0;1;;0;0;;0;0;;1;0;;1;0;;1;0;;1;0;
108640;0;1;;0;0;;0;0;;1;0;;1;0;;1;0;;1;0;
108650;0;1;;0;0;;0;0;;1;0;;1;0;;1;0;;1;0;
108660;0;1;;0;0;;0;0;;1;0;;1;0;;1;0;;1;0;
108670;0;0;;0;0;;0;0;;1;0;;1;0;;1;0;;1;0;
108680;0;1;;0;0;;0;0;;1;0;;1;0;;1;0;;1;0;
108690;0;1;;0;0;;0;0;;1;0;;1;0;;1;0;;1;0;
108700;0;1;;0;0;;0;0;;1;0;;1;0;;1;0;;1;0;
108710;0;1;;0;0;;0;0;;1;0;;1;0;;1;0;;1;0;
108720;0;1;;0;0;;0;0;;1;0;;1;0;;1;0;;1;0;
108730;0;1;;0;0;;0;0;;1;0;;1;0;;1;0;;1;0;
108740;0;1;;0;0;;0;0;;1;0;;1;0;;1;0;;1;0;
108750;0;1;;0;0;;0;0;;1;0;;1;0;;1;0;;1;0;
108760;0;0;;0;0;;0;0;;1;0;;1;0;;1;0;;1;0;
108770;0;1;;0;0;;0;0;;1;0;;1;0;;1;0;;1;0;
108780;0;1;;0;0;;0;0;;1;0;;1;0;;1;0;;1;0;
108790;0;1;;0;0;;0;0;;1;0;;1;0;;1;0;;1;0;
108800;0;1;;0;0;;0;0;;1;0;;1;0;;1;0;;1;0;
108810;0;1;;0;0;;0;0;;1;0;;1;0;;1;0;;1;0;
108820;0;1;;0;0;;0;0;;1;0;;1;0;;1;0;;1;0;
108830;0;0;;0;0;;0;0;;1;0;;1;0;;1;0;;1;0;
108840;0;1;;0;0;;0;0;;1;0;;1;0;;1;0;;1;0;
108850;0;1;;0;0;;0;0;;1;0;;1;0;;1;0;;1;0;
108860;0;1;;0;0;;0;0;;1;0;;1;0;;1;0;;1;0;
108870;0;1;;0;0;;0;0;;1;0;;1;0;;1;0;;1;0;
108880;0;0;;0;0;;0;0;;1;0;;1;0;;1;0;;1;0;
108890;0;1;;0;0;;0;0;;1;0;;1;0;;1;0;;1;0;
108900;0;1;;0;0;;0;0;;1;0;;1;0;;1;0;;1;0;
108910;0;1;;0;0;;0;0;;1;0;;1;0;;1;0;;1;0;
108920;0;1;;0;0;;0;0;;1;0;;1;0;;1;0;;1;0;
108930;0;1;;0;0;;0;0;;1;0;;1;0;;1;0;;1;0;
108940;0;0;;0;0;;0;0;;1;0;;1;0;;1;0;;1;0;
108950;0;1;;0;0;;0;0;;1;0;;1;0;;1;0;;1;0;
108960;0;1;;0;0;;0;0;;1;0;;1;0;;1;0;;1;0;
108970;0;1;;0;0;;0;0;;1;0;;1;0;;1;0;;1;0;
108980;0;0;;0;0;;0;0;;1;0;;1;0;;1;0;;1;0;
108990;0;1;;0;0;;0;0;;1;0;;1;0;;1;0;;1;0;
109000;0;1;;0;0;;0;0;;1;0;;1;0;;1;0;;1;0;
109010;0;1;;0;0;;0;0;;1;0;;1;0;;1;0;;1;0;
109020;0;1;;0;0;;0;0;;1;0;;1;0;;1;0;;1;0;
109030;0;0;;0;0;;0;0;;1;0;;1;0;;1;0;;1;0;
109040;0;1;;0;0;;0;0;;1;0;;1;0;;1;0;;1;0;
109050;0;1;;0;0;;0;1;;1;0;;1;0;;1;0;;1;0;
109060;0;1;;0;0;;0;0;;1;0;;1;0;;1;0;;1;0;
109070;0;0;;0;0;;0;0;;1;0;;1;0;;1;0;;1;0;
109080;0;1;;0;0;;0;0;;1;0;;1;0;;1;0;;1;0;
109090;0;1;;0;0;;0;0;;1;0;;1;0;;1;0;;1;0;
109100;0;1;;0;0;;0;0;;1;0;;1;0;;1;0;;1;0;
109110;0;0;;0;0;;0;0;;1;0;;1;0;;1;0;;1;0;
109120;0;1;;0;0;;0;0;;1;0;;1;0;;1;0;;1;0;
109130;0;1;;0;0;;0;0;;1;0;;1;0;;1;0;;1;0;
109140;0;0;;0;0;;0;0;;1;0;;1;0;;1;0;;1;0;
109150;0;1;;0;0;;0;0;;1;0;;1;0;;1;0;;1;0;
109160;0;1;;0;0;;0;0;;1;0;;1;0;;1;0;;1;0;
109170;0;0;;0;0;;0;0;;1;0;;1;0;;1;0;;1;0;
109180;0;1;;0;0;;0;0;;1;0;;1;0;;1;0;;1;0;
109190;0;1;;0;0;;0;0;;1;0;;1;0;;1;0;;1;0;
109200;0;1;;0;0;;0;0;;1;0;;1;0;;1;0;;1;0;
109210;0;0;;0;0;;0;0;;1;0;;1;0;;1;0;;1;0;
109220;0;1;;0;0;;0;0;;1;0;;1;0;;1;0;;1;0;
109230;0;1;;0;0;;0;0;;1;0;;1;0;;1;0;;1;0;
109240;0;0;;0;0;;0;0;;1;0;;1;0;;1;0;;1;0;
109250;0;1;;0;0;;0;0;;1;0;;1;0;;1;0;;1;0;
109260;0;1;;0;0;;0;0;;1;0;;1;0;;1;0;;1;0;
109270;0;0;;0;0;;0;0;;1;0;;1;0;;1;0;;1;0;
109280;0;1;;0;0;;0;0;;1;0;;1;0;;1;0;;1;0;
109290;0;1;;0;0;;0;0;;1;0;;1;0;;1;0;;1;0;
109300;0;0;;0;0;;0;0;;1;0;;1;0;;1;0;;1;0;
109310;0;1;;0;0;;0;0;;1;0;;1;0;;1;0;;1;0;
109320;0;0;;0;0;;0;0;;1;0;;1;0;;1;0;;1;0;
109330;0;1;;0;0;;0;0;;1;0;;1;0;;1;0;;1;0;
109340;0;1;;0;0;;0;0;;1;0;;1;0;;1;0;;1;0;
109350;0;0;;0;0;;0;0;;1;0;;1;0;;1;0;;1;0;
109360;0;1;;0;0;;0;0;;1;0;;1;0;;1;0;;1;0;
109370;0;1;;0;0;;0;0;;1;0;;1;0;;1;0;;1;0;
109380;0;0;;0;0;;0;0;;1;0;;1;0;;1;0;;1;0;
109390;0;1;;0;0;;0;0;;1;0;;1;0;;1;0;;1;0;
109400;0;0;;0;0;;0;0;;1;0;;1;0;;1;0;;1;0;
109410;0;1;;0;0;;0;0;;1;0;;1;0;;1;0;;1;0;
109420;0;1;;0;0;;0;0;;1;0;;1;0;;1;0;;1;0;
109430;0;0;;0;0;;0;0;;1;0;;1;0;;1;0;;1;0;
109440;0;1;;0;0;;0;0;;1;0;;1;0;;1;0;;1;0;
109450;0;0;;0;0;;0;0;;1;0;;1;0;;1;0;;1;0;
109460;0;1;;0;0;;0;0;;1;0;;1;0;;1;0;;1;0;
109470;0;0;;0;0;;0;0;;1;0;;1;0;;1;0;;1;0;
109480;0;1;;0;0;;0;0;;1;0;;1;0;;1;0;;1;0;
109490;0;0;;0;0;;0;0;;1;0;;1;0;;1;0;;1;0;
109500;0;1;;0;0;;0;0;;1;0;;1;0;;1;0;;1;0;
109510;0;1;;0;0;;0;0;;1;0;;1;0;;1;0;;1;0;
109520;0;0;;0;0;;0;0;;1;0;;1;0;;1;0;;1;0;
109530;0;1;;0;0;;0;0;;1;0;;1;0;;1;0;;1;0;
109540;0;0;;0;0;;0;0;;1;0;;1;0;;1;0;;1;0;
109550;0;1;;0;0;;0;0;;1;0;;1;0;;1;0;;1;0;
109560;0;0;;0;0;;0;0;;1;0;;1;0;;1;0;;1;0;
109570;0;1;;0;0;;0;0;;1;0;;1;0;;1;0;;1;0;
109580;0;0;;0;0;;0;0;;1;0;;1;0;;1;0;;1;0;
109590;0;1;;0;0;;0;0;;1;0;;1;0;;1;0;;1;0;
109600;0;0;;0;0;;0;0;;1;0;;1;0;;1;0;;1;0;
109610;0;1;;0;0;;0;0;;1;0;;1;0;;1;0;;1;0;
109620;0;0;;0;0;;0;0;;1;0;;1;0;;1;0;;1;0;
109630;0;1;;0;0;;0;0;;1;0;;1;0;;1;0;;1;0;
109640;0;0;;0;0;;0;0;;1;0;;1;0;;1;0;;1;0;
109650;0;1;;0;0;;0;0;;1;0;;1;0;;1;0;;1;0;
109660;0;0;;0;0;;0;0;;1;0;;1;0;;1;0;;1;0;
109670;0;1;;0;0;;0;0;;1;0;;1;0;;1;0;;1;0;
109680;0;0;;0;0;;0;0;;1;0;;1;0;;1;0;;1;0;
109690;0;1;;0;0;;0;0;;1;0;;1;0;;1;0;;1;0;
109700;0;0;;0;0;;0;0;;1;0;;1;0;;1;0;;1;0;
109710;0;1;;0;0;;0;0;;1;0;;1;0;;1;0;;1;0;
109720;0;0;;0;0;;0;0;;1;0;;1;0;;1;0;;1;0;
109730;0;0;;0;0;;0;0;;1;0;;1;0;;1;0;;1;0;
109740;0;1;;0;0;;0;0;;1;0;;1;0;;1;0;;1;0;
109750;0;0;;0;0;;0;0;;1;0;;1;0;;1;0;;1;0;
109760;0;1;;0;0;;0;0;;1;0;;1;0;;1;0;;1;0;
109770;0;0;;0;0;;0;0;;1;0;;1;0;;1;0;;1;0;
109780;0;1;;0;0;;0;0;;1;0;;1;0;;1;0;;1;0;
109790;0;0;;0;0;;0;0;;1;0;;1;0;;1;0;;1;0;
109800;0;1;;0;0;;0;0;;1;0;;1;0;;1;0;;1;0;
109810;0;0;;0;0;;0;0;;1;0;;1;0;;1;0;;1;0;
109820;0;0;;0;0;;0;0;;1;0;;1;0;;1;0;;1;0;
109830;0;1;;0;0;;0;0;;1;0;;1;0;;1;0;;1;0;
109840;0;0;;0;0;;0;0;;1;0;;1;0;;1;0;;1;0;
109850;0;1;;0;0;;0;0;;1;0;;1;0;;1;0;;1;0;
109860;0;0;;0;0;;0;0;;1;0;;1;0;;1;0;;1;0;
109870;0;0;;0;0;;0;0;;1;0;;1;0;;1;0;;1;0;
109880;0;1;;0;0;;0;0;;1;0;;1;0;;1;0;;1;0;
109890;0;0;;0;0;;0;0;;1;0;;1;0;;1;0;;1;0;
109900;0;1;;0;0;;0;0;;1;0;;1;0;;1;0;;1;0;
109910;0;0;;0;0;;0;0;;1;0;;1;0;;1;0;;1;0;
109920;0;0;;0;0;;0;0;;1;0;;1;0;;1;0;;1;0;
109930;0;1;;0;0;;0;0;;1;0;;1;0;;1;0;;1;0;
109940;0;0;;0;0;;0;0;;1;0;;1;0;;1;0;;1;0;
109950;0;0;;0;0;;0;0;;1;0;;1;0;;1;0;;1;0;
109960;0;1;;0;0;;0;0;;1;0;;1;0;;1;0;;1;0;
109970;0;0;;0;0;;0;0;;1;0;;1;0;;1;0;;1;0;
109980;0;0;;0;0;;0;0;;1;0;;1;0;;1;0;;1;0;
109990;0;1;;0;0;;0;0;;1;0;;1;0;;1;0;;1;0;
110000;0;0;;0;0;;0;0;;1;0;;1;0;;1;0;;1;0;
110010;0;0;;0;0;;0;0;;1;0;;1;0;;1;0;;1;0;
110020;0;1;;0;0;;0;0;;1;0;;1;0;;1;0;;1;0;
110030;0;0;;0;0;;0;0;;1;0;;1;0;;1;0;;1;0;
110040;0;0;;0;0;;0;0;;1;0;;1;0;;1;0;;1;0;
110050;0;1;;0;0;;0;0;;1;0;;1;0;;1;0;;1;0;
110060;0;0;;0;0;;0;0;;1;0;;1;0;;1;0;;1;0;
110070;0;0;;0;0;;0;0;;1;0;;1;0;;1;0;;1;0;
110080;0;1;;0;0;;0;0;;1;0;;1;0;;1;0;;1;0;
110090;0;0;;0;0;;0;0;;1;0;;1;0;;1;0;;1;0;
110100;0;0;;0;0;;0;0;;1;0;;1;0;;1;0;;1;0;
110110;0;1;;0;0;;0;0;;1;0;;1;0;;1;0;;1;0;
110120;0;0;;0;0;;0;0;;1;0;;1;0;;1;0;;1;0;
110130;0;0;;0;0;;0;0;;1;0;;1;0;;1;0;;1;0;
110140;0;0;;0;0;;0;0;;1;0;;1;0;;1;0;;1;0;
110150;0;1;;0;0;;0;0;;1;0;;1;0;;1;0;;1;0;
110160;0;0;;0;0;;0;0;;1;0;;1;0;;1;0;;1;0;
110170;0;0;;0;0;;0;0;;1;0;;1;0;;1;0;;1;0;
110180;0;1;;0;0;;0;0;;1;0;;1;0;;1;0;;1;0;
110190;0;0;;0;0;;0;0;;1;0;;1;0;;1;0;;1;0;
110200;0;0;;0;0;;0;0;;1;0;;1;0;;1;0;;1;0;
110210;0;0;;0;0;;0;0;;1;0;;1;0;;1;0;;1;0;
110220;0;1;;0;0;;0;0;;1;0;;1;0;;1;0;;1;0;
110230;0;0;;0;0;;0;0;;1;0;;1;0;;1;0;;1;0;
110240;0;0;;0;0;;0;0;;1;0;;1;0;;1;0;;1;0;
110250;0;0;;0;0;;0;0;;1;0;;1;0;;1;0;;1;0;
110260;0;1;;0;0;;0;0;;1;0;;1;0;;1;0;;1;0;
110270;0;0;;0;0;;0;0;;1;0;;1;0;;1;0;;1;0;
110280;0;0;;0;0;;0;0;;1;0;;1;0;;1;0;;1;0;
110290;0;0;;0;0;;0;0;;1;0;;1;0;;1;0;;1;0;
110300;0;1;;0;0;;0;0;;1;0;;1;0;;1;0;;1;0;
110310;0;0;;0;0;;0;0;;1;0;;1;0;;1;0;;1;0;
110320;0;0;;0;0;;0;0;;1;0;;1;0;;1;0;;1;0;
110330;0;0;;0;0;;0;0;;1;0;;1;0;;1;0;;1;0;
110340;0;1;;0;0;;0;0;;1;0;;1;0;;1;0;;1;0;
110350;0;0;;0;0;;0;0;;1;0;;1;0;;1;0;;1;0;
110360;0;0;;0;0;;0;0;;1;0;;1;0;;1;0;;1;0;
110370;0;0;;0;0;;0;0;;1;0;;1;0;;1;0;;1;0;
110380;0;1;;0;0;;0;0;;1;0;;1;0;;1;0;;1;0;
110390;0;0;;0;0;;0;0;;1;0;;1;0;;1;0;;1;0;
110400;0;0;;0;0;;0;0;;1;0;;1;0;;1;0;;1;0;
110410;0;0;;0;0;;0;0;;1;0;;1;0;;1;0;;1;0;
110420;0;0;;0;0;;0;0;;1;0;;1;0;;1;0;;1;0;
110430;0;1;;0;0;;0;0;;1;0;;1;0;;1;0;;1;0;
110440;0;0;;0;0;;0;0;;1;0;;1;0;;1;0;;1;0;
110450;0;0;;0;0;;0;0;;1;0;;1;0;;1;0;;1;0;
110460;0;0;;0;0;;0;0;;1;0;;1;0;;1;0;;1;0;
110470;0;0;;0;0;;0;0;;1;0;;1;0;;1;0;;1;0;
110480;0;0;;0;0;;0;0;;1;0;;1;0;;1;0;;1;0;
110490;0;0;;0;0;;0;0;;1;0;;1;0;;1;0;;1;0;
110500;0;0;;0;0;;0;0;;1;0;;1;0;;1;0;;1;0;
110510;0;0;;0;0;;0;0;;1;0;;1;0;;1;0;;1;0;
110520;0;1;;0;0;;0;0;;1;0;;1;0;;1;0;;1;0;
110530;0;0;;0;0;;0;0;;1;0;;1;0;;1;0;;1;0;
110540;0;0;;0;0;;0;0;;1;0;;1;0;;1;0;;1;0;
110550;0;0;;0;0;;0;0;;1;0;;1;0;;1;0;;1;0;
110560;0;0;;0;0;;0;0;;1;0;;1;0;;1;0;;1;0;
110570;0;0;;0;0;;0;0;;1;0;;1;0;;1;0;;1;0;
110580;0;0;;0;0;;0;0;;1;0;;1;0;;1;0;;1;0;
110590;0;0;;0;0;;0;0;;1;0;;1;0;;1;0;;1;0;
110600;0;0;;0;0;;0;0;;1;0;;1;0;;1;0;;1;0;
110610;0;0;;0;0;;0;0;;1;0;;1;0;;1;0;;1;0;
110620;0;0;;0;0;;0;0;;1;0;;1;0;;1;0;;1;0;
110630;0;1;;0;0;;0;0;;1;0;;1;0;;1;0;;1;0;
110640;0;0;;0;0;;0;0;;1;0;;1;0;;1;0;;1;0;
110650;0;0;;0;0;;0;0;;1;0;;1;0;;1;0;;1;0;
110660;0;0;;0;0;;0;0;;1;0;;1;0;;1;0;;1;0;
110670;0;0;;0;0;;0;0;;1;0;;1;0;;1;0;;1;0;
110680;0;0;;0;0;;0;0;;1;0;;1;0;;1;0;;1;0;
110690;0;0;;0;0;;0;0;;1;0;;1;0;;1;0;;1;0;
110700;0;0;;0;0;;0;0;;1;0;;1;0;;1;0;;1;0;
110710;0;0;;0;0;;0;0;;1;0;;1;0;;1;0;;1;0;
110720;0;0;;0;0;;0;0;;1;0;;1;0;;1;0;;1;0;
110730;0;0;;0;0;;0;0;;1;0;;1;0;;1;0;;1;0;
110740;0;0;;0;0;;0;0;;1;0;;1;0;;1;0;;1;0;
110750;0;0;;0;0;;0;0;;1;0;;1;0;;1;0;;1;0;
110760;0;0;;0;0;;0;0;;1;0;;1;0;;1;0;;1;0;
110770;0;1;;0;0;;0;0;;1;0;;1;0;;1;0;;1;0;
110780;0;0;;0;0;;0;0;;1;0;;1;0;;1;0;;1;0;
110790;0;0;;0;0;;0;0;;1;0;;1;0;;1;0;;1;0;
110800;0;0;;0;0;;0;0;;1;0;;1;0;;1;0;;1;0;
110810;0;0;;0;0;;0;0;;1;0;;1;0;;1;0;;1;0;
110820;0;0;;0;0;;0;0;;1;0;;1;0;;1;0;;1;0;
110830;0;0;;0;0;;0;0;;1;0;;1;0;;1;0;;1;0;
110840;0;0;;0;0;;0;0;;1;0;;1;0;;1;0;;1;0;
110850;0;0;;0;0;;0;0;;1;0;;1;0;;1;0;;1;0;
110860;0;0;;0;0;;0;0;;1;0;;1;0;;1;0;;1;0;
110870;0;0;;0;0;;0;0;;1;0;;1;0;;1;0;;1;0;
110880;0;0;;0;0;;0;0;;1;0;;1;0;;1;0;;1;0;
110890;0;0;;0;0;;0;0;;1;0;;1;0;;1;0;;1;0;
110900;0;0;;0;0;;0;0;;1;0;;1;0;;1;0;;1;0;
110910;0;0;;0;0;;0;0;;1;0;;1;0;;1;0;;1;0;
110920;0;0;;0;0;;0;0;;1;0;;1;0;;1;0;;1;0;
110930;0;0;;0;0;;0;0;;1;0;;1;0;;1;0;;1;0;
110940;0;1;;0;0;;0;0;;1;0;;1;0;;1;0;;1;0;
110950;0;0;;0;0;;0;0;;1;0;;1;0;;1;0;;1;0;
110960;0;0;;0;0;;0;0;;1;0;;1;0;;1;0;;1;0;
110970;0;0;;0;0;;0;0;;1;0;;1;0;;1;0;;1;0;
110980;0;0;;0;0;;0;0;;1;0;;1;0;;1;0;;1;0;
110990;0;0;;0;0;;0;0;;1;0;;1;0;;1;0;;1;0;
111000;0;0;;0;0;;0;0;;1;0;;1;0;;1;0;;1;0;
111010;0;0;;0;0;;0;0;;1;0;;1;0;;1;0;;1;0;
111020;0;0;;0;0;;0;0;;1;0;;1;0;;1;0;;1;0;
111030;0;0;;0;0;;0;0;;1;0;;1;0;;1;0;;1;0;
111040;0;0;;0;0;;0;0;;1;0;;1;0;;1;0;;1;0;
111050;0;0;;0;0;;0;0;;1;0;;1;0;;1;0;;1;0;
111060;0;0;;0;0;;0;0;;1;0;;1;0;;1;0;;1;0;
111070;0;0;;0;0;;0;0;;1;0;;1;0;;1;0;;1;0;
111080;0;0;;0;0;;0;0;;1;0;;1;0;;1;0;;1;0;
111090;0;0;;0;0;;0;0;;1;0;;1;0;;1;0;;1;0;
111100;0;0;;0;0;;0;0;;1;0;;1;0;;1;0;;1;0;
111110;0;0;;0;0;;0;0;;1;0;;1;0;;1;0;;1;0;
111120;0;0;;0;0;;0;0;;1;0;;1;0;;1;0;;1;0;
111130;0;0;;0;0;;0;0;;1;0;;1;0;;1;0;;1;0;
111140;0;0;;0;0;;0;0;;1;0;;1;0;;1;0;;1;0;
111150;0;0;;0;0;;0;0;;1;0;;1;0;;1;0;;1;0;
111160;0;0;;0;0;;0;0;;1;0;;1;0;;1;0;;1;0;
111170;0;0;;0;0;;0;0;;1;0;;1;0;;1;0;;1;0;
111180;0;0;;0;0;;0;0;;1;0;;1;0;;1;0;;1;0;
111190;0;1;;0;0;;0;0;;1;0;;1;0;;1;0;;1;0;
111200;0;0;;0;0;;0;0;;1;0;;1;0;;1;0;;1;0;
111210;0;0;;0;0;;0;0;;1;0;;1;0;;1;0;;1;0;
111220;0;0;;0;0;;0;0;;1;0;;1;0;;1;0;;1;0;
111230;0;0;;0;0;;0;0;;1;0;;1;0;;1;0;;1;0;
111240;0;0;;0;0;;0;0;;1;0;;1;0;;1;0;;1;0;
111250;0;0;;0;0;;0;0;;1;0;;1;0;;1;0;;1;0;
111260;0;0;;0;0;;0;0;;1;0;;1;0;;1;0;;1;0;
111270;0;0;;0;0;;0;0;;1;0;;1;0;;1;0;;1;0;
111280;0;0;;0;0;;0;0;;1;0;;1;0;;1;0;;1;0;
111290;0;0;;0;0;;0;0;;1;0;;1;0;;1;0;;1;0;
111300;0;0;;0;0;;0;0;;1;0;;1;0;;1;0;;1;0;
111310;0;0;;0;0;;0;0;;1;0;;1;0;;1;0;;1;0;
111320;0;0;;0;0;;0;0;;1;0;;1;0;;1;0;;1;0;
111330;0;0;;0;0;;0;0;;1;0;;1;0;;1;0;;1;0;
111340;0;0;;0;0;;0;0;;1;0;;1;0;;1;0;;1;0;
111350;0;0;;0;0;;0;0;;1;0;;1;0;;1;0;;1;0;
111360;0;0;;0;0;;0;0;;1;0;;1;0;;1;0;;1;0;
111370;0;0;;0;0;;0;0;;1;0;;1;0;;1;0;;1;0;
111380;0;0;;0;0;;0;0;;1;0;;1;0;;1;0;;1;0;
111390;0;0;;0;0;;0;0;;1;0;;1;0;;1;0;;1;0;
111400;0;0;;0;0;;0;0;;1;0;;1;0;;1;0;;1;0;
111410;0;0;;0;0;;0;0;;1;0;;1;0;;1;0;;1;0;
111420;0;0;;0;0;;0;0;;1;0;;1;0;;1;0;;1;0;
111430;0;0;;0;0;;0;0;;1;0;;1;0;;1;0;;1;0;
111440;0;0;;0;0;;0;0;;1;0;;1;0;;1;0;;1;0;
111450;0;0;;0;0;;0;0;;1;0;;1;0;;1;0;;1;0;
111460;0;0;;0;0;;0;0;;1;0;;1;0;;1;0;;1;0;
111470;0;0;;0;0;;0;0;;1;0;;1;0;;1;0;;1;0;
111480;0;0;;0;0;;0;0;;1;0;;1;0;;1;0;;1;0;
111490;0;0;;0;0;;0;0;;1;0;;1;0;;1;0;;1;0;
111500;0;0;;0;0;;0;0;;1;0;;1;0;;1;0;;1;0;
111510;0;0;;0;0;;0;0;;1;0;;1;0;;1;0;;1;0;
111520;0;0;;0;0;;0;0;;1;0;;1;0;;1;0;;1;0;
111530;0;0;;0;0;;0;0;;1;0;;1;0;;1;0;;1;0;
111540;0;0;;0;0;;0;0;;1;0;;1;0;;1;0;;1;0;
111550;0;0;;0;0;;0;0;;1;0;;1;0;;1;0;;1;0;
111560;0;0;;0;0;;0;0;;1;0;;1;0;;1;0;;1;0;
111570;0;0;;0;0;;0;0;;1;0;;1;0;;1;0;;1;0;
111580;0;0;;0;0;;0;0;;1;0;;1;0;;1;0;;1;0;
111590;0;0;;0;0;;0;0;;1;0;;1;0;;1;0;;1;0;
111600;0;0;;0;0;;0;0;;1;0;;1;0;;1;0;;1;0;
111610;0;0;;0;0;;0;0;;1;0;;1;0;;1;0;;1;0;
111620;0;0;;0;0;;0;0;;1;0;;1;0;;1;0;;1;0;
111630;0;0;;0;0;;0;0;;1;0;;1;0;;1;0;;1;0;
111640;0;0;;0;0;;0;0;;1;0;;1;0;;1;0;;1;0;
111650;0;0;;0;0;;0;0;;1;0;;1;0;;1;0;;1;0;
111660;0;0;;0;0;;0;0;;1;0;;1;0;;1;0;;1;0;
111670;0;0;;0;0;;0;0;;1;0;;1;0;;1;0;;1;0;
111680;0;0;;0;0;;0;0;;1;0;;1;0;;1;0;;1;0;
111690;0;0;;0;0;;0;0;;1;0;;1;0;;1;0;;1;0;
111700;0;0;;0;0;;0;0;;1;0;;1;0;;1;0;;1;0;
111710;0;0;;0;0;;0;0;;1;0;;1;0;;1;0;;1;0;
111720;0;0;;0;0;;0;0;;1;0;;1;0;;1;0;;1;0;
111730;0;0;;0;0;;0;0;;1;0;;1;0;;1;0;;1;0;
111740;0;1;;0;0;;0;0;;1;0;;1;0;;1;0;;1;0;
111750;0;0;;0;0;;0;0;;1;0;;1;0;;1;0;;1;0;
111760;0;0;;0;0;;0;0;;1;0;;1;0;;1;0;;1;0;
111770;0;0;;0;0;;0;0;;1;0;;1;0;;1;0;;1;0;
111780;0;0;;0;0;;0;0;;1;0;;1;0;;1;0;;1;0;
111790;0;0;;0;0;;0;0;;1;0;;1;0;;1;0;;1;0;
111800;0;0;;0;0;;0;0;;1;0;;1;0;;1;0;;1;0;
111810;0;0;;0;0;;0;0;;1;0;;1;0;;1;0;;1;0;
111820;0;0;;0;0;;0;0;;1;0;;1;0;;1;0;;1;0;
111830;0;0;;0;0;;0;0;;1;0;;1;0;;1;0;;1;0;
111840;0;0;;0;0;;0;0;;1;0;;1;0;;1;0;;1;0;
111850;0;0;;0;0;;0;0;;1;0;;1;0;;1;0;;1;0;
111860;0;0;;0;0;;0;0;;1;0;;1;0;;1;0;;1;0;
111870;0;0;;0;0;;0;0;;1;0;;1;0;;1;0;;1;0;
111880;0;0;;0;0;;0;0;;1;0;;1;0;;1;0;;1;0;
111890;0;0;;0;0;;0;0;;1;0;;1;0;;1;0;;1;0;
111900;0;0;;0;0;;0;0;;1;0;;1;0;;1;0;;1;0;
111910;0;0;;0;0;;0;0;;1;0;;1;0;;1;0;;1;0;
111920;0;0;;0;0;;0;0;;1;0;;1;0;;1;0;;1;0;
111930;0;0;;0;0;;0;0;;1;0;;1;0;;1;0;;1;0;
111940;0;0;;0;0;;0;0;;1;0;;1;0;;1;0;;1;0;
111950;0;0;;0;0;;0;0;;1;0;;1;0;;1;0;;1;0;
111960;0;0;;0;0;;0;0;;1;0;;1;0;;1;0;;1;0;
111970;0;0;;0;0;;0;0;;1;0;;1;0;;1;0;;1;0;
111980;0;0;;0;0;;0;0;;1;0;;1;0;;1;0;;1;0;
111990;0;0;;0;0;;0;0;;1;0;;1;0;;1;0;;1;0;
112000;0;0;;0;0;;0;0;;1;0;;1;0;;1;0;;1;0;
112010;0;0;;0;0;;0;0;;1;0;;1;0;;1;0;;1;0;
112020;0;0;;0;0;;0;0;;1;0;;1;0;;1;0;;1;0;
112030;0;0;;0;0;;0;0;;1;0;;1;0;;1;0;;1;0;
112040;0;0;;0;0;;0;0;;1;0;;1;0;;1;0;;1;0;
112050;0;0;;0;0;;0;0;;1;0;;1;0;;1;0;;1;0;
112060;0;0;;0;0;;0;0;;1;0;;1;0;;1;0;;1;0;
112070;0;0;;0;0;;0;0;;1;0;;1;0;;1;0;;1;0;
112080;0;0;;0;0;;0;0;;1;0;;1;0;;1;0;;1;0;
112090;0;0;;0;0;;0;0;;1;0;;1;0;;1;0;;1;0;
112100;0;0;;0;0;;0;0;;1;0;;1;0;;1;0;;1;0;
112110;0;0;;0;0;;0;0;;1;0;;1;0;;1;0;;1;0;
112120;0;0;;0;0;;0;0;;1;0;;1;0;;1;0;;1;0;
112130;0;0;;0;0;;0;0;;1;0;;1;0;;1;0;;1;0;
112140;0;0;;0;0;;0;0;;1;0;;1;0;;1;0;;1;0;
112150;0;0;;0;0;;0;0;;1;0;;1;0;;1;0;;1;0;
112160;0;0;;0;0;;0;0;;1;0;;1;0;;1;0;;1;0;
112170;0;0;;0;0;;0;0;;1;0;;1;0;;1;0;;1;0;
112180;0;0;;0;0;;0;0;;1;0;;1;0;;1;0;;1;0;
112190;0;0;;0;0;;0;0;;1;0;;1;0;;1;0;;1;0;
112200;0;0;;0;0;;0;0;;1;0;;1;0;;1;0;;1;0;
112210;0;0;;0;0;;0;0;;1;0;;1;0;;1;0;;1;0;
112220;0;0;;0;0;;0;0;;1;0;;1;0;;1;0;;1;0;
112230;0;0;;0;0;;0;0;;1;0;;1;0;;1;0;;1;0;
112240;0;0;;0;0;;0;0;;1;0;;1;0;;1;0;;1;0;
112250;0;0;;0;0;;0;0;;1;0;;1;0;;1;0;;1;0;
112260;0;0;;0;0;;0;0;;1;0;;1;0;;1;0;;1;0;
112270;0;0;;0;0;;0;0;;1;0;;1;0;;1;0;;1;0;
112280;0;0;;0;0;;0;0;;1;0;;1;0;;1;0;;1;0;
112290;0;0;;0;0;;0;0;;1;0;;1;0;;1;0;;1;0;
112300;0;0;;0;0;;0;0;;1;0;;1;0;;1;0;;1;0;
112310;0;0;;0;0;;0;0;;1;0;;1;0;;1;0;;1;0;
112320;0;0;;0;0;;0;0;;1;0;;1;0;;1;0;;1;0;
112330;0;0;;0;0;;0;0;;1;0;;1;0;;1;0;;1;0;
112340;0;0;;0;0;;0;0;;1;0;;1;0;;1;0;;1;0;
112350;0;0;;0;0;;0;0;;1;0;;1;0;;1;0;;1;0;
112360;0;0;;0;0;;0;0;;1;0;;1;0;;1;0;;1;0;
112370;0;0;;0;0;;0;0;;1;0;;1;0;;1;0;;1;0;
112380;0;0;;0;0;;0;0;;1;0;;1;0;;1;0;;1;0;
112390;0;0;;0;0;;0;0;;1;0;;1;0;;1;0;;1;0;
112400;0;0;;0;0;;0;0;;1;0;;1;0;;1;0;;1;0;
112410;0;0;;0;0;;0;0;;1;0;;1;0;;1;0;;1;0;
112420;0;0;;0;0;;0;0;;1;0;;1;0;;1;0;;1;0;
112430;0;0;;0;0;;0;0;;1;0;;1;0;;1;0;;1;0;
112440;0;0;;0;0;;0;0;;1;0;;1;0;;1;0;;1;0;
112450;0;0;;0;0;;0;0;;1;0;;1;0;;1;0;;1;0;
112460;0;0;;0;0;;0;0;;1;0;;1;0;;1;0;;1;0;
112470;0;0;;0;0;;0;0;;1;0;;1;0;;1;0;;1;0;
112480;0;0;;0;0;;0;0;;1;0;;1;0;;1;0;;1;0;
112490;0;0;;0;0;;0;0;;1;0;;1;0;;1;0;;1;0;
112500;0;0;;0;0;;0;0;;1;0;;1;0;;1;0;;1;0;
112510;0;0;;0;0;;0;0;;1;0;;1;0;;1;0;;1;0;
112520;0;0;;0;0;;0;0;;1;0;;1;0;;1;0;;1;0;
112530;0;0;;0;0;;0;0;;1;0;;1;0;;1;0;;1;0;
112540;0;0;;0;0;;0;0;;1;0;;1;0;;1;0;;1;0;
112550;0;0;;0;0;;0;0;;1;0;;1;0;;1;0;;1;0;
112560;0;0;;0;0;;0;0;;1;0;;1;0;;1;0;;1;0;
112570;0;0;;0;0;;0;0;;1;0;;1;0;;1;0;;1;0;
112580;0;0;;0;0;;0;0;;1;0;;1;0;;1;0;;1;0;
112590;0;0;;0;0;;0;0;;1;0;;1;0;;1;0;;1;0;
112600;0;0;;0;0;;0;0;;1;0;;1;0;;1;0;;1;0;
112610;0;0;;0;0;;0;0;;1;0;;1;0;;1;0;;1;0;
112620;0;0;;0;0;;0;0;;1;0;;1;0;;1;0;;1;0;
112630;0;0;;0;0;;0;0;;1;0;;1;0;;1;0;;1;0;
112640;0;0;;0;0;;0;0;;1;0;;1;0;;1;0;;1;0;
112650;0;0;;0;0;;0;0;;1;0;;1;0;;1;0;;1;0;
112660;0;0;;0;0;;0;0;;1;0;;1;0;;1;0;;1;0;
112670;0;0;;0;0;;0;0;;1;0;;1;0;;1;0;;1;0;
112680;0;0;;0;0;;0;0;;1;0;;1;0;;1;0;;1;0;
112690;0;0;;0;0;;0;0;;1;0;;1;0;;1;0;;1;0;
112700;0;0;;0;0;;0;0;;1;0;;1;0;;1;0;;1;0;
112710;0;0;;0;0;;0;0;;1;0;;1;0;;1;0;;1;0;
112720;0;0;;0;0;;0;0;;1;0;;1;0;;1;0;;1;0;
112730;0;0;;0;0;;0;0;;1;0;;1;0;;1;0;;1;0;
112740;0;0;;0;0;;0;0;;1;0;;1;0;;1;0;;1;0;
112750;0;0;;0;0;;0;0;;1;0;;1;0;;1;0;;1;0;
112760;0;0;;0;0;;0;0;;1;0;;1;0;;1;0;;1;0;
112770;0;0;;0;0;;0;0;;1;0;;1;0;;1;0;;1;0;
112780;0;0;;0;0;;0;0;;1;0;;1;0;;1;0;;1;0;
112790;0;0;;0;0;;0;0;;1;0;;1;0;;1;0;;1;0;
112800;0;0;;0;0;;0;0;;1;0;;1;0;;1;0;;1;0;
112810;0;0;;0;0;;0;0;;1;0;;1;0;;1;0;;1;0;
112820;0;0;;0;0;;0;0;;1;0;;1;0;;1;0;;1;0;
112830;0;0;;0;0;;0;0;;1;0;;1;0;;1;0;;1;0;
112840;0;0;;0;0;;0;0;;1;0;;1;0;;1;0;;1;0;
112850;0;0;;0;0;;0;0;;1;0;;1;0;;1;0;;1;0;
112860;0;0;;0;0;;0;0;;1;0;;1;0;;1;0;;1;0;
112870;0;0;;0;0;;0;0;;1;0;;1;0;;1;0;;1;0;
112880;0;0;;0;0;;0;0;;1;0;;1;0;;1;0;;1;0;
112890;0;0;;0;0;;0;0;;1;0;;1;0;;1;0;;1;0;
112900;0;0;;0;0;;0;0;;1;0;;1;0;;1;0;;1;0;
112910;0;0;;0;0;;0;0;;1;0;;1;0;;1;0;;1;0;
112920;0;0;;0;0;;0;0;;1;0;;1;0;;1;0;;1;0;
112930;0;0;;0;0;;0;0;;1;0;;1;0;;1;0;;1;0;
112940;0;0;;0;0;;0;0;;1;0;;1;0;;1;0;;1;0;
112950;0;0;;0;0;;0;0;;1;0;;1;0;;1;0;;1;0;
112960;0;0;;0;0;;0;0;;1;0;;1;0;;1;0;;1;0;
112970;0;0;;0;0;;0;0;;1;0;;1;0;;1;0;;1;0;
112980;0;0;;0;0;;0;0;;1;0;;1;0;;1;0;;1;0;
112990;0;0;;0;0;;0;0;;1;0;;1;0;;1;0;;1;0;
113000;0;0;;0;0;;0;0;;1;0;;1;0;;1;0;;1;0;
113010;0;0;;0;0;;0;0;;1;0;;1;0;;1;0;;1;0;
113020;0;0;;0;0;;0;0;;1;0;;1;0;;1;0;;1;0;
113030;0;0;;0;0;;0;0;;1;0;;1;0;;1;0;;1;0;
113040;0;0;;0;0;;0;0;;1;0;;1;1;;1;1;;1;0;
113050;0;0;;0;0;;0;0;;1;0;;1;0;;1;0;;1;0;
113060;0;0;;0;0;;0;0;;1;0;;1;0;;1;0;;1;0;
113070;0;0;;0;0;;0;0;;1;0;;1;0;;1;0;;1;0;
113080;0;0;;0;0;;0;0;;1;0;;1;0;;1;0;;1;0;
113090;0;0;;0;0;;0;0;;1;0;;1;0;;1;0;;1;0;
113100;0;0;;0;0;;0;0;;1;0;;1;0;;1;0;;1;0;
113110;0;0;;0;0;;0;0;;1;0;;1;0;;1;0;;1;0;
113120;0;0;;0;0;;0;0;;1;0;;1;0;;1;0;;1;0;
113130;0;0;;0;0;;0;0;;1;0;;1;0;;1;0;;1;0;
113140;0;0;;0;0;;0;0;;1;0;;1;0;;1;0;;1;0;
113150;0;0;;0;0;;0;0;;1;0;;1;0;;1;0;;1;0;
113160;0;0;;0;0;;0;0;;1;0;;1;0;;1;0;;1;0;
113170;0;0;;0;0;;0;0;;1;0;;1;0;;1;0;;1;0;
113180;0;0;;0;0;;0;0;;1;0;;1;0;;1;0;;1;0;
113190;0;0;;0;0;;0;0;;1;0;;1;0;;1;0;;1;0;
113200;0;0;;0;0;;0;0;;1;0;;1;0;;1;0;;1;0;
113210;0;0;;0;0;;0;0;;1;0;;1;0;;1;0;;1;0;
113220;0;0;;0;0;;0;0;;1;0;;1;0;;1;0;;1;0;
113230;0;0;;0;0;;0;0;;1;0;;1;0;;1;0;;1;0;
113240;0;0;;0;0;;0;0;;1;0;;1;0;;1;0;;1;0;
113250;0;0;;0;0;;0;0;;1;0;;1;0;;1;0;;1;0;
113260;0;0;;0;0;;0;0;;1;0;;1;0;;1;0;;1;0;
113270;0;0;;0;0;;0;0;;1;0;;1;0;;1;0;;1;0;
113280;0;0;;0;0;;0;0;;1;0;;1;0;;1;0;;1;0;
113290;0;0;;0;0;;0;0;;1;0;;1;0;;1;0;;1;0;
113300;0;0;;0;0;;0;0;;1;0;;1;0;;1;0;;1;0;
113310;0;0;;0;0;;0;0;;1;0;;1;0;;1;0;;1;0;
113320;0;0;;0;0;;0;0;;1;0;;1;0;;1;0;;1;0;
113330;0;0;;0;0;;0;0;;1;0;;1;0;;1;0;;1;0;
113340;0;0;;0;0;;0;0;;1;0;;1;0;;1;0;;1;0;
113350;0;0;;0;0;;0;0;;1;0;;1;0;;1;0;;1;0;
113360;0;0;;0;0;;0;0;;1;0;;1;0;;1;0;;1;0;
113370;0;0;;0;0;;0;0;;1;0;;1;0;;1;0;;1;0;
113380;0;0;;0;0;;0;0;;1;0;;1;0;;1;0;;1;0;
113390;0;0;;0;0;;0;0;;1;0;;1;0;;1;0;;1;0;
113400;0;0;;0;0;;0;0;;1;0;;1;0;;1;0;;1;0;
113410;0;0;;0;0;;0;0;;1;0;;1;0;;1;0;;1;0;
113420;0;0;;0;0;;0;0;;1;0;;1;0;;1;0;;1;0;
113430;0;0;;0;0;;0;0;;1;0;;1;0;;1;0;;1;0;
113440;0;0;;0;0;;0;0;;1;0;;1;0;;1;0;;1;0;
113450;0;0;;0;0;;0;0;;1;0;;1;0;;1;0;;1;0;
113460;0;0;;0;0;;0;0;;1;0;;1;0;;1;0;;1;0;
113470;0;0;;0;0;;0;0;;1;0;;1;0;;1;0;;1;0;
113480;0;0;;0;0;;0;0;;1;0;;1;0;;1;0;;1;0;
113490;0;0;;0;0;;0;0;;1;0;;1;0;;1;0;;1;0;
113500;0;0;;0;0;;0;0;;1;0;;1;0;;1;0;;1;0;
113510;0;0;;0;0;;0;0;;1;0;;1;0;;1;0;;1;0;
113520;0;0;;0;0;;0;0;;1;0;;1;0;;1;0;;1;0;
113530;0;0;;0;0;;0;0;;1;0;;1;0;;1;0;;1;0;
113540;0;0;;0;0;;0;0;;1;0;;1;0;;1;0;;1;0;
113550;0;0;;0;0;;0;0;;1;0;;1;0;;1;0;;1;0;
113560;0;0;;0;0;;0;0;;1;0;;1;0;;1;0;;1;0;
113570;0;0;;0;0;;0;0;;1;0;;1;0;;1;0;;1;0;
113580;0;0;;0;0;;0;0;;1;0;;1;0;;1;0;;1;0;
113590;0;0;;0;0;;0;0;;1;0;;1;0;;1;0;;1;0;
113600;0;0;;0;0;;0;0;;1;0;;1;0;;1;0;;1;0;
113610;0;0;;0;0;;0;0;;1;0;;1;0;;1;0;;1;0;
113620;0;0;;0;0;;0;0;;1;0;;1;0;;1;0;;1;0;
113630;0;0;;0;0;;0;0;;1;0;;1;0;;1;0;;1;0;
113640;0;0;;0;0;;0;0;;1;0;;1;0;;1;0;;1;0;
113650;0;0;;0;0;;0;0;;1;0;;1;0;;1;0;;1;0;
113660;0;0;;0;0;;0;0;;1;0;;1;0;;1;0;;1;0;
113670;0;0;;0;0;;0;0;;1;0;;1;0;;1;0;;1;0;
113680;0;0;;0;0;;0;0;;1;0;;1;0;;1;0;;1;0;
113690;0;0;;0;0;;0;0;;1;0;;1;0;;1;0;;1;0;
113700;0;0;;0;0;;0;0;;1;0;;1;0;;1;0;;1;0;
113710;0;0;;0;0;;0;0;;1;0;;1;0;;1;0;;1;0;
113720;0;0;;0;0;;0;0;;1;0;;1;0;;1;0;;1;0;
113730;0;0;;0;0;;0;0;;1;0;;1;0;;1;0;;1;0;
113740;0;0;;0;0;;0;0;;1;0;;1;0;;1;0;;1;0;
113750;0;0;;0;0;;0;0;;1;0;;1;0;;1;0;;1;0;
113760;0;0;;0;0;;0;0;;1;0;;1;0;;1;0;;1;0;
113770;0;0;;0;0;;0;0;;1;0;;1;0;;1;0;;1;0;
113780;0;0;;0;0;;0;0;;1;0;;1;0;;1;0;;1;0;
113790;0;0;;0;0;;0;0;;1;0;;1;0;;1;0;;1;0;
113800;0;0;;0;0;;0;0;;1;0;;1;0;;1;0;;1;0;
113810;0;0;;0;0;;0;0;;1;0;;1;0;;1;0;;1;0;
113820;0;0;;0;0;;0;0;;1;0;;1;0;;1;0;;1;0;
113830;0;0;;0;0;;0;0;;1;0;;1;0;;1;0;;1;0;
113840;0;0;;0;0;;0;0;;1;0;;1;0;;1;0;;1;0;
113850;0;0;;0;0;;0;0;;1;0;;1;0;;1;0;;1;0;
113860;0;0;;0;0;;0;0;;1;0;;1;0;;1;0;;1;0;
113870;0;0;;0;0;;0;0;;1;0;;1;0;;1;0;;1;0;
113880;0;0;;0;0;;0;0;;1;0;;1;0;;1;0;;1;0;
113890;0;0;;0;0;;0;0;;1;0;;1;0;;1;0;;1;0;
113900;0;0;;0;0;;0;0;;1;0;;1;0;;1;0;;1;0;
113910;0;0;;0;0;;0;0;;1;0;;1;0;;1;0;;1;0;
113920;0;0;;0;0;;0;0;;1;0;;1;0;;1;0;;1;0;
113930;0;0;;0;0;;0;0;;1;0;;1;0;;1;0;;1;0;
113940;0;0;;0;0;;0;0;;1;0;;1;0;;1;0;;1;0;
113950;0;0;;0;0;;0;0;;1;0;;1;0;;1;0;;1;0;
113960;0;0;;0;0;;0;0;;1;0;;1;0;;1;0;;1;0;
113970;0;0;;0;0;;0;0;;1;0;;1;0;;1;0;;1;0;
113980;0;0;;0;0;;0;0;;1;0;;1;0;;1;0;;1;0;
113990;0;0;;0;0;;0;0;;1;0;;1;0;;1;0;;1;0;
114000;0;0;;0;0;;0;0;;1;0;;1;0;;1;0;;1;0;
114010;0;0;;0;0;;0;0;;1;0;;1;0;;1;0;;1;0;
114020;0;0;;0;0;;0;0;;1;0;;1;0;;1;0;;1;0;
114030;0;0;;0;0;;0;0;;1;0;;1;0;;1;0;;1;0;
114040;0;0;;0;0;;0;0;;1;0;;1;0;;1;0;;1;0;
114050;0;0;;0;0;;0;0;;1;0;;1;0;;1;0;;1;0;
114060;0;0;;0;0;;0;0;;1;0;;1;0;;1;0;;1;0;
114070;0;0;;0;0;;0;0;;1;0;;1;0;;1;0;;1;0;
114080;0;0;;0;0;;0;0;;1;0;;1;0;;1;0;;1;0;
114090;0;0;;0;0;;0;0;;1;0;;1;0;;1;0;;1;0;
114100;0;0;;0;0;;0;0;;1;0;;1;0;;1;0;;1;0;
114110;0;0;;0;0;;0;0;;1;0;;1;0;;1;0;;1;0;
114120;0;0;;0;0;;0;0;;1;0;;1;0;;1;0;;1;0;
114130;0;0;;0;0;;0;0;;1;0;;1;0;;1;0;;1;0;
114140;0;0;;0;0;;0;0;;1;0;;1;0;;1;0;;1;0;
114150;0;0;;0;0;;0;0;;1;0;;1;0;;1;0;;1;0;
114160;0;0;;0;0;;0;0;;1;0;;1;0;;1;0;;1;0;
114170;0;0;;0;0;;0;0;;1;0;;1;0;;1;0;;1;0;
114180;0;0;;0;0;;0;0;;1;0;;1;0;;1;0;;1;0;
114190;0;0;;0;0;;0;0;;1;0;;1;0;;1;0;;1;0;
114200;0;0;;0;0;;0;0;;1;0;;1;0;;1;0;;1;0;
114210;0;0;;0;0;;0;0;;1;0;;1;0;;1;0;;1;0;
114220;0;0;;0;0;;0;0;;1;0;;1;0;;1;0;;1;0;
114230;0;0;;0;0;;0;0;;1;0;;1;0;;1;0;;1;0;
114240;0;0;;0;0;;0;0;;1;0;;1;0;;1;0;;1;0;
114250;0;0;;0;0;;0;0;;1;0;;1;0;;1;0;;1;0;
114260;0;0;;0;0;;0;0;;1;0;;1;0;;1;0;;1;0;
114270;0;0;;0;0;;0;0;;1;0;;1;0;;1;0;;1;0;
114280;0;0;;0;0;;0;0;;1;0;;1;0;;1;0;;1;0;
114290;0;0;;0;0;;0;0;;1;0;;1;0;;1;0;;1;0;
114300;0;0;;0;0;;0;0;;1;0;;1;0;;1;0;;1;0;
114310;0;0;;0;0;;0;0;;1;0;;1;0;;1;0;;1;0;
114320;0;0;;0;0;;0;0;;1;0;;1;0;;1;0;;1;0;
114330;0;0;;0;0;;0;0;;1;0;;1;0;;1;0;;1;0;
114340;0;0;;0;0;;0;0;;1;0;;1;0;;1;0;;1;0;
114350;0;0;;0;0;;0;0;;1;0;;1;0;;1;0;;1;0;
114360;0;0;;0;0;;0;0;;1;0;;1;0;;1;0;;1;0;
114370;0;0;;0;0;;0;0;;1;0;;1;0;;1;0;;1;0;
114380;0;0;;0;0;;0;0;;1;0;;1;0;;1;0;;1;0;
114390;0;0;;0;0;;0;0;;1;0;;1;0;;1;0;;1;0;
114400;0;0;;0;0;;0;0;;1;0;;1;0;;1;0;;1;0;
114410;0;0;;0;0;;0;0;;1;0;;1;0;;1;0;;1;0;
114420;0;0;;0;0;;0;0;;1;0;;1;0;;1;0;;1;0;
114430;0;0;;0;0;;0;0;;1;0;;1;0;;1;0;;1;0;
114440;0;0;;0;0;;0;0;;1;0;;1;0;;1;0;;1;0;
114450;0;0;;0;0;;0;0;;1;0;;1;0;;1;0;;1;0;
114460;0;0;;0;0;;0;0;;1;0;;1;0;;1;0;;1;0;
114470;0;0;;0;0;;0;0;;1;0;;1;0;;1;0;;1;0;
114480;0;0;;0;0;;1;0;;1;0;;1;0;;1;0;;1;0;
114490;0;0;;0;0;;1;0;;1;0;;1;0;;1;0;;1;0;
114500;0;0;;0;0;;1;0;;1;0;;1;0;;1;0;;1;0;
114510;0;0;;0;0;;1;0;;1;0;;1;0;;1;0;;1;0;
114520;0;0;;0;0;;1;0;;1;0;;1;0;;1;0;;1;0;
114530;0;0;;0;0;;1;0;;1;0;;1;0;;1;0;;1;0;
114540;0;0;;0;0;;1;0;;1;0;;1;0;;1;0;;1;0;
114550;0;0;;0;0;;1;0;;1;0;;1;0;;1;0;;1;0;
114560;0;0;;0;0;;1;0;;1;0;;1;0;;1;0;;1;0;
114570;0;0;;0;0;;1;0;;1;0;;1;0;;1;0;;1;0;
114580;0;0;;0;0;;1;0;;1;0;;1;0;;1;0;;1;0;
114590;0;0;;0;0;;1;0;;1;0;;1;0;;1;0;;1;0;
114600;0;0;;0;0;;1;0;;1;0;;1;0;;1;0;;1;0;
114610;0;0;;0;0;;1;0;;1;0;;1;0;;1;0;;1;0;
114620;0;0;;0;0;;1;0;;1;0;;1;0;;1;0;;1;0;
114630;0;0;;0;0;;1;0;;1;0;;1;0;;1;0;;1;0;
114640;0;0;;0;0;;1;0;;1;0;;1;0;;1;0;;1;0;
114650;0;0;;0;0;;1;0;;1;0;;1;0;;1;0;;1;0;
114660;0;0;;0;0;;1;0;;1;0;;1;0;;1;0;;1;0;
114670;0;0;;0;0;;1;0;;1;0;;1;0;;1;0;;1;0;
114680;0;0;;0;0;;1;0;;1;0;;1;0;;1;0;;1;0;
114690;0;0;;0;0;;1;0;;1;0;;1;0;;1;0;;1;0;
114700;0;0;;0;0;;1;0;;1;0;;1;0;;1;0;;1;0;
114710;0;0;;0;0;;1;0;;1;0;;1;0;;1;0;;1;0;
114720;0;0;;0;0;;1;0;;1;0;;1;0;;1;0;;1;0;
114730;0;0;;0;0;;1;0;;1;0;;1;0;;1;0;;1;0;
114740;0;0;;0;0;;1;0;;1;0;;1;0;;1;0;;1;0;
114750;0;0;;0;0;;1;0;;1;0;;1;0;;1;0;;1;0;
114760;0;0;;0;0;;1;0;;1;0;;1;0;;1;0;;1;0;
114770;0;0;;0;0;;1;0;;1;0;;1;0;;1;0;;1;0;
114780;0;0;;0;0;;1;0;;1;0;;1;0;;1;0;;1;0;
114790;0;0;;0;0;;1;0;;1;0;;1;0;;1;0;;1;0;
114800;0;0;;0;0;;1;0;;1;0;;1;0;;1;0;;1;0;
114810;0;0;;0;0;;1;0;;1;0;;1;0;;1;0;;1;0;
114820;0;0;;0;0;;1;0;;1;0;;1;0;;1;0;;1;0;
114830;0;0;;0;0;;1;0;;1;0;;1;0;;1;0;;1;0;
114840;0;0;;0;0;;1;0;;1;0;;1;0;;1;0;;1;0;
114850;0;0;;0;0;;1;0;;1;0;;1;0;;1;0;;1;0;
114860;0;0;;0;0;;1;0;;1;0;;1;0;;1;0;;1;0;
114870;0;0;;0;0;;1;0;;1;0;;1;0;;1;0;;1;0;
114880;0;0;;0;0;;1;0;;1;0;;1;0;;1;0;;1;0;
114890;0;0;;0;0;;1;0;;1;0;;1;0;;1;0;;1;0;
114900;0;0;;0;0;;1;0;;1;0;;1;0;;1;0;;1;0;
114910;0;0;;0;0;;1;0;;1;0;;1;0;;1;0;;1;0;
114920;0;0;;0;0;;1;0;;1;0;;1;0;;1;0;;1;0;
114930;0;0;;0;0;;1;0;;1;0;;1;0;;1;0;;1;0;
114940;0;0;;0;0;;1;0;;1;0;;1;0;;1;0;;1;0;
114950;0;0;;0;0;;1;0;;1;0;;1;0;;1;0;;1;0;
114960;0;0;;0;0;;1;0;;1;0;;1;0;;1;0;;1;0;
114970;0;0;;0;0;;1;0;;1;0;;1;0;;1;0;;1;0;
114980;0;0;;0;0;;1;0;;1;0;;1;0;;1;0;;1;0;
114990;0;0;;0;0;;1;0;;1;0;;1;0;;1;0;;1;0;
115000;0;0;;0;0;;1;0;;1;0;;1;0;;1;0;;1;0;
115010;0;0;;0;0;;1;0;;1;0;;1;0;;1;0;;1;0;
115020;0;0;;0;0;;1;0;;1;0;;1;0;;1;0;;1;0;
115030;0;0;;0;0;;1;0;;1;0;;1;0;;1;0;;1;0;
115040;0;0;;0;0;;1;0;;1;0;;1;0;;1;0;;1;0;
115050;0;0;;0;0;;1;0;;1;0;;1;0;;1;0;;1;0;
115060;0;0;;0;0;;1;0;;1;0;;1;0;;1;0;;1;0;
115070;0;0;;0;0;;1;0;;1;0;;1;0;;1;0;;1;0;
115080;0;0;;0;0;;1;0;;1;0;;1;0;;1;0;;1;0;
115090;0;0;;0;0;;1;0;;1;0;;1;0;;1;0;;1;0;
115100;0;0;;0;0;;1;0;;1;0;;1;0;;1;0;;1;0;
115110;0;0;;0;0;;1;0;;1;0;;1;0;;1;0;;1;0;
115120;0;0;;0;0;;1;0;;1;0;;1;0;;1;0;;1;0;
115130;0;0;;0;0;;1;0;;1;0;;1;0;;1;0;;1;0;
115140;0;0;;0;0;;1;0;;1;0;;1;0;;1;0;;1;0;
115150;0;0;;0;0;;1;0;;1;0;;1;0;;1;0;;1;0;
115160;0;0;;0;0;;1;0;;1;0;;1;0;;1;0;;1;0;
115170;0;0;;0;0;;1;0;;1;0;;1;0;;1;0;;1;0;
115180;0;0;;0;0;;1;0;;1;0;;1;0;;1;0;;1;0;
115190;0;0;;0;0;;1;0;;1;0;;1;0;;1;0;;1;0;
115200;0;0;;0;0;;1;0;;1;0;;1;0;;1;0;;1;0;
115210;0;0;;0;0;;1;0;;1;0;;1;0;;1;0;;1;0;
115220;0;0;;0;0;;1;0;;1;0;;1;0;;1;0;;1;0;
115230;0;0;;0;0;;1;0;;1;0;;1;0;;1;0;;1;0;
115240;0;0;;0;0;;1;0;;1;0;;1;0;;1;0;;1;0;
115250;0;0;;0;0;;1;0;;1;0;;1;0;;1;0;;1;0;
115260;0;0;;0;0;;1;0;;1;0;;1;0;;1;0;;1;0;
115270;0;0;;0;0;;1;0;;1;0;;1;0;;1;0;;1;0;
115280;0;0;;0;0;;1;0;;1;0;;1;0;;1;0;;1;0;
115290;0;0;;0;0;;1;0;;1;0;;1;0;;1;0;;1;0;
115300;0;0;;0;0;;1;0;;1;0;;1;0;;1;0;;1;0;
115310;0;0;;0;0;;1;0;;1;0;;1;0;;1;0;;1;0;
115320;0;0;;0;0;;1;0;;1;0;;1;0;;1;0;;1;0;
115330;0;0;;0;0;;1;0;;1;0;;1;0;;1;0;;1;0;
115340;0;0;;0;0;;1;0;;1;0;;1;0;;1;0;;1;0;
115350;0;0;;0;0;;1;0;;1;0;;1;0;;1;0;;1;0;
115360;0;0;;0;0;;1;0;;1;0;;1;0;;1;0;;1;0;
115370;0;0;;0;0;;1;0;;1;0;;1;0;;1;0;;1;0;
115380;0;0;;0;0;;1;0;;1;0;;1;0;;1;0;;1;0;
115390;0;0;;0;0;;1;0;;1;0;;1;0;;1;0;;1;0;
115400;0;0;;0;0;;1;0;;1;0;;1;0;;1;0;;1;0;
115410;0;0;;0;0;;1;0;;1;0;;1;0;;1;0;;1;0;
115420;0;0;;0;0;;1;0;;1;0;;1;0;;1;0;;1;0;
115430;0;0;;0;0;;1;0;;1;0;;1;0;;1;0;;1;0;
115440;0;0;;0;0;;1;0;;1;0;;1;0;;1;0;;1;0;
115450;0;0;;0;0;;1;0;;1;0;;1;0;;1;0;;1;0;
115460;0;0;;0;0;;1;0;;1;0;;1;0;;1;0;;1;0;
115470;0;0;;0;0;;1;0;;1;0;;1;0;;1;0;;1;0;
115480;0;0;;0;0;;1;0;;1;0;;1;0;;1;0;;1;0;
115490;0;0;;0;0;;1;0;;1;0;;1;0;;1;0;;1;0;
115500;0;0;;0;0;;1;0;;1;0;;1;0;;1;0;;1;0;
115510;0;0;;0;0;;1;0;;1;0;;1;0;;1;0;;1;0;
115520;0;0;;0;0;;1;0;;1;0;;1;0;;1;0;;1;0;
115530;0;0;;0;0;;1;0;;1;0;;1;0;;1;0;;1;0;
115540;0;0;;0;0;;1;0;;1;0;;1;0;;1;0;;1;0;
115550;0;0;;0;0;;1;0;;1;0;;1;0;;1;0;;1;0;
115560;0;0;;0;0;;1;0;;1;0;;1;0;;1;0;;1;0;
115570;0;0;;0;0;;1;0;;1;0;;1;0;;1;0;;1;0;
115580;0;0;;0;0;;1;0;;1;0;;1;0;;1;0;;1;0;
115590;0;0;;0;0;;1;0;;1;0;;1;0;;1;0;;1;0;
115600;0;0;;0;0;;1;0;;1;0;;1;0;;1;0;;1;0;
115610;0;0;;0;0;;1;0;;1;0;;1;0;;1;0;;1;0;
115620;0;0;;0;0;;1;0;;1;0;;1;0;;1;0;;1;0;
115630;0;0;;0;0;;1;0;;1;0;;1;0;;1;0;;1;0;
115640;0;0;;0;0;;1;0;;1;0;;1;0;;1;0;;1;0;
115650;0;0;;0;0;;1;0;;1;0;;1;0;;1;0;;1;0;
115660;0;0;;0;0;;1;0;;1;0;;1;0;;1;0;;1;0;
115670;0;0;;0;0;;1;0;;1;0;;1;0;;1;0;;1;0;
115680;0;0;;0;0;;1;0;;1;0;;1;0;;1;0;;1;0;
115690;0;0;;0;0;;1;0;;1;0;;1;0;;1;0;;1;0;
115700;0;0;;0;0;;1;0;;1;0;;1;0;;1;0;;1;0;
115710;0;0;;0;0;;1;0;;1;0;;1;0;;1;0;;1;0;
115720;0;0;;0;0;;1;0;;1;0;;1;0;;1;0;;1;0;
115730;0;0;;0;0;;1;0;;1;0;;1;0;;1;0;;1;0;
115740;0;0;;0;0;;1;0;;1;0;;1;0;;1;0;;1;0;
115750;0;0;;0;0;;1;0;;1;0;;1;0;;1;0;;1;0;
115760;0;0;;0;0;;1;0;;1;0;;1;0;;1;0;;1;0;
115770;0;0;;0;0;;1;0;;1;0;;1;0;;1;0;;1;0;
115780;0;0;;0;0;;1;0;;1;0;;1;0;;1;0;;1;0;
115790;0;0;;0;0;;1;0;;1;0;;1;0;;1;0;;1;0;
115800;0;0;;0;0;;1;0;;1;0;;1;0;;1;0;;1;0;
115810;0;0;;0;0;;1;0;;1;0;;1;0;;1;0;;1;0;
115820;0;0;;0;0;;1;0;;1;0;;1;0;;1;0;;1;0;
115830;0;0;;0;0;;1;0;;1;0;;1;0;;1;0;;1;0;
115840;0;0;;0;0;;1;0;;1;0;;1;0;;1;0;;1;0;
115850;0;0;;0;0;;1;0;;1;0;;1;0;;1;0;;1;0;
115860;0;0;;0;0;;1;0;;1;0;;1;0;;1;0;;1;0;
115870;0;0;;0;0;;1;0;;1;0;;1;0;;1;0;;1;0;
115880;0;0;;0;0;;1;0;;1;0;;1;0;;1;0;;1;0;
115890;0;0;;0;0;;1;0;;1;0;;1;0;;1;0;;1;0;
115900;0;0;;0;0;;1;0;;1;0;;1;0;;1;0;;1;0;
115910;0;0;;0;0;;1;0;;1;0;;1;0;;1;0;;1;0;
115920;0;0;;0;0;;1;0;;1;0;;1;0;;1;0;;1;0;
115930;0;0;;0;0;;1;0;;1;0;;1;0;;1;0;;1;0;
115940;0;0;;0;0;;1;0;;1;0;;1;0;;1;0;;1;0;
115950;0;0;;0;0;;1;0;;1;0;;1;0;;1;0;;1;0;
115960;0;0;;0;0;;1;0;;1;0;;1;0;;1;0;;1;0;
115970;0;0;;0;0;;1;0;;1;0;;1;0;;1;0;;1;0;
115980;0;0;;0;0;;1;0;;1;0;;1;0;;1;0;;1;0;
115990;0;0;;0;0;;1;0;;1;0;;1;0;;1;0;;1;0;
116000;0;0;;0;0;;1;0;;1;0;;1;0;;1;0;;1;0;
116010;0;0;;0;0;;1;0;;1;0;;1;0;;1;0;;1;0;
116020;0;0;;0;0;;1;0;;1;0;;1;0;;1;0;;1;0;
116030;0;0;;0;0;;1;0;;1;0;;1;0;;1;0;;1;0;
116040;0;0;;0;0;;1;0;;1;0;;1;0;;1;0;;1;0;
116050;0;0;;0;0;;1;0;;1;0;;1;0;;1;0;;1;0;
116060;0;0;;0;0;;1;0;;1;0;;1;0;;1;0;;1;0;
116070;0;0;;0;0;;1;0;;1;0;;1;0;;1;0;;1;0;
116080;0;0;;0;0;;1;0;;1;0;;1;0;;1;0;;1;0;
116090;0;0;;0;0;;1;0;;1;0;;1;0;;1;0;;1;0;
116100;0;0;;0;0;;1;0;;1;0;;1;0;;1;0;;1;0;
116110;0;0;;0;0;;1;0;;1;0;;1;0;;1;0;;1;0;
116120;0;0;;0;0;;1;0;;1;0;;1;0;;1;0;;1;0;
116130;0;0;;0;0;;1;0;;1;0;;1;0;;1;0;;1;0;
116140;0;0;;0;0;;1;0;;1;0;;1;0;;1;0;;1;0;
116150;0;0;;0;0;;1;0;;1;0;;1;0;;1;0;;1;0;
116160;0;0;;0;0;;1;0;;1;0;;1;0;;1;0;;1;0;
116170;0;0;;0;0;;1;0;;1;0;;1;0;;1;0;;1;0;
116180;0;0;;0;0;;1;0;;1;0;;1;0;;1;0;;1;0;
116190;0;0;;0;0;;1;0;;1;0;;1;0;;1;0;;1;0;
116200;0;0;;0;0;;1;0;;1;0;;1;0;;1;0;;1;0;
116210;0;0;;0;0;;1;0;;1;0;;1;0;;1;0;;1;0;
116220;0;0;;0;0;;1;0;;1;0;;1;0;;1;0;;1;0;
116230;0;0;;0;0;;1;0;;1;0;;1;0;;1;0;;1;0;
116240;0;0;;0;0;;1;0;;1;0;;1;0;;1;0;;1;0;
116250;0;0;;0;0;;1;0;;1;0;;1;0;;1;0;;1;0;
116260;0;0;;0;0;;1;0;;1;0;;1;0;;1;0;;1;0;
116270;0;0;;0;0;;1;0;;1;0;;1;0;;1;0;;1;0;
116280;0;0;;0;0;;1;0;;1;0;;1;0;;1;0;;1;0;
116290;0;0;;0;0;;1;0;;1;0;;1;0;;1;0;;1;0;
116300;0;0;;0;0;;1;0;;1;0;;1;0;;1;0;;1;0;
116310;0;0;;0;0;;1;0;;1;0;;1;0;;1;0;;1;0;
116320;0;0;;0;0;;1;0;;1;0;;1;0;;1;0;;1;0;
116330;0;0;;0;0;;1;0;;1;0;;1;0;;1;0;;1;0;
116340;0;0;;0;0;;1;0;;1;0;;1;0;;1;0;;1;0;
116350;0;0;;0;0;;1;0;;1;0;;1;0;;1;0;;1;0;
116360;0;0;;0;0;;1;0;;1;0;;1;0;;1;0;;1;0;
116370;0;0;;0;0;;1;0;;1;0;;1;0;;1;0;;1;0;
116380;0;0;;0;0;;1;0;;1;0;;1;0;;1;0;;1;0;
116390;0;0;;0;0;;1;0;;1;0;;1;0;;1;0;;1;0;
116400;0;0;;0;0;;1;0;;1;0;;1;0;;1;0;;1;0;
116410;0;0;;0;0;;1;0;;1;0;;1;0;;1;0;;1;0;
116420;0;0;;0;0;;1;0;;1;0;;1;0;;1;0;;1;0;
116430;0;0;;0;0;;1;0;;1;0;;1;0;;1;0;;1;0;
116440;0;0;;0;0;;1;0;;1;0;;1;0;;1;0;;1;0;
116450;0;0;;0;0;;1;0;;1;0;;1;0;;1;0;;1;0;
116460;0;0;;0;0;;1;0;;1;0;;1;0;;1;0;;1;0;
116470;0;0;;0;0;;1;0;;1;0;;1;0;;1;0;;1;0;
116480;0;0;;0;0;;1;0;;1;0;;1;0;;1;0;;1;0;
116490;0;0;;0;0;;1;0;;1;0;;1;0;;1;0;;1;0;
116500;0;0;;0;0;;1;0;;1;0;;1;0;;1;0;;1;0;
116510;0;0;;0;0;;1;0;;1;0;;1;0;;1;0;;1;0;
116520;0;0;;0;0;;1;0;;1;0;;1;0;;1;0;;1;0;
116530;0;0;;0;0;;1;0;;1;0;;1;0;;1;0;;1;0;
116540;0;0;;0;0;;1;0;;1;0;;1;0;;1;0;;1;0;
116550;0;0;;0;0;;1;0;;1;0;;1;0;;1;0;;1;0;
116560;0;0;;0;0;;1;0;;1;0;;1;0;;1;0;;1;0;
116570;0;0;;0;0;;1;0;;1;0;;1;0;;1;0;;1;0;
116580;0;0;;0;0;;1;0;;1;0;;1;0;;1;0;;1;0;
116590;0;0;;0;0;;1;0;;1;0;;1;0;;1;0;;1;0;
116600;0;0;;0;0;;1;0;;1;0;;1;0;;1;0;;1;0;
116610;0;0;;0;0;;1;0;;1;0;;1;0;;1;0;;1;0;
116620;0;0;;0;0;;1;0;;1;0;;1;0;;1;0;;1;0;
116630;0;0;;0;0;;1;0;;1;0;;1;0;;1;0;;1;0;
116640;0;0;;0;0;;1;0;;1;0;;1;0;;1;0;;1;0;
116650;0;0;;0;0;;1;0;;1;0;;1;0;;1;0;;1;0;
116660;0;0;;0;0;;1;0;;1;0;;1;0;;1;0;;1;0;
116670;0;0;;0;0;;1;0;;1;0;;1;0;;1;0;;1;0;
116680;0;0;;0;0;;1;0;;1;0;;1;0;;1;0;;1;0;
116690;0;0;;0;0;;1;0;;1;0;;1;0;;1;0;;1;0;
116700;0;0;;0;0;;1;0;;1;0;;1;0;;1;0;;1;0;
116710;0;0;;0;0;;1;0;;1;0;;1;0;;1;0;;1;0;
116720;0;0;;0;0;;1;0;;1;0;;1;0;;1;0;;1;0;
116730;0;0;;0;0;;1;0;;1;0;;1;0;;1;0;;1;0;
116740;0;0;;0;0;;1;0;;1;0;;1;0;;1;0;;1;0;
116750;0;0;;0;0;;1;0;;1;0;;1;0;;1;0;;1;0;
116760;0;0;;0;0;;1;0;;1;0;;1;0;;1;0;;1;0;
116770;0;0;;0;0;;1;0;;1;0;;1;0;;1;0;;1;0;
116780;0;0;;0;0;;1;0;;1;0;;1;0;;1;0;;1;0;
116790;0;0;;0;0;;1;0;;1;0;;1;0;;1;0;;1;0;
116800;0;0;;0;0;;1;0;;1;0;;1;0;;1;0;;1;0;
116810;0;0;;0;0;;1;0;;1;0;;1;0;;1;0;;1;0;
116820;0;0;;0;0;;1;0;;1;0;;1;0;;1;0;;1;0;
116830;0;0;;0;0;;1;0;;1;0;;1;0;;1;0;;1;0;
116840;0;0;;0;0;;1;0;;1;0;;1;0;;1;0;;1;0;
116850;0;0;;0;0;;1;0;;1;0;;1;0;;1;0;;1;0;
116860;0;0;;0;0;;1;0;;1;0;;1;0;;1;0;;1;0;
116870;0;0;;0;0;;1;0;;1;0;;1;0;;1;0;;1;0;
116880;0;0;;0;0;;1;0;;1;0;;1;0;;1;0;;1;0;
116890;0;0;;0;0;;1;0;;1;0;;1;0;;1;0;;1;0;
116900;0;0;;0;0;;1;0;;1;0;;1;0;;1;0;;1;0;
116910;0;0;;0;0;;1;0;;1;0;;1;0;;1;0;;1;0;
116920;0;0;;0;0;;1;0;;1;0;;1;0;;1;0;;1;0;
116930;0;0;;0;0;;1;0;;1;0;;1;0;;1;0;;1;0;
116940;0;0;;0;0;;1;0;;1;0;;1;0;;1;0;;1;0;
116950;0;0;;0;0;;1;0;;1;0;;1;0;;1;0;;1;0;
116960;0;0;;0;0;;1;0;;1;0;;1;0;;1;0;;1;0;
116970;0;0;;0;0;;1;0;;1;0;;1;0;;1;0;;1;0;
116980;0;0;;0;0;;1;0;;1;0;;1;0;;1;0;;1;0;
116990;0;0;;0;0;;1;0;;1;0;;1;0;;1;0;;1;0;
117000;0;0;;0;0;;1;0;;1;0;;1;0;;1;0;;1;0;
117010;0;0;;0;0;;1;0;;1;0;;1;0;;1;0;;1;0;
117020;0;0;;0;0;;1;0;;1;0;;1;0;;1;0;;1;0;
117030;0;0;;0;0;;1;0;;1;0;;1;0;;1;0;;1;0;
117040;0;0;;0;0;;1;0;;1;0;;1;0;;1;0;;1;0;
117050;0;0;;0;0;;1;0;;1;0;;1;0;;1;0;;1;0;
117060;0;0;;0;0;;1;0;;1;0;;1;0;;1;0;;1;0;
117070;0;0;;0;0;;1;0;;1;0;;1;0;;1;0;;1;0;
117080;0;0;;0;0;;1;0;;1;0;;1;0;;1;0;;1;0;
117090;0;0;;0;0;;1;0;;1;0;;1;0;;1;0;;1;0;
117100;0;0;;0;0;;1;0;;1;0;;1;0;;1;0;;1;0;
117110;0;0;;0;0;;1;0;;1;0;;1;0;;1;0;;1;0;
117120;0;0;;0;0;;1;0;;1;0;;1;0;;1;0;;1;0;
117130;0;0;;0;0;;1;0;;1;0;;1;0;;1;0;;1;0;
117140;0;0;;0;0;;1;0;;1;0;;1;0;;1;0;;1;0;
117150;0;0;;0;0;;1;0;;1;0;;1;0;;1;0;;1;0;
117160;0;0;;0;0;;1;0;;1;0;;1;0;;1;0;;1;0;
117170;0;0;;0;0;;1;0;;1;0;;1;0;;1;0;;1;0;
117180;0;0;;0;0;;1;0;;1;0;;1;0;;1;0;;1;0;
117190;0;0;;0;0;;1;0;;1;0;;1;0;;1;0;;1;0;
117200;0;0;;0;0;;1;0;;1;0;;1;0;;1;0;;1;0;
117210;0;0;;0;0;;1;0;;1;0;;1;0;;1;0;;1;0;
117220;0;0;;0;0;;1;0;;1;0;;1;0;;1;0;;1;0;
117230;0;0;;0;0;;1;0;;1;0;;1;0;;1;0;;1;0;
117240;0;0;;0;0;;1;0;;1;0;;1;0;;1;0;;1;0;
117250;0;0;;0;0;;1;0;;1;0;;1;0;;1;0;;1;0;
117260;0;0;;0;0;;1;0;;1;0;;1;0;;1;0;;1;0;
117270;0;0;;0;0;;1;0;;1;0;;1;0;;1;0;;1;0;
117280;0;0;;0;0;;1;0;;1;0;;1;0;;1;0;;1;0;
117290;0;0;;0;0;;1;0;;1;0;;1;0;;1;0;;1;0;
117300;0;0;;0;0;;1;0;;1;0;;1;0;;1;0;;1;0;
117310;0;0;;0;0;;1;0;;1;0;;1;0;;1;0;;1;0;
117320;0;0;;0;0;;1;0;;1;0;;1;0;;1;0;;1;0;
117330;0;0;;0;0;;1;0;;1;0;;1;0;;1;0;;1;0;
117340;0;0;;0;0;;1;0;;1;0;;1;0;;1;0;;1;0;
117350;0;0;;0;0;;1;0;;1;0;;1;0;;1;0;;1;0;
117360;0;0;;0;0;;1;0;;1;0;;1;0;;1;0;;1;0;
117370;0;0;;0;0;;1;0;;1;0;;1;0;;1;0;;1;0;
117380;0;0;;0;0;;1;0;;1;0;;1;0;;1;0;;1;0;
117390;0;0;;0;0;;1;0;;1;0;;1;0;;1;0;;1;0;
117400;0;0;;0;0;;1;0;;1;0;;1;0;;1;0;;1;0;
117410;0;0;;0;0;;1;0;;1;0;;1;0;;1;0;;1;0;
117420;0;0;;0;0;;1;0;;1;0;;1;0;;1;0;;1;0;
117430;0;0;;0;0;;1;0;;1;0;;1;0;;1;0;;1;0;
117440;0;0;;0;0;;1;0;;1;0;;1;0;;1;0;;1;0;
117450;0;0;;0;0;;1;0;;1;0;;1;0;;1;0;;1;0;
117460;0;0;;0;0;;1;0;;1;0;;1;0;;1;0;;1;0;
117470;0;0;;0;0;;1;0;;1;0;;1;0;;1;0;;1;0;
117480;0;0;;0;0;;1;0;;1;0;;1;0;;1;0;;1;0;
117490;0;0;;0;0;;1;0;;1;0;;1;0;;1;0;;1;0;
117500;0;0;;0;0;;1;0;;1;0;;1;0;;1;0;;1;0;
117510;0;0;;0;0;;1;0;;1;0;;1;0;;1;0;;1;0;
117520;0;0;;0;0;;1;0;;1;0;;1;0;;1;0;;1;0;
117530;0;0;;0;0;;1;0;;1;0;;1;0;;1;0;;1;0;
117540;0;0;;0;0;;1;0;;1;0;;1;0;;1;0;;1;0;
117550;0;0;;0;0;;1;0;;1;0;;1;0;;1;0;;1;0;
117560;0;0;;0;0;;1;0;;1;0;;1;0;;1;0;;1;0;
117570;0;0;;0;0;;1;0;;1;0;;1;0;;1;0;;1;0;
117580;0;0;;0;0;;1;0;;1;0;;1;0;;1;0;;1;0;
117590;0;0;;0;0;;1;0;;1;0;;1;0;;1;0;;1;0;
117600;0;0;;0;0;;1;0;;1;0;;1;0;;1;0;;1;0;
117610;0;0;;0;0;;1;0;;1;0;;1;0;;1;0;;1;0;
117620;0;0;;0;0;;1;0;;1;0;;1;0;;1;0;;1;0;
117630;0;0;;0;0;;1;0;;1;0;;1;0;;1;0;;1;0;
117640;0;0;;0;0;;1;0;;1;0;;1;0;;1;0;;1;0;
117650;0;0;;0;0;;1;0;;1;0;;1;0;;1;0;;1;0;
117660;0;0;;0;0;;1;0;;1;0;;1;0;;1;0;;1;0;
117670;0;0;;0;0;;1;0;;1;0;;1;0;;1;0;;1;0;
117680;0;0;;0;0;;1;0;;1;0;;1;0;;1;0;;1;0;
117690;0;0;;0;0;;1;0;;1;0;;1;0;;1;0;;1;0;
117700;0;0;;0;0;;1;0;;1;0;;1;0;;1;0;;1;0;
117710;0;0;;0;0;;1;0;;1;0;;1;0;;1;0;;1;0;
117720;0;0;;0;0;;1;0;;1;0;;1;0;;1;0;;1;0;
117730;0;0;;0;0;;1;0;;1;0;;1;0;;1;0;;1;0;
117740;0;0;;0;0;;1;0;;1;0;;1;0;;1;0;;1;0;
117750;0;0;;0;0;;1;0;;1;0;;1;0;;1;0;;1;0;
117760;0;0;;0;0;;1;0;;1;0;;1;0;;1;0;;1;0;
117770;0;0;;0;0;;1;0;;1;0;;1;0;;1;0;;1;0;
117780;0;0;;0;0;;1;0;;1;0;;1;0;;1;0;;1;0;
117790;0;0;;0;0;;1;0;;1;0;;1;0;;1;0;;1;0;
117800;0;0;;0;0;;1;0;;1;0;;1;0;;1;0;;1;0;
117810;0;0;;0;0;;1;0;;1;0;;1;0;;1;0;;1;0;
117820;0;0;;0;0;;1;0;;1;0;;1;0;;1;0;;1;0;
117830;0;0;;0;0;;1;0;;1;0;;1;0;;1;0;;1;0;
117840;0;0;;0;0;;1;0;;1;0;;1;0;;1;0;;1;0;
117850;0;0;;0;0;;1;0;;1;0;;1;0;;1;0;;1;0;
117860;0;0;;0;0;;1;0;;1;0;;1;0;;1;0;;1;0;
117870;0;0;;0;0;;1;0;;1;0;;1;0;;1;0;;1;0;
117880;0;0;;0;0;;1;0;;1;0;;1;0;;1;0;;1;0;
117890;0;0;;0;0;;1;0;;1;0;;1;0;;1;0;;1;0;
117900;0;0;;0;0;;1;0;;1;0;;1;0;;1;0;;1;0;
117910;0;0;;0;0;;1;0;;1;0;;1;0;;1;0;;1;0;
117920;0;0;;0;0;;1;0;;1;0;;1;0;;1;0;;1;0;
117930;0;0;;0;0;;1;0;;1;0;;1;0;;1;0;;1;0;
117940;0;0;;0;0;;1;0;;1;0;;1;0;;1;0;;1;0;
117950;0;0;;0;0;;1;0;;1;0;;1;0;;1;0;;1;0;
117960;0;0;;0;0;;1;0;;1;0;;1;0;;1;0;;1;0;
117970;0;0;;0;0;;1;0;;1;0;;1;0;;1;0;;1;0;
117980;0;0;;0;0;;1;0;;1;0;;1;0;;1;0;;1;0;
117990;0;0;;0;0;;1;0;;1;0;;1;0;;1;0;;1;0;
118000;0;0;;0;0;;1;0;;1;0;;1;0;;1;0;;1;0;
118010;0;0;;0;0;;1;0;;1;0;;1;0;;1;0;;1;0;
118020;0;0;;0;0;;1;0;;1;0;;1;0;;1;0;;1;0;
118030;0;0;;0;0;;1;0;;1;0;;1;0;;1;0;;1;0;
118040;0;0;;0;0;;1;0;;1;0;;1;0;;1;0;;1;0;
118050;0;0;;0;0;;1;0;;1;0;;1;0;;1;0;;1;0;
118060;0;0;;0;0;;1;0;;1;0;;1;0;;1;0;;1;0;
118070;0;0;;0;0;;1;0;;1;0;;1;0;;1;0;;1;0;
118080;0;0;;0;0;;1;0;;1;0;;1;0;;1;0;;1;0;
118090;0;0;;0;0;;1;0;;1;0;;1;0;;1;0;;1;0;
118100;0;0;;0;0;;1;0;;1;0;;1;0;;1;0;;1;0;
118110;0;0;;0;0;;1;0;;1;0;;1;0;;1;0;;1;0;
118120;0;0;;0;0;;1;0;;1;0;;1;0;;1;0;;1;0;
118130;0;0;;0;0;;1;0;;1;0;;1;0;;1;0;;1;0;
118140;0;0;;0;0;;1;0;;1;0;;1;0;;1;0;;1;0;
118150;0;0;;0;0;;1;0;;1;0;;1;0;;1;0;;1;0;
118160;0;0;;0;0;;1;0;;1;0;;1;0;;1;0;;1;0;
118170;0;0;;0;0;;1;0;;1;0;;1;0;;1;0;;1;0;
118180;0;0;;0;0;;1;0;;1;0;;1;0;;1;0;;1;0;
118190;0;0;;0;0;;1;0;;1;0;;1;0;;1;0;;1;0;
118200;0;0;;0;0;;1;0;;1;0;;1;0;;1;0;;1;0;
118210;0;0;;0;0;;1;0;;1;0;;1;0;;1;0;;1;0;
118220;0;0;;0;0;;1;0;;1;0;;1;0;;1;0;;1;0;
118230;0;0;;0;0;;1;0;;1;0;;1;0;;1;0;;1;0;
118240;0;0;;0;0;;1;0;;1;0;;1;0;;1;0;;1;0;
118250;0;0;;0;0;;1;0;;1;0;;1;0;;1;0;;1;0;
118260;0;0;;0;0;;1;0;;1;0;;1;0;;1;0;;1;0;
118270;0;0;;0;0;;1;0;;1;0;;1;0;;1;0;;1;0;
118280;0;0;;0;0;;1;0;;1;0;;1;0;;1;0;;1;0;
118290;0;0;;0;0;;1;0;;1;0;;1;0;;1;0;;1;0;
118300;0;0;;0;0;;1;0;;1;0;;1;0;;1;0;;1;0;
118310;0;0;;0;0;;1;0;;1;0;;1;0;;1;0;;1;0;
118320;0;0;;0;0;;1;0;;1;0;;1;0;;1;0;;1;0;
118330;0;0;;0;0;;1;0;;1;0;;1;0;;1;0;;1;0;
118340;0;0;;0;0;;1;0;;1;0;;1;0;;1;0;;1;0;
118350;0;0;;0;0;;1;0;;1;0;;1;0;;1;0;;1;0;
118360;0;0;;0;0;;1;0;;1;0;;1;0;;1;0;;1;0;
118370;0;0;;0;0;;1;0;;1;0;;1;0;;1;0;;1;0;
118380;0;0;;0;0;;1;0;;1;0;;1;0;;1;0;;1;0;
118390;0;0;;0;0;;1;0;;1;0;;1;0;;1;0;;1;0;
118400;0;0;;0;0;;1;0;;1;0;;1;0;;1;0;;1;0;
118410;0;0;;0;0;;1;0;;1;0;;1;0;;1;0;;1;0;
118420;0;0;;0;0;;1;0;;1;0;;1;0;;1;0;;1;0;
118430;0;0;;0;0;;1;0;;1;0;;1;0;;1;0;;1;0;
118440;0;0;;0;0;;1;0;;1;0;;1;0;;1;0;;1;0;
118450;0;0;;0;0;;1;0;;1;0;;1;0;;1;0;;1;0;
118460;0;0;;0;0;;1;0;;1;0;;1;0;;1;0;;1;0;
118470;0;0;;0;0;;1;0;;1;0;;1;0;;1;0;;1;0;
118480;0;0;;0;0;;1;0;;1;0;;1;0;;1;0;;1;0;
118490;0;0;;0;0;;1;0;;1;0;;1;0;;1;0;;1;0;
118500;0;0;;0;0;;1;0;;1;0;;1;0;;1;0;;1;0;
118510;0;0;;0;0;;1;0;;1;0;;1;0;;1;0;;1;0;
118520;0;0;;0;0;;1;0;;1;0;;1;0;;1;0;;1;0;
118530;0;0;;0;0;;1;0;;1;0;;1;0;;1;0;;1;0;
118540;0;0;;0;0;;1;0;;1;0;;1;0;;1;0;;1;0;
118550;0;0;;0;0;;1;0;;1;0;;1;0;;1;0;;1;0;
118560;0;0;;0;0;;1;0;;1;0;;1;0;;1;0;;1;0;
118570;0;0;;0;0;;1;0;;1;0;;1;0;;1;0;;1;0;
118580;0;0;;0;0;;1;0;;1;0;;1;0;;1;0;;1;0;
118590;0;0;;0;0;;1;0;;1;0;;1;0;;1;0;;1;0;
118600;0;0;;0;0;;1;0;;1;0;;1;0;;1;0;;1;0;
118610;0;0;;0;0;;1;0;;1;0;;1;0;;1;0;;1;0;
118620;0;0;;0;0;;1;0;;1;0;;1;0;;1;0;;1;0;
118630;0;0;;0;0;;1;0;;1;0;;1;0;;1;0;;1;0;
118640;0;0;;0;0;;1;0;;1;0;;1;0;;1;0;;1;0;
118650;0;0;;0;0;;1;0;;1;0;;1;0;;1;0;;1;0;
118660;0;0;;0;0;;1;0;;1;0;;1;0;;1;0;;1;0;
118670;0;0;;0;0;;1;0;;1;0;;1;0;;1;0;;1;0;
118680;0;0;;0;0;;1;0;;1;0;;1;0;;1;0;;1;0;
118690;0;0;;0;0;;1;0;;1;0;;1;0;;1;0;;1;0;
118700;0;0;;0;0;;1;0;;1;0;;1;0;;1;0;;1;0;
118710;0;0;;0;0;;1;0;;1;0;;1;0;;1;0;;1;0;
118720;0;0;;0;0;;1;0;;1;0;;1;0;;1;0;;1;0;
118730;0;0;;0;0;;1;0;;1;0;;1;0;;1;0;;1;0;
118740;0;0;;0;0;;1;0;;1;0;;1;0;;1;0;;1;0;
118750;0;0;;0;0;;1;0;;1;0;;1;0;;1;0;;1;0;
118760;0;0;;0;0;;1;0;;1;0;;1;0;;1;0;;1;0;
118770;0;0;;0;0;;1;0;;1;0;;1;0;;1;0;;1;0;
118780;0;0;;0;0;;1;0;;1;0;;1;0;;1;0;;1;0;
118790;0;0;;0;0;;1;0;;1;0;;1;0;;1;0;;1;0;
118800;0;0;;0;0;;1;0;;1;0;;1;0;;1;0;;1;0;
118810;0;0;;0;0;;1;0;;1;0;;1;0;;1;0;;1;0;
118820;0;0;;0;0;;1;0;;1;0;;1;0;;1;0;;1;0;
118830;0;0;;0;0;;1;0;;1;0;;1;0;;1;0;;1;0;
118840;0;0;;0;0;;1;0;;1;0;;1;0;;1;0;;1;0;
118850;0;0;;0;0;;1;0;;1;0;;1;0;;1;0;;1;0;
118860;0;0;;0;0;;1;0;;1;0;;1;0;;1;0;;1;0;
118870;0;0;;0;0;;1;0;;1;0;;1;0;;1;0;;1;0;
118880;0;0;;0;0;;1;0;;1;0;;1;0;;1;0;;1;0;
118890;0;0;;0;0;;1;0;;1;0;;1;0;;1;0;;1;0;
118900;0;0;;0;0;;1;0;;1;0;;1;0;;1;0;;1;0;
118910;0;0;;0;0;;1;0;;1;0;;1;0;;1;0;;1;0;
118920;0;0;;0;0;;1;0;;1;0;;1;0;;1;0;;1;0;
118930;0;0;;0;0;;1;0;;1;0;;1;0;;1;0;;1;0;
118940;0;0;;0;0;;1;0;;1;0;;1;0;;1;0;;1;0;
118950;0;0;;0;0;;1;0;;1;0;;1;0;;1;0;;1;0;
118960;0;0;;0;0;;1;0;;1;0;;1;0;;1;0;;1;0;
118970;0;0;;0;0;;1;0;;1;0;;1;0;;1;0;;1;0;
118980;0;0;;0;0;;1;0;;1;0;;1;0;;1;0;;1;0;
118990;0;0;;0;0;;1;0;;1;0;;1;0;;1;0;;1;0;
119000;0;0;;0;0;;1;0;;1;0;;1;0;;1;0;;1;0;
119010;0;0;;0;0;;1;0;;1;0;;1;0;;1;0;;1;0;
119020;0;0;;0;0;;1;0;;1;0;;1;0;;1;0;;1;0;
119030;0;0;;0;0;;1;0;;1;0;;1;0;;1;0;;1;0;
119040;0;0;;0;0;;1;0;;1;0;;1;0;;1;0;;1;0;
119050;0;0;;0;0;;1;0;;1;0;;1;0;;1;0;;1;0;
119060;0;0;;0;0;;1;0;;1;0;;1;0;;1;0;;1;0;
119070;0;0;;0;0;;1;0;;1;0;;1;0;;1;0;;1;0;
119080;0;0;;0;0;;1;0;;1;0;;1;0;;1;0;;1;0;
119090;0;0;;0;0;;1;0;;1;0;;1;0;;1;0;;1;0;
119100;0;0;;0;0;;1;0;;1;0;;1;0;;1;0;;1;0;
119110;0;0;;0;0;;1;0;;1;0;;1;0;;1;0;;1;0;
119120;0;0;;0;0;;1;0;;1;0;;1;0;;1;0;;1;0;
119130;0;0;;0;0;;1;0;;1;0;;1;0;;1;0;;1;0;
119140;0;0;;0;0;;1;0;;1;0;;1;0;;1;0;;1;0;
119150;0;0;;0;0;;1;0;;1;0;;1;0;;1;0;;1;0;
119160;0;0;;0;0;;1;0;;1;0;;1;0;;1;0;;1;0;
119170;0;0;;0;0;;1;0;;1;0;;1;0;;1;0;;1;0;
119180;0;0;;0;0;;1;0;;1;0;;1;0;;1;0;;1;0;
119190;0;0;;0;0;;1;0;;1;0;;1;0;;1;0;;1;0;
119200;0;0;;0;0;;1;0;;1;0;;1;0;;1;0;;1;0;
119210;0;0;;0;0;;1;0;;1;0;;1;0;;1;0;;1;0;
119220;0;0;;0;0;;1;0;;1;0;;1;0;;1;0;;1;0;
119230;0;0;;0;0;;1;0;;1;0;;1;0;;1;0;;1;0;
119240;0;0;;0;0;;1;0;;1;0;;1;0;;1;0;;1;0;
119250;0;0;;0;0;;1;0;;1;0;;1;0;;1;0;;1;0;
119260;0;0;;0;0;;1;0;;1;0;;1;0;;1;0;;1;0;
119270;0;0;;0;0;;1;0;;1;0;;1;0;;1;0;;1;0;
119280;0;0;;0;0;;1;0;;1;0;;1;0;;1;0;;1;0;
119290;0;0;;0;0;;1;0;;1;0;;1;0;;1;0;;1;0;
119300;0;0;;0;0;;1;0;;1;0;;1;0;;1;0;;1;0;
119310;0;0;;0;0;;1;0;;1;0;;1;0;;1;0;;1;0;
119320;0;0;;0;0;;1;0;;1;0;;1;0;;1;0;;1;0;
119330;0;0;;0;0;;1;0;;1;0;;1;0;;1;0;;1;0;
119340;0;0;;0;0;;1;0;;1;0;;1;0;;1;0;;1;0;
119350;0;0;;0;0;;1;0;;1;0;;1;0;;1;0;;1;0;
119360;0;0;;0;0;;1;0;;1;0;;1;0;;1;0;;1;0;
119370;0;0;;0;0;;1;0;;1;0;;1;0;;1;0;;1;0;
119380;0;0;;0;0;;1;0;;1;0;;1;0;;1;0;;1;0;
119390;0;0;;0;0;;1;0;;1;0;;1;0;;1;0;;1;0;
119400;0;0;;0;0;;1;0;;1;0;;1;0;;1;0;;1;0;
119410;0;0;;0;0;;1;0;;1;0;;1;0;;1;0;;1;0;
119420;0;0;;0;0;;1;0;;1;0;;1;0;;1;0;;1;0;
119430;0;0;;0;0;;1;0;;1;0;;1;0;;1;0;;1;0;
119440;0;0;;0;0;;1;0;;1;0;;1;0;;1;0;;1;0;
119450;0;0;;0;0;;1;0;;1;0;;1;0;;1;0;;1;0;
119460;0;0;;0;0;;1;0;;1;0;;1;0;;1;0;;1;0;
119470;0;0;;0;0;;1;0;;1;0;;1;0;;1;0;;1;0;
119480;0;0;;0;0;;1;0;;1;0;;1;0;;1;0;;1;0;
119490;0;0;;0;0;;1;0;;1;0;;1;0;;1;0;;1;0;
119500;0;0;;0;0;;1;0;;1;0;;1;0;;1;0;;1;0;
119510;0;0;;0;0;;1;0;;1;0;;1;0;;1;0;;1;0;
119520;0;0;;0;0;;1;0;;1;0;;1;0;;1;0;;1;0;
119530;0;0;;0;0;;1;0;;1;0;;1;0;;1;0;;1;0;
119540;0;0;;0;0;;1;0;;1;0;;1;0;;1;0;;1;0;
119550;0;0;;0;0;;1;0;;1;0;;1;0;;1;0;;1;0;
119560;0;0;;0;0;;1;0;;1;0;;1;0;;1;0;;1;0;
119570;0;0;;0;0;;1;0;;1;0;;1;0;;1;0;;1;0;
119580;0;0;;0;0;;1;0;;1;0;;1;0;;1;0;;1;0;
119590;0;0;;0;0;;1;0;;1;0;;1;0;;1;0;;1;0;
119600;0;0;;0;0;;1;0;;1;0;;1;0;;1;0;;1;0;
119610;0;0;;0;0;;1;0;;1;0;;1;0;;1;0;;1;0;
119620;0;0;;0;0;;1;0;;1;0;;1;0;;1;0;;1;0;
119630;0;0;;0;0;;1;0;;1;0;;1;0;;1;0;;1;0;
119640;0;0;;0;0;;1;0;;1;0;;1;0;;1;0;;1;0;
119650;0;0;;0;0;;1;0;;1;0;;1;0;;1;0;;1;0;
119660;0;0;;0;0;;1;0;;1;0;;1;0;;1;0;;1;0;
119670;0;0;;0;0;;1;0;;1;0;;1;0;;1;0;;1;0;
119680;0;0;;0;0;;1;0;;1;0;;1;0;;1;0;;1;0;
119690;0;0;;0;0;;1;0;;1;0;;1;0;;1;0;;1;0;
119700;0;0;;0;0;;1;0;;1;0;;1;0;;1;0;;1;0;
119710;0;0;;0;0;;1;0;;1;0;;1;0;;1;0;;1;0;
119720;0;0;;0;0;;1;0;;1;0;;1;0;;1;0;;1;0;
119730;0;0;;0;0;;1;0;;1;0;;1;0;;1;0;;1;0;
119740;0;0;;0;0;;1;0;;1;0;;1;0;;1;0;;1;0;
119750;0;0;;0;0;;1;0;;1;0;;1;0;;1;0;;1;0;
119760;0;0;;0;0;;1;0;;1;0;;1;0;;1;0;;1;0;
119770;0;0;;0;0;;1;0;;1;0;;1;0;;1;0;;1;0;
119780;0;0;;0;0;;1;0;;1;0;;1;0;;1;0;;1;0;
119790;0;0;;0;0;;1;0;;1;0;;1;0;;1;0;;1;0;
119800;0;0;;0;0;;1;0;;1;0;;1;0;;1;0;;1;0;
119810;0;0;;0;0;;1;0;;1;0;;1;0;;1;0;;1;0;
119820;0;0;;0;0;;1;0;;1;0;;1;0;;1;0;;1;0;
119830;0;0;;0;0;;1;0;;1;0;;1;0;;1;0;;1;0;
119840;0;0;;0;0;;1;0;;1;0;;1;0;;1;0;;1;0;
119850;0;0;;0;0;;1;0;;1;0;;1;0;;1;0;;1;0;
119860;0;0;;0;0;;1;0;;1;0;;1;0;;1;0;;1;0;
119870;0;0;;0;0;;1;0;;1;0;;1;0;;1;0;;1;0;
119880;0;0;;0;0;;1;0;;1;0;;1;0;;1;0;;1;0;
119890;0;0;;0;0;;1;0;;1;0;;1;0;;1;0;;1;0;
119900;0;0;;0;0;;1;0;;1;0;;1;0;;1;0;;1;0;
119910;0;0;;0;0;;1;0;;1;0;;1;0;;1;0;;1;0;
119920;0;0;;0;0;;1;0;;1;0;;1;0;;1;0;;1;0;
119930;0;0;;0;0;;1;0;;1;0;;1;0;;1;0;;1;0;
119940;0;0;;0;0;;1;0;;1;0;;1;0;;1;0;;1;0;
119950;0;0;;0;0;;1;0;;1;0;;1;0;;1;0;;1;0;
119960;0;0;;0;0;;1;0;;1;0;;1;0;;1;0;;1;0;
119970;0;0;;0;0;;1;0;;1;0;;1;0;;1;0;;1;0;
119980;0;0;;0;0;;1;0;;1;0;;1;0;;1;0;;1;0;
119990;0;0;;0;0;;1;0;;1;0;;1;0;;1;0;;1;0;
120000;0;0;;0;0;;1;0;;1;0;;1;0;;1;0;;1;0;
120010;0;0;;0;0;;1;0;;1;0;;1;0;;1;0;;1;0;
120020;0;0;;0;0;;1;0;;1;0;;1;0;;1;0;;1;0;
120030;0;0;;0;0;;1;0;;1;0;;1;0;;1;0;;1;0;
120040;0;0;;0;0;;1;0;;1;0;;1;0;;1;0;;1;0;
120050;0;0;;0;0;;1;0;;1;0;;1;0;;1;0;;1;0;
120060;0;0;;0;0;;1;0;;1;0;;1;0;;1;0;;1;0;
120070;0;0;;0;0;;1;0;;1;0;;1;0;;1;0;;1;0;
120080;0;0;;0;0;;1;0;;1;0;;1;0;;1;0;;1;0;
120090;0;0;;0;0;;1;0;;1;0;;1;0;;1;0;;1;0;
120100;0;0;;0;0;;1;0;;1;0;;1;0;;1;0;;1;0;
120110;0;0;;0;0;;1;0;;1;0;;1;0;;1;0;;1;0;
120120;0;0;;0;0;;1;0;;1;0;;1;0;;1;0;;1;0;
120130;0;0;;0;0;;1;0;;1;0;;1;0;;1;0;;1;0;
120140;0;0;;0;0;;1;0;;1;0;;1;0;;1;0;;1;0;
120150;0;0;;0;0;;1;0;;1;0;;1;0;;1;0;;1;0;
120160;0;0;;0;0;;1;0;;1;0;;1;0;;1;0;;1;0;
120170;0;0;;0;0;;1;0;;1;0;;1;0;;1;0;;1;0;
120180;0;0;;0;0;;1;0;;1;0;;1;0;;1;0;;1;0;
120190;0;0;;0;0;;1;0;;1;0;;1;0;;1;0;;1;0;
120200;0;0;;0;0;;1;0;;1;0;;1;0;;1;0;;1;0;
120210;0;0;;0;0;;1;0;;1;0;;1;0;;1;0;;1;0;
120220;0;0;;0;0;;1;0;;1;0;;1;0;;1;0;;1;0;
120230;0;0;;0;0;;1;0;;1;0;;1;0;;1;0;;1;0;
120240;0;0;;0;0;;1;0;;1;0;;1;0;;1;0;;1;0;
120250;0;0;;0;0;;1;0;;1;0;;1;0;;1;0;;1;0;
120260;0;0;;0;0;;1;0;;1;0;;1;0;;1;0;;1;0;
120270;0;0;;0;0;;1;0;;1;0;;1;0;;1;0;;1;0;
120280;0;0;;0;0;;1;0;;1;0;;1;0;;1;0;;1;0;
120290;0;0;;0;0;;1;0;;1;0;;1;0;;1;0;;1;0;
120300;0;0;;0;0;;1;0;;1;0;;1;0;;1;0;;1;0;
120310;0;0;;0;0;;1;0;;1;0;;1;0;;1;0;;1;0;
120320;0;0;;0;0;;1;0;;1;0;;1;0;;1;0;;1;0;
120330;0;0;;0;0;;1;0;;1;0;;1;0;;1;0;;1;0;
120340;0;0;;0;0;;1;0;;1;0;;1;0;;1;0;;1;0;
120350;0;0;;0;0;;1;0;;1;0;;1;0;;1;0;;1;0;
120360;0;0;;0;0;;1;0;;1;0;;1;0;;1;0;;1;0;
120370;0;0;;0;0;;1;0;;1;0;;1;0;;1;0;;1;0;
120380;0;0;;0;0;;1;0;;1;0;;1;0;;1;0;;1;0;
120390;0;0;;0;0;;1;0;;1;0;;1;0;;1;0;;1;0;
120400;0;0;;0;0;;1;0;;1;0;;1;0;;1;0;;1;0;
120410;0;0;;0;0;;1;0;;1;0;;1;0;;1;0;;1;0;
120420;0;0;;0;0;;1;0;;1;0;;1;0;;1;0;;1;0;
120430;0;0;;0;0;;1;0;;1;0;;1;0;;1;0;;1;0;
120440;0;0;;0;0;;1;0;;1;0;;1;0;;1;0;;1;0;
120450;0;0;;0;0;;1;0;;1;0;;1;0;;1;0;;1;0;
120460;0;0;;0;0;;1;0;;1;0;;1;0;;1;0;;1;0;
120470;0;0;;0;0;;1;0;;1;0;;1;0;;1;0;;1;0;
120480;0;0;;0;0;;1;0;;1;0;;1;0;;1;0;;1;0;
120490;0;0;;0;0;;1;0;;1;0;;1;0;;1;0;;1;0;
120500;0;0;;0;0;;1;0;;1;0;;1;0;;1;0;;1;0;
120510;0;0;;0;0;;1;0;;1;0;;1;0;;1;0;;1;0;
120520;0;0;;0;0;;1;0;;1;0;;1;0;;1;0;;1;0;
120530;0;0;;0;0;;1;0;;1;0;;1;0;;1;0;;1;0;
120540;0;0;;0;0;;1;0;;1;0;;1;0;;1;0;;1;0;
120550;0;0;;0;0;;1;0;;1;0;;1;0;;1;0;;1;0;
120560;0;0;;0;0;;1;0;;1;0;;1;0;;1;0;;1;0;
120570;0;0;;0;0;;1;0;;1;0;;1;0;;1;0;;1;0;
120580;0;0;;0;0;;1;0;;1;0;;1;0;;1;0;;1;0;
120590;0;0;;0;0;;1;0;;1;0;;1;0;;1;0;;1;0;
120600;0;0;;0;0;;1;0;;1;0;;1;0;;1;0;;1;0;
120610;0;0;;0;0;;1;0;;1;0;;1;0;;1;0;;1;0;
120620;0;0;;0;0;;1;0;;1;0;;1;0;;1;0;;1;0;
120630;0;0;;0;0;;1;0;;1;0;;1;0;;1;0;;1;0;
120640;0;0;;0;0;;1;0;;1;0;;1;0;;1;0;;1;0;
120650;0;0;;0;0;;1;0;;1;0;;1;0;;1;0;;1;0;
120660;0;0;;0;0;;1;0;;1;0;;1;0;;1;0;;1;0;
120670;0;0;;0;0;;1;0;;1;0;;1;0;;1;0;;1;0;
120680;0;0;;0;0;;1;0;;1;0;;1;0;;1;0;;1;0;
120690;0;0;;0;0;;1;0;;1;0;;1;0;;1;0;;1;0;
120700;0;0;;0;0;;1;0;;1;0;;1;0;;1;0;;1;0;
120710;0;0;;0;0;;1;0;;1;0;;1;0;;1;0;;1;0;
120720;0;0;;0;0;;1;0;;1;0;;1;0;;1;0;;1;0;
120730;0;0;;0;0;;1;0;;1;0;;1;0;;1;0;;1;0;
120740;0;0;;0;0;;1;0;;1;0;;1;0;;1;0;;1;0;
120750;0;0;;0;0;;1;0;;1;0;;1;0;;1;0;;1;0;
120760;0;0;;0;0;;1;0;;1;0;;1;0;;1;0;;1;0;
120770;0;0;;0;0;;1;0;;1;0;;1;0;;1;0;;1;0;
120780;0;0;;0;0;;1;0;;1;0;;1;0;;1;0;;1;0;
120790;0;0;;0;0;;1;0;;1;0;;1;0;;1;0;;1;0;
120800;0;0;;0;0;;1;0;;1;0;;1;0;;1;0;;1;0;
120810;0;0;;0;0;;1;0;;1;0;;1;0;;1;0;;1;0;
120820;0;0;;0;0;;1;0;;1;0;;1;0;;1;0;;1;0;
120830;0;0;;0;0;;1;0;;1;0;;1;0;;1;0;;1;0;
120840;0;0;;0;0;;1;0;;1;0;;1;0;;1;0;;1;0;
120850;0;0;;0;0;;1;0;;1;0;;1;0;;1;0;;1;0;
120860;0;0;;0;0;;1;0;;1;0;;1;0;;1;0;;1;0;
120870;0;0;;0;0;;1;0;;1;0;;1;0;;1;0;;1;0;
120880;0;0;;0;0;;1;0;;1;0;;1;0;;1;0;;1;0;
120890;0;0;;0;0;;1;0;;1;0;;1;0;;1;0;;1;0;
120900;0;0;;0;0;;1;0;;1;0;;1;0;;1;0;;1;0;
120910;0;0;;0;0;;1;0;;1;0;;1;0;;1;0;;1;0;
120920;0;0;;0;0;;1;0;;1;0;;1;0;;1;0;;1;0;
120930;0;0;;0;0;;1;0;;1;0;;1;0;;1;0;;1;0;
120940;0;0;;0;0;;1;0;;1;0;;1;0;;1;0;;1;0;
120950;0;0;;0;0;;1;0;;1;0;;1;0;;1;0;;1;0;
120960;0;0;;0;0;;1;0;;1;0;;1;0;;1;0;;1;0;
120970;0;0;;0;0;;1;0;;1;0;;1;0;;1;0;;1;0;
120980;0;0;;0;0;;1;0;;1;0;;1;0;;1;0;;1;0;
120990;0;0;;0;0;;1;0;;1;0;;1;0;;1;0;;1;0;
121000;0;0;;0;0;;1;0;;1;0;;1;0;;1;0;;1;0;
121010;0;0;;0;0;;1;0;;1;0;;1;0;;1;0;;1;0;
121020;0;0;;0;0;;1;0;;1;0;;1;0;;1;0;;1;0;
121030;0;0;;0;0;;1;0;;1;0;;1;0;;1;0;;1;0;
121040;0;0;;0;0;;1;0;;1;0;;1;0;;1;0;;1;0;
121050;0;0;;0;0;;1;0;;1;0;;1;0;;1;0;;1;0;
121060;0;0;;0;0;;1;0;;1;0;;1;0;;1;0;;1;0;
121070;0;0;;0;0;;1;0;;1;0;;1;0;;1;0;;1;0;
121080;0;0;;0;0;;1;0;;1;0;;1;0;;1;0;;1;0;
121090;0;0;;0;0;;1;0;;1;0;;1;0;;1;0;;1;0;
121100;0;0;;0;0;;1;0;;1;0;;1;0;;1;0;;1;0;
121110;0;0;;0;0;;1;0;;1;0;;1;0;;1;0;;1;0;
121120;0;0;;0;0;;1;0;;1;0;;1;0;;1;0;;1;0;
121130;0;0;;0;0;;1;0;;1;0;;1;0;;1;0;;1;0;
121140;0;0;;0;0;;1;0;;1;0;;1;0;;1;0;;1;0;
121150;0;0;;0;0;;1;0;;1;0;;1;0;;1;0;;1;0;
121160;0;0;;0;0;;1;0;;1;0;;1;0;;1;0;;1;0;
121170;0;0;;0;0;;1;0;;1;0;;1;0;;1;0;;1;0;
121180;0;0;;0;0;;1;0;;1;0;;1;0;;1;0;;1;0;
121190;0;0;;0;0;;1;0;;1;0;;1;0;;1;0;;1;0;
121200;0;0;;0;0;;1;0;;1;0;;1;0;;1;0;;1;0;
121210;0;0;;0;0;;1;0;;1;0;;1;0;;1;0;;1;0;
121220;0;0;;0;0;;1;0;;1;0;;1;0;;1;0;;1;0;
121230;0;0;;0;0;;1;0;;1;0;;1;0;;1;0;;1;0;
121240;0;0;;0;0;;1;0;;1;0;;1;0;;1;0;;1;0;
121250;0;0;;0;0;;1;0;;1;0;;1;0;;1;0;;1;0;
121260;0;0;;0;0;;1;0;;1;0;;1;0;;1;0;;1;0;
121270;0;0;;0;0;;1;0;;1;0;;1;0;;1;0;;1;0;
121280;0;0;;0;0;;1;0;;1;0;;1;0;;1;0;;1;0;
121290;0;0;;0;0;;1;0;;1;0;;1;0;;1;0;;1;0;
121300;0;0;;0;0;;1;0;;1;0;;1;0;;1;0;;1;0;
121310;0;0;;0;0;;1;0;;1;0;;1;0;;1;0;;1;0;
121320;0;0;;0;0;;1;0;;1;0;;1;0;;1;0;;1;0;
121330;0;0;;0;0;;1;0;;1;0;;1;0;;1;0;;1;0;
121340;0;0;;0;0;;1;0;;1;0;;1;0;;1;0;;1;0;
121350;0;0;;0;0;;1;0;;1;0;;1;0;;1;0;;1;0;
121360;0;0;;0;0;;1;0;;1;0;;1;0;;1;0;;1;0;
121370;0;0;;0;0;;1;0;;1;0;;1;0;;1;0;;1;0;
121380;0;0;;0;0;;1;0;;1;0;;1;0;;1;0;;1;0;
121390;0;0;;0;0;;1;0;;1;0;;1;0;;1;0;;1;0;
121400;0;0;;0;0;;1;0;;1;0;;1;0;;1;0;;1;0;
121410;0;0;;0;0;;1;0;;1;0;;1;0;;1;0;;1;0;
121420;0;0;;0;0;;1;0;;1;0;;1;0;;1;0;;1;0;
121430;0;0;;0;0;;1;0;;1;0;;1;0;;1;0;;1;0;
121440;0;0;;0;0;;1;0;;1;0;;1;0;;1;0;;1;0;
121450;0;0;;0;0;;1;0;;1;0;;1;0;;1;0;;1;0;
121460;0;0;;0;0;;1;0;;1;0;;1;0;;1;0;;1;0;
121470;0;0;;0;0;;1;0;;1;0;;1;0;;1;0;;1;0;
121480;0;0;;0;0;;1;0;;1;0;;1;0;;1;0;;1;0;
121490;0;0;;0;0;;1;0;;1;0;;1;0;;1;0;;1;0;
121500;0;0;;0;0;;1;0;;1;0;;1;0;;1;0;;1;0;
121510;0;0;;0;0;;1;0;;1;0;;1;0;;1;0;;1;0;
121520;0;0;;0;0;;1;0;;1;0;;1;0;;1;0;;1;0;
121530;0;0;;0;0;;1;0;;1;0;;1;0;;1;0;;1;0;
121540;0;0;;0;0;;1;0;;1;0;;1;0;;1;0;;1;0;
121550;0;0;;0;0;;1;0;;1;0;;1;0;;1;0;;1;0;
121560;0;0;;0;0;;1;0;;1;0;;1;0;;1;0;;1;0;
121570;0;0;;0;0;;1;0;;1;0;;1;0;;1;0;;1;0;
121580;0;0;;0;0;;1;0;;1;0;;1;0;;1;0;;1;0;
121590;0;0;;0;0;;1;0;;1;0;;1;0;;1;0;;1;0;
121600;0;0;;0;0;;1;0;;1;0;;1;0;;1;0;;1;0;
121610;0;0;;0;0;;1;0;;1;0;;1;0;;1;0;;1;0;
121620;0;0;;0;0;;1;0;;1;0;;1;0;;1;0;;1;0;
121630;0;0;;0;0;;1;0;;1;0;;1;0;;1;0;;1;0;
121640;0;0;;0;0;;1;0;;1;0;;1;0;;1;0;;1;0;
121650;0;0;;0;0;;1;0;;1;0;;1;0;;1;0;;1;0;
121660;0;0;;0;0;;1;0;;1;0;;1;0;;1;0;;1;0;
121670;0;0;;0;0;;1;0;;1;0;;1;0;;1;0;;1;0;
121680;0;0;;0;0;;1;0;;1;0;;1;0;;1;0;;1;0;
121690;0;0;;0;0;;1;0;;1;0;;1;0;;1;0;;1;0;
121700;0;0;;0;0;;1;0;;1;0;;1;0;;1;0;;1;0;
121710;0;0;;0;0;;1;0;;1;0;;1;0;;1;0;;1;0;
121720;0;0;;0;0;;1;0;;1;0;;1;0;;1;0;;1;0;
121730;0;0;;0;0;;1;0;;1;0;;1;0;;1;0;;1;0;
121740;0;0;;0;0;;1;0;;1;0;;1;0;;1;0;;1;0;
121750;0;0;;0;0;;1;0;;1;0;;1;0;;1;0;;1;0;
121760;0;0;;0;0;;1;0;;1;0;;1;0;;1;0;;1;0;
121770;0;0;;0;0;;1;0;;1;0;;1;0;;1;0;;1;0;
121780;0;0;;0;0;;1;0;;1;0;;1;0;;1;0;;1;0;
121790;0;0;;0;0;;1;0;;1;0;;1;0;;1;0;;1;0;
121800;0;0;;0;0;;1;0;;1;0;;1;0;;1;0;;1;0;
121810;0;0;;0;0;;1;0;;1;0;;1;0;;1;0;;1;0;
121820;0;0;;0;0;;1;0;;1;0;;1;0;;1;0;;1;0;
121830;0;0;;0;0;;1;0;;1;0;;1;0;;1;0;;1;0;
121840;0;0;;0;0;;1;0;;1;0;;1;0;;1;0;;1;0;
121850;0;0;;0;0;;1;0;;1;0;;1;0;;1;0;;1;0;
121860;0;0;;0;0;;1;0;;1;0;;1;0;;1;0;;1;0;
121870;0;0;;0;0;;1;0;;1;0;;1;0;;1;0;;1;0;
121880;0;0;;0;0;;1;0;;1;0;;1;0;;1;0;;1;0;
121890;0;0;;0;0;;1;0;;1;0;;1;0;;1;0;;1;0;
121900;0;0;;0;0;;1;0;;1;0;;1;0;;1;0;;1;0;
121910;0;0;;0;0;;1;0;;1;0;;1;0;;1;0;;1;0;
121920;0;0;;0;0;;1;0;;1;0;;1;0;;1;0;;1;0;
121930;0;0;;0;0;;1;0;;1;0;;1;0;;1;0;;1;0;
121940;0;0;;0;0;;1;0;;1;0;;1;0;;1;0;;1;0;
121950;0;0;;0;0;;1;0;;1;0;;1;0;;1;0;;1;0;
121960;0;0;;0;0;;1;0;;1;0;;1;0;;1;0;;1;0;
121970;0;0;;0;0;;1;0;;1;0;;1;0;;1;0;;1;0;
121980;0;0;;0;0;;1;0;;1;0;;1;0;;1;0;;1;0;
121990;0;0;;0;0;;1;0;;1;0;;1;0;;1;0;;1;0;
122000;0;0;;0;0;;1;0;;1;0;;1;0;;1;0;;1;0;
122010;0;0;;0;0;;1;0;;1;0;;1;0;;1;0;;1;0;
122020;0;0;;0;0;;1;0;;1;0;;1;0;;1;0;;1;0;
122030;0;0;;0;0;;1;0;;1;0;;1;0;;1;0;;1;0;
122040;0;0;;0;0;;1;0;;1;0;;1;0;;1;0;;1;0;
122050;0;0;;0;0;;1;0;;1;0;;1;0;;1;0;;1;0;
122060;0;0;;0;0;;1;0;;1;0;;1;0;;1;0;;1;0;
122070;0;0;;0;0;;1;0;;1;0;;1;0;;1;0;;1;0;
122080;0;0;;0;0;;1;0;;1;0;;1;0;;1;0;;1;0;
122090;0;0;;0;0;;1;0;;1;0;;1;0;;1;0;;1;0;
122100;0;0;;0;0;;1;0;;1;0;;1;0;;1;0;;1;0;
122110;0;0;;0;0;;1;0;;1;0;;1;0;;1;0;;1;0;
122120;0;0;;0;0;;1;0;;1;0;;1;0;;1;0;;1;0;
122130;0;0;;0;0;;1;0;;1;0;;1;0;;1;0;;1;0;
122140;0;0;;0;0;;1;0;;1;0;;1;0;;1;0;;1;0;
122150;0;0;;0;0;;1;0;;1;0;;1;0;;1;0;;1;0;
122160;0;0;;0;0;;1;0;;1;0;;1;0;;1;0;;1;0;
122170;0;0;;0;0;;1;0;;1;0;;1;0;;1;0;;1;0;
122180;0;0;;0;0;;1;0;;1;0;;1;0;;1;0;;1;0;
122190;0;0;;0;0;;1;0;;1;0;;1;0;;1;0;;1;0;
122200;0;0;;0;0;;1;0;;1;0;;1;0;;1;0;;1;0;
122210;0;0;;0;0;;1;0;;1;0;;1;0;;1;0;;1;0;
122220;0;0;;0;0;;1;0;;1;0;;1;0;;1;0;;1;0;
122230;0;0;;0;0;;1;0;;1;0;;1;0;;1;0;;1;0;
122240;0;0;;0;0;;1;0;;1;0;;1;0;;1;0;;1;0;
122250;0;0;;0;0;;1;0;;1;0;;1;0;;1;0;;1;0;
122260;0;0;;0;0;;1;0;;1;0;;1;0;;1;0;;1;0;
122270;0;0;;0;0;;1;0;;1;0;;1;0;;1;0;;1;0;
122280;0;0;;0;0;;1;0;;1;0;;1;0;;1;0;;1;0;
122290;0;0;;0;0;;1;0;;1;0;;1;0;;1;0;;1;0;
122300;0;0;;0;0;;1;0;;1;0;;1;0;;1;0;;1;0;
122310;0;0;;0;0;;1;0;;1;0;;1;0;;1;0;;1;0;
122320;0;0;;0;0;;1;0;;1;0;;1;0;;1;0;;1;0;
122330;0;0;;0;0;;1;0;;1;0;;1;0;;1;0;;1;0;
122340;0;0;;0;0;;1;0;;1;0;;1;0;;1;0;;1;0;
122350;0;0;;0;0;;1;0;;1;0;;1;0;;1;0;;1;0;
122360;0;0;;0;0;;1;0;;1;0;;1;0;;1;0;;1;0;
122370;0;0;;0;0;;1;0;;1;0;;1;0;;1;0;;1;0;
122380;0;0;;0;0;;1;0;;1;0;;1;0;;1;0;;1;0;
122390;0;0;;0;0;;1;0;;1;0;;1;0;;1;0;;1;0;
122400;0;0;;0;0;;1;0;;1;0;;1;0;;1;0;;1;0;
122410;0;0;;0;0;;1;0;;1;0;;1;0;;1;0;;1;0;
122420;0;0;;0;0;;1;0;;1;0;;1;0;;1;0;;1;0;
122430;0;0;;0;0;;1;0;;1;0;;1;0;;1;0;;1;0;
122440;0;0;;0;0;;1;0;;1;0;;1;0;;1;0;;1;0;
122450;0;0;;0;0;;1;0;;1;0;;1;0;;1;0;;1;0;
122460;0;0;;0;0;;1;0;;1;0;;1;0;;1;0;;1;0;
122470;0;0;;0;0;;1;0;;1;0;;1;0;;1;0;;1;0;
122480;0;0;;0;0;;1;0;;1;0;;1;0;;1;0;;1;0;
122490;0;0;;0;0;;1;0;;1;0;;1;0;;1;0;;1;0;
122500;0;0;;0;0;;1;0;;1;0;;1;0;;1;0;;1;0;
122510;0;0;;0;0;;1;0;;1;0;;1;0;;1;0;;1;0;
122520;0;0;;0;0;;1;0;;1;0;;1;0;;1;0;;1;0;
122530;0;0;;0;0;;1;0;;1;0;;1;0;;1;0;;1;0;
122540;0;0;;0;0;;1;0;;1;0;;1;0;;1;0;;1;0;
122550;0;0;;0;0;;1;0;;1;0;;1;0;;1;0;;1;0;
122560;0;0;;0;0;;1;0;;1;0;;1;0;;1;0;;1;0;
122570;0;0;;0;0;;1;0;;1;0;;1;0;;1;0;;1;0;
122580;0;0;;0;0;;1;0;;1;0;;1;0;;1;0;;1;0;
122590;0;0;;0;0;;1;0;;1;0;;1;0;;1;0;;1;0;
122600;0;0;;0;0;;1;0;;1;0;;1;0;;1;0;;1;0;
122610;0;0;;0;0;;1;0;;1;0;;1;0;;1;0;;1;0;
122620;0;0;;0;0;;1;0;;1;0;;1;0;;1;0;;1;0;
122630;0;0;;0;0;;1;0;;1;0;;1;0;;1;0;;1;0;
122640;0;0;;0;0;;1;0;;1;0;;1;0;;1;0;;1;0;
122650;0;0;;0;0;;1;0;;1;0;;1;0;;1;0;;1;0;
122660;0;0;;0;0;;1;0;;1;0;;1;0;;1;0;;1;0;
122670;0;0;;0;0;;1;0;;1;0;;1;0;;1;0;;1;0;
122680;0;0;;0;0;;1;0;;1;0;;1;0;;1;0;;1;0;
122690;0;0;;0;0;;1;0;;1;0;;1;0;;1;0;;1;0;
122700;0;0;;0;0;;1;0;;1;0;;1;0;;1;0;;1;0;
122710;0;0;;0;0;;1;0;;1;0;;1;0;;1;0;;1;0;
122720;0;0;;0;0;;1;0;;1;0;;1;0;;1;0;;1;0;
122730;0;0;;0;0;;1;0;;1;0;;1;0;;1;0;;1;0;
122740;0;0;;0;0;;1;0;;1;0;;1;0;;1;0;;1;0;
122750;0;0;;0;0;;1;0;;1;0;;1;0;;1;0;;1;0;
122760;0;0;;0;0;;1;0;;1;0;;1;0;;1;0;;1;0;
122770;0;0;;0;0;;1;0;;1;0;;1;0;;1;0;;1;0;
122780;0;0;;0;0;;1;0;;1;0;;1;0;;1;0;;1;0;
122790;0;0;;0;0;;1;0;;1;0;;1;0;;1;0;;1;0;
122800;0;0;;0;0;;1;0;;1;0;;1;0;;1;0;;1;0;
122810;0;0;;0;0;;1;0;;1;0;;1;0;;1;0;;1;0;
122820;0;0;;0;0;;1;0;;1;0;;1;0;;1;0;;1;0;
122830;0;0;;0;0;;1;0;;1;0;;1;0;;1;0;;1;0;
122840;0;0;;0;0;;1;0;;1;0;;1;0;;1;0;;1;0;
122850;0;0;;0;0;;1;0;;1;0;;1;0;;1;0;;1;0;
122860;0;0;;0;0;;1;0;;1;0;;1;0;;1;0;;1;0;
122870;0;0;;0;0;;1;0;;1;0;;1;0;;1;0;;1;0;
122880;0;0;;0;0;;1;0;;1;0;;1;0;;1;0;;1;0;
122890;0;0;;0;0;;1;0;;1;0;;1;0;;1;0;;1;0;
122900;0;0;;0;0;;1;0;;1;0;;1;0;;1;0;;1;0;
122910;0;0;;0;0;;1;0;;1;0;;1;0;;1;0;;1;0;
122920;0;0;;0;0;;1;0;;1;0;;1;0;;1;0;;1;0;
122930;0;0;;0;0;;1;0;;1;0;;1;0;;1;0;;1;0;
122940;0;0;;0;0;;1;0;;1;0;;1;0;;1;0;;1;0;
122950;0;0;;0;0;;1;0;;1;0;;1;0;;1;0;;1;0;
122960;0;0;;0;0;;1;0;;1;0;;1;0;;1;0;;1;0;
122970;0;0;;0;0;;1;0;;1;0;;1;0;;1;0;;1;0;
122980;0;0;;0;0;;1;0;;1;0;;1;0;;1;0;;1;0;
122990;0;0;;0;0;;1;0;;1;0;;1;0;;1;0;;1;0;
123000;0;0;;0;0;;1;0;;1;0;;1;0;;1;0;;1;0;
123010;0;0;;0;0;;1;0;;1;0;;1;0;;1;0;;1;0;
123020;0;0;;0;0;;1;0;;1;0;;1;0;;1;0;;1;0;
123030;0;0;;0;0;;1;0;;1;0;;1;0;;1;0;;1;0;
123040;0;0;;0;0;;1;0;;1;0;;1;0;;1;0;;1;0;
123050;0;0;;0;0;;1;0;;1;0;;1;0;;1;0;;1;0;
123060;0;0;;0;0;;1;0;;1;0;;1;0;;1;0;;1;0;
123070;0;0;;1;0;;1;0;;1;0;;1;0;;1;0;;1;0;
123080;0;0;;1;0;;1;0;;1;0;;1;0;;1;0;;1;0;
123090;0;0;;1;0;;1;0;;1;0;;1;0;;1;0;;1;0;
123100;0;0;;1;0;;1;0;;1;0;;1;0;;1;0;;1;0;
123110;0;0;;1;0;;1;0;;1;0;;1;0;;1;0;;1;0;
123120;0;0;;1;0;;1;0;;1;0;;1;0;;1;0;;1;0;
123130;0;0;;1;0;;1;0;;1;0;;1;0;;1;0;;1;0;
123140;0;0;;1;0;;1;0;;1;0;;1;0;;1;0;;1;0;
123150;0;0;;1;0;;1;0;;1;0;;1;0;;1;0;;1;0;
123160;0;0;;1;0;;1;0;;1;0;;1;0;;1;0;;1;0;
123170;0;0;;1;0;;1;0;;1;0;;1;0;;1;0;;1;0;
123180;0;0;;1;0;;1;0;;1;0;;1;0;;1;0;;1;0;
123190;0;0;;1;0;;1;0;;1;0;;1;0;;1;0;;1;0;
123200;0;0;;1;0;;1;0;;1;0;;1;0;;1;0;;1;0;
123210;0;0;;1;0;;1;0;;1;0;;1;0;;1;0;;1;0;
123220;0;0;;1;0;;1;0;;1;0;;1;0;;1;0;;1;0;
123230;0;0;;1;0;;1;0;;1;0;;1;0;;1;0;;1;0;
123240;0;0;;1;0;;1;0;;1;0;;1;0;;1;0;;1;0;
123250;0;0;;1;0;;1;0;;1;0;;1;0;;1;0;;1;0;
123260;0;0;;1;0;;1;0;;1;0;;1;0;;1;0;;1;0;
123270;0;0;;1;0;;1;0;;1;0;;1;0;;1;0;;1;0;
123280;0;0;;1;0;;1;0;;1;0;;1;0;;1;0;;1;0;
123290;0;0;;1;0;;1;0;;1;0;;1;0;;1;0;;1;0;
123300;0;0;;1;0;;1;0;;1;0;;1;0;;1;0;;1;0;
123310;0;0;;1;0;;1;0;;1;0;;1;0;;1;0;;1;0;
123320;0;0;;1;0;;1;0;;1;0;;1;0;;1;0;;1;0;
123330;0;0;;1;0;;1;0;;1;0;;1;0;;1;0;;1;0;
123340;0;0;;1;0;;1;0;;1;0;;1;0;;1;0;;1;0;
123350;0;0;;1;0;;1;0;;1;0;;1;0;;1;0;;1;0;
123360;0;0;;1;0;;1;0;;1;0;;1;0;;1;0;;1;0;
123370;0;0;;1;0;;1;0;;1;0;;1;0;;1;0;;1;0;
123380;0;0;;1;0;;1;0;;1;0;;1;0;;1;0;;1;0;
123390;0;0;;1;0;;1;0;;1;0;;1;0;;1;0;;1;0;
123400;0;0;;1;0;;1;0;;1;0;;1;0;;1;0;;1;0;
123410;0;0;;1;0;;1;0;;1;0;;1;0;;1;0;;1;0;
123420;0;0;;1;0;;1;0;;1;0;;1;0;;1;0;;1;0;
123430;0;0;;1;0;;1;0;;1;0;;1;0;;1;0;;1;0;
123440;0;0;;1;0;;1;0;;1;0;;1;0;;1;0;;1;0;
123450;0;0;;1;0;;1;0;;1;0;;1;0;;1;0;;1;0;
123460;0;0;;1;0;;1;0;;1;0;;1;0;;1;0;;1;0;
123470;0;0;;1;0;;1;0;;1;0;;1;0;;1;0;;1;0;
123480;0;0;;1;0;;1;0;;1;0;;1;0;;1;0;;1;0;
123490;0;0;;1;0;;1;0;;1;0;;1;0;;1;0;;1;0;
123500;0;0;;1;0;;1;0;;1;0;;1;0;;1;0;;1;0;
123510;0;0;;1;0;;1;0;;1;0;;1;0;;1;0;;1;0;
123520;0;0;;1;0;;1;0;;1;0;;1;0;;1;0;;1;0;
123530;0;0;;1;0;;1;0;;1;0;;1;0;;1;0;;1;0;
123540;0;0;;1;0;;1;0;;1;0;;1;0;;1;0;;1;0;
123550;0;0;;1;0;;1;0;;1;0;;1;0;;1;0;;1;0;
123560;0;0;;1;0;;1;0;;1;0;;1;0;;1;0;;1;0;
123570;0;0;;1;0;;1;0;;1;0;;1;0;;1;0;;1;0;
123580;0;0;;1;0;;1;0;;1;0;;1;0;;1;0;;1;0;
123590;0;0;;1;0;;1;0;;1;0;;1;0;;1;0;;1;0;
123600;0;0;;1;0;;1;0;;1;0;;1;0;;1;0;;1;0;
123610;0;0;;1;0;;1;0;;1;0;;1;0;;1;0;;1;0;
123620;0;0;;1;0;;1;0;;1;0;;1;0;;1;0;;1;0;
123630;0;0;;1;0;;1;0;;1;0;;1;0;;1;0;;1;0;
123640;0;0;;1;0;;1;0;;1;0;;1;0;;1;0;;1;0;
123650;0;0;;1;0;;1;0;;1;0;;1;0;;1;0;;1;0;
123660;0;0;;1;0;;1;0;;1;0;;1;0;;1;0;;1;0;
123670;0;0;;1;0;;1;0;;1;0;;1;0;;1;0;;1;0;
123680;0;0;;1;0;;1;0;;1;0;;1;0;;1;0;;1;0;
123690;0;0;;1;0;;1;0;;1;0;;1;0;;1;0;;1;0;
123700;0;0;;1;0;;1;0;;1;0;;1;0;;1;0;;1;0;
123710;0;0;;1;0;;1;0;;1;0;;1;0;;1;0;;1;0;
123720;0;0;;1;0;;1;0;;1;0;;1;0;;1;0;;1;0;
123730;0;0;;1;0;;1;0;;1;0;;1;0;;1;0;;1;0;
123740;0;0;;1;0;;1;0;;1;0;;1;0;;1;0;;1;0;
123750;0;0;;1;0;;1;0;;1;0;;1;0;;1;0;;1;0;
123760;0;0;;1;0;;1;0;;1;0;;1;0;;1;0;;1;0;
123770;0;0;;1;0;;1;0;;1;0;;1;0;;1;0;;1;0;
123780;0;0;;1;0;;1;0;;1;0;;1;0;;1;0;;1;0;
123790;0;0;;1;0;;1;0;;1;0;;1;0;;1;0;;1;0;
123800;0;0;;1;0;;1;0;;1;0;;1;0;;1;0;;1;0;
123810;0;0;;1;0;;1;0;;1;0;;1;0;;1;0;;1;0;
123820;0;0;;1;0;;1;0;;1;0;;1;0;;1;0;;1;0;
123830;0;0;;1;0;;1;0;;1;0;;1;0;;1;0;;1;0;
123840;0;0;;1;0;;1;0;;1;0;;1;0;;1;0;;1;0;
123850;0;0;;1;0;;1;0;;1;0;;1;0;;1;0;;1;0;
123860;0;0;;1;0;;1;0;;1;0;;1;0;;1;0;;1;0;
123870;0;0;;1;0;;1;0;;1;0;;1;0;;1;0;;1;0;
123880;0;0;;1;0;;1;0;;1;0;;1;0;;1;0;;1;0;
123890;0;0;;1;0;;1;0;;1;0;;1;0;;1;0;;1;0;
123900;0;0;;1;0;;1;0;;1;0;;1;0;;1;0;;1;0;
123910;0;0;;1;0;;1;0;;1;0;;1;0;;1;0;;1;0;
123920;0;0;;1;0;;1;0;;1;0;;1;0;;1;0;;1;0;
123930;0;0;;1;0;;1;0;;1;0;;1;0;;1;0;;1;0;
123940;0;0;;1;0;;1;0;;1;0;;1;0;;1;0;;1;0;
123950;0;0;;1;0;;1;0;;1;0;;1;0;;1;0;;1;0;
123960;0;0;;1;0;;1;0;;1;0;;1;0;;1;0;;1;0;
123970;0;0;;1;0;;1;0;;1;0;;1;0;;1;0;;1;0;
123980;0;0;;1;0;;1;0;;1;0;;1;0;;1;0;;1;0;
123990;0;0;;1;0;;1;0;;1;0;;1;0;;1;0;;1;0;
124000;0;0;;1;0;;1;0;;1;0;;1;0;;1;0;;1;0;
124010;0;0;;1;0;;1;0;;1;0;;1;0;;1;0;;1;0;
124020;0;0;;1;0;;1;0;;1;0;;1;0;;1;0;;1;0;
124030;0;0;;1;0;;1;0;;1;0;;1;0;;1;0;;1;0;
124040;0;0;;1;0;;1;0;;1;0;;1;0;;1;0;;1;0;
124050;0;0;;1;0;;1;0;;1;0;;1;0;;1;0;;1;0;
124060;0;0;;1;0;;1;0;;1;0;;1;0;;1;0;;1;0;
124070;0;0;;1;0;;1;0;;1;0;;1;0;;1;0;;1;0;
124080;0;0;;1;0;;1;0;;1;0;;1;0;;1;0;;1;0;
124090;0;0;;1;0;;1;0;;1;0;;1;0;;1;0;;1;0;
124100;0;0;;1;0;;1;0;;1;0;;1;0;;1;0;;1;0;
124110;0;0;;1;0;;1;0;;1;0;;1;0;;1;0;;1;0;
124120;0;0;;1;0;;1;0;;1;0;;1;0;;1;0;;1;0;
124130;0;0;;1;0;;1;0;;1;0;;1;0;;1;0;;1;0;
124140;0;0;;1;0;;1;0;;1;0;;1;0;;1;0;;1;0;
124150;0;0;;1;0;;1;0;;1;0;;1;0;;1;0;;1;0;
124160;0;0;;1;0;;1;0;;1;0;;1;0;;1;0;;1;0;
124170;0;0;;1;0;;1;0;;1;0;;1;0;;1;0;;1;0;
124180;0;0;;1;0;;1;0;;1;0;;1;0;;1;0;;1;0;
124190;0;0;;1;0;;1;0;;1;0;;1;0;;1;0;;1;0;
124200;0;0;;1;0;;1;0;;1;0;;1;0;;1;0;;1;0;
124210;0;0;;1;0;;1;0;;1;0;;1;0;;1;0;;1;0;
124220;0;0;;1;0;;1;0;;1;0;;1;0;;1;0;;1;0;
124230;0;0;;1;0;;1;0;;1;0;;1;0;;1;0;;1;0;
124240;0;0;;1;0;;1;0;;1;0;;1;0;;1;0;;1;0;
124250;0;0;;1;0;;1;0;;1;0;;1;0;;1;0;;1;0;
124260;0;0;;1;0;;1;0;;1;0;;1;0;;1;0;;1;0;
124270;0;0;;1;0;;1;0;;1;0;;1;0;;1;0;;1;0;
124280;0;0;;1;0;;1;0;;1;0;;1;0;;1;0;;1;0;
124290;0;0;;1;0;;1;0;;1;0;;1;0;;1;0;;1;0;
124300;0;0;;1;0;;1;0;;1;0;;1;0;;1;0;;1;0;
124310;0;0;;1;0;;1;0;;1;0;;1;0;;1;0;;1;0;
124320;0;0;;1;0;;1;0;;1;0;;1;0;;1;0;;1;0;
124330;0;0;;1;0;;1;0;;1;0;;1;0;;1;0;;1;0;
124340;0;0;;1;0;;1;0;;1;0;;1;0;;1;0;;1;0;
124350;0;0;;1;0;;1;0;;1;0;;1;0;;1;0;;1;0;
124360;0;0;;1;0;;1;0;;1;0;;1;0;;1;0;;1;0;
124370;0;0;;1;0;;1;0;;1;0;;1;0;;1;0;;1;0;
124380;0;0;;1;0;;1;0;;1;0;;1;0;;1;0;;1;0;
124390;0;0;;1;0;;1;0;;1;0;;1;0;;1;0;;1;0;
124400;0;0;;1;0;;1;0;;1;0;;1;0;;1;0;;1;0;
124410;0;0;;1;0;;1;0;;1;0;;1;0;;1;0;;1;0;
124420;0;0;;1;0;;1;0;;1;0;;1;0;;1;0;;1;0;
124430;0;0;;1;0;;1;0;;1;0;;1;0;;1;0;;1;0;
124440;0;0;;1;0;;1;0;;1;0;;1;0;;1;0;;1;0;
124450;0;0;;1;0;;1;0;;1;0;;1;0;;1;0;;1;0;
124460;0;0;;1;0;;1;0;;1;0;;1;0;;1;0;;1;0;
124470;0;0;;1;0;;1;0;;1;0;;1;0;;1;0;;1;0;
124480;0;0;;1;0;;1;0;;1;0;;1;0;;1;0;;1;0;
124490;0;0;;1;0;;1;0;;1;0;;1;0;;1;0;;1;0;
124500;0;0;;1;0;;1;0;;1;0;;1;0;;1;0;;1;0;
124510;0;0;;1;0;;1;0;;1;0;;1;0;;1;0;;1;0;
124520;0;0;;1;0;;1;0;;1;0;;1;0;;1;0;;1;0;
124530;0;0;;1;0;;1;0;;1;0;;1;0;;1;0;;1;0;
124540;0;0;;1;0;;1;0;;1;0;;1;0;;1;0;;1;0;
124550;0;0;;1;0;;1;0;;1;0;;1;0;;1;0;;1;0;
124560;0;0;;1;0;;1;0;;1;0;;1;0;;1;0;;1;0;
124570;0;0;;1;0;;1;0;;1;0;;1;0;;1;0;;1;0;
124580;0;0;;1;0;;1;0;;1;0;;1;0;;1;0;;1;0;
124590;0;0;;1;0;;1;0;;1;0;;1;0;;1;0;;1;0;
124600;0;0;;1;0;;1;0;;1;0;;1;0;;1;0;;1;0;
124610;0;0;;1;0;;1;0;;1;0;;1;0;;1;0;;1;0;
124620;0;0;;1;0;;1;0;;1;0;;1;0;;1;0;;1;0;
124630;0;0;;1;0;;1;0;;1;0;;1;0;;1;0;;1;0;
124640;0;0;;1;0;;1;0;;1;0;;1;0;;1;0;;1;0;
124650;0;0;;1;0;;1;0;;1;0;;1;0;;1;0;;1;0;
124660;0;0;;1;0;;1;0;;1;0;;1;0;;1;0;;1;0;
124670;0;0;;1;0;;1;0;;1;0;;1;0;;1;0;;1;0;
124680;0;0;;1;0;;1;0;;1;0;;1;0;;1;0;;1;0;
124690;0;0;;1;0;;1;0;;1;0;;1;0;;1;0;;1;0;
124700;0;0;;1;0;;1;0;;1;0;;1;0;;1;0;;1;0;
124710;0;0;;1;0;;1;0;;1;0;;1;0;;1;0;;1;0;
124720;0;0;;1;0;;1;0;;1;0;;1;0;;1;0;;1;0;
124730;0;0;;1;0;;1;0;;1;0;;1;0;;1;0;;1;0;
124740;0;0;;1;0;;1;0;;1;0;;1;0;;1;0;;1;0;
124750;0;0;;1;0;;1;0;;1;0;;1;0;;1;0;;1;0;
124760;0;0;;1;0;;1;0;;1;0;;1;0;;1;0;;1;0;
124770;0;0;;1;0;;1;0;;1;0;;1;0;;1;0;;1;0;
124780;0;0;;1;0;;1;0;;1;0;;1;0;;1;0;;1;0;
124790;0;0;;1;0;;1;0;;1;0;;1;0;;1;0;;1;0;
124800;0;0;;1;0;;1;0;;1;0;;1;0;;1;0;;1;0;
124810;0;0;;1;0;;1;0;;1;0;;1;0;;1;0;;1;0;
124820;0;0;;1;0;;1;0;;1;0;;1;0;;1;0;;1;0;
124830;0;0;;1;0;;1;0;;1;0;;1;0;;1;0;;1;0;
124840;0;0;;1;0;;1;0;;1;0;;1;0;;1;0;;1;0;
124850;0;0;;1;0;;1;0;;1;0;;1;0;;1;0;;1;0;
124860;0;0;;1;0;;1;0;;1;0;;1;0;;1;0;;1;0;
124870;0;0;;1;0;;1;0;;1;0;;1;0;;1;0;;1;0;
124880;0;0;;1;0;;1;0;;1;0;;1;0;;1;0;;1;0;
124890;0;0;;1;0;;1;0;;1;0;;1;0;;1;0;;1;0;
124900;0;0;;1;0;;1;0;;1;0;;1;0;;1;0;;1;0;
124910;0;0;;1;0;;1;0;;1;0;;1;0;;1;0;;1;0;
124920;0;0;;1;0;;1;0;;1;0;;1;0;;1;0;;1;0;
124930;0;0;;1;0;;1;0;;1;0;;1;0;;1;0;;1;0;
124940;0;0;;1;0;;1;0;;1;0;;1;0;;1;0;;1;0;
124950;0;0;;1;0;;1;0;;1;0;;1;0;;1;0;;1;0;
124960;0;0;;1;0;;1;0;;1;0;;1;0;;1;0;;1;0;
124970;0;0;;1;0;;1;0;;1;0;;1;0;;1;0;;1;0;
124980;0;0;;1;0;;1;0;;1;0;;1;0;;1;0;;1;0;
124990;0;0;;1;0;;1;0;;1;0;;1;0;;1;0;;1;0;
125000;0;0;;1;0;;1;0;;1;0;;1;0;;1;0;;1;0;
125010;0;0;;1;0;;1;0;;1;0;;1;0;;1;0;;1;0;
125020;0;0;;1;0;;1;0;;1;0;;1;0;;1;0;;1;0;
125030;0;0;;1;0;;1;0;;1;0;;1;0;;1;0;;1;0;
125040;0;0;;1;0;;1;0;;1;0;;1;0;;1;0;;1;0;
125050;0;0;;1;0;;1;0;;1;0;;1;0;;1;0;;1;0;
125060;0;0;;1;0;;1;0;;1;0;;1;0;;1;0;;1;0;
125070;0;0;;1;0;;1;0;;1;0;;1;0;;1;0;;1;0;
125080;0;0;;1;0;;1;0;;1;0;;1;0;;1;0;;1;0;
125090;0;0;;1;0;;1;0;;1;0;;1;0;;1;0;;1;0;
125100;0;0;;1;0;;1;0;;1;0;;1;0;;1;0;;1;0;
125110;0;0;;1;0;;1;0;;1;0;;1;0;;1;0;;1;0;
125120;0;0;;1;0;;1;0;;1;0;;1;0;;1;0;;1;0;
125130;0;0;;1;0;;1;0;;1;0;;1;0;;1;0;;1;0;
125140;0;0;;1;0;;1;0;;1;0;;1;0;;1;0;;1;0;
125150;0;0;;1;0;;1;0;;1;0;;1;0;;1;0;;1;0;
125160;0;0;;1;0;;1;0;;1;0;;1;0;;1;0;;1;0;
125170;0;0;;1;0;;1;0;;1;0;;1;0;;1;0;;1;0;
125180;0;0;;1;0;;1;0;;1;0;;1;0;;1;0;;1;0;
125190;0;0;;1;0;;1;0;;1;0;;1;0;;1;0;;1;0;
125200;0;0;;1;0;;1;0;;1;0;;1;0;;1;0;;1;0;
125210;0;0;;1;0;;1;0;;1;0;;1;0;;1;0;;1;0;
125220;0;0;;1;0;;1;0;;1;0;;1;0;;1;0;;1;0;
125230;0;0;;1;0;;1;0;;1;0;;1;0;;1;0;;1;0;
125240;0;0;;1;0;;1;0;;1;0;;1;0;;1;0;;1;0;
125250;0;0;;1;0;;1;0;;1;0;;1;0;;1;0;;1;0;
125260;0;0;;1;0;;1;0;;1;0;;1;0;;1;0;;1;0;
125270;0;0;;1;0;;1;0;;1;0;;1;0;;1;0;;1;0;
125280;0;0;;1;0;;1;0;;1;0;;1;0;;1;0;;1;0;
125290;0;0;;1;0;;1;0;;1;0;;1;0;;1;0;;1;0;
125300;0;0;;1;0;;1;0;;1;0;;1;0;;1;0;;1;0;
125310;0;0;;1;0;;1;0;;1;0;;1;0;;1;0;;1;0;
125320;0;0;;1;0;;1;0;;1;0;;1;0;;1;0;;1;0;
125330;0;0;;1;0;;1;0;;1;0;;1;0;;1;0;;1;0;
125340;0;0;;1;0;;1;0;;1;0;;1;0;;1;0;;1;0;
125350;0;0;;1;0;;1;0;;1;0;;1;0;;1;0;;1;0;
125360;0;0;;1;0;;1;0;;1;0;;1;0;;1;0;;1;0;
125370;0;0;;1;0;;1;0;;1;0;;1;0;;1;0;;1;0;
125380;0;0;;1;0;;1;0;;1;0;;1;0;;1;0;;1;0;
125390;0;0;;1;0;;1;0;;1;0;;1;0;;1;0;;1;0;
125400;0;0;;1;0;;1;0;;1;0;;1;0;;1;0;;1;0;
125410;0;0;;1;0;;1;0;;1;0;;1;0;;1;0;;1;0;
125420;0;0;;1;0;;1;0;;1;0;;1;0;;1;0;;1;0;
125430;0;0;;1;0;;1;0;;1;0;;1;0;;1;0;;1;0;
125440;0;0;;1;0;;1;0;;1;0;;1;0;;1;0;;1;0;
125450;0;0;;1;0;;1;0;;1;0;;1;0;;1;0;;1;0;
125460;0;0;;1;0;;1;0;;1;0;;1;0;;1;0;;1;0;
125470;0;0;;1;0;;1;0;;1;0;;1;0;;1;0;;1;0;
125480;0;0;;1;0;;1;0;;1;0;;1;0;;1;0;;1;0;
125490;0;0;;1;0;;1;0;;1;0;;1;0;;1;0;;1;0;
125500;0;0;;1;0;;1;0;;1;0;;1;0;;1;0;;1;0;
125510;0;0;;1;0;;1;0;;1;0;;1;0;;1;0;;1;0;
125520;0;0;;1;0;;1;0;;1;0;;1;0;;1;0;;1;0;
125530;0;0;;1;0;;1;0;;1;0;;1;0;;1;0;;1;0;
125540;0;0;;1;0;;1;0;;1;0;;1;0;;1;0;;1;0;
125550;0;0;;1;0;;1;0;;1;0;;1;0;;1;0;;1;0;
125560;0;0;;1;0;;1;0;;1;0;;1;0;;1;0;;1;0;
125570;0;0;;1;0;;1;0;;1;0;;1;0;;1;0;;1;0;
125580;0;0;;1;0;;1;0;;1;0;;1;0;;1;0;;1;0;
125590;0;0;;1;0;;1;0;;1;0;;1;0;;1;0;;1;0;
125600;0;0;;1;0;;1;0;;1;0;;1;0;;1;0;;1;0;
125610;0;0;;1;0;;1;0;;1;0;;1;0;;1;0;;1;0;
125620;0;0;;1;0;;1;0;;1;0;;1;0;;1;0;;1;0;
125630;0;0;;1;0;;1;0;;1;0;;1;0;;1;0;;1;0;
125640;0;0;;1;0;;1;0;;1;0;;1;0;;1;0;;1;0;
125650;0;0;;1;0;;1;0;;1;0;;1;0;;1;0;;1;0;
125660;0;0;;1;0;;1;0;;1;0;;1;0;;1;0;;1;0;
125670;0;0;;1;0;;1;0;;1;0;;1;0;;1;0;;1;0;
125680;0;0;;1;0;;1;0;;1;0;;1;0;;1;0;;1;0;
125690;0;0;;1;0;;1;0;;1;0;;1;0;;1;0;;1;0;
125700;0;0;;1;0;;1;0;;1;0;;1;0;;1;0;;1;0;
125710;0;0;;1;0;;1;0;;1;0;;1;0;;1;0;;1;0;
125720;0;0;;1;0;;1;0;;1;0;;1;0;;1;0;;1;0;
125730;0;0;;1;0;;1;0;;1;0;;1;0;;1;0;;1;0;
125740;0;0;;1;0;;1;0;;1;0;;1;0;;1;0;;1;0;
125750;0;0;;1;0;;1;0;;1;0;;1;0;;1;0;;1;0;
125760;0;0;;1;0;;1;0;;1;0;;1;0;;1;0;;1;0;
125770;0;0;;1;0;;1;0;;1;0;;1;0;;1;0;;1;0;
125780;0;0;;1;0;;1;0;;1;0;;1;0;;1;0;;1;0;
125790;0;0;;1;0;;1;0;;1;0;;1;0;;1;0;;1;0;
125800;0;0;;1;0;;1;0;;1;0;;1;0;;1;0;;1;0;
125810;0;0;;1;0;;1;0;;1;0;;1;0;;1;0;;1;0;
125820;0;0;;1;0;;1;0;;1;0;;1;0;;1;0;;1;0;
125830;0;0;;1;0;;1;0;;1;0;;1;0;;1;0;;1;0;
125840;0;0;;1;0;;1;0;;1;0;;1;0;;1;0;;1;0;
125850;0;0;;1;0;;1;0;;1;0;;1;0;;1;0;;1;0;
125860;0;0;;1;0;;1;0;;1;0;;1;0;;1;0;;1;0;
125870;0;0;;1;0;;1;0;;1;0;;1;0;;1;0;;1;0;
125880;0;0;;1;0;;1;0;;1;0;;1;0;;1;0;;1;0;
125890;0;0;;1;0;;1;0;;1;0;;1;0;;1;0;;1;0;
125900;0;0;;1;0;;1;0;;1;0;;1;0;;1;0;;1;0;
125910;0;0;;1;0;;1;0;;1;0;;1;0;;1;0;;1;0;
125920;0;0;;1;0;;1;0;;1;0;;1;0;;1;0;;1;0;
125930;0;0;;1;0;;1;0;;1;0;;1;0;;1;0;;1;0;
125940;0;0;;1;0;;1;0;;1;0;;1;0;;1;0;;1;0;
125950;0;0;;1;0;;1;0;;1;0;;1;0;;1;0;;1;0;
125960;0;0;;1;0;;1;0;;1;0;;1;0;;1;0;;1;0;
125970;0;0;;1;0;;1;0;;1;0;;1;0;;1;0;;1;0;
125980;0;0;;1;0;;1;0;;1;0;;1;0;;1;0;;1;0;
125990;0;0;;1;0;;1;0;;1;0;;1;0;;1;0;;1;0;
126000;0;0;;1;0;;1;0;;1;0;;1;0;;1;0;;1;0;
126010;0;0;;1;0;;1;0;;1;0;;1;0;;1;0;;1;0;
126020;0;0;;1;0;;1;0;;1;0;;1;0;;1;0;;1;0;
126030;0;0;;1;0;;1;0;;1;0;;1;0;;1;0;;1;0;
126040;0;0;;1;0;;1;0;;1;0;;1;0;;1;0;;1;0;
126050;0;0;;1;0;;1;0;;1;0;;1;0;;1;0;;1;0;
126060;0;0;;1;0;;1;0;;1;0;;1;0;;1;0;;1;0;
126070;0;0;;1;0;;1;0;;1;0;;1;0;;1;0;;1;0;
126080;0;0;;1;0;;1;0;;1;0;;1;0;;1;0;;1;0;
126090;0;0;;1;0;;1;0;;1;0;;1;0;;1;0;;1;0;
126100;0;0;;1;0;;1;0;;1;0;;1;0;;1;0;;1;0;
126110;0;0;;1;0;;1;0;;1;0;;1;0;;1;0;;1;0;
126120;0;0;;1;0;;1;0;;1;0;;1;0;;1;0;;1;0;
126130;0;0;;1;0;;1;0;;1;0;;1;0;;1;0;;1;0;
126140;0;0;;1;0;;1;0;;1;0;;1;0;;1;0;;1;0;
126150;0;0;;1;0;;1;0;;1;0;;1;0;;1;0;;1;0;
126160;0;0;;1;0;;1;0;;1;0;;1;0;;1;0;;1;0;
126170;0;0;;1;0;;1;0;;1;0;;1;0;;1;0;;1;0;
126180;0;0;;1;0;;1;0;;1;0;;1;0;;1;0;;1;0;
126190;0;0;;1;0;;1;0;;1;0;;1;0;;1;0;;1;0;
126200;0;0;;1;0;;1;0;;1;0;;1;0;;1;0;;1;0;
126210;0;0;;1;0;;1;0;;1;0;;1;0;;1;0;;1;0;
126220;0;0;;1;0;;1;0;;1;0;;1;0;;1;0;;1;0;
126230;0;0;;1;0;;1;0;;1;0;;1;0;;1;0;;1;0;
126240;0;0;;1;0;;1;0;;1;0;;1;0;;1;0;;1;0;
126250;0;0;;1;0;;1;0;;1;0;;1;0;;1;0;;1;0;
126260;0;0;;1;0;;1;0;;1;0;;1;0;;1;0;;1;0;
126270;0;0;;1;0;;1;0;;1;0;;1;0;;1;0;;1;0;
126280;0;0;;1;0;;1;0;;1;0;;1;0;;1;0;;1;0;
126290;0;0;;1;0;;1;0;;1;0;;1;0;;1;0;;1;0;
126300;0;0;;1;0;;1;0;;1;0;;1;0;;1;0;;1;0;
126310;0;0;;1;0;;1;0;;1;0;;1;0;;1;0;;1;0;
126320;0;0;;1;0;;1;0;;1;0;;1;0;;1;0;;1;0;
126330;0;0;;1;0;;1;0;;1;0;;1;0;;1;0;;1;0;
126340;0;0;;1;0;;1;0;;1;0;;1;0;;1;0;;1;0;
126350;0;0;;1;0;;1;0;;1;0;;1;0;;1;0;;1;0;
126360;0;0;;1;0;;1;0;;1;0;;1;0;;1;0;;1;0;
126370;0;0;;1;0;;1;0;;1;0;;1;0;;1;0;;1;0;
126380;0;0;;1;0;;1;0;;1;0;;1;0;;1;0;;1;0;
126390;0;0;;1;0;;1;0;;1;0;;1;0;;1;0;;1;0;
126400;0;0;;1;0;;1;0;;1;0;;1;0;;1;0;;1;0;
126410;0;0;;1;0;;1;0;;1;0;;1;0;;1;0;;1;0;
126420;0;0;;1;0;;1;0;;1;0;;1;0;;1;0;;1;0;
126430;0;0;;1;0;;1;0;;1;0;;1;0;;1;0;;1;0;
126440;0;0;;1;0;;1;0;;1;0;;1;0;;1;0;;1;0;
126450;0;0;;1;0;;1;0;;1;0;;1;0;;1;0;;1;0;
126460;0;0;;1;0;;1;0;;1;0;;1;0;;1;0;;1;0;
126470;0;0;;1;0;;1;0;;1;0;;1;0;;1;0;;1;0;
126480;0;0;;1;0;;1;0;;1;0;;1;0;;1;0;;1;0;
126490;0;0;;1;0;;1;0;;1;0;;1;0;;1;0;;1;0;
126500;0;0;;1;0;;1;0;;1;0;;1;0;;1;0;;1;0;
126510;0;0;;1;0;;1;0;;1;0;;1;0;;1;0;;1;0;
126520;0;0;;1;0;;1;0;;1;0;;1;0;;1;0;;1;0;
126530;0;0;;1;0;;1;0;;1;0;;1;0;;1;0;;1;0;
126540;0;0;;1;0;;1;0;;1;0;;1;0;;1;0;;1;0;
126550;0;0;;1;0;;1;0;;1;0;;1;0;;1;0;;1;0;
126560;0;0;;1;0;;1;0;;1;0;;1;0;;1;0;;1;0;
126570;0;0;;1;0;;1;0;;1;0;;1;0;;1;0;;1;0;
126580;0;0;;1;0;;1;0;;1;0;;1;0;;1;0;;1;0;
126590;0;0;;1;0;;1;0;;1;0;;1;0;;1;0;;1;0;
126600;0;0;;1;0;;1;0;;1;0;;1;0;;1;0;;1;0;
126610;0;0;;1;0;;1;0;;1;0;;1;0;;1;0;;1;0;
126620;0;0;;1;0;;1;0;;1;0;;1;0;;1;0;;1;0;
126630;0;0;;1;0;;1;0;;1;0;;1;0;;1;0;;1;0;
126640;0;0;;1;0;;1;0;;1;0;;1;0;;1;0;;1;0;
126650;0;0;;1;0;;1;0;;1;0;;1;0;;1;0;;1;0;
126660;0;0;;1;0;;1;0;;1;0;;1;0;;1;0;;1;0;
126670;0;0;;1;0;;1;0;;1;0;;1;0;;1;0;;1;0;
126680;0;0;;1;0;;1;0;;1;0;;1;0;;1;0;;1;0;
126690;0;0;;1;0;;1;0;;1;0;;1;0;;1;0;;1;0;
126700;0;0;;1;0;;1;0;;1;0;;1;0;;1;0;;1;0;
126710;0;0;;1;0;;1;0;;1;0;;1;0;;1;0;;1;0;
126720;0;0;;1;0;;1;0;;1;0;;1;0;;1;0;;1;0;
126730;0;0;;1;0;;1;0;;1;0;;1;0;;1;0;;1;0;
126740;0;0;;1;0;;1;0;;1;0;;1;0;;1;0;;1;0;
126750;0;0;;1;0;;1;0;;1;0;;1;0;;1;0;;1;0;
126760;0;0;;1;0;;1;0;;1;0;;1;0;;1;0;;1;0;
126770;0;0;;1;0;;1;0;;1;0;;1;0;;1;0;;1;0;
126780;0;0;;1;0;;1;0;;1;0;;1;0;;1;0;;1;0;
126790;0;0;;1;0;;1;0;;1;0;;1;0;;1;0;;1;0;
126800;0;0;;1;0;;1;0;;1;0;;1;0;;1;0;;1;0;
126810;0;0;;1;0;;1;0;;1;0;;1;0;;1;0;;1;0;
126820;0;0;;1;0;;1;0;;1;0;;1;0;;1;0;;1;0;
126830;0;0;;1;0;;1;0;;1;0;;1;0;;1;0;;1;0;
126840;0;0;;1;0;;1;0;;1;0;;1;0;;1;0;;1;0;
126850;0;0;;1;0;;1;0;;1;0;;1;0;;1;0;;1;0;
126860;0;0;;1;0;;1;0;;1;0;;1;0;;1;0;;1;0;
126870;0;0;;1;0;;1;0;;1;0;;1;0;;1;0;;1;0;
126880;0;0;;1;0;;1;0;;1;0;;1;0;;1;0;;1;0;
126890;0;0;;1;0;;1;0;;1;0;;1;0;;1;0;;1;0;
126900;0;0;;1;0;;1;0;;1;0;;1;0;;1;0;;1;0;
126910;0;0;;1;0;;1;0;;1;0;;1;0;;1;0;;1;0;
126920;0;0;;1;0;;1;0;;1;0;;1;0;;1;0;;1;0;
126930;0;0;;1;0;;1;0;;1;0;;1;0;;1;0;;1;0;
126940;0;0;;1;0;;1;0;;1;0;;1;0;;1;0;;1;0;
126950;0;0;;1;0;;1;0;;1;0;;1;0;;1;0;;1;0;
126960;0;0;;1;0;;1;0;;1;0;;1;0;;1;0;;1;0;
126970;0;0;;1;0;;1;0;;1;0;;1;0;;1;0;;1;0;
126980;0;0;;1;0;;1;0;;1;0;;1;0;;1;0;;1;0;
126990;0;0;;1;0;;1;0;;1;0;;1;0;;1;0;;1;0;
127000;0;0;;1;0;;1;0;;1;0;;1;0;;1;0;;1;0;
127010;0;0;;1;0;;1;0;;1;0;;1;0;;1;0;;1;0;
127020;0;0;;1;0;;1;0;;1;0;;1;0;;1;0;;1;0;
127030;0;0;;1;0;;1;0;;1;0;;1;0;;1;0;;1;0;
127040;0;0;;1;0;;1;0;;1;0;;1;0;;1;0;;1;0;
127050;0;0;;1;0;;1;0;;1;0;;1;0;;1;0;;1;0;
127060;0;0;;1;0;;1;0;;1;0;;1;0;;1;0;;1;0;
127070;0;0;;1;0;;1;0;;1;0;;1;0;;1;0;;1;0;
127080;0;0;;1;0;;1;0;;1;0;;1;0;;1;0;;1;0;
127090;0;0;;1;0;;1;0;;1;0;;1;0;;1;0;;1;0;
127100;0;0;;1;0;;1;0;;1;0;;1;0;;1;0;;1;0;
127110;0;0;;1;0;;1;0;;1;0;;1;0;;1;0;;1;0;
127120;0;0;;1;0;;1;0;;1;0;;1;0;;1;0;;1;0;
127130;0;0;;1;0;;1;0;;1;0;;1;0;;1;0;;1;0;
127140;0;0;;1;0;;1;0;;1;0;;1;0;;1;0;;1;0;
127150;0;0;;1;0;;1;0;;1;0;;1;0;;1;0;;1;0;
127160;0;0;;1;0;;1;0;;1;0;;1;0;;1;0;;1;0;
127170;0;0;;1;0;;1;0;;1;0;;1;0;;1;0;;1;0;
127180;0;0;;1;0;;1;0;;1;0;;1;0;;1;0;;1;0;
127190;0;0;;1;0;;1;0;;1;0;;1;0;;1;0;;1;0;
127200;0;0;;1;0;;1;0;;1;0;;1;0;;1;0;;1;0;
127210;0;0;;1;0;;1;0;;1;0;;1;0;;1;0;;1;0;
127220;0;0;;1;0;;1;0;;1;0;;1;0;;1;0;;1;0;
127230;0;0;;1;0;;1;0;;1;0;;1;0;;1;0;;1;0;
127240;0;0;;1;0;;1;0;;1;0;;1;0;;1;0;;1;0;
127250;0;0;;1;0;;1;0;;1;0;;1;0;;1;0;;1;0;
127260;0;0;;1;0;;1;0;;1;0;;1;0;;1;0;;1;0;
127270;0;0;;1;0;;1;0;;1;0;;1;0;;1;0;;1;0;
127280;0;0;;1;0;;1;0;;1;0;;1;0;;1;0;;1;0;
127290;0;0;;1;0;;1;0;;1;0;;1;0;;1;0;;1;0;
127300;0;0;;1;0;;1;0;;1;0;;1;0;;1;0;;1;0;
127310;0;0;;1;0;;1;0;;1;0;;1;0;;1;0;;1;0;
127320;0;0;;1;0;;1;0;;1;0;;1;0;;1;0;;1;0;
127330;0;0;;1;0;;1;0;;1;0;;1;0;;1;0;;1;0;
127340;0;0;;1;0;;1;0;;1;0;;1;0;;1;0;;1;0;
127350;0;0;;1;0;;1;0;;1;0;;1;0;;1;0;;1;0;
127360;0;0;;1;0;;1;0;;1;0;;1;0;;1;0;;1;0;
127370;0;0;;1;0;;1;0;;1;0;;1;0;;1;0;;1;0;
127380;0;0;;1;0;;1;0;;1;0;;1;0;;1;0;;1;0;
127390;0;0;;1;0;;1;0;;1;0;;1;0;;1;0;;1;0;
127400;0;0;;1;0;;1;0;;1;0;;1;0;;1;0;;1;0;
127410;0;0;;1;0;;1;0;;1;0;;1;0;;1;0;;1;0;
127420;0;0;;1;0;;1;0;;1;0;;1;0;;1;0;;1;0;
127430;0;0;;1;0;;1;0;;1;0;;1;0;;1;0;;1;0;
127440;0;0;;1;0;;1;0;;1;0;;1;0;;1;0;;1;0;
127450;0;0;;1;0;;1;0;;1;0;;1;0;;1;0;;1;0;
127460;0;0;;1;0;;1;0;;1;0;;1;0;;1;0;;1;0;
127470;0;0;;1;0;;1;0;;1;0;;1;0;;1;0;;1;0;
127480;0;0;;1;0;;1;0;;1;0;;1;0;;1;0;;1;0;
127490;0;0;;1;0;;1;0;;1;0;;1;0;;1;0;;1;0;
127500;0;0;;1;0;;1;0;;1;0;;1;0;;1;0;;1;0;
127510;0;0;;1;0;;1;0;;1;0;;1;0;;1;0;;1;0;
127520;0;0;;1;0;;1;0;;1;0;;1;0;;1;0;;1;0;
127530;0;0;;1;0;;1;0;;1;0;;1;0;;1;0;;1;0;
127540;0;0;;1;0;;1;0;;1;0;;1;0;;1;0;;1;0;
127550;0;0;;1;0;;1;0;;1;0;;1;0;;1;0;;1;0;
127560;0;0;;1;0;;1;0;;1;0;;1;0;;1;0;;1;0;
127570;0;0;;1;0;;1;0;;1;0;;1;0;;1;0;;1;0;
127580;0;0;;1;0;;1;0;;1;0;;1;0;;1;0;;1;0;
127590;0;0;;1;0;;1;0;;1;0;;1;0;;1;0;;1;0;
127600;0;0;;1;0;;1;0;;1;0;;1;0;;1;0;;1;0;
127610;0;0;;1;0;;1;0;;1;0;;1;0;;1;0;;1;0;
127620;0;0;;1;0;;1;0;;1;0;;1;0;;1;0;;1;0;
127630;0;0;;1;0;;1;0;;1;0;;1;0;;1;0;;1;0;
127640;0;0;;1;0;;1;0;;1;0;;1;0;;1;0;;1;0;
127650;0;0;;1;0;;1;0;;1;0;;1;0;;1;0;;1;0;
127660;0;0;;1;0;;1;0;;1;0;;1;0;;1;0;;1;0;
127670;0;0;;1;0;;1;0;;1;0;;1;0;;1;0;;1;0;
127680;0;0;;1;0;;1;0;;1;0;;1;0;;1;0;;1;0;
127690;0;0;;1;0;;1;0;;1;0;;1;0;;1;0;;1;0;
127700;0;0;;1;0;;1;0;;1;0;;1;0;;1;0;;1;0;
127710;0;0;;1;0;;1;0;;1;0;;1;0;;1;0;;1;0;
127720;0;0;;1;0;;1;0;;1;0;;1;0;;1;0;;1;0;
127730;0;0;;1;0;;1;0;;1;0;;1;0;;1;0;;1;0;
127740;0;0;;1;0;;1;0;;1;0;;1;0;;1;0;;1;0;
127750;0;0;;1;0;;1;0;;1;0;;1;0;;1;0;;1;0;
127760;0;0;;1;0;;1;0;;1;0;;1;0;;1;0;;1;0;
127770;0;0;;1;0;;1;0;;1;0;;1;0;;1;0;;1;0;
127780;0;0;;1;0;;1;0;;1;0;;1;0;;1;0;;1;0;
127790;0;0;;1;0;;1;0;;1;0;;1;0;;1;0;;1;0;
127800;0;0;;1;0;;1;0;;1;0;;1;0;;1;0;;1;0;
127810;0;0;;1;0;;1;0;;1;0;;1;0;;1;0;;1;0;
127820;0;0;;1;0;;1;0;;1;0;;1;0;;1;0;;1;0;
127830;0;0;;1;0;;1;0;;1;0;;1;0;;1;0;;1;0;
127840;0;0;;1;0;;1;0;;1;0;;1;0;;1;0;;1;0;
127850;0;0;;1;0;;1;0;;1;0;;1;0;;1;0;;1;0;
127860;0;0;;1;0;;1;0;;1;0;;1;0;;1;0;;1;0;
127870;0;0;;1;0;;1;0;;1;0;;1;0;;1;0;;1;0;
127880;0;0;;1;0;;1;0;;1;0;;1;0;;1;0;;1;0;
127890;0;0;;1;0;;1;0;;1;0;;1;0;;1;0;;1;0;
127900;0;0;;1;0;;1;0;;1;0;;1;0;;1;0;;1;0;
127910;0;0;;1;0;;1;0;;1;0;;1;0;;1;0;;1;0;
127920;0;0;;1;0;;1;0;;1;0;;1;0;;1;0;;1;0;
127930;0;0;;1;0;;1;0;;1;0;;1;0;;1;0;;1;0;
127940;0;0;;1;0;;1;0;;1;0;;1;0;;1;0;;1;0;
127950;0;0;;1;0;;1;0;;1;0;;1;0;;1;0;;1;0;
127960;0;0;;1;0;;1;0;;1;0;;1;0;;1;0;;1;0;
127970;0;0;;1;0;;1;0;;1;0;;1;0;;1;0;;1;0;
127980;0;0;;1;0;;1;0;;1;0;;1;0;;1;0;;1;0;
127990;0;0;;1;0;;1;0;;1;0;;1;0;;1;0;;1;0;
128000;0;0;;1;0;;1;0;;1;0;;1;0;;1;0;;1;0;
128010;0;0;;1;0;;1;0;;1;0;;1;0;;1;0;;1;0;
128020;0;0;;1;0;;1;0;;1;0;;1;0;;1;0;;1;0;
128030;0;0;;1;0;;1;0;;1;0;;1;0;;1;0;;1;0;
128040;0;0;;1;0;;1;0;;1;0;;1;0;;1;0;;1;0;
128050;0;0;;1;0;;1;0;;1;0;;1;0;;1;0;;1;0;
128060;0;0;;1;0;;1;0;;1;0;;1;0;;1;0;;1;0;
128070;0;0;;1;0;;1;0;;1;0;;1;0;;1;0;;1;0;
128080;0;0;;1;0;;1;0;;1;0;;1;0;;1;0;;1;0;
128090;0;0;;1;0;;1;0;;1;0;;1;0;;1;0;;1;0;
128100;0;0;;1;0;;1;0;;1;0;;1;0;;1;0;;1;0;
128110;0;0;;1;0;;1;0;;1;0;;1;0;;1;0;;1;0;
128120;0;0;;1;0;;1;0;;1;0;;1;0;;1;0;;1;0;
128130;0;0;;1;0;;1;0;;1;0;;1;0;;1;0;;1;0;
128140;0;0;;1;0;;1;0;;1;0;;1;0;;1;0;;1;0;
128150;0;0;;1;0;;1;0;;1;0;;1;0;;1;0;;1;0;
128160;0;0;;1;0;;1;0;;1;0;;1;0;;1;0;;1;0;
128170;0;0;;1;0;;1;0;;1;0;;1;0;;1;0;;1;0;
128180;0;0;;1;0;;1;0;;1;0;;1;0;;1;0;;1;0;
128190;0;0;;1;0;;1;0;;1;0;;1;0;;1;0;;1;0;
128200;0;0;;1;0;;1;0;;1;0;;1;0;;1;0;;1;0;
128210;0;0;;1;0;;1;0;;1;0;;1;0;;1;0;;1;0;
128220;0;0;;1;0;;1;0;;1;0;;1;0;;1;0;;1;0;
128230;0;0;;1;0;;1;0;;1;0;;1;0;;1;0;;1;0;
128240;0;0;;1;0;;1;0;;1;0;;1;0;;1;0;;1;0;
128250;0;0;;1;0;;1;0;;1;0;;1;0;;1;0;;1;0;
128260;0;0;;1;0;;1;0;;1;0;;1;0;;1;0;;1;0;
128270;0;0;;1;0;;1;0;;1;0;;1;0;;1;0;;1;0;
128280;0;0;;1;0;;1;0;;1;0;;1;0;;1;0;;1;0;
128290;0;0;;1;0;;1;0;;1;0;;1;0;;1;0;;1;0;
128300;0;0;;1;0;;1;0;;1;0;;1;0;;1;0;;1;0;
128310;0;0;;1;0;;1;0;;1;0;;1;0;;1;0;;1;0;
128320;0;0;;1;0;;1;0;;1;0;;1;0;;1;0;;1;0;
128330;0;0;;1;0;;1;0;;1;0;;1;0;;1;0;;1;0;
128340;0;0;;1;0;;1;0;;1;0;;1;0;;1;0;;1;0;
128350;0;0;;1;0;;1;0;;1;0;;1;0;;1;0;;1;0;
128360;0;0;;1;0;;1;0;;1;0;;1;0;;1;0;;1;0;
128370;0;0;;1;0;;1;0;;1;0;;1;0;;1;0;;1;0;
128380;0;0;;1;0;;1;0;;1;0;;1;0;;1;0;;1;0;
128390;0;0;;1;0;;1;0;;1;0;;1;0;;1;0;;1;0;
128400;0;0;;1;0;;1;0;;1;0;;1;0;;1;0;;1;0;
128410;0;0;;1;0;;1;0;;1;0;;1;0;;1;0;;1;0;
128420;0;0;;1;0;;1;0;;1;0;;1;0;;1;0;;1;0;
128430;0;0;;1;0;;1;0;;1;0;;1;0;;1;0;;1;0;
128440;0;0;;1;0;;1;0;;1;0;;1;0;;1;0;;1;0;
128450;0;0;;1;0;;1;0;;1;0;;1;0;;1;0;;1;0;
128460;0;0;;1;0;;1;0;;1;0;;1;0;;1;0;;1;0;
128470;0;0;;1;0;;1;0;;1;0;;1;0;;1;0;;1;0;
128480;0;0;;1;0;;1;0;;1;0;;1;0;;1;0;;1;0;
128490;0;0;;1;0;;1;0;;1;0;;1;0;;1;0;;1;0;
128500;0;0;;1;0;;1;0;;1;0;;1;0;;1;0;;1;0;
128510;0;0;;1;0;;1;0;;1;0;;1;0;;1;0;;1;0;
128520;0;0;;1;0;;1;0;;1;0;;1;0;;1;0;;1;0;
128530;0;0;;1;0;;1;0;;1;0;;1;0;;1;0;;1;0;
128540;0;0;;1;0;;1;0;;1;0;;1;0;;1;0;;1;0;
128550;0;0;;1;0;;1;0;;1;0;;1;0;;1;0;;1;0;
128560;0;0;;1;0;;1;0;;1;0;;1;0;;1;0;;1;0;
128570;0;0;;1;0;;1;0;;1;0;;1;0;;1;0;;1;0;
128580;0;0;;1;0;;1;0;;1;0;;1;0;;1;0;;1;0;
128590;0;0;;1;0;;1;0;;1;0;;1;0;;1;0;;1;0;
128600;0;0;;1;0;;1;0;;1;0;;1;0;;1;0;;1;0;
128610;0;0;;1;0;;1;0;;1;0;;1;0;;1;0;;1;0;
128620;0;0;;1;0;;1;0;;1;0;;1;0;;1;0;;1;0;
128630;0;0;;1;0;;1;0;;1;0;;1;0;;1;0;;1;0;
128640;0;0;;1;0;;1;0;;1;0;;1;0;;1;0;;1;0;
128650;0;0;;1;0;;1;0;;1;0;;1;0;;1;0;;1;0;
128660;0;0;;1;0;;1;0;;1;0;;1;0;;1;0;;1;0;
128670;0;0;;1;0;;1;0;;1;0;;1;0;;1;0;;1;0;
128680;0;0;;1;0;;1;0;;1;0;;1;0;;1;0;;1;0;
128690;0;0;;1;0;;1;0;;1;0;;1;0;;1;0;;1;0;
128700;0;0;;1;0;;1;0;;1;0;;1;0;;1;0;;1;0;
128710;0;0;;1;0;;1;0;;1;0;;1;0;;1;0;;1;0;
128720;0;0;;1;0;;1;0;;1;0;;1;0;;1;0;;1;0;
128730;0;0;;1;0;;1;0;;1;0;;1;0;;1;0;;1;0;
128740;0;0;;1;0;;1;0;;1;0;;1;0;;1;0;;1;0;
128750;0;0;;1;0;;1;0;;1;0;;1;0;;1;0;;1;0;
128760;0;0;;1;0;;1;0;;1;0;;1;0;;1;0;;1;0;
128770;0;0;;1;0;;1;0;;1;0;;1;0;;1;0;;1;0;
128780;0;0;;1;0;;1;0;;1;0;;1;0;;1;0;;1;0;
128790;0;0;;1;0;;1;0;;1;0;;1;0;;1;0;;1;0;
128800;0;0;;1;0;;1;0;;1;0;;1;0;;1;0;;1;0;
128810;0;0;;1;0;;1;0;;1;0;;1;0;;1;0;;1;0;
128820;0;0;;1;0;;1;0;;1;0;;1;0;;1;0;;1;0;
128830;0;0;;1;0;;1;0;;1;0;;1;0;;1;0;;1;0;
128840;0;0;;1;0;;1;0;;1;0;;1;0;;1;0;;1;0;
128850;0;0;;1;0;;1;0;;1;0;;1;0;;1;0;;1;0;
128860;0;0;;1;0;;1;0;;1;0;;1;0;;1;0;;1;0;
128870;0;0;;1;0;;1;0;;1;0;;1;0;;1;0;;1;0;
128880;0;0;;1;0;;1;0;;1;0;;1;0;;1;0;;1;0;
128890;0;0;;1;0;;1;0;;1;0;;1;0;;1;0;;1;0;
128900;0;0;;1;0;;1;0;;1;0;;1;0;;1;0;;1;0;
128910;0;0;;1;0;;1;0;;1;0;;1;0;;1;0;;1;0;
128920;0;0;;1;0;;1;0;;1;0;;1;0;;1;0;;1;0;
128930;0;0;;1;0;;1;0;;1;0;;1;0;;1;0;;1;0;
128940;0;0;;1;0;;1;0;;1;0;;1;0;;1;0;;1;0;
128950;0;0;;1;0;;1;0;;1;0;;1;0;;1;0;;1;0;
128960;0;0;;1;0;;1;0;;1;0;;1;0;;1;0;;1;0;
128970;0;0;;1;0;;1;0;;1;0;;1;0;;1;0;;1;0;
128980;0;0;;1;0;;1;0;;1;0;;1;0;;1;0;;1;0;
128990;0;0;;1;0;;1;0;;1;0;;1;0;;1;0;;1;0;
129000;0;0;;1;0;;1;0;;1;0;;1;0;;1;0;;1;0;
129010;0;0;;1;0;;1;0;;1;0;;1;0;;1;0;;1;0;
129020;0;0;;1;0;;1;0;;1;0;;1;0;;1;0;;1;0;
129030;0;0;;1;0;;1;0;;1;0;;1;0;;1;0;;1;0;
129040;0;0;;1;0;;1;0;;1;0;;1;0;;1;0;;1;0;
129050;0;0;;1;0;;1;0;;1;0;;1;0;;1;0;;1;0;
129060;0;0;;1;0;;1;0;;1;0;;1;0;;1;0;;1;0;
129070;0;0;;1;0;;1;0;;1;0;;1;0;;1;0;;1;0;
129080;0;0;;1;0;;1;0;;1;0;;1;0;;1;0;;1;0;
129090;0;0;;1;0;;1;0;;1;0;;1;0;;1;0;;1;0;
129100;0;0;;1;0;;1;0;;1;0;;1;0;;1;0;;1;0;
129110;0;0;;1;0;;1;0;;1;0;;1;0;;1;0;;1;0;
129120;0;0;;1;0;;1;0;;1;0;;1;0;;1;0;;1;0;
129130;0;0;;1;0;;1;0;;1;0;;1;0;;1;0;;1;0;
129140;0;0;;1;0;;1;0;;1;0;;1;0;;1;0;;1;0;
129150;0;0;;1;0;;1;0;;1;0;;1;0;;1;0;;1;0;
129160;0;0;;1;0;;1;0;;1;0;;1;0;;1;0;;1;0;
129170;0;0;;1;0;;1;0;;1;0;;1;0;;1;0;;1;0;
129180;0;0;;1;0;;1;0;;1;0;;1;0;;1;0;;1;0;
129190;0;0;;1;0;;1;0;;1;0;;1;0;;1;0;;1;0;
129200;0;0;;1;0;;1;0;;1;0;;1;0;;1;0;;1;0;
129210;0;0;;1;0;;1;0;;1;0;;1;0;;1;0;;1;0;
129220;0;0;;1;0;;1;0;;1;0;;1;0;;1;0;;1;0;
129230;0;0;;1;0;;1;0;;1;0;;1;0;;1;0;;1;0;
129240;0;0;;1;0;;1;0;;1;0;;1;0;;1;0;;1;0;
129250;0;0;;1;0;;1;0;;1;0;;1;0;;1;0;;1;0;
129260;0;0;;1;0;;1;0;;1;0;;1;0;;1;0;;1;0;
129270;0;0;;1;0;;1;0;;1;0;;1;0;;1;0;;1;0;
129280;0;0;;1;0;;1;0;;1;0;;1;0;;1;0;;1;0;
129290;0;0;;1;0;;1;0;;1;0;;1;0;;1;0;;1;0;
129300;0;0;;1;0;;1;0;;1;0;;1;0;;1;0;;1;0;
129310;0;0;;1;0;;1;0;;1;0;;1;0;;1;0;;1;0;
129320;0;0;;1;0;;1;0;;1;0;;1;0;;1;0;;1;0;
129330;0;0;;1;0;;1;0;;1;0;;1;0;;1;0;;1;0;
129340;0;0;;1;0;;1;0;;1;0;;1;0;;1;0;;1;0;
129350;0;0;;1;0;;1;0;;1;0;;1;0;;1;0;;1;0;
129360;0;0;;1;0;;1;0;;1;0;;1;0;;1;0;;1;0;
129370;0;0;;1;0;;1;0;;1;0;;1;0;;1;0;;1;0;
129380;0;0;;1;0;;1;0;;1;0;;1;0;;1;0;;1;0;
129390;0;0;;1;0;;1;0;;1;0;;1;0;;1;0;;1;0;
129400;0;0;;1;0;;1;0;;1;0;;1;0;;1;0;;1;0;
129410;0;0;;1;0;;1;0;;1;0;;1;0;;1;0;;1;0;
129420;0;0;;1;0;;1;0;;1;0;;1;0;;1;0;;1;0;
129430;0;0;;1;0;;1;0;;1;0;;1;0;;1;0;;1;0;
129440;0;0;;1;0;;1;0;;1;0;;1;0;;1;0;;1;0;
129450;0;0;;1;0;;1;0;;1;0;;1;0;;1;0;;1;0;
129460;0;0;;1;0;;1;0;;1;0;;1;0;;1;0;;1;0;
129470;0;0;;1;0;;1;0;;1;0;;1;0;;1;0;;1;0;
129480;0;0;;1;0;;1;0;;1;0;;1;0;;1;0;;1;0;
129490;0;0;;1;0;;1;0;;1;0;;1;0;;1;0;;1;0;
129500;0;0;;1;0;;1;0;;1;0;;1;0;;1;0;;1;0;
129510;0;0;;1;0;;1;0;;1;0;;1;0;;1;0;;1;0;
129520;0;0;;1;0;;1;0;;1;0;;1;0;;1;0;;1;0;
129530;0;0;;1;0;;1;0;;1;0;;1;0;;1;0;;1;0;
129540;0;0;;1;0;;1;0;;1;0;;1;0;;1;0;;1;0;
129550;0;0;;1;0;;1;0;;1;0;;1;0;;1;0;;1;0;
129560;0;0;;1;0;;1;0;;1;0;;1;0;;1;0;;1;0;
129570;0;0;;1;0;;1;0;;1;0;;1;0;;1;0;;1;0;
129580;0;0;;1;0;;1;0;;1;0;;1;0;;1;0;;1;0;
129590;0;0;;1;0;;1;0;;1;0;;1;0;;1;0;;1;0;
129600;0;0;;1;0;;1;0;;1;0;;1;0;;1;0;;1;0;
129610;0;0;;1;0;;1;0;;1;0;;1;0;;1;0;;1;0;
129620;0;0;;1;0;;1;0;;1;0;;1;0;;1;0;;1;0;
129630;0;0;;1;0;;1;0;;1;0;;1;0;;1;0;;1;0;
129640;0;0;;1;0;;1;0;;1;0;;1;0;;1;0;;1;0;
129650;0;0;;1;0;;1;0;;1;0;;1;0;;1;0;;1;0;
129660;0;0;;1;0;;1;0;;1;0;;1;0;;1;0;;1;0;
129670;0;0;;1;0;;1;0;;1;0;;1;0;;1;0;;1;0;
129680;0;0;;1;0;;1;0;;1;0;;1;0;;1;0;;1;0;
129690;0;0;;1;0;;1;0;;1;0;;1;0;;1;0;;1;0;
129700;0;0;;1;0;;1;0;;1;0;;1;0;;1;0;;1;0;
129710;0;0;;1;0;;1;0;;1;0;;1;0;;1;0;;1;0;
129720;0;0;;1;0;;1;0;;1;0;;1;0;;1;0;;1;0;
129730;0;0;;1;0;;1;0;;1;0;;1;0;;1;0;;1;0;
129740;0;0;;1;0;;1;0;;1;0;;1;0;;1;0;;1;0;
129750;0;0;;1;0;;1;0;;1;0;;1;0;;1;0;;1;0;
129760;0;0;;1;0;;1;0;;1;0;;1;0;;1;0;;1;0;
129770;0;0;;1;0;;1;0;;1;0;;1;0;;1;0;;1;0;
129780;0;0;;1;0;;1;0;;1;0;;1;0;;1;0;;1;0;
129790;0;0;;1;0;;1;0;;1;0;;1;0;;1;0;;1;0;
129800;0;0;;1;0;;1;0;;1;0;;1;0;;1;0;;1;0;
129810;0;0;;1;0;;1;0;;1;0;;1;0;;1;0;;1;0;
129820;0;0;;1;0;;1;0;;1;0;;1;0;;1;0;;1;0;
129830;0;0;;1;0;;1;0;;1;0;;1;0;;1;0;;1;0;
129840;0;0;;1;0;;1;0;;1;0;;1;0;;1;0;;1;0;
129850;0;0;;1;0;;1;0;;1;0;;1;0;;1;0;;1;0;
129860;0;0;;1;0;;1;0;;1;0;;1;0;;1;0;;1;0;
129870;0;0;;1;0;;1;0;;1;0;;1;0;;1;0;;1;0;
129880;0;0;;1;0;;1;0;;1;0;;1;0;;1;0;;1;0;
129890;0;0;;1;0;;1;0;;1;0;;1;0;;1;0;;1;0;
129900;0;0;;1;0;;1;0;;1;0;;1;0;;1;0;;1;0;
129910;0;0;;1;0;;1;0;;1;0;;1;0;;1;0;;1;0;
129920;0;0;;1;0;;1;0;;1;0;;1;0;;1;0;;1;0;
129930;0;0;;1;0;;1;0;;1;0;;1;0;;1;0;;1;0;
129940;0;0;;1;0;;1;0;;1;0;;1;0;;1;0;;1;0;
129950;0;0;;1;0;;1;0;;1;0;;1;0;;1;0;;1;0;
129960;0;0;;1;0;;1;0;;1;0;;1;0;;1;0;;1;0;
129970;0;0;;1;0;;1;0;;1;0;;1;0;;1;0;;1;0;
129980;0;0;;1;0;;1;0;;1;0;;1;0;;1;0;;1;0;
129990;0;0;;1;0;;1;0;;1;0;;1;0;;1;0;;1;0;
130000;0;0;;1;0;;1;0;;1;0;;1;0;;1;0;;1;0;
130010;0;0;;1;0;;1;0;;1;0;;1;0;;1;0;;1;0;
130020;0;0;;1;0;;1;0;;1;0;;1;0;;1;0;;1;0;
130030;0;0;;1;0;;1;0;;1;0;;1;0;;1;0;;1;0;
130040;0;0;;1;0;;1;0;;1;0;;1;0;;1;0;;1;0;
130050;0;0;;1;0;;1;0;;1;0;;1;0;;1;0;;1;0;
130060;0;0;;1;0;;1;0;;1;0;;1;0;;1;0;;1;0;
130070;0;0;;1;0;;1;0;;1;0;;1;0;;1;0;;1;0;
130080;0;0;;1;0;;1;0;;1;0;;1;0;;1;0;;1;0;
130090;0;0;;1;0;;1;0;;1;0;;1;0;;1;0;;1;0;
130100;0;0;;1;0;;1;0;;1;0;;1;0;;1;0;;1;0;
130110;0;0;;1;0;;1;0;;1;0;;1;0;;1;0;;1;0;
130120;0;0;;1;0;;1;0;;1;0;;1;0;;1;0;;1;0;
130130;0;0;;1;0;;1;0;;1;0;;1;0;;1;0;;1;0;
130140;0;0;;1;0;;1;0;;1;0;;1;0;;1;0;;1;0;
130150;0;0;;1;0;;1;0;;1;0;;1;0;;1;0;;1;0;
130160;0;0;;1;0;;1;0;;1;0;;1;0;;1;0;;1;0;
130170;0;0;;1;0;;1;0;;1;0;;1;0;;1;0;;1;0;
130180;0;0;;1;0;;1;0;;1;0;;1;0;;1;0;;1;0;
130190;0;0;;1;0;;1;0;;1;0;;1;0;;1;0;;1;0;
130200;0;0;;1;0;;1;0;;1;0;;1;0;;1;0;;1;0;
130210;0;0;;1;0;;1;0;;1;0;;1;0;;1;0;;1;0;
130220;0;0;;1;0;;1;0;;1;0;;1;0;;1;0;;1;0;
130230;0;0;;1;0;;1;0;;1;0;;1;0;;1;0;;1;0;
130240;0;0;;1;0;;1;0;;1;0;;1;0;;1;0;;1;0;
130250;0;0;;1;0;;1;0;;1;0;;1;0;;1;0;;1;0;
130260;0;0;;1;0;;1;0;;1;0;;1;0;;1;0;;1;0;
130270;0;0;;1;0;;1;0;;1;0;;1;0;;1;0;;1;0;
130280;0;0;;1;0;;1;0;;1;0;;1;0;;1;0;;1;0;
130290;0;0;;1;0;;1;0;;1;0;;1;0;;1;0;;1;0;
130300;0;0;;1;0;;1;0;;1;0;;1;0;;1;0;;1;0;
130310;0;0;;1;0;;1;0;;1;0;;1;0;;1;0;;1;0;
130320;0;0;;1;0;;1;0;;1;0;;1;0;;1;0;;1;0;
130330;0;0;;1;0;;1;0;;1;0;;1;0;;1;0;;1;0;
130340;0;0;;1;0;;1;0;;1;0;;1;0;;1;0;;1;0;
130350;0;0;;1;0;;1;0;;1;0;;1;0;;1;0;;1;0;
130360;0;0;;1;0;;1;0;;1;0;;1;0;;1;0;;1;0;
130370;0;0;;1;0;;1;0;;1;0;;1;0;;1;0;;1;0;
130380;0;0;;1;0;;1;0;;1;0;;1;0;;1;0;;1;0;
130390;0;0;;1;0;;1;0;;1;0;;1;0;;1;0;;1;0;
130400;0;0;;1;0;;1;0;;1;0;;1;0;;1;0;;1;0;
130410;0;0;;1;0;;1;0;;1;0;;1;0;;1;0;;1;0;
130420;0;0;;1;0;;1;0;;1;0;;1;0;;1;0;;1;0;
130430;0;0;;1;0;;1;0;;1;0;;1;0;;1;0;;1;0;
130440;0;0;;1;0;;1;0;;1;0;;1;0;;1;0;;1;0;
130450;0;0;;1;0;;1;0;;1;0;;1;0;;1;0;;1;0;
130460;0;0;;1;0;;1;0;;1;0;;1;0;;1;0;;1;0;
130470;0;0;;1;0;;1;0;;1;0;;1;0;;1;0;;1;0;
130480;0;0;;1;0;;1;0;;1;0;;1;0;;1;0;;1;0;
130490;0;0;;1;0;;1;0;;1;0;;1;0;;1;0;;1;0;
130500;0;0;;1;0;;1;0;;1;0;;1;0;;1;0;;1;0;
130510;0;0;;1;0;;1;0;;1;0;;1;0;;1;0;;1;0;
130520;0;0;;1;0;;1;0;;1;0;;1;0;;1;0;;1;0;
130530;0;0;;1;0;;1;0;;1;0;;1;0;;1;0;;1;0;
130540;0;0;;1;0;;1;0;;1;0;;1;0;;1;0;;1;0;
130550;0;0;;1;0;;1;0;;1;0;;1;0;;1;0;;1;0;
130560;0;0;;1;0;;1;0;;1;0;;1;0;;1;0;;1;0;
130570;0;0;;1;0;;1;0;;1;0;;1;0;;1;0;;1;0;
130580;0;0;;1;0;;1;0;;1;0;;1;0;;1;0;;1;0;
130590;0;0;;1;0;;1;0;;1;0;;1;0;;1;0;;1;0;
130600;0;0;;1;0;;1;0;;1;0;;1;0;;1;0;;1;0;
130610;0;0;;1;0;;1;0;;1;0;;1;0;;1;0;;1;0;
130620;0;0;;1;0;;1;0;;1;0;;1;0;;1;0;;1;0;
130630;0;0;;1;0;;1;0;;1;0;;1;0;;1;0;;1;0;
130640;0;0;;1;0;;1;0;;1;0;;1;0;;1;0;;1;0;
130650;0;0;;1;0;;1;0;;1;0;;1;0;;1;0;;1;0;
130660;0;0;;1;0;;1;0;;1;0;;1;0;;1;0;;1;0;
130670;0;0;;1;0;;1;0;;1;0;;1;0;;1;0;;1;0;
130680;0;0;;1;0;;1;0;;1;0;;1;0;;1;0;;1;0;
130690;0;0;;1;0;;1;0;;1;0;;1;0;;1;0;;1;0;
130700;0;0;;1;0;;1;0;;1;0;;1;0;;1;0;;1;0;
130710;0;0;;1;0;;1;0;;1;0;;1;0;;1;0;;1;0;
130720;0;0;;1;0;;1;0;;1;0;;1;0;;1;0;;1;0;
130730;0;0;;1;0;;1;0;;1;0;;1;0;;1;0;;1;0;
130740;0;0;;1;0;;1;0;;1;0;;1;0;;1;0;;1;0;
130750;0;0;;1;0;;1;0;;1;0;;1;0;;1;0;;1;0;
130760;0;0;;1;0;;1;0;;1;0;;1;0;;1;0;;1;0;
130770;0;0;;1;0;;1;0;;1;0;;1;0;;1;0;;1;0;
130780;0;0;;1;0;;1;0;;1;0;;1;0;;1;0;;1;0;
130790;0;0;;1;0;;1;0;;1;0;;1;0;;1;0;;1;0;
130800;0;0;;1;0;;1;0;;1;0;;1;0;;1;0;;1;0;
130810;0;0;;1;0;;1;0;;1;0;;1;0;;1;0;;1;0;
130820;0;0;;1;0;;1;0;;1;0;;1;0;;1;0;;1;0;
130830;0;0;;1;0;;1;0;;1;0;;1;0;;1;0;;1;0;
130840;0;0;;1;0;;1;0;;1;0;;1;0;;1;0;;1;0;
130850;0;0;;1;0;;1;0;;1;0;;1;0;;1;0;;1;0;
130860;0;0;;1;0;;1;0;;1;0;;1;0;;1;0;;1;0;
130870;0;0;;1;0;;1;0;;1;0;;1;0;;1;0;;1;0;
130880;0;0;;1;0;;1;0;;1;0;;1;0;;1;0;;1;0;
130890;0;0;;1;0;;1;0;;1;0;;1;0;;1;0;;1;0;
130900;0;0;;1;0;;1;0;;1;0;;1;0;;1;0;;1;0;
130910;0;0;;1;0;;1;0;;1;0;;1;0;;1;0;;1;0;
130920;0;0;;1;0;;1;0;;1;0;;1;0;;1;0;;1;0;
130930;0;0;;1;0;;1;0;;1;0;;1;0;;1;0;;1;0;
130940;0;0;;1;0;;1;0;;1;0;;1;0;;1;0;;1;0;
130950;0;0;;1;0;;1;0;;1;0;;1;0;;1;0;;1;0;
130960;0;0;;1;0;;1;0;;1;0;;1;0;;1;0;;1;0;
130970;0;0;;1;0;;1;0;;1;0;;1;0;;1;0;;1;0;
130980;0;0;;1;0;;1;0;;1;0;;1;0;;1;0;;1;0;
130990;0;0;;1;0;;1;0;;1;0;;1;0;;1;0;;1;0;
131000;0;0;;1;0;;1;0;;1;0;;1;0;;1;0;;1;0;
131010;0;0;;1;0;;1;0;;1;0;;1;0;;1;0;;1;0;
131020;0;0;;1;0;;1;0;;1;0;;1;0;;1;0;;1;0;
131030;0;0;;1;0;;1;0;;1;0;;1;0;;1;0;;1;0;
131040;0;0;;1;0;;1;0;;1;0;;1;0;;1;0;;1;0;
131050;0;0;;1;0;;1;0;;1;0;;1;0;;1;0;;1;0;
131060;0;0;;1;0;;1;0;;1;0;;1;0;;1;0;;1;0;
131070;0;0;;1;0;;1;0;;1;0;;1;0;;1;0;;1;0;
131080;0;0;;1;0;;1;0;;1;0;;1;0;;1;0;;1;0;
131090;0;0;;1;0;;1;0;;1;0;;1;0;;1;0;;1;0;
131100;0;0;;1;0;;1;0;;1;0;;1;0;;1;0;;1;0;
131110;0;0;;1;0;;1;0;;1;0;;1;0;;1;0;;1;0;
131120;0;0;;1;0;;1;0;;1;0;;1;0;;1;0;;1;0;
131130;0;0;;1;0;;1;0;;1;0;;1;0;;1;0;;1;0;
131140;0;0;;1;0;;1;0;;1;0;;1;0;;1;0;;1;0;
131150;0;0;;1;0;;1;0;;1;0;;1;0;;1;0;;1;0;
131160;0;0;;1;0;;1;0;;1;0;;1;0;;1;0;;1;0;
131170;0;0;;1;0;;1;0;;1;0;;1;0;;1;0;;1;0;
131180;0;0;;1;0;;1;0;;1;0;;1;0;;1;0;;1;0;
131190;0;0;;1;0;;1;0;;1;0;;1;0;;1;0;;1;0;
131200;0;0;;1;0;;1;0;;1;0;;1;0;;1;0;;1;0;
131210;0;0;;1;0;;1;0;;1;0;;1;0;;1;0;;1;0;
131220;0;0;;1;0;;1;0;;1;0;;1;0;;1;0;;1;0;
131230;0;0;;1;0;;1;0;;1;0;;1;0;;1;0;;1;0;
131240;0;0;;1;0;;1;0;;1;0;;1;0;;1;0;;1;0;
131250;0;0;;1;0;;1;0;;1;0;;1;0;;1;0;;1;0;
131260;0;0;;1;0;;1;0;;1;0;;1;0;;1;0;;1;0;
131270;0;0;;1;0;;1;0;;1;0;;1;0;;1;0;;1;0;
131280;0;0;;1;0;;1;0;;1;0;;1;0;;1;0;;1;0;
131290;0;0;;1;0;;1;0;;1;0;;1;0;;1;0;;1;0;
131300;0;0;;1;0;;1;0;;1;0;;1;0;;1;0;;1;0;
131310;0;0;;1;0;;1;0;;1;0;;1;0;;1;0;;1;0;
131320;0;0;;1;0;;1;0;;1;0;;1;0;;1;0;;1;0;
131330;0;0;;1;0;;1;0;;1;0;;1;0;;1;0;;1;0;
131340;0;0;;1;0;;1;0;;1;0;;1;0;;1;0;;1;0;
131350;0;0;;1;0;;1;0;;1;0;;1;0;;1;0;;1;0;
131360;0;0;;1;0;;1;0;;1;0;;1;0;;1;0;;1;0;
131370;0;0;;1;0;;1;0;;1;0;;1;0;;1;0;;1;0;
131380;0;0;;1;0;;1;0;;1;0;;1;0;;1;0;;1;0;
131390;0;0;;1;0;;1;0;;1;0;;1;0;;1;0;;1;0;
131400;0;0;;1;0;;1;0;;1;0;;1;0;;1;0;;1;0;
131410;0;0;;1;0;;1;0;;1;0;;1;0;;1;0;;1;0;
131420;0;0;;1;0;;1;0;;1;0;;1;0;;1;0;;1;0;
131430;0;0;;1;0;;1;0;;1;0;;1;0;;1;0;;1;0;
131440;0;0;;1;0;;1;0;;1;0;;1;0;;1;0;;1;0;
131450;0;0;;1;0;;1;0;;1;0;;1;0;;1;0;;1;0;
131460;0;0;;1;0;;1;0;;1;0;;1;0;;1;0;;1;0;
131470;0;0;;1;0;;1;0;;1;0;;1;0;;1;0;;1;0;
131480;0;0;;1;0;;1;0;;1;0;;1;0;;1;0;;1;0;
131490;0;0;;1;0;;1;0;;1;0;;1;0;;1;0;;1;0;
131500;0;0;;1;0;;1;0;;1;0;;1;0;;1;0;;1;0;
131510;0;0;;1;0;;1;0;;1;0;;1;0;;1;0;;1;0;
131520;0;0;;1;0;;1;0;;1;0;;1;0;;1;0;;1;0;
131530;0;0;;1;0;;1;0;;1;0;;1;0;;1;0;;1;0;
131540;0;0;;1;0;;1;0;;1;0;;1;0;;1;0;;1;0;
131550;0;0;;1;0;;1;0;;1;0;;1;0;;1;0;;1;0;
131560;0;0;;1;0;;1;0;;1;0;;1;0;;1;0;;1;0;
131570;0;0;;1;0;;1;0;;1;0;;1;0;;1;0;;1;0;
131580;0;0;;1;0;;1;0;;1;0;;1;0;;1;0;;1;0;
131590;0;0;;1;0;;1;0;;1;0;;1;0;;1;0;;1;0;
131600;0;0;;1;0;;1;0;;1;0;;1;0;;1;0;;1;0;
131610;0;0;;1;0;;1;0;;1;0;;1;0;;1;0;;1;0;
131620;0;0;;1;0;;1;0;;1;0;;1;0;;1;0;;1;0;
131630;0;0;;1;0;;1;0;;1;0;;1;0;;1;0;;1;0;
131640;0;0;;1;0;;1;0;;1;0;;1;0;;1;0;;1;0;
131650;0;0;;1;0;;1;0;;1;0;;1;0;;1;0;;1;0;
131660;0;0;;1;0;;1;0;;1;0;;1;0;;1;0;;1;0;
131670;0;0;;1;0;;1;0;;1;0;;1;0;;1;0;;1;0;
131680;0;0;;1;0;;1;0;;1;0;;1;0;;1;0;;1;0;
131690;0;0;;1;0;;1;0;;1;0;;1;0;;1;0;;1;0;
131700;0;0;;1;0;;1;0;;1;0;;1;0;;1;0;;1;0;
131710;0;0;;1;0;;1;0;;1;0;;1;0;;1;0;;1;0;
131720;0;0;;1;0;;1;0;;1;0;;1;0;;1;0;;1;0;
131730;0;0;;1;0;;1;0;;1;0;;1;0;;1;0;;1;0;
131740;0;0;;1;0;;1;0;;1;0;;1;0;;1;0;;1;0;
131750;0;0;;1;0;;1;0;;1;0;;1;0;;1;0;;1;0;
131760;0;0;;1;0;;1;0;;1;0;;1;0;;1;0;;1;0;
131770;0;0;;1;0;;1;0;;1;0;;1;0;;1;0;;1;0;
131780;0;0;;1;0;;1;0;;1;0;;1;0;;1;0;;1;0;
131790;0;0;;1;0;;1;0;;1;0;;1;0;;1;0;;1;0;
131800;0;0;;1;0;;1;0;;1;0;;1;0;;1;0;;1;0;
131810;0;0;;1;0;;1;0;;1;0;;1;0;;1;0;;1;0;
131820;0;0;;1;0;;1;0;;1;0;;1;0;;1;0;;1;0;
131830;0;0;;1;0;;1;0;;1;0;;1;0;;1;0;;1;0;
131840;0;0;;1;0;;1;0;;1;0;;1;0;;1;0;;1;0;
131850;0;0;;1;0;;1;0;;1;0;;1;0;;1;0;;1;0;
131860;0;0;;1;0;;1;0;;1;0;;1;0;;1;0;;1;0;
131870;0;0;;1;0;;1;0;;1;0;;1;0;;1;0;;1;0;
131880;0;0;;1;0;;1;0;;1;0;;1;0;;1;0;;1;0;
131890;0;0;;1;0;;1;0;;1;0;;1;0;;1;0;;1;0;
131900;0;0;;1;0;;1;0;;1;0;;1;0;;1;0;;1;0;
131910;0;0;;1;0;;1;0;;1;0;;1;0;;1;0;;1;0;
131920;0;0;;1;0;;1;0;;1;0;;1;0;;1;0;;1;0;
131930;0;0;;1;0;;1;0;;1;0;;1;0;;1;0;;1;0;
131940;0;0;;1;0;;1;0;;1;0;;1;0;;1;0;;1;0;
131950;0;0;;1;0;;1;0;;1;0;;1;0;;1;0;;1;0;
131960;0;0;;1;0;;1;0;;1;0;;1;0;;1;0;;1;0;
131970;0;0;;1;0;;1;0;;1;0;;1;0;;1;0;;1;0;
131980;0;0;;1;0;;1;0;;1;0;;1;0;;1;0;;1;0;
131990;0;0;;1;0;;1;0;;1;0;;1;0;;1;0;;1;0;
132000;0;0;;1;0;;1;0;;1;0;;1;0;;1;0;;1;0;
132010;0;0;;1;0;;1;0;;1;0;;1;0;;1;0;;1;0;
132020;0;0;;1;0;;1;0;;1;0;;1;0;;1;0;;1;0;
132030;0;0;;1;0;;1;0;;1;0;;1;0;;1;0;;1;0;
132040;0;0;;1;0;;1;0;;1;0;;1;0;;1;0;;1;0;
132050;0;0;;1;0;;1;0;;1;0;;1;0;;1;0;;1;0;
132060;0;0;;1;0;;1;0;;1;0;;1;0;;1;0;;1;0;
132070;0;0;;1;0;;1;0;;1;0;;1;0;;1;0;;1;0;
132080;0;0;;1;0;;1;0;;1;0;;1;0;;1;0;;1;0;
132090;0;0;;1;0;;1;0;;1;0;;1;0;;1;0;;1;0;
132100;0;0;;1;0;;1;0;;1;0;;1;0;;1;0;;1;0;
132110;0;0;;1;0;;1;0;;1;0;;1;0;;1;0;;1;0;
132120;0;0;;1;0;;1;0;;1;0;;1;0;;1;0;;1;0;
132130;0;0;;1;0;;1;0;;1;0;;1;0;;1;0;;1;0;
132140;0;0;;1;0;;1;0;;1;0;;1;0;;1;0;;1;0;
132150;0;0;;1;0;;1;0;;1;0;;1;0;;1;0;;1;0;
132160;0;0;;1;0;;1;0;;1;0;;1;0;;1;0;;1;0;
132170;0;0;;1;0;;1;0;;1;0;;1;0;;1;0;;1;0;
132180;0;0;;1;0;;1;0;;1;0;;1;0;;1;0;;1;0;
132190;0;0;;1;0;;1;0;;1;0;;1;0;;1;0;;1;0;
132200;0;0;;1;0;;1;0;;1;0;;1;0;;1;0;;1;0;
132210;0;0;;1;0;;1;0;;1;0;;1;0;;1;0;;1;0;
132220;0;0;;1;0;;1;0;;1;0;;1;0;;1;0;;1;0;
132230;0;0;;1;0;;1;0;;1;0;;1;0;;1;0;;1;0;
132240;0;0;;1;0;;1;0;;1;0;;1;0;;1;0;;1;0;
132250;0;0;;1;0;;1;0;;1;0;;1;0;;1;0;;1;0;
132260;0;0;;1;0;;1;0;;1;0;;1;0;;1;0;;1;0;
132270;0;0;;1;0;;1;0;;1;0;;1;0;;1;0;;1;0;
132280;0;0;;1;0;;1;0;;1;0;;1;0;;1;0;;1;0;
132290;0;0;;1;0;;1;0;;1;0;;1;0;;1;0;;1;0;
132300;0;0;;1;0;;1;0;;1;0;;1;0;;1;0;;1;0;
132310;0;0;;1;0;;1;0;;1;0;;1;0;;1;0;;1;0;
132320;0;0;;1;0;;1;0;;1;0;;1;0;;1;0;;1;0;
132330;0;0;;1;0;;1;0;;1;0;;1;0;;1;0;;1;0;
132340;0;0;;1;0;;1;0;;1;0;;1;0;;1;0;;1;0;
132350;0;0;;1;0;;1;0;;1;0;;1;0;;1;0;;1;0;
132360;0;0;;1;0;;1;0;;1;0;;1;0;;1;0;;1;0;
132370;0;0;;1;0;;1;0;;1;0;;1;0;;1;0;;1;0;
132380;0;0;;1;0;;1;0;;1;0;;1;0;;1;0;;1;0;
132390;0;0;;1;0;;1;0;;1;0;;1;0;;1;0;;1;0;
132400;0;0;;1;0;;1;0;;1;0;;1;0;;1;0;;1;0;
132410;0;0;;1;0;;1;0;;1;0;;1;0;;1;0;;1;0;
132420;0;0;;1;0;;1;0;;1;0;;1;0;;1;0;;1;0;
132430;0;0;;1;0;;1;0;;1;0;;1;0;;1;0;;1;0;
132440;0;0;;1;0;;1;0;;1;0;;1;0;;1;0;;1;0;
132450;0;0;;1;0;;1;0;;1;0;;1;0;;1;0;;1;0;
132460;0;0;;1;0;;1;0;;1;0;;1;0;;1;0;;1;0;
132470;0;0;;1;0;;1;0;;1;0;;1;0;;1;0;;1;0;
132480;0;0;;1;0;;1;0;;1;0;;1;0;;1;0;;1;0;
132490;0;0;;1;0;;1;0;;1;0;;1;0;;1;0;;1;0;
132500;0;0;;1;0;;1;0;;1;0;;1;0;;1;0;;1;0;
132510;0;0;;1;0;;1;0;;1;0;;1;0;;1;0;;1;0;
132520;0;0;;1;0;;1;0;;1;0;;1;0;;1;0;;1;0;
132530;0;0;;1;0;;1;0;;1;0;;1;0;;1;0;;1;0;
132540;0;0;;1;0;;1;0;;1;0;;1;0;;1;0;;1;0;
132550;0;0;;1;0;;1;0;;1;0;;1;0;;1;0;;1;0;
132560;0;0;;1;0;;1;0;;1;0;;1;0;;1;0;;1;0;
132570;0;0;;1;0;;1;0;;1;0;;1;0;;1;0;;1;0;
132580;0;0;;1;0;;1;0;;1;0;;1;0;;1;0;;1;0;
132590;0;0;;1;0;;1;0;;1;0;;1;0;;1;0;;1;0;
132600;0;0;;1;0;;1;0;;1;0;;1;0;;1;0;;1;0;
132610;0;0;;1;0;;1;0;;1;0;;1;0;;1;0;;1;0;
132620;0;0;;1;0;;1;0;;1;0;;1;0;;1;0;;1;0;
132630;0;0;;1;0;;1;0;;1;0;;1;0;;1;0;;1;0;
132640;0;0;;1;0;;1;0;;1;0;;1;0;;1;0;;1;0;
132650;0;0;;1;0;;1;0;;1;0;;1;0;;1;0;;1;0;
132660;0;0;;1;0;;1;0;;1;0;;1;0;;1;0;;1;0;
132670;0;0;;1;0;;1;0;;1;0;;1;0;;1;0;;1;0;
132680;0;0;;1;0;;1;0;;1;0;;1;0;;1;0;;1;0;
132690;0;0;;1;0;;1;0;;1;0;;1;0;;1;0;;1;0;
132700;0;0;;1;0;;1;0;;1;0;;1;0;;1;0;;1;0;
132710;0;0;;1;0;;1;0;;1;0;;1;0;;1;0;;1;0;
132720;0;0;;1;0;;1;0;;1;0;;1;0;;1;0;;1;0;
132730;0;0;;1;0;;1;0;;1;0;;1;0;;1;0;;1;0;
132740;0;0;;1;0;;1;0;;1;0;;1;0;;1;0;;1;0;
132750;0;0;;1;0;;1;0;;1;0;;1;0;;1;0;;1;0;
132760;0;0;;1;0;;1;0;;1;0;;1;0;;1;0;;1;0;
132770;0;0;;1;0;;1;0;;1;0;;1;0;;1;0;;1;0;
132780;0;0;;1;0;;1;0;;1;0;;1;0;;1;0;;1;0;
132790;0;0;;1;0;;1;0;;1;0;;1;0;;1;0;;1;0;
132800;0;0;;1;0;;1;0;;1;0;;1;0;;1;0;;1;0;
132810;0;0;;1;0;;1;0;;1;0;;1;0;;1;0;;1;0;
132820;0;0;;1;0;;1;0;;1;0;;1;0;;1;0;;1;0;
132830;0;0;;1;0;;1;0;;1;0;;1;0;;1;0;;1;0;
132840;0;0;;1;0;;1;0;;1;0;;1;0;;1;0;;1;0;
132850;0;0;;1;0;;1;0;;1;0;;1;0;;1;0;;1;0;
132860;0;0;;1;0;;1;0;;1;0;;1;0;;1;0;;1;0;
132870;0;0;;1;0;;1;0;;1;0;;1;0;;1;0;;1;0;
132880;0;0;;1;0;;1;0;;1;0;;1;0;;1;0;;1;0;
132890;0;0;;1;0;;1;0;;1;0;;1;0;;1;0;;1;0;
132900;0;0;;1;0;;1;0;;1;0;;1;0;;1;0;;1;0;
132910;0;0;;1;0;;1;0;;1;0;;1;0;;1;0;;1;0;
132920;0;0;;1;0;;1;0;;1;0;;1;0;;1;0;;1;0;
132930;0;0;;1;0;;1;0;;1;0;;1;0;;1;0;;1;0;
132940;0;0;;1;0;;1;0;;1;0;;1;0;;1;0;;1;0;
132950;0;0;;1;0;;1;0;;1;0;;1;0;;1;0;;1;0;
132960;0;0;;1;0;;1;0;;1;0;;1;0;;1;0;;1;0;
132970;0;0;;1;0;;1;0;;1;0;;1;0;;1;0;;1;0;
132980;0;0;;1;0;;1;0;;1;0;;1;0;;1;0;;1;0;
132990;0;0;;1;0;;1;0;;1;0;;1;0;;1;0;;1;0;
133000;0;0;;1;0;;1;0;;1;0;;1;0;;1;0;;1;0;
133010;0;0;;1;0;;1;0;;1;0;;1;0;;1;0;;1;0;
133020;0;0;;1;0;;1;0;;1;0;;1;0;;1;0;;1;0;
133030;0;0;;1;0;;1;0;;1;0;;1;0;;1;0;;1;0;
133040;0;0;;1;0;;1;0;;1;0;;1;0;;1;0;;1;0;
133050;0;0;;1;0;;1;0;;1;0;;1;0;;1;0;;1;0;
133060;0;0;;1;0;;1;0;;1;0;;1;0;;1;0;;1;0;
133070;0;0;;1;0;;1;0;;1;0;;1;0;;1;0;;1;0;
133080;0;0;;1;0;;1;0;;1;0;;1;0;;1;0;;1;0;
133090;0;0;;1;0;;1;0;;1;0;;1;0;;1;0;;1;0;
133100;0;0;;1;0;;1;0;;1;0;;1;0;;1;0;;1;0;
133110;0;0;;1;0;;1;0;;1;0;;1;0;;1;0;;1;0;
133120;0;0;;1;0;;1;0;;1;0;;1;0;;1;0;;1;0;
133130;0;0;;1;0;;1;0;;1;0;;1;0;;1;0;;1;0;
133140;0;0;;1;0;;1;0;;1;0;;1;0;;1;0;;1;0;
133150;0;0;;1;0;;1;0;;1;0;;1;0;;1;0;;1;0;
133160;0;0;;1;0;;1;0;;1;0;;1;0;;1;0;;1;0;
133170;0;0;;1;0;;1;0;;1;0;;1;0;;1;0;;1;0;
133180;0;0;;1;0;;1;0;;1;0;;1;0;;1;0;;1;0;
133190;0;0;;1;0;;1;0;;1;0;;1;0;;1;0;;1;0;
133200;0;0;;1;0;;1;0;;1;0;;1;0;;1;0;;1;0;
133210;0;0;;1;0;;1;0;;1;0;;1;0;;1;0;;1;0;
133220;0;0;;1;0;;1;0;;1;0;;1;0;;1;0;;1;0;
133230;0;0;;1;0;;1;0;;1;0;;1;0;;1;0;;1;0;
133240;0;0;;1;0;;1;0;;1;0;;1;0;;1;0;;1;0;
133250;0;0;;1;0;;1;0;;1;0;;1;0;;1;0;;1;0;
133260;0;0;;1;0;;1;0;;1;0;;1;0;;1;0;;1;0;
133270;0;0;;1;0;;1;0;;1;0;;1;0;;1;0;;1;0;
133280;0;0;;1;0;;1;0;;1;0;;1;0;;1;0;;1;0;
133290;0;0;;1;0;;1;0;;1;0;;1;0;;1;0;;1;0;
133300;0;0;;1;0;;1;0;;1;0;;1;0;;1;0;;1;0;
133310;0;0;;1;0;;1;0;;1;0;;1;0;;1;0;;1;0;
133320;0;0;;1;0;;1;0;;1;0;;1;0;;1;0;;1;0;
133330;0;0;;1;0;;1;0;;1;0;;1;0;;1;0;;1;0;
133340;0;0;;1;0;;1;0;;1;0;;1;0;;1;0;;1;0;
133350;0;0;;1;0;;1;0;;1;0;;1;0;;1;0;;1;0;
133360;0;0;;1;0;;1;0;;1;0;;1;0;;1;0;;1;0;
133370;0;0;;1;0;;1;0;;1;0;;1;0;;1;0;;1;0;
133380;0;0;;1;0;;1;0;;1;0;;1;0;;1;0;;1;0;
133390;0;0;;1;0;;1;0;;1;0;;1;0;;1;0;;1;0;
133400;0;0;;1;0;;1;0;;1;0;;1;0;;1;0;;1;0;
133410;0;0;;1;0;;1;0;;1;0;;1;0;;1;0;;1;0;
133420;0;0;;1;0;;1;0;;1;0;;1;0;;1;0;;1;0;
133430;0;0;;1;0;;1;0;;1;0;;1;0;;1;0;;1;0;
133440;0;0;;1;0;;1;0;;1;0;;1;0;;1;0;;1;0;
133450;0;0;;1;0;;1;0;;1;0;;1;0;;1;0;;1;0;
133460;0;0;;1;0;;1;0;;1;0;;1;0;;1;0;;1;0;
133470;0;0;;1;0;;1;0;;1;0;;1;0;;1;0;;1;0;
133480;0;0;;1;0;;1;0;;1;0;;1;0;;1;0;;1;0;
133490;0;0;;1;0;;1;0;;1;0;;1;0;;1;0;;1;0;
133500;0;0;;1;0;;1;0;;1;0;;1;0;;1;0;;1;0;
133510;0;0;;1;0;;1;0;;1;0;;1;0;;1;0;;1;0;
133520;0;0;;1;0;;1;0;;1;0;;1;0;;1;0;;1;0;
133530;0;0;;1;0;;1;0;;1;0;;1;0;;1;0;;1;0;
133540;0;0;;1;0;;1;0;;1;0;;1;0;;1;0;;1;0;
133550;0;0;;1;0;;1;0;;1;0;;1;0;;1;0;;1;0;
133560;0;0;;1;0;;1;0;;1;0;;1;0;;1;0;;1;0;
133570;0;0;;1;0;;1;0;;1;0;;1;0;;1;0;;1;0;
133580;0;0;;1;0;;1;0;;1;0;;1;0;;1;0;;1;0;
133590;0;0;;1;0;;1;0;;1;0;;1;0;;1;0;;1;0;
133600;0;0;;1;0;;1;0;;1;0;;1;0;;1;0;;1;0;
133610;0;0;;1;0;;1;0;;1;0;;1;0;;1;0;;1;0;
133620;0;0;;1;0;;1;0;;1;0;;1;0;;1;0;;1;0;
133630;0;0;;1;0;;1;0;;1;0;;1;0;;1;0;;1;0;
133640;0;0;;1;0;;1;0;;1;0;;1;0;;1;0;;1;0;
133650;0;0;;1;0;;1;0;;1;0;;1;0;;1;0;;1;0;
133660;0;0;;1;0;;1;0;;1;0;;1;0;;1;0;;1;0;
133670;0;0;;1;0;;1;0;;1;0;;1;0;;1;0;;1;0;
133680;0;0;;1;0;;1;0;;1;0;;1;0;;1;0;;1;0;
133690;0;0;;1;0;;1;0;;1;0;;1;0;;1;0;;1;0;
133700;0;0;;1;0;;1;0;;1;0;;1;0;;1;0;;1;0;
133710;0;0;;1;0;;1;0;;1;0;;1;0;;1;0;;1;0;
133720;0;0;;1;0;;1;0;;1;0;;1;0;;1;0;;1;0;
133730;0;0;;1;0;;1;0;;1;0;;1;0;;1;0;;1;0;
133740;0;0;;1;0;;1;0;;1;0;;1;0;;1;0;;1;0;
133750;0;0;;1;0;;1;0;;1;0;;1;0;;1;0;;1;0;
133760;0;0;;1;0;;1;0;;1;0;;1;0;;1;0;;1;0;
133770;0;0;;1;0;;1;0;;1;0;;1;0;;1;0;;1;0;
133780;0;0;;1;0;;1;0;;1;0;;1;0;;1;0;;1;0;
133790;0;0;;1;0;;1;0;;1;0;;1;0;;1;0;;1;0;
133800;0;0;;1;0;;1;0;;1;0;;1;0;;1;0;;1;0;
133810;0;0;;1;0;;1;0;;1;0;;1;0;;1;0;;1;0;
133820;0;0;;1;0;;1;0;;1;0;;1;0;;1;0;;1;0;
133830;0;0;;1;0;;1;0;;1;0;;1;0;;1;0;;1;0;
133840;0;0;;1;0;;1;0;;1;0;;1;0;;1;0;;1;0;
133850;0;0;;1;0;;1;0;;1;0;;1;0;;1;0;;1;0;
133860;0;0;;1;0;;1;0;;1;0;;1;0;;1;0;;1;0;
133870;0;0;;1;0;;1;0;;1;0;;1;0;;1;0;;1;0;
133880;0;0;;1;0;;1;0;;1;0;;1;0;;1;0;;1;0;
133890;0;0;;1;0;;1;0;;1;0;;1;0;;1;0;;1;0;
133900;0;0;;1;0;;1;0;;1;0;;1;0;;1;0;;1;0;
133910;0;0;;1;0;;1;0;;1;0;;1;0;;1;0;;1;0;
133920;0;0;;1;0;;1;0;;1;0;;1;0;;1;0;;1;0;
133930;0;0;;1;0;;1;0;;1;0;;1;0;;1;0;;1;0;
133940;0;0;;1;0;;1;0;;1;0;;1;0;;1;0;;1;0;
133950;0;0;;1;0;;1;0;;1;0;;1;0;;1;0;;1;0;
133960;0;0;;1;0;;1;0;;1;0;;1;0;;1;0;;1;0;
133970;0;0;;1;0;;1;0;;1;0;;1;0;;1;0;;1;0;
133980;0;0;;1;0;;1;0;;1;0;;1;0;;1;0;;1;0;
133990;0;0;;1;0;;1;0;;1;0;;1;0;;1;0;;1;0;
134000;0;0;;1;0;;1;0;;1;0;;1;0;;1;0;;1;0;
134010;0;0;;1;0;;1;0;;1;0;;1;0;;1;0;;1;0;
134020;0;0;;1;0;;1;0;;1;0;;1;0;;1;0;;1;0;
134030;0;0;;1;0;;1;0;;1;0;;1;0;;1;0;;1;0;
134040;0;0;;1;0;;1;0;;1;0;;1;0;;1;0;;1;0;
134050;0;0;;1;0;;1;0;;1;0;;1;0;;1;0;;1;0;
134060;0;0;;1;0;;1;0;;1;0;;1;0;;1;0;;1;0;
134070;0;0;;1;0;;1;0;;1;0;;1;0;;1;0;;1;0;
134080;0;0;;1;0;;1;0;;1;0;;1;0;;1;0;;1;0;
134090;0;0;;1;0;;1;0;;1;0;;1;0;;1;0;;1;0;
134100;0;0;;1;0;;1;0;;1;0;;1;0;;1;0;;1;0;
134110;0;0;;1;0;;1;0;;1;0;;1;0;;1;0;;1;0;
134120;0;0;;1;0;;1;0;;1;0;;1;0;;1;0;;1;0;
134130;0;0;;1;0;;1;0;;1;0;;1;0;;1;0;;1;0;
134140;0;0;;1;0;;1;0;;1;0;;1;0;;1;0;;1;0;
134150;0;0;;1;0;;1;0;;1;0;;1;0;;1;0;;1;0;
134160;0;0;;1;0;;1;0;;1;0;;1;0;;1;0;;1;0;
134170;0;0;;1;0;;1;0;;1;0;;1;0;;1;0;;1;0;
134180;0;0;;1;0;;1;0;;1;0;;1;0;;1;0;;1;0;
134190;0;0;;1;0;;1;0;;1;0;;1;0;;1;0;;1;0;
134200;0;0;;1;0;;1;0;;1;0;;1;0;;1;0;;1;0;
134210;0;0;;1;0;;1;0;;1;0;;1;0;;1;0;;1;0;
134220;0;0;;1;0;;1;0;;1;0;;1;0;;1;0;;1;0;
134230;0;0;;1;0;;1;0;;1;0;;1;0;;1;0;;1;0;
134240;0;0;;1;0;;1;0;;1;0;;1;0;;1;0;;1;0;
134250;0;0;;1;0;;1;0;;1;0;;1;0;;1;0;;1;0;
134260;0;0;;1;0;;1;0;;1;0;;1;0;;1;0;;1;0;
134270;0;0;;1;0;;1;0;;1;0;;1;0;;1;0;;1;0;
134280;0;0;;1;0;;1;0;;1;0;;1;0;;1;0;;1;0;
134290;0;0;;1;0;;1;0;;1;0;;1;0;;1;0;;1;0;
134300;0;0;;1;0;;1;0;;1;0;;1;0;;1;0;;1;0;
134310;0;0;;1;0;;1;0;;1;0;;1;0;;1;0;;1;0;
134320;0;0;;1;0;;1;0;;1;0;;1;0;;1;0;;1;0;
134330;0;0;;1;0;;1;0;;1;0;;1;0;;1;0;;1;0;
134340;0;0;;1;0;;1;0;;1;0;;1;0;;1;0;;1;0;
134350;0;0;;1;0;;1;0;;1;0;;1;0;;1;0;;1;0;
134360;0;0;;1;0;;1;0;;1;0;;1;0;;1;0;;1;0;
134370;0;0;;1;0;;1;0;;1;0;;1;0;;1;0;;1;0;
134380;0;0;;1;0;;1;0;;1;0;;1;0;;1;0;;1;0;
134390;0;0;;1;0;;1;0;;1;0;;1;0;;1;0;;1;0;
134400;0;0;;1;0;;1;0;;1;0;;1;0;;1;0;;1;0;
134410;0;0;;1;0;;1;0;;1;0;;1;0;;1;0;;1;0;
134420;0;0;;1;0;;1;0;;1;0;;1;0;;1;0;;1;0;
134430;0;0;;1;0;;1;0;;1;0;;1;0;;1;0;;1;0;
134440;0;0;;1;0;;1;0;;1;0;;1;0;;1;0;;1;0;
134450;0;0;;1;0;;1;0;;1;0;;1;0;;1;0;;1;0;
134460;0;0;;1;0;;1;0;;1;0;;1;0;;1;0;;1;0;
134470;0;0;;1;0;;1;0;;1;0;;1;0;;1;0;;1;0;
134480;0;0;;1;0;;1;0;;1;0;;1;0;;1;0;;1;0;
134490;0;0;;1;0;;1;0;;1;0;;1;0;;1;0;;1;0;
134500;0;0;;1;0;;1;0;;1;0;;1;0;;1;0;;1;0;
134510;0;0;;1;0;;1;0;;1;0;;1;0;;1;0;;1;0;
134520;0;0;;1;0;;1;0;;1;0;;1;0;;1;0;;1;0;
134530;0;0;;1;0;;1;0;;1;0;;1;0;;1;0;;1;0;
134540;0;0;;1;0;;1;0;;1;0;;1;0;;1;0;;1;0;
134550;0;0;;1;0;;1;0;;1;0;;1;0;;1;0;;1;0;
134560;0;0;;1;0;;1;0;;1;0;;1;0;;1;0;;1;0;
134570;0;0;;1;0;;1;0;;1;0;;1;0;;1;0;;1;0;
134580;0;0;;1;0;;1;0;;1;0;;1;0;;1;0;;1;0;
134590;0;0;;1;0;;1;0;;1;0;;1;0;;1;0;;1;0;
134600;0;0;;1;0;;1;0;;1;0;;1;0;;1;0;;1;0;
134610;0;0;;1;0;;1;0;;1;0;;1;0;;1;0;;1;0;
134620;0;0;;1;0;;1;0;;1;0;;1;0;;1;0;;1;0;
134630;0;0;;1;0;;1;0;;1;0;;1;0;;1;0;;1;0;
134640;0;0;;1;0;;1;0;;1;0;;1;0;;1;0;;1;0;
134650;0;0;;1;0;;1;0;;1;0;;1;0;;1;0;;1;0;
134660;0;0;;1;0;;1;0;;1;0;;1;0;;1;0;;1;0;
134670;0;0;;1;0;;1;0;;1;0;;1;0;;1;0;;1;0;
134680;0;0;;1;0;;1;0;;1;0;;1;0;;1;0;;1;0;
134690;0;0;;1;0;;1;0;;1;0;;1;0;;1;0;;1;0;
134700;0;0;;1;0;;1;0;;1;0;;1;0;;1;0;;1;0;
134710;0;0;;1;0;;1;0;;1;0;;1;0;;1;0;;1;0;
134720;0;0;;1;0;;1;0;;1;0;;1;0;;1;0;;1;0;
134730;0;0;;1;0;;1;0;;1;0;;1;0;;1;0;;1;0;
134740;0;0;;1;0;;1;0;;1;0;;1;0;;1;0;;1;0;
134750;0;0;;1;0;;1;0;;1;0;;1;0;;1;0;;1;0;
134760;0;0;;1;0;;1;0;;1;0;;1;0;;1;0;;1;0;
134770;0;0;;1;0;;1;0;;1;0;;1;0;;1;0;;1;0;
134780;0;0;;1;0;;1;0;;1;0;;1;0;;1;0;;1;0;
134790;0;0;;1;0;;1;0;;1;0;;1;0;;1;0;;1;0;
134800;0;0;;1;0;;1;0;;1;0;;1;0;;1;0;;1;0;
134810;0;0;;1;0;;1;0;;1;0;;1;0;;1;0;;1;0;
134820;0;0;;1;0;;1;0;;1;0;;1;0;;1;0;;1;0;
134830;0;0;;1;0;;1;0;;1;0;;1;0;;1;0;;1;0;
134840;0;0;;1;0;;1;0;;1;0;;1;0;;1;0;;1;0;
134850;0;0;;1;0;;1;0;;1;0;;1;0;;1;0;;1;0;
134860;0;0;;1;0;;1;0;;1;0;;1;0;;1;0;;1;0;
134870;0;0;;1;0;;1;0;;1;0;;1;0;;1;0;;1;0;
134880;0;0;;1;0;;1;0;;1;0;;1;0;;1;0;;1;0;
134890;0;0;;1;0;;1;0;;1;0;;1;0;;1;0;;1;0;
134900;0;0;;1;0;;1;0;;1;0;;1;0;;1;0;;1;0;
134910;0;0;;1;0;;1;0;;1;0;;1;0;;1;0;;1;0;
134920;0;0;;1;0;;1;0;;1;0;;1;0;;1;0;;1;0;
134930;0;0;;1;0;;1;0;;1;0;;1;0;;1;0;;1;0;
134940;0;0;;1;0;;1;0;;1;0;;1;0;;1;0;;1;0;
134950;0;0;;1;0;;1;0;;1;0;;1;0;;1;0;;1;0;
134960;0;0;;1;0;;1;0;;1;0;;1;0;;1;0;;1;0;
134970;0;0;;1;0;;1;0;;1;0;;1;0;;1;0;;1;0;
134980;0;0;;1;0;;1;0;;1;0;;1;0;;1;0;;1;0;
134990;0;0;;1;0;;1;0;;1;0;;1;0;;1;0;;1;0;
135000;0;0;;1;0;;1;0;;1;0;;1;0;;1;0;;1;0;
135010;0;0;;1;0;;1;0;;1;0;;1;0;;1;0;;1;0;
135020;0;0;;1;0;;1;0;;1;0;;1;0;;1;0;;1;0;
135030;0;0;;1;0;;1;0;;1;0;;1;0;;1;0;;1;0;
135040;0;0;;1;0;;1;0;;1;0;;1;0;;1;0;;1;0;
135050;0;0;;1;0;;1;0;;1;0;;1;0;;1;0;;1;0;
135060;0;0;;1;0;;1;0;;1;0;;1;0;;1;0;;1;0;
135070;0;0;;1;0;;1;0;;1;0;;1;0;;1;0;;1;0;
135080;0;0;;1;0;;1;0;;1;0;;1;0;;1;0;;1;0;
135090;0;0;;1;0;;1;0;;1;0;;1;0;;1;0;;1;0;
135100;0;0;;1;0;;1;0;;1;0;;1;0;;1;0;;1;0;
135110;0;0;;1;0;;1;0;;1;0;;1;0;;1;0;;1;0;
135120;0;0;;1;0;;1;0;;1;0;;1;0;;1;0;;1;0;
135130;0;0;;1;0;;1;0;;1;0;;1;0;;1;0;;1;0;
135140;0;0;;1;0;;1;0;;1;0;;1;0;;1;0;;1;0;
135150;0;0;;1;0;;1;0;;1;0;;1;0;;1;0;;1;0;
135160;0;0;;1;0;;1;0;;1;0;;1;0;;1;0;;1;0;
135170;0;0;;1;0;;1;0;;1;0;;1;0;;1;0;;1;0;
135180;0;0;;1;0;;1;0;;1;0;;1;0;;1;0;;1;0;
135190;0;0;;1;0;;1;0;;1;0;;1;0;;1;0;;1;0;
135200;0;0;;1;0;;1;0;;1;0;;1;0;;1;0;;1;0;
135210;0;0;;1;0;;1;0;;1;0;;1;0;;1;0;;1;0;
135220;0;0;;1;0;;1;0;;1;0;;1;0;;1;0;;1;0;
135230;0;0;;1;0;;1;0;;1;0;;1;0;;1;0;;1;0;
135240;0;0;;1;0;;1;0;;1;0;;1;0;;1;0;;1;0;
135250;0;0;;1;0;;1;0;;1;0;;1;0;;1;0;;1;0;
135260;0;0;;1;0;;1;0;;1;0;;1;0;;1;0;;1;0;
135270;0;0;;1;0;;1;0;;1;0;;1;0;;1;0;;1;0;
135280;0;0;;1;0;;1;0;;1;0;;1;0;;1;0;;1;0;
135290;0;0;;1;0;;1;0;;1;0;;1;0;;1;0;;1;0;
135300;0;0;;1;0;;1;0;;1;0;;1;0;;1;0;;1;0;
135310;0;0;;1;0;;1;0;;1;0;;1;0;;1;0;;1;0;
135320;0;0;;1;0;;1;0;;1;0;;1;0;;1;0;;1;0;
135330;0;0;;1;0;;1;0;;1;0;;1;0;;1;0;;1;0;
135340;0;0;;1;0;;1;0;;1;0;;1;0;;1;0;;1;0;
135350;0;0;;1;0;;1;0;;1;0;;1;0;;1;0;;1;0;
135360;0;0;;1;0;;1;0;;1;0;;1;0;;1;0;;1;0;
135370;0;0;;1;0;;1;0;;1;0;;1;0;;1;0;;1;0;
135380;0;0;;1;0;;1;0;;1;0;;1;0;;1;0;;1;0;
135390;0;0;;1;0;;1;0;;1;0;;1;0;;1;0;;1;0;
135400;0;0;;1;0;;1;0;;1;0;;1;0;;1;0;;1;0;
135410;0;0;;1;0;;1;0;;1;0;;1;0;;1;0;;1;0;
135420;0;0;;1;0;;1;0;;1;0;;1;0;;1;0;;1;0;
135430;0;0;;1;0;;1;0;;1;0;;1;0;;1;0;;1;0;
135440;0;0;;1;0;;1;0;;1;0;;1;0;;1;0;;1;0;
135450;0;0;;1;0;;1;0;;1;0;;1;0;;1;0;;1;0;
135460;0;0;;1;0;;1;0;;1;0;;1;0;;1;0;;1;0;
135470;0;0;;1;0;;1;0;;1;0;;1;0;;1;0;;1;0;
135480;0;0;;1;0;;1;0;;1;0;;1;0;;1;0;;1;0;
135490;0;0;;1;0;;1;0;;1;0;;1;0;;1;0;;1;0;
135500;0;0;;1;0;;1;0;;1;0;;1;0;;1;0;;1;0;
135510;0;0;;1;0;;1;0;;1;0;;1;0;;1;0;;1;0;
135520;0;0;;1;0;;1;0;;1;0;;1;0;;1;0;;1;0;
135530;0;0;;1;0;;1;0;;1;0;;1;0;;1;0;;1;0;
135540;0;0;;1;0;;1;0;;1;0;;1;0;;1;0;;1;0;
135550;0;0;;1;0;;1;0;;1;0;;1;0;;1;0;;1;0;
135560;0;0;;1;0;;1;0;;1;0;;1;0;;1;0;;1;0;
135570;0;0;;1;0;;1;0;;1;0;;1;0;;1;0;;1;0;
135580;0;0;;1;0;;1;0;;1;0;;1;0;;1;0;;1;0;
135590;0;0;;1;0;;1;0;;1;0;;1;0;;1;0;;1;0;
135600;0;0;;1;0;;1;0;;1;0;;1;0;;1;0;;1;0;
135610;0;0;;1;0;;1;0;;1;0;;1;0;;1;0;;1;0;
135620;0;0;;1;0;;1;0;;1;0;;1;0;;1;0;;1;0;
135630;0;0;;1;0;;1;0;;1;0;;1;0;;1;0;;1;0;
135640;0;0;;1;0;;1;0;;1;0;;1;0;;1;0;;1;0;
135650;0;0;;1;0;;1;0;;1;0;;1;0;;1;0;;1;0;
135660;0;0;;1;0;;1;0;;1;0;;1;0;;1;0;;1;0;
135670;0;0;;1;0;;1;0;;1;0;;1;0;;1;0;;1;0;
135680;0;0;;1;0;;1;0;;1;0;;1;0;;1;0;;1;0;
135690;0;0;;1;0;;1;0;;1;0;;1;0;;1;0;;1;0;
135700;0;0;;1;0;;1;0;;1;0;;1;0;;1;0;;1;0;
135710;0;0;;1;0;;1;0;;1;0;;1;0;;1;0;;1;0;
135720;0;0;;1;0;;1;0;;1;0;;1;0;;1;0;;1;0;
135730;0;0;;1;0;;1;0;;1;0;;1;0;;1;0;;1;0;
135740;0;0;;1;0;;1;0;;1;0;;1;0;;1;0;;1;0;
135750;0;0;;1;0;;1;0;;1;0;;1;0;;1;0;;1;0;
135760;0;0;;1;0;;1;0;;1;0;;1;0;;1;0;;1;0;
135770;0;0;;1;0;;1;0;;1;0;;1;0;;1;0;;1;0;
135780;0;0;;1;0;;1;0;;1;0;;1;0;;1;0;;1;0;
135790;0;0;;1;0;;1;0;;1;0;;1;0;;1;0;;1;0;
135800;0;0;;1;0;;1;0;;1;0;;1;0;;1;0;;1;0;
135810;0;0;;1;0;;1;0;;1;0;;1;0;;1;0;;1;0;
135820;0;0;;1;0;;1;0;;1;0;;1;0;;1;0;;1;0;
135830;0;0;;1;0;;1;0;;1;0;;1;0;;1;0;;1;0;
135840;0;0;;1;0;;1;0;;1;0;;1;0;;1;0;;1;0;
135850;0;0;;1;0;;1;0;;1;0;;1;0;;1;0;;1;0;
135860;0;0;;1;0;;1;0;;1;0;;1;0;;1;0;;1;0;
135870;0;0;;1;0;;1;0;;1;0;;1;0;;1;0;;1;0;
135880;0;0;;1;0;;1;0;;1;0;;1;0;;1;0;;1;0;
135890;0;0;;1;0;;1;0;;1;0;;1;0;;1;0;;1;0;
135900;0;0;;1;0;;1;0;;1;0;;1;0;;1;0;;1;0;
135910;0;0;;1;0;;1;0;;1;0;;1;0;;1;0;;1;0;
135920;0;0;;1;0;;1;0;;1;0;;1;0;;1;0;;1;0;
135930;0;0;;1;0;;1;0;;1;0;;1;0;;1;0;;1;0;
135940;0;0;;1;0;;1;0;;1;0;;1;0;;1;0;;1;0;
135950;0;0;;1;0;;1;0;;1;0;;1;0;;1;0;;1;0;
135960;0;0;;1;0;;1;0;;1;0;;1;0;;1;0;;1;0;
135970;0;0;;1;0;;1;0;;1;0;;1;0;;1;0;;1;0;
135980;0;0;;1;0;;1;0;;1;0;;1;0;;1;0;;1;0;
135990;0;0;;1;0;;1;0;;1;0;;1;0;;1;0;;1;0;
136000;0;0;;1;0;;1;0;;1;0;;1;0;;1;0;;1;0;
136010;0;0;;1;0;;1;0;;1;0;;1;0;;1;0;;1;0;
136020;0;0;;1;0;;1;0;;1;0;;1;0;;1;0;;1;0;
136030;0;0;;1;0;;1;0;;1;0;;1;0;;1;0;;1;0;
136040;0;0;;1;0;;1;0;;1;0;;1;0;;1;0;;1;0;
136050;0;0;;1;0;;1;0;;1;0;;1;0;;1;0;;1;0;
136060;0;0;;1;0;;1;0;;1;0;;1;0;;1;0;;1;0;
136070;0;0;;1;0;;1;0;;1;0;;1;0;;1;0;;1;0;
136080;0;0;;1;0;;1;0;;1;0;;1;0;;1;0;;1;0;
136090;0;0;;1;0;;1;0;;1;0;;1;0;;1;0;;1;0;
136100;0;0;;1;0;;1;0;;1;0;;1;0;;1;0;;1;0;
136110;0;0;;1;0;;1;0;;1;0;;1;0;;1;0;;1;0;
136120;0;0;;1;0;;1;0;;1;0;;1;0;;1;0;;1;0;
136130;0;0;;1;0;;1;0;;1;0;;1;0;;1;0;;1;0;
136140;0;0;;1;0;;1;0;;1;0;;1;0;;1;0;;1;0;
136150;0;0;;1;0;;1;0;;1;0;;1;0;;1;0;;1;0;
136160;0;0;;1;0;;1;0;;1;0;;1;0;;1;0;;1;0;
136170;0;0;;1;0;;1;0;;1;0;;1;0;;1;0;;1;0;
136180;0;0;;1;0;;1;0;;1;0;;1;0;;1;0;;1;0;
136190;0;0;;1;0;;1;0;;1;0;;1;0;;1;0;;1;0;
136200;0;0;;1;0;;1;0;;1;0;;1;0;;1;0;;1;0;
136210;0;0;;1;0;;1;0;;1;0;;1;0;;1;0;;1;0;
136220;0;0;;1;0;;1;0;;1;0;;1;0;;1;0;;1;0;
136230;0;0;;1;0;;1;0;;1;0;;1;0;;1;0;;1;0;
136240;0;0;;1;0;;1;0;;1;0;;1;0;;1;0;;1;0;
136250;0;0;;1;0;;1;0;;1;0;;1;0;;1;0;;1;0;
136260;0;0;;1;0;;1;0;;1;0;;1;0;;1;0;;1;0;
136270;0;0;;1;0;;1;0;;1;0;;1;0;;1;0;;1;0;
136280;0;0;;1;0;;1;0;;1;0;;1;0;;1;0;;1;0;
136290;0;0;;1;0;;1;0;;1;0;;1;0;;1;0;;1;0;
136300;0;0;;1;0;;1;0;;1;0;;1;0;;1;0;;1;0;
136310;0;0;;1;0;;1;0;;1;0;;1;0;;1;0;;1;0;
136320;0;0;;1;0;;1;0;;1;0;;1;0;;1;0;;1;0;
136330;0;0;;1;0;;1;0;;1;0;;1;0;;1;0;;1;0;
136340;0;0;;1;0;;1;0;;1;0;;1;0;;1;0;;1;0;
136350;0;0;;1;0;;1;0;;1;0;;1;0;;1;0;;1;0;
136360;0;0;;1;0;;1;0;;1;0;;1;0;;1;0;;1;0;
136370;0;0;;1;0;;1;0;;1;0;;1;0;;1;0;;1;0;
136380;0;0;;1;0;;1;0;;1;0;;1;0;;1;0;;1;0;
136390;0;0;;1;0;;1;0;;1;0;;1;0;;1;0;;1;0;
136400;0;0;;1;0;;1;0;;1;0;;1;0;;1;0;;1;0;
136410;0;0;;1;0;;1;0;;1;0;;1;0;;1;0;;1;0;
136420;0;0;;1;0;;1;0;;1;0;;1;0;;1;0;;1;0;
136430;0;0;;1;0;;1;0;;1;0;;1;0;;1;0;;1;0;
136440;0;0;;1;0;;1;0;;1;0;;1;0;;1;0;;1;0;
136450;0;0;;1;0;;1;0;;1;0;;1;0;;1;0;;1;0;
136460;0;0;;1;0;;1;0;;1;0;;1;0;;1;0;;1;0;
136470;0;0;;1;0;;1;0;;1;0;;1;0;;1;0;;1;0;
136480;0;0;;1;0;;1;0;;1;0;;1;0;;1;0;;1;0;
136490;0;0;;1;0;;1;0;;1;0;;1;0;;1;0;;1;0;
136500;0;0;;1;0;;1;0;;1;0;;1;0;;1;0;;1;0;
136510;0;0;;1;0;;1;0;;1;0;;1;0;;1;0;;1;0;
136520;0;0;;1;0;;1;0;;1;0;;1;0;;1;0;;1;0;
136530;0;0;;1;0;;1;0;;1;0;;1;0;;1;0;;1;0;
136540;0;0;;1;0;;1;0;;1;0;;1;0;;1;0;;1;0;
136550;0;0;;1;0;;1;0;;1;0;;1;0;;1;0;;1;0;
136560;0;0;;1;0;;1;0;;1;0;;1;0;;1;0;;1;0;
136570;0;0;;1;0;;1;0;;1;0;;1;0;;1;0;;1;0;
136580;0;0;;1;0;;1;0;;1;0;;1;0;;1;0;;1;0;
136590;0;0;;1;0;;1;0;;1;0;;1;0;;1;0;;1;0;
136600;0;0;;1;0;;1;0;;1;0;;1;0;;1;0;;1;0;
136610;0;0;;1;0;;1;0;;1;0;;1;0;;1;0;;1;0;
136620;0;0;;1;0;;1;0;;1;0;;1;0;;1;0;;1;0;
136630;0;0;;1;0;;1;0;;1;0;;1;0;;1;0;;1;0;
136640;0;0;;1;0;;1;0;;1;0;;1;0;;1;0;;1;0;
136650;0;0;;1;0;;1;0;;1;0;;1;0;;1;0;;1;0;
136660;0;0;;1;0;;1;0;;1;0;;1;0;;1;0;;1;0;
136670;0;0;;1;0;;1;0;;1;0;;1;0;;1;0;;1;0;
136680;0;0;;1;0;;1;0;;1;0;;1;0;;1;0;;1;0;
136690;0;0;;1;0;;1;0;;1;0;;1;0;;1;0;;1;0;
136700;0;0;;1;0;;1;0;;1;0;;1;0;;1;0;;1;0;
136710;0;0;;1;0;;1;0;;1;0;;1;0;;1;0;;1;0;
136720;0;0;;1;0;;1;0;;1;0;;1;0;;1;0;;1;0;
136730;0;0;;1;0;;1;0;;1;0;;1;0;;1;0;;1;0;
136740;0;0;;1;0;;1;0;;1;0;;1;0;;1;0;;1;0;
136750;0;0;;1;0;;1;0;;1;0;;1;0;;1;0;;1;0;
136760;0;0;;1;0;;1;0;;1;0;;1;0;;1;0;;1;0;
136770;0;0;;1;0;;1;0;;1;0;;1;0;;1;0;;1;0;
136780;0;0;;1;0;;1;0;;1;0;;1;0;;1;0;;1;0;
136790;0;0;;1;0;;1;0;;1;0;;1;0;;1;0;;1;0;
136800;0;0;;1;0;;1;0;;1;0;;1;0;;1;0;;1;0;
136810;0;0;;1;0;;1;0;;1;0;;1;0;;1;0;;1;0;
136820;0;0;;1;0;;1;0;;1;0;;1;0;;1;0;;1;0;
136830;0;0;;1;0;;1;0;;1;0;;1;0;;1;0;;1;0;
136840;0;0;;1;0;;1;0;;1;0;;1;0;;1;0;;1;0;
136850;0;0;;1;0;;1;0;;1;0;;1;0;;1;0;;1;0;
136860;0;0;;1;0;;1;0;;1;0;;1;0;;1;0;;1;0;
136870;0;0;;1;0;;1;0;;1;0;;1;0;;1;0;;1;0;
136880;0;0;;1;0;;1;0;;1;0;;1;0;;1;0;;1;0;
136890;0;0;;1;0;;1;0;;1;0;;1;0;;1;0;;1;0;
136900;0;0;;1;0;;1;0;;1;0;;1;0;;1;0;;1;0;
136910;0;0;;1;0;;1;0;;1;0;;1;0;;1;0;;1;0;
136920;0;0;;1;0;;1;0;;1;0;;1;0;;1;0;;1;0;
136930;0;0;;1;0;;1;0;;1;0;;1;0;;1;0;;1;0;
136940;0;0;;1;0;;1;0;;1;0;;1;0;;1;0;;1;0;
136950;0;0;;1;0;;1;0;;1;0;;1;0;;1;0;;1;0;
136960;0;0;;1;0;;1;0;;1;0;;1;0;;1;0;;1;0;
136970;0;0;;1;0;;1;0;;1;0;;1;0;;1;0;;1;0;
136980;0;0;;1;0;;1;0;;1;0;;1;0;;1;0;;1;0;
136990;0;0;;1;0;;1;0;;1;0;;1;0;;1;0;;1;0;
137000;0;0;;1;0;;1;0;;1;0;;1;0;;1;0;;1;0;
137010;0;0;;1;0;;1;0;;1;0;;1;0;;1;0;;1;0;
137020;0;0;;1;0;;1;0;;1;0;;1;0;;1;0;;1;0;
137030;0;0;;1;0;;1;0;;1;0;;1;0;;1;0;;1;0;
137040;0;0;;1;0;;1;0;;1;0;;1;0;;1;0;;1;0;
137050;0;0;;1;0;;1;0;;1;0;;1;0;;1;0;;1;0;
137060;0;0;;1;0;;1;0;;1;0;;1;0;;1;0;;1;0;
137070;0;0;;1;0;;1;0;;1;0;;1;0;;1;0;;1;0;
137080;0;0;;1;0;;1;0;;1;0;;1;0;;1;0;;1;0;
137090;0;0;;1;0;;1;0;;1;0;;1;0;;1;0;;1;0;
137100;0;0;;1;0;;1;0;;1;0;;1;0;;1;0;;1;0;
137110;0;0;;1;0;;1;0;;1;0;;1;0;;1;0;;1;0;
137120;0;0;;1;0;;1;0;;1;0;;1;0;;1;0;;1;0;
137130;0;0;;1;0;;1;0;;1;0;;1;0;;1;0;;1;0;
137140;0;0;;1;0;;1;0;;1;0;;1;0;;1;0;;1;0;
137150;0;0;;1;0;;1;0;;1;0;;1;0;;1;0;;1;0;
137160;0;0;;1;0;;1;0;;1;0;;1;0;;1;0;;1;0;
137170;0;0;;1;0;;1;0;;1;0;;1;0;;1;0;;1;0;
137180;0;0;;1;0;;1;0;;1;0;;1;0;;1;0;;1;0;
137190;0;0;;1;0;;1;0;;1;0;;1;0;;1;0;;1;0;
137200;0;0;;1;0;;1;0;;1;0;;1;0;;1;0;;1;0;
137210;0;0;;1;0;;1;0;;1;0;;1;0;;1;0;;1;0;
137220;0;0;;1;0;;1;0;;1;0;;1;0;;1;0;;1;0;
137230;0;0;;1;0;;1;0;;1;0;;1;0;;1;0;;1;0;
137240;0;0;;1;0;;1;0;;1;0;;1;0;;1;0;;1;0;
137250;0;0;;1;0;;1;0;;1;0;;1;0;;1;0;;1;0;
137260;0;0;;1;0;;1;0;;1;0;;1;0;;1;0;;1;0;
137270;0;0;;1;0;;1;0;;1;0;;1;0;;1;0;;1;0;
137280;0;0;;1;0;;1;0;;1;0;;1;0;;1;0;;1;0;
137290;0;0;;1;0;;1;0;;1;0;;1;0;;1;0;;1;0;
137300;0;0;;1;0;;1;0;;1;0;;1;0;;1;0;;1;0;
137310;0;0;;1;0;;1;0;;1;0;;1;0;;1;0;;1;0;
137320;0;0;;1;0;;1;0;;1;0;;1;0;;1;0;;1;0;
137330;0;0;;1;0;;1;0;;1;0;;1;0;;1;0;;1;0;
137340;0;0;;1;0;;1;0;;1;0;;1;0;;1;0;;1;0;
137350;0;0;;1;0;;1;0;;1;0;;1;0;;1;0;;1;0;
137360;0;0;;1;0;;1;0;;1;0;;1;0;;1;0;;1;0;
137370;0;0;;1;0;;1;0;;1;0;;1;0;;1;0;;1;0;
137380;0;0;;1;0;;1;0;;1;0;;1;0;;1;0;;1;0;
137390;0;0;;1;0;;1;0;;1;0;;1;0;;1;0;;1;0;
137400;0;0;;1;0;;1;0;;1;0;;1;0;;1;0;;1;0;
137410;0;0;;1;0;;1;0;;1;0;;1;0;;1;0;;1;0;
137420;0;0;;1;0;;1;0;;1;0;;1;0;;1;0;;1;0;
137430;0;0;;1;0;;1;0;;1;0;;1;0;;1;0;;1;0;
137440;0;0;;1;0;;1;0;;1;0;;1;0;;1;0;;1;0;
137450;0;0;;1;0;;1;0;;1;0;;1;0;;1;0;;1;0;
137460;0;0;;1;0;;1;0;;1;0;;1;0;;1;0;;1;0;
137470;0;0;;1;0;;1;0;;1;0;;1;0;;1;0;;1;0;
137480;0;0;;1;0;;1;0;;1;0;;1;0;;1;0;;1;0;
137490;0;0;;1;0;;1;0;;1;0;;1;0;;1;0;;1;0;
137500;0;0;;1;0;;1;0;;1;0;;1;0;;1;0;;1;0;
137510;0;0;;1;0;;1;0;;1;0;;1;0;;1;0;;1;0;
137520;0;0;;1;0;;1;0;;1;0;;1;0;;1;0;;1;0;
137530;0;0;;1;0;;1;0;;1;0;;1;0;;1;0;;1;0;
137540;0;0;;1;0;;1;0;;1;0;;1;0;;1;0;;1;0;
137550;0;0;;1;0;;1;0;;1;0;;1;0;;1;0;;1;0;
137560;0;0;;1;0;;1;0;;1;0;;1;0;;1;0;;1;0;
137570;0;0;;1;0;;1;0;;1;0;;1;0;;1;0;;1;0;
137580;0;0;;1;0;;1;0;;1;0;;1;0;;1;0;;1;0;
137590;0;0;;1;0;;1;0;;1;0;;1;0;;1;0;;1;0;
137600;0;0;;1;0;;1;0;;1;0;;1;0;;1;0;;1;0;
137610;0;0;;1;0;;1;0;;1;0;;1;0;;1;0;;1;0;
137620;0;0;;1;0;;1;0;;1;0;;1;0;;1;0;;1;0;
137630;0;0;;1;0;;1;0;;1;0;;1;0;;1;0;;1;0;
137640;0;0;;1;0;;1;0;;1;0;;1;0;;1;0;;1;0;
137650;0;0;;1;0;;1;0;;1;0;;1;0;;1;0;;1;0;
137660;0;0;;1;0;;1;0;;1;0;;1;0;;1;0;;1;0;
137670;0;0;;1;0;;1;0;;1;0;;1;0;;1;0;;1;0;
137680;0;0;;1;0;;1;0;;1;0;;1;0;;1;0;;1;0;
137690;0;0;;1;0;;1;0;;1;0;;1;0;;1;0;;1;0;
137700;0;0;;1;0;;1;0;;1;0;;1;0;;1;0;;1;0;
137710;0;0;;1;0;;1;0;;1;0;;1;0;;1;0;;1;0;
137720;0;0;;1;0;;1;0;;1;0;;1;0;;1;0;;1;0;
137730;0;0;;1;0;;1;0;;1;0;;1;0;;1;0;;1;0;
137740;0;0;;1;0;;1;0;;1;0;;1;0;;1;0;;1;0;
137750;0;0;;1;0;;1;0;;1;0;;1;0;;1;0;;1;0;
137760;0;0;;1;0;;1;0;;1;0;;1;0;;1;0;;1;0;
137770;0;0;;1;0;;1;0;;1;0;;1;0;;1;0;;1;0;
137780;0;0;;1;0;;1;0;;1;0;;1;0;;1;0;;1;0;
137790;0;0;;1;0;;1;0;;1;0;;1;0;;1;0;;1;0;
137800;0;0;;1;0;;1;0;;1;0;;1;0;;1;0;;1;0;
137810;0;0;;1;0;;1;0;;1;0;;1;0;;1;0;;1;0;
137820;0;0;;1;0;;1;0;;1;0;;1;0;;1;0;;1;0;
137830;0;0;;1;0;;1;0;;1;0;;1;0;;1;0;;1;0;
137840;0;0;;1;0;;1;0;;1;0;;1;0;;1;0;;1;0;
137850;0;0;;1;0;;1;0;;1;0;;1;0;;1;0;;1;0;
137860;0;0;;1;0;;1;0;;1;0;;1;0;;1;0;;1;0;
137870;0;0;;1;0;;1;0;;1;0;;1;0;;1;0;;1;0;
137880;0;0;;1;0;;1;0;;1;0;;1;0;;1;0;;1;0;
137890;0;0;;1;0;;1;0;;1;0;;1;0;;1;0;;1;0;
137900;0;0;;1;0;;1;0;;1;0;;1;0;;1;0;;1;0;
137910;0;0;;1;0;;1;0;;1;0;;1;0;;1;0;;1;0;
137920;0;0;;1;0;;1;0;;1;0;;1;0;;1;0;;1;0;
137930;0;0;;1;0;;1;0;;1;0;;1;0;;1;0;;1;0;
137940;0;0;;1;0;;1;0;;1;0;;1;0;;1;0;;1;0;
137950;0;0;;1;0;;1;0;;1;0;;1;0;;1;0;;1;0;
137960;0;0;;1;0;;1;0;;1;0;;1;0;;1;0;;1;0;
137970;0;0;;1;0;;1;0;;1;0;;1;0;;1;0;;1;0;
137980;0;0;;1;0;;1;0;;1;0;;1;0;;1;0;;1;0;
137990;0;0;;1;0;;1;0;;1;0;;1;0;;1;0;;1;0;
138000;0;0;;1;0;;1;0;;1;0;;1;0;;1;0;;1;0;
138010;0;0;;1;0;;1;0;;1;0;;1;0;;1;0;;1;0;
138020;0;0;;1;0;;1;0;;1;0;;1;0;;1;0;;1;0;
138030;0;0;;1;0;;1;0;;1;0;;1;0;;1;0;;1;0;
138040;0;0;;1;0;;1;0;;1;0;;1;0;;1;0;;1;0;
138050;0;0;;1;0;;1;0;;1;0;;1;0;;1;0;;1;0;
138060;0;0;;1;0;;1;0;;1;0;;1;0;;1;0;;1;0;
138070;0;0;;1;0;;1;0;;1;0;;1;0;;1;0;;1;0;
138080;0;0;;1;0;;1;0;;1;0;;1;0;;1;0;;1;0;
138090;0;0;;1;0;;1;0;;1;0;;1;0;;1;0;;1;0;
138100;0;0;;1;0;;1;0;;1;0;;1;0;;1;0;;1;0;
138110;0;0;;1;0;;1;0;;1;0;;1;0;;1;0;;1;0;
138120;0;0;;1;0;;1;0;;1;0;;1;0;;1;0;;1;0;
138130;0;0;;1;0;;1;0;;1;0;;1;0;;1;0;;1;0;
138140;0;0;;1;0;;1;0;;1;0;;1;0;;1;0;;1;0;
138150;0;0;;1;0;;1;0;;1;0;;1;0;;1;0;;1;0;
138160;0;0;;1;0;;1;0;;1;0;;1;0;;1;0;;1;0;
138170;0;0;;1;0;;1;0;;1;0;;1;0;;1;0;;1;0;
138180;0;0;;1;0;;1;0;;1;0;;1;0;;1;0;;1;0;
138190;0;0;;1;0;;1;0;;1;0;;1;0;;1;0;;1;0;
138200;0;0;;1;0;;1;0;;1;0;;1;0;;1;0;;1;0;
138210;0;0;;1;0;;1;0;;1;0;;1;0;;1;0;;1;0;
138220;0;0;;1;0;;1;0;;1;0;;1;0;;1;0;;1;0;
138230;0;0;;1;0;;1;0;;1;0;;1;0;;1;0;;1;0;
138240;0;0;;1;0;;1;0;;1;0;;1;0;;1;0;;1;0;
138250;0;0;;1;0;;1;0;;1;0;;1;0;;1;0;;1;0;
138260;0;0;;1;0;;1;0;;1;0;;1;0;;1;0;;1;0;
138270;0;0;;1;0;;1;0;;1;0;;1;0;;1;0;;1;0;
138280;0;0;;1;0;;1;0;;1;0;;1;0;;1;0;;1;0;
138290;0;0;;1;0;;1;0;;1;0;;1;0;;1;0;;1;0;
138300;0;0;;1;0;;1;0;;1;0;;1;0;;1;0;;1;0;
138310;0;0;;1;0;;1;0;;1;0;;1;0;;1;0;;1;0;
138320;0;0;;1;0;;1;0;;1;0;;1;0;;1;0;;1;0;
138330;0;0;;1;0;;1;0;;1;0;;1;0;;1;0;;1;0;
138340;0;0;;1;0;;1;0;;1;0;;1;0;;1;0;;1;0;
138350;0;0;;1;0;;1;0;;1;0;;1;0;;1;0;;1;0;
138360;0;0;;1;0;;1;0;;1;0;;1;0;;1;0;;1;0;
138370;0;0;;1;0;;1;0;;1;0;;1;0;;1;0;;1;0;
138380;0;0;;1;0;;1;0;;1;0;;1;0;;1;0;;1;0;
138390;0;0;;1;0;;1;0;;1;0;;1;0;;1;0;;1;0;
138400;0;0;;1;0;;1;0;;1;0;;1;0;;1;0;;1;0;
138410;0;0;;1;0;;1;0;;1;0;;1;0;;1;0;;1;0;
138420;0;0;;1;0;;1;0;;1;0;;1;0;;1;0;;1;0;
138430;0;0;;1;0;;1;0;;1;0;;1;0;;1;0;;1;0;
138440;0;0;;1;0;;1;0;;1;0;;1;0;;1;0;;1;0;
138450;0;0;;1;0;;1;0;;1;0;;1;0;;1;0;;1;0;
138460;0;0;;1;0;;1;0;;1;0;;1;0;;1;0;;1;0;
138470;0;0;;1;0;;1;0;;1;0;;1;0;;1;0;;1;0;
138480;0;0;;1;0;;1;0;;1;0;;1;0;;1;0;;1;0;
138490;0;0;;1;0;;1;0;;1;0;;1;0;;1;0;;1;0;
138500;0;0;;1;0;;1;0;;1;0;;1;0;;1;0;;1;0;
138510;0;0;;1;0;;1;0;;1;0;;1;0;;1;0;;1;0;
138520;0;0;;1;0;;1;0;;1;0;;1;0;;1;0;;1;0;
138530;0;0;;1;0;;1;0;;1;0;;1;0;;1;0;;1;0;
138540;0;0;;1;0;;1;0;;1;0;;1;0;;1;0;;1;0;
138550;0;0;;1;0;;1;0;;1;0;;1;0;;1;0;;1;0;
138560;0;0;;1;0;;1;0;;1;0;;1;0;;1;0;;1;0;
138570;0;0;;1;0;;1;0;;1;0;;1;0;;1;0;;1;0;
138580;0;0;;1;0;;1;0;;1;0;;1;0;;1;0;;1;0;
138590;0;0;;1;0;;1;0;;1;0;;1;0;;1;0;;1;0;
138600;0;0;;1;0;;1;0;;1;0;;1;0;;1;0;;1;0;
138610;0;0;;1;0;;1;0;;1;0;;1;0;;1;0;;1;0;
138620;0;0;;1;0;;1;0;;1;0;;1;0;;1;0;;1;0;
138630;0;0;;1;0;;1;0;;1;0;;1;0;;1;0;;1;0;
138640;0;0;;1;0;;1;0;;1;0;;1;0;;1;0;;1;0;
138650;0;0;;1;0;;1;0;;1;0;;1;0;;1;0;;1;0;
138660;0;0;;1;0;;1;0;;1;0;;1;0;;1;0;;1;0;
138670;0;0;;1;0;;1;0;;1;0;;1;0;;1;0;;1;0;
138680;0;0;;1;0;;1;0;;1;0;;1;0;;1;0;;1;0;
138690;0;0;;1;0;;1;0;;1;0;;1;0;;1;0;;1;0;
138700;0;0;;1;0;;1;0;;1;0;;1;0;;1;0;;1;0;
138710;0;0;;1;0;;1;0;;1;0;;1;0;;1;0;;1;0;
138720;0;0;;1;0;;1;0;;1;0;;1;0;;1;0;;1;0;
138730;0;0;;1;0;;1;0;;1;0;;1;0;;1;0;;1;0;
138740;0;0;;1;0;;1;0;;1;0;;1;0;;1;0;;1;0;
138750;0;0;;1;0;;1;0;;1;0;;1;0;;1;0;;1;0;
138760;0;0;;1;0;;1;0;;1;0;;1;0;;1;0;;1;0;
138770;0;0;;1;0;;1;0;;1;0;;1;0;;1;0;;1;0;
138780;0;0;;1;0;;1;0;;1;0;;1;0;;1;0;;1;0;
138790;0;0;;1;0;;1;0;;1;0;;1;0;;1;0;;1;0;
138800;0;0;;1;0;;1;0;;1;0;;1;0;;1;0;;1;0;
138810;0;0;;1;0;;1;0;;1;0;;1;0;;1;0;;1;0;
138820;0;0;;1;0;;1;0;;1;0;;1;0;;1;0;;1;0;
138830;0;0;;1;0;;1;0;;1;0;;1;0;;1;0;;1;0;
138840;0;0;;1;0;;1;0;;1;0;;1;0;;1;0;;1;0;
138850;0;0;;1;0;;1;0;;1;0;;1;0;;1;0;;1;0;
138860;0;0;;1;0;;1;0;;1;0;;1;0;;1;0;;1;0;
138870;0;0;;1;0;;1;0;;1;0;;1;0;;1;0;;1;0;
138880;0;0;;1;0;;1;0;;1;0;;1;0;;1;0;;1;0;
138890;0;0;;1;0;;1;0;;1;0;;1;0;;1;0;;1;0;
138900;0;0;;1;0;;1;0;;1;0;;1;0;;1;0;;1;0;
138910;0;0;;1;0;;1;0;;1;0;;1;0;;1;0;;1;0;
138920;0;0;;1;0;;1;0;;1;0;;1;0;;1;0;;1;0;
138930;0;0;;1;0;;1;0;;1;0;;1;0;;1;0;;1;0;
138940;0;0;;1;0;;1;0;;1;0;;1;0;;1;0;;1;0;
138950;0;0;;1;0;;1;0;;1;0;;1;0;;1;0;;1;0;
138960;0;0;;1;0;;1;0;;1;0;;1;0;;1;0;;1;0;
138970;0;0;;1;0;;1;0;;1;0;;1;0;;1;0;;1;0;
138980;0;0;;1;0;;1;0;;1;0;;1;0;;1;0;;1;0;
138990;0;0;;1;0;;1;0;;1;0;;1;0;;1;0;;1;0;
139000;0;0;;1;0;;1;0;;1;0;;1;0;;1;0;;1;0;
139010;0;0;;1;0;;1;0;;1;0;;1;0;;1;0;;1;0;
139020;0;0;;1;0;;1;0;;1;0;;1;0;;1;0;;1;0;
139030;0;0;;1;0;;1;0;;1;0;;1;0;;1;0;;1;0;
139040;0;0;;1;0;;1;0;;1;0;;1;0;;1;0;;1;0;
139050;0;0;;1;0;;1;0;;1;0;;1;0;;1;0;;1;0;
139060;0;0;;1;0;;1;0;;1;0;;1;0;;1;0;;1;0;
139070;0;0;;1;0;;1;0;;1;0;;1;0;;1;0;;1;0;
139080;0;0;;1;0;;1;0;;1;0;;1;0;;1;0;;1;0;
139090;0;0;;1;0;;1;0;;1;0;;1;0;;1;0;;1;0;
139100;0;0;;1;0;;1;0;;1;0;;1;0;;1;0;;1;0;
139110;0;0;;1;0;;1;0;;1;0;;1;0;;1;0;;1;0;
139120;0;0;;1;0;;1;0;;1;0;;1;0;;1;0;;1;0;
139130;0;0;;1;0;;1;0;;1;0;;1;0;;1;0;;1;0;
139140;0;0;;1;0;;1;0;;1;0;;1;0;;1;0;;1;0;
139150;0;0;;1;0;;1;0;;1;0;;1;0;;1;0;;1;0;
139160;0;0;;1;0;;1;0;;1;0;;1;0;;1;0;;1;0;
139170;0;0;;1;0;;1;0;;1;0;;1;0;;1;0;;1;0;
139180;0;0;;1;0;;1;0;;1;0;;1;0;;1;0;;1;0;
139190;0;0;;1;0;;1;0;;1;0;;1;0;;1;0;;1;0;
139200;0;0;;1;0;;1;0;;1;0;;1;0;;1;0;;1;0;
139210;0;0;;1;0;;1;0;;1;0;;1;0;;1;0;;1;0;
139220;0;0;;1;0;;1;0;;1;0;;1;0;;1;0;;1;0;
139230;0;0;;1;0;;1;0;;1;0;;1;0;;1;0;;1;0;
139240;0;0;;1;0;;1;0;;1;0;;1;0;;1;0;;1;0;
139250;0;0;;1;0;;1;0;;1;0;;1;0;;1;0;;1;0;
139260;0;0;;1;0;;1;0;;1;0;;1;0;;1;0;;1;0;
139270;0;0;;1;0;;1;0;;1;0;;1;0;;1;0;;1;0;
139280;0;0;;1;0;;1;0;;1;0;;1;0;;1;0;;1;0;
139290;0;0;;1;0;;1;0;;1;0;;1;0;;1;0;;1;0;
139300;0;0;;1;0;;1;0;;1;0;;1;0;;1;0;;1;0;
139310;0;0;;1;0;;1;0;;1;0;;1;0;;1;0;;1;0;
139320;0;0;;1;0;;1;0;;1;0;;1;0;;1;0;;1;0;
139330;0;0;;1;0;;1;0;;1;0;;1;0;;1;0;;1;0;
139340;0;0;;1;0;;1;0;;1;0;;1;0;;1;0;;1;0;
139350;0;0;;1;0;;1;0;;1;0;;1;0;;1;0;;1;0;
139360;0;0;;1;0;;1;0;;1;0;;1;0;;1;0;;1;0;
139370;0;0;;1;0;;1;0;;1;0;;1;0;;1;0;;1;0;
139380;0;0;;1;0;;1;0;;1;0;;1;0;;1;0;;1;0;
139390;0;0;;1;0;;1;0;;1;0;;1;0;;1;0;;1;0;
139400;0;0;;1;0;;1;0;;1;0;;1;0;;1;0;;1;0;
139410;0;0;;1;0;;1;0;;1;0;;1;0;;1;0;;1;0;
139420;0;0;;1;0;;1;0;;1;0;;1;0;;1;0;;1;0;
139430;0;0;;1;0;;1;0;;1;0;;1;0;;1;0;;1;0;
139440;0;0;;1;0;;1;0;;1;0;;1;0;;1;0;;1;0;
139450;0;0;;1;0;;1;0;;1;0;;1;0;;1;0;;1;0;
139460;0;0;;1;0;;1;0;;1;0;;1;0;;1;0;;1;0;
139470;0;0;;1;0;;1;0;;1;0;;1;0;;1;0;;1;0;
139480;0;0;;1;0;;1;0;;1;0;;1;0;;1;0;;1;0;
139490;0;0;;1;0;;1;0;;1;0;;1;0;;1;0;;1;0;
139500;0;0;;1;0;;1;0;;1;0;;1;0;;1;0;;1;0;
139510;0;0;;1;0;;1;0;;1;0;;1;0;;1;0;;1;0;
139520;0;0;;1;0;;1;0;;1;0;;1;0;;1;0;;1;0;
139530;0;0;;1;0;;1;0;;1;0;;1;0;;1;0;;1;0;
139540;0;0;;1;0;;1;0;;1;0;;1;0;;1;0;;1;0;
139550;0;0;;1;0;;1;0;;1;0;;1;0;;1;0;;1;0;
139560;0;0;;1;0;;1;0;;1;0;;1;0;;1;0;;1;0;
139570;0;0;;1;0;;1;0;;1;0;;1;0;;1;0;;1;0;
139580;0;0;;1;0;;1;0;;1;0;;1;0;;1;0;;1;0;
139590;0;0;;1;0;;1;0;;1;0;;1;0;;1;0;;1;0;
139600;0;0;;1;0;;1;0;;1;0;;1;0;;1;0;;1;0;
139610;0;0;;1;0;;1;0;;1;0;;1;0;;1;0;;1;0;
139620;0;0;;1;0;;1;0;;1;0;;1;0;;1;0;;1;0;
139630;0;0;;1;0;;1;0;;1;0;;1;0;;1;0;;1;0;
139640;0;0;;1;0;;1;0;;1;0;;1;0;;1;0;;1;0;
139650;0;0;;1;0;;1;0;;1;0;;1;0;;1;0;;1;0;
139660;0;0;;1;0;;1;0;;1;0;;1;0;;1;0;;1;0;
139670;0;0;;1;0;;1;0;;1;0;;1;0;;1;0;;1;0;
139680;0;0;;1;0;;1;0;;1;0;;1;0;;1;0;;1;0;
139690;0;0;;1;0;;1;0;;1;0;;1;0;;1;0;;1;0;
139700;0;0;;1;0;;1;0;;1;0;;1;0;;1;0;;1;0;
139710;0;0;;1;0;;1;0;;1;0;;1;0;;1;0;;1;0;
139720;0;0;;1;0;;1;0;;1;0;;1;0;;1;0;;1;0;
139730;0;0;;1;0;;1;0;;1;0;;1;0;;1;0;;1;0;
139740;0;0;;1;0;;1;0;;1;0;;1;0;;1;0;;1;0;
139750;0;0;;1;0;;1;0;;1;0;;1;0;;1;0;;1;0;
139760;0;0;;1;0;;1;0;;1;0;;1;0;;1;0;;1;0;
139770;0;0;;1;0;;1;0;;1;0;;1;0;;1;0;;1;0;
139780;0;0;;1;0;;1;0;;1;0;;1;0;;1;0;;1;0;
139790;0;0;;1;0;;1;0;;1;0;;1;0;;1;0;;1;0;
139800;0;0;;1;0;;1;0;;1;0;;1;0;;1;0;;1;0;
139810;0;0;;1;0;;1;0;;1;0;;1;0;;1;0;;1;0;
139820;0;0;;1;0;;1;0;;1;0;;1;0;;1;0;;1;0;
139830;0;0;;1;0;;1;0;;1;0;;1;0;;1;0;;1;0;
139840;0;0;;1;0;;1;0;;1;0;;1;0;;1;0;;1;0;
139850;0;0;;1;0;;1;0;;1;0;;1;0;;1;0;;1;0;
139860;0;0;;1;0;;1;0;;1;0;;1;0;;1;0;;1;0;
139870;0;0;;1;0;;1;0;;1;0;;1;0;;1;0;;1;0;
139880;0;0;;1;0;;1;0;;1;0;;1;0;;1;0;;1;0;
139890;0;0;;1;0;;1;0;;1;0;;1;0;;1;0;;1;0;
139900;0;0;;1;0;;1;0;;1;0;;1;0;;1;0;;1;0;
139910;0;0;;1;0;;1;0;;1;0;;1;0;;1;0;;1;0;
139920;0;0;;1;0;;1;0;;1;0;;1;0;;1;0;;1;0;
139930;0;0;;1;0;;1;0;;1;0;;1;0;;1;0;;1;0;
139940;0;0;;1;0;;1;0;;1;0;;1;0;;1;0;;1;0;
139950;0;0;;1;0;;1;0;;1;0;;1;0;;1;0;;1;0;
139960;0;0;;1;0;;1;0;;1;0;;1;0;;1;0;;1;0;
139970;0;0;;1;0;;1;0;;1;0;;1;0;;1;0;;1;0;
139980;0;0;;1;0;;1;0;;1;0;;1;0;;1;0;;1;0;
139990;0;0;;1;0;;1;0;;1;0;;1;0;;1;0;;1;0;
140000;0;0;;1;0;;1;0;;1;0;;1;0;;1;0;;1;0;
140010;0;0;;1;0;;1;0;;1;0;;1;0;;1;0;;1;0;
140020;0;0;;1;0;;1;0;;1;0;;1;0;;1;0;;1;0;
140030;0;0;;1;0;;1;0;;1;0;;1;0;;1;0;;1;0;
140040;0;0;;1;0;;1;0;;1;0;;1;0;;1;0;;1;0;
140050;0;0;;1;0;;1;0;;1;0;;1;0;;1;0;;1;0;
140060;0;0;;1;0;;1;0;;1;0;;1;0;;1;0;;1;0;
140070;0;0;;1;0;;1;0;;1;0;;1;0;;1;0;;1;0;
140080;0;0;;1;0;;1;0;;1;0;;1;0;;1;0;;1;0;
140090;0;0;;1;0;;1;0;;1;0;;1;0;;1;0;;1;0;
140100;0;0;;1;0;;1;0;;1;0;;1;0;;1;0;;1;0;
140110;0;0;;1;0;;1;0;;1;0;;1;0;;1;0;;1;0;
140120;0;0;;1;0;;1;0;;1;0;;1;0;;1;0;;1;0;
140130;0;0;;1;0;;1;0;;1;0;;1;0;;1;0;;1;0;
140140;0;0;;1;0;;1;0;;1;0;;1;0;;1;0;;1;0;
140150;0;0;;1;0;;1;0;;1;0;;1;0;;1;0;;1;0;
140160;0;0;;1;0;;1;0;;1;0;;1;0;;1;0;;1;0;
140170;0;0;;1;0;;1;0;;1;0;;1;0;;1;0;;1;0;
140180;0;0;;1;0;;1;0;;1;0;;1;0;;1;0;;1;0;
140190;0;0;;1;0;;1;0;;1;0;;1;0;;1;0;;1;0;
140200;0;0;;1;0;;1;0;;1;0;;1;0;;1;0;;1;0;
140210;0;0;;1;0;;1;0;;1;0;;1;0;;1;0;;1;0;
140220;0;0;;1;0;;1;0;;1;0;;1;0;;1;0;;1;0;
140230;0;0;;1;0;;1;0;;1;0;;1;0;;1;0;;1;0;
140240;0;0;;1;0;;1;0;;1;0;;1;0;;1;0;;1;0;
140250;0;0;;1;0;;1;0;;1;0;;1;0;;1;0;;1;0;
140260;0;0;;1;0;;1;0;;1;0;;1;0;;1;0;;1;0;
140270;0;0;;1;0;;1;0;;1;0;;1;0;;1;0;;1;0;
140280;0;0;;1;0;;1;0;;1;0;;1;0;;1;0;;1;0;
140290;0;0;;1;0;;1;0;;1;0;;1;0;;1;0;;1;0;
140300;0;0;;1;0;;1;0;;1;0;;1;0;;1;0;;1;0;
140310;0;0;;1;0;;1;0;;1;0;;1;0;;1;0;;1;0;
140320;0;0;;1;0;;1;0;;1;0;;1;0;;1;0;;1;0;
140330;0;0;;1;0;;1;0;;1;0;;1;0;;1;0;;1;0;
140340;0;0;;1;0;;1;0;;1;0;;1;0;;1;0;;1;0;
140350;0;0;;1;0;;1;0;;1;0;;1;0;;1;0;;1;0;
140360;0;0;;1;0;;1;0;;1;0;;1;0;;1;0;;1;0;
140370;0;0;;1;0;;1;0;;1;0;;1;0;;1;0;;1;0;
140380;0;0;;1;0;;1;0;;1;0;;1;0;;1;0;;1;0;
140390;0;0;;1;0;;1;0;;1;0;;1;0;;1;0;;1;0;
140400;0;0;;1;0;;1;0;;1;0;;1;0;;1;0;;1;0;
140410;0;0;;1;0;;1;0;;1;0;;1;0;;1;0;;1;0;
140420;0;0;;1;0;;1;0;;1;0;;1;0;;1;0;;1;0;
140430;0;0;;1;0;;1;0;;1;0;;1;0;;1;0;;1;0;
140440;0;0;;1;0;;1;0;;1;0;;1;0;;1;0;;1;0;
140450;0;0;;1;0;;1;0;;1;0;;1;0;;1;0;;1;0;
140460;0;0;;1;0;;1;0;;1;0;;1;0;;1;0;;1;0;
140470;0;0;;1;0;;1;0;;1;0;;1;0;;1;0;;1;0;
140480;0;0;;1;0;;1;0;;1;0;;1;0;;1;0;;1;0;
140490;0;0;;1;0;;1;0;;1;0;;1;0;;1;0;;1;0;
140500;0;0;;1;0;;1;0;;1;0;;1;0;;1;0;;1;0;
140510;0;0;;1;0;;1;0;;1;0;;1;0;;1;0;;1;0;
140520;0;0;;1;0;;1;0;;1;0;;1;0;;1;0;;1;0;
140530;0;0;;1;0;;1;0;;1;0;;1;0;;1;0;;1;0;
140540;0;0;;1;0;;1;0;;1;0;;1;0;;1;0;;1;0;
140550;0;0;;1;0;;1;0;;1;0;;1;0;;1;0;;1;0;
140560;0;0;;1;0;;1;0;;1;0;;1;0;;1;0;;1;0;
140570;0;0;;1;0;;1;0;;1;0;;1;0;;1;0;;1;0;
140580;0;0;;1;0;;1;0;;1;0;;1;0;;1;0;;1;0;
140590;0;0;;1;0;;1;0;;1;0;;1;0;;1;0;;1;0;
140600;0;0;;1;0;;1;0;;1;0;;1;0;;1;0;;1;0;
140610;0;0;;1;0;;1;0;;1;0;;1;0;;1;0;;1;0;
140620;0;0;;1;0;;1;0;;1;0;;1;0;;1;0;;1;0;
140630;0;0;;1;0;;1;0;;1;0;;1;0;;1;0;;1;0;
140640;0;0;;1;0;;1;0;;1;0;;1;0;;1;0;;1;0;
140650;0;0;;1;0;;1;0;;1;0;;1;0;;1;0;;1;0;
140660;0;0;;1;0;;1;0;;1;0;;1;0;;1;0;;1;0;
140670;0;0;;1;0;;1;0;;1;0;;1;0;;1;0;;1;0;
140680;0;0;;1;0;;1;0;;1;0;;1;0;;1;0;;1;0;
140690;0;0;;1;0;;1;0;;1;0;;1;0;;1;0;;1;0;
140700;0;0;;1;0;;1;0;;1;0;;1;0;;1;0;;1;0;
140710;0;0;;1;0;;1;0;;1;0;;1;0;;1;0;;1;0;
140720;0;0;;1;0;;1;0;;1;0;;1;0;;1;0;;1;0;
140730;0;0;;1;0;;1;0;;1;0;;1;0;;1;0;;1;0;
140740;0;0;;1;0;;1;0;;1;0;;1;0;;1;0;;1;0;
140750;0;0;;1;0;;1;0;;1;0;;1;0;;1;0;;1;0;
140760;0;0;;1;0;;1;0;;1;0;;1;0;;1;0;;1;0;
140770;0;0;;1;0;;1;0;;1;0;;1;0;;1;0;;1;0;
140780;0;0;;1;0;;1;0;;1;0;;1;0;;1;0;;1;0;
140790;0;0;;1;0;;1;0;;1;0;;1;0;;1;0;;1;0;
140800;0;0;;1;0;;1;0;;1;0;;1;0;;1;0;;1;0;
140810;0;0;;1;0;;1;0;;1;0;;1;0;;1;0;;1;0;
140820;0;0;;1;0;;1;0;;1;0;;1;0;;1;0;;1;0;
140830;0;0;;1;0;;1;0;;1;0;;1;0;;1;0;;1;0;
140840;0;0;;1;0;;1;0;;1;0;;1;0;;1;0;;1;0;
140850;0;0;;1;0;;1;0;;1;0;;1;0;;1;0;;1;0;
140860;0;0;;1;0;;1;0;;1;0;;1;0;;1;0;;1;0;
140870;0;0;;1;0;;1;0;;1;0;;1;0;;1;0;;1;0;
140880;0;0;;1;0;;1;0;;1;0;;1;0;;1;0;;1;0;
140890;0;0;;1;0;;1;0;;1;0;;1;0;;1;0;;1;0;
140900;0;0;;1;0;;1;0;;1;0;;1;0;;1;0;;1;0;
140910;0;0;;1;0;;1;0;;1;0;;1;0;;1;0;;1;0;
140920;0;0;;1;0;;1;0;;1;0;;1;0;;1;0;;1;0;
140930;0;0;;1;0;;1;0;;1;0;;1;0;;1;0;;1;0;
140940;0;0;;1;0;;1;0;;1;0;;1;0;;1;0;;1;0;
140950;0;0;;1;0;;1;0;;1;0;;1;0;;1;0;;1;0;
140960;0;0;;1;0;;1;0;;1;0;;1;0;;1;0;;1;0;
140970;0;0;;1;0;;1;0;;1;0;;1;0;;1;0;;1;0;
140980;0;0;;1;0;;1;0;;1;0;;1;0;;1;0;;1;0;
140990;0;0;;1;0;;1;0;;1;0;;1;0;;1;0;;1;0;
141000;0;0;;1;0;;1;0;;1;0;;1;0;;1;0;;1;0;
141010;0;0;;1;0;;1;0;;1;0;;1;0;;1;0;;1;0;
141020;0;0;;1;0;;1;0;;1;0;;1;0;;1;0;;1;0;
141030;0;0;;1;0;;1;0;;1;0;;1;0;;1;0;;1;0;
141040;0;0;;1;0;;1;0;;1;0;;1;0;;1;0;;1;0;
141050;0;0;;1;0;;1;0;;1;0;;1;0;;1;0;;1;0;
141060;0;0;;1;0;;1;0;;1;0;;1;0;;1;0;;1;0;
141070;0;0;;1;0;;1;0;;1;0;;1;0;;1;0;;1;0;
141080;0;0;;1;0;;1;0;;1;0;;1;0;;1;0;;1;0;
141090;0;0;;1;0;;1;0;;1;0;;1;0;;1;0;;1;0;
141100;0;0;;1;0;;1;0;;1;0;;1;0;;1;0;;1;0;
141110;0;0;;1;0;;1;0;;1;0;;1;0;;1;0;;1;0;
141120;0;0;;1;0;;1;0;;1;0;;1;0;;1;0;;1;0;
141130;0;0;;1;0;;1;0;;1;0;;1;0;;1;0;;1;0;
141140;0;0;;1;0;;1;0;;1;0;;1;0;;1;0;;1;0;
141150;0;0;;1;0;;1;0;;1;0;;1;0;;1;0;;1;0;
141160;0;0;;1;0;;1;0;;1;0;;1;0;;1;0;;1;0;
141170;0;0;;1;0;;1;0;;1;0;;1;0;;1;0;;1;0;
141180;0;0;;1;0;;1;0;;1;0;;1;0;;1;0;;1;0;
141190;0;0;;1;0;;1;0;;1;0;;1;0;;1;0;;1;0;
141200;0;0;;1;0;;1;0;;1;0;;1;0;;1;0;;1;0;
141210;0;0;;1;0;;1;0;;1;0;;1;0;;1;0;;1;0;
141220;0;0;;1;0;;1;0;;1;0;;1;0;;1;0;;1;0;
141230;0;0;;1;0;;1;0;;1;0;;1;0;;1;0;;1;0;
141240;0;0;;1;0;;1;0;;1;0;;1;0;;1;0;;1;0;
141250;0;0;;1;0;;1;0;;1;0;;1;0;;1;0;;1;0;
141260;0;0;;1;0;;1;0;;1;0;;1;0;;1;0;;1;0;
141270;0;0;;1;0;;1;0;;1;0;;1;0;;1;0;;1;0;
141280;0;0;;1;0;;1;0;;1;0;;1;0;;1;0;;1;0;
141290;0;0;;1;0;;1;0;;1;0;;1;0;;1;0;;1;0;
141300;0;0;;1;0;;1;0;;1;0;;1;0;;1;0;;1;0;
141310;0;0;;1;0;;1;0;;1;0;;1;0;;1;0;;1;0;
141320;0;0;;1;0;;1;0;;1;0;;1;0;;1;0;;1;0;
141330;0;0;;1;0;;1;0;;1;0;;1;0;;1;0;;1;0;
141340;0;0;;1;0;;1;0;;1;0;;1;0;;1;0;;1;0;
141350;0;0;;1;0;;1;0;;1;0;;1;0;;1;0;;1;0;
141360;0;0;;1;0;;1;0;;1;0;;1;0;;1;0;;1;0;
141370;0;0;;1;0;;1;0;;1;0;;1;0;;1;0;;1;0;
141380;0;0;;1;0;;1;0;;1;0;;1;0;;1;0;;1;0;
141390;0;0;;1;0;;1;0;;1;0;;1;0;;1;0;;1;0;
141400;0;0;;1;0;;1;0;;1;0;;1;0;;1;0;;1;0;
141410;0;0;;1;0;;1;0;;1;0;;1;0;;1;0;;1;0;
141420;0;0;;1;0;;1;0;;1;0;;1;0;;1;0;;1;0;
141430;0;0;;1;0;;1;0;;1;0;;1;0;;1;0;;1;0;
141440;0;0;;1;0;;1;0;;1;0;;1;0;;1;0;;1;0;
141450;0;0;;1;0;;1;0;;1;0;;1;0;;1;0;;1;0;
141460;0;0;;1;0;;1;0;;1;0;;1;0;;1;0;;1;0;
141470;0;0;;1;0;;1;0;;1;0;;1;0;;1;0;;1;0;
141480;0;0;;1;0;;1;0;;1;0;;1;0;;1;0;;1;0;
141490;0;0;;1;0;;1;0;;1;0;;1;0;;1;0;;1;0;
141500;0;0;;1;0;;1;0;;1;0;;1;0;;1;0;;1;0;
141510;0;0;;1;0;;1;0;;1;0;;1;0;;1;0;;1;0;
141520;0;0;;1;0;;1;0;;1;0;;1;0;;1;0;;1;0;
141530;0;0;;1;0;;1;0;;1;0;;1;0;;1;0;;1;0;
141540;0;0;;1;0;;1;0;;1;0;;1;0;;1;0;;1;0;
141550;0;0;;1;0;;1;0;;1;0;;1;0;;1;0;;1;0;
141560;0;0;;1;0;;1;0;;1;0;;1;0;;1;0;;1;0;
141570;0;0;;1;0;;1;0;;1;0;;1;0;;1;0;;1;0;
141580;0;0;;1;0;;1;0;;1;0;;1;0;;1;0;;1;0;
141590;0;0;;1;0;;1;0;;1;0;;1;0;;1;0;;1;0;
141600;0;0;;1;0;;1;0;;1;0;;1;0;;1;0;;1;0;
141610;0;0;;1;0;;1;0;;1;0;;1;0;;1;0;;1;0;
141620;0;0;;1;0;;1;0;;1;0;;1;0;;1;0;;1;0;
141630;0;0;;1;0;;1;0;;1;0;;1;0;;1;0;;1;0;
141640;0;0;;1;0;;1;0;;1;0;;1;0;;1;0;;1;0;
141650;0;0;;1;0;;1;0;;1;0;;1;0;;1;0;;1;0;
141660;0;0;;1;0;;1;0;;1;0;;1;0;;1;0;;1;0;
141670;0;0;;1;0;;1;0;;1;0;;1;0;;1;0;;1;0;
141680;0;0;;1;0;;1;0;;1;0;;1;0;;1;0;;1;0;
141690;0;0;;1;0;;1;0;;1;0;;1;0;;1;0;;1;0;
141700;0;0;;1;0;;1;0;;1;0;;1;0;;1;0;;1;0;
141710;0;0;;1;0;;1;0;;1;0;;1;0;;1;0;;1;0;
141720;0;0;;1;0;;1;0;;1;0;;1;0;;1;0;;1;0;
141730;0;0;;1;0;;1;0;;1;0;;1;0;;1;0;;1;0;
141740;0;0;;1;0;;1;0;;1;0;;1;0;;1;0;;1;0;
141750;0;0;;1;0;;1;0;;1;0;;1;0;;1;0;;1;0;
141760;0;0;;1;0;;1;0;;1;0;;1;0;;1;0;;1;0;
141770;0;0;;1;0;;1;0;;1;0;;1;0;;1;0;;1;0;
141780;0;0;;1;0;;1;0;;1;0;;1;0;;1;0;;1;0;
141790;0;0;;1;0;;1;0;;1;0;;1;0;;1;0;;1;0;
141800;0;0;;1;0;;1;0;;1;0;;1;0;;1;0;;1;0;
141810;0;0;;1;0;;1;0;;1;0;;1;0;;1;0;;1;0;
141820;0;0;;1;0;;1;0;;1;0;;1;0;;1;0;;1;0;
141830;0;0;;1;0;;1;0;;1;0;;1;0;;1;0;;1;0;
141840;0;0;;1;0;;1;0;;1;0;;1;0;;1;0;;1;0;
141850;0;0;;1;0;;1;0;;1;0;;1;0;;1;0;;1;0;
141860;0;0;;1;0;;1;0;;1;0;;1;0;;1;0;;1;0;
141870;0;0;;1;0;;1;0;;1;0;;1;0;;1;0;;1;0;
141880;0;0;;1;0;;1;0;;1;0;;1;0;;1;0;;1;0;
141890;0;0;;1;0;;1;0;;1;0;;1;0;;1;0;;1;0;
141900;0;0;;1;0;;1;0;;1;0;;1;0;;1;0;;1;0;
141910;0;0;;1;0;;1;0;;1;0;;1;0;;1;0;;1;0;
141920;0;0;;1;0;;1;0;;1;0;;1;0;;1;0;;1;0;
141930;0;0;;1;0;;1;0;;1;0;;1;0;;1;0;;1;0;
141940;0;0;;1;0;;1;0;;1;0;;1;0;;1;0;;1;0;
141950;0;0;;1;0;;1;0;;1;0;;1;0;;1;0;;1;0;
141960;0;0;;1;0;;1;0;;1;0;;1;0;;1;0;;1;0;
141970;0;0;;1;0;;1;0;;1;0;;1;0;;1;0;;1;0;
141980;0;0;;1;0;;1;0;;1;0;;1;0;;1;0;;1;0;
141990;0;0;;1;0;;1;0;;1;0;;1;0;;1;0;;1;0;
142000;0;0;;1;0;;1;0;;1;0;;1;0;;1;0;;1;0;
142010;0;0;;1;0;;1;0;;1;0;;1;0;;1;0;;1;0;
142020;0;0;;1;0;;1;0;;1;0;;1;0;;1;0;;1;0;
142030;0;0;;1;0;;1;0;;1;0;;1;0;;1;0;;1;0;
142040;0;0;;1;0;;1;0;;1;0;;1;0;;1;0;;1;0;
142050;0;0;;1;0;;1;0;;1;0;;1;0;;1;0;;1;0;
142060;0;0;;1;0;;1;0;;1;0;;1;0;;1;0;;1;0;
142070;0;0;;1;0;;1;0;;1;0;;1;0;;1;0;;1;0;
142080;0;0;;1;0;;1;0;;1;0;;1;0;;1;0;;1;0;
142090;0;0;;1;0;;1;0;;1;0;;1;0;;1;0;;1;0;
142100;0;0;;1;0;;1;0;;1;0;;1;0;;1;0;;1;0;
142110;0;0;;1;0;;1;0;;1;0;;1;0;;1;0;;1;0;
142120;0;0;;1;0;;1;0;;1;0;;1;0;;1;0;;1;0;
142130;0;0;;1;0;;1;0;;1;0;;1;0;;1;0;;1;0;
142140;0;0;;1;0;;1;0;;1;0;;1;0;;1;0;;1;0;
142150;0;0;;1;0;;1;0;;1;0;;1;0;;1;0;;1;0;
142160;0;0;;1;0;;1;0;;1;0;;1;0;;1;0;;1;0;
142170;0;0;;1;0;;1;0;;1;0;;1;0;;1;0;;1;0;
142180;0;0;;1;0;;1;0;;1;0;;1;0;;1;0;;1;0;
142190;0;0;;1;0;;1;0;;1;0;;1;0;;1;0;;1;0;
142200;0;0;;1;0;;1;0;;1;0;;1;0;;1;0;;1;0;
142210;0;0;;1;0;;1;0;;1;0;;1;0;;1;0;;1;0;
142220;0;0;;1;0;;1;0;;1;0;;1;0;;1;0;;1;0;
142230;0;0;;1;0;;1;0;;1;0;;1;0;;1;0;;1;0;
142240;0;0;;1;0;;1;0;;1;0;;1;0;;1;0;;1;0;
142250;0;0;;1;0;;1;0;;1;0;;1;0;;1;0;;1;0;
142260;0;0;;1;0;;1;0;;1;0;;1;0;;1;0;;1;0;
142270;0;0;;1;0;;1;0;;1;0;;1;0;;1;0;;1;0;
142280;0;0;;1;0;;1;0;;1;0;;1;0;;1;0;;1;0;
142290;0;0;;1;0;;1;0;;1;0;;1;0;;1;0;;1;0;
142300;0;0;;1;0;;1;0;;1;0;;1;0;;1;0;;1;0;
142310;0;0;;1;0;;1;0;;1;0;;1;0;;1;0;;1;0;
142320;0;0;;1;0;;1;0;;1;0;;1;0;;1;0;;1;0;
142330;0;0;;1;0;;1;0;;1;0;;1;0;;1;0;;1;0;
142340;0;0;;1;0;;1;0;;1;0;;1;0;;1;0;;1;0;
142350;0;0;;1;0;;1;0;;1;0;;1;0;;1;0;;1;0;
142360;0;0;;1;0;;1;0;;1;0;;1;0;;1;0;;1;0;
142370;0;0;;1;0;;1;0;;1;0;;1;0;;1;0;;1;0;
142380;0;0;;1;0;;1;0;;1;0;;1;0;;1;0;;1;0;
142390;0;0;;1;0;;1;0;;1;0;;1;0;;1;0;;1;0;
142400;0;0;;1;0;;1;0;;1;0;;1;0;;1;0;;1;0;
142410;0;0;;1;0;;1;0;;1;0;;1;0;;1;0;;1;0;
142420;0;0;;1;0;;1;0;;1;0;;1;0;;1;0;;1;0;
142430;0;0;;1;0;;1;0;;1;0;;1;0;;1;0;;1;0;
142440;0;0;;1;0;;1;0;;1;0;;1;0;;1;0;;1;0;
142450;0;0;;1;0;;1;0;;1;0;;1;0;;1;0;;1;0;
142460;0;0;;1;0;;1;0;;1;0;;1;0;;1;0;;1;0;
142470;0;0;;1;0;;1;0;;1;0;;1;0;;1;0;;1;0;
142480;0;0;;1;0;;1;0;;1;0;;1;0;;1;0;;1;0;
142490;0;0;;1;0;;1;0;;1;0;;1;0;;1;0;;1;0;
142500;0;0;;1;0;;1;0;;1;0;;1;0;;1;0;;1;0;
142510;0;0;;1;0;;1;0;;1;0;;1;0;;1;0;;1;0;
142520;0;0;;1;0;;1;0;;1;0;;1;0;;1;0;;1;0;
142530;0;0;;1;0;;1;0;;1;0;;1;0;;1;0;;1;0;
142540;0;0;;1;0;;1;0;;1;0;;1;0;;1;0;;1;0;
142550;0;0;;1;0;;1;0;;1;0;;1;0;;1;0;;1;0;
142560;0;0;;1;0;;1;0;;1;0;;1;0;;1;0;;1;0;
142570;0;0;;1;0;;1;0;;1;0;;1;0;;1;0;;1;0;
142580;0;0;;1;0;;1;0;;1;0;;1;0;;1;0;;1;0;
142590;0;0;;1;0;;1;0;;1;0;;1;0;;1;0;;1;0;
142600;0;0;;1;0;;1;0;;1;0;;1;0;;1;0;;1;0;
142610;0;0;;1;0;;1;0;;1;0;;1;0;;1;0;;1;0;
142620;0;0;;1;0;;1;0;;1;0;;1;0;;1;0;;1;0;
142630;0;0;;1;0;;1;0;;1;0;;1;0;;1;0;;1;0;
142640;0;0;;1;0;;1;0;;1;0;;1;0;;1;0;;1;0;
142650;0;0;;1;0;;1;0;;1;0;;1;0;;1;0;;1;0;
142660;0;0;;1;0;;1;0;;1;0;;1;0;;1;0;;1;0;
142670;0;0;;1;0;;1;0;;1;0;;1;0;;1;0;;1;0;
142680;0;0;;1;0;;1;0;;1;0;;1;0;;1;0;;1;0;
142690;0;0;;1;0;;1;0;;1;0;;1;0;;1;0;;1;0;
142700;0;0;;1;0;;1;0;;1;0;;1;0;;1;0;;1;0;
142710;0;0;;1;0;;1;0;;1;0;;1;0;;1;0;;1;0;
142720;0;0;;1;0;;1;0;;1;0;;1;0;;1;0;;1;0;
142730;0;0;;1;0;;1;0;;1;0;;1;0;;1;0;;1;0;
142740;0;0;;1;0;;1;0;;1;0;;1;0;;1;0;;1;0;
142750;0;0;;1;0;;1;0;;1;0;;1;0;;1;0;;1;0;
142760;0;0;;1;0;;1;0;;1;0;;1;0;;1;0;;1;0;
142770;0;0;;1;0;;1;0;;1;0;;1;0;;1;0;;1;0;
142780;0;0;;1;0;;1;0;;1;0;;1;0;;1;0;;1;0;
142790;0;0;;1;0;;1;0;;1;0;;1;0;;1;0;;1;0;
142800;0;0;;1;0;;1;0;;1;0;;1;0;;1;0;;1;0;
142810;0;0;;1;0;;1;0;;1;0;;1;0;;1;0;;1;0;
142820;0;0;;1;0;;1;0;;1;0;;1;0;;1;0;;1;0;
142830;0;0;;1;0;;1;0;;1;0;;1;0;;1;0;;1;0;
142840;0;0;;1;0;;1;0;;1;0;;1;0;;1;0;;1;0;
142850;0;0;;1;0;;1;0;;1;0;;1;0;;1;0;;1;0;
142860;0;0;;1;0;;1;0;;1;0;;1;0;;1;0;;1;0;
142870;0;0;;1;0;;1;0;;1;0;;1;0;;1;0;;1;0;
142880;0;0;;1;0;;1;0;;1;0;;1;0;;1;0;;1;0;
142890;0;0;;1;0;;1;0;;1;0;;1;0;;1;0;;1;0;
142900;0;0;;1;0;;1;0;;1;0;;1;0;;1;0;;1;0;
142910;0;0;;1;0;;1;0;;1;0;;1;0;;1;0;;1;0;
142920;0;0;;1;0;;1;0;;1;0;;1;0;;1;0;;1;0;
142930;0;0;;1;0;;1;0;;1;0;;1;0;;1;0;;1;0;
142940;0;0;;1;0;;1;0;;1;0;;1;0;;1;0;;1;0;
142950;0;0;;1;0;;1;0;;1;0;;1;0;;1;0;;1;0;
142960;0;0;;1;0;;1;0;;1;0;;1;0;;1;0;;1;0;
142970;0;0;;1;0;;1;0;;1;0;;1;0;;1;0;;1;0;
142980;0;0;;1;0;;1;0;;1;0;;1;0;;1;0;;1;0;
142990;0;0;;1;0;;1;0;;1;0;;1;0;;1;0;;1;0;
143000;0;0;;1;0;;1;0;;1;0;;1;0;;1;0;;1;0;
143010;0;0;;1;0;;1;0;;1;0;;1;0;;1;0;;1;0;
143020;0;0;;1;0;;1;0;;1;0;;1;0;;1;0;;1;0;
143030;0;0;;1;0;;1;0;;1;0;;1;0;;1;0;;1;0;
143040;0;0;;1;0;;1;0;;1;0;;1;0;;1;0;;1;0;
143050;0;0;;1;0;;1;0;;1;0;;1;0;;1;0;;1;0;
143060;0;0;;1;0;;1;0;;1;0;;1;0;;1;0;;1;0;
143070;0;0;;1;0;;1;0;;1;0;;1;0;;1;0;;1;0;
143080;0;0;;1;0;;1;0;;1;0;;1;0;;1;0;;1;0;
143090;0;0;;1;0;;1;0;;1;0;;1;0;;1;0;;1;0;
143100;0;0;;1;0;;1;0;;1;0;;1;0;;1;0;;1;0;
143110;0;0;;1;0;;1;0;;1;0;;1;0;;1;0;;1;0;
143120;0;0;;1;0;;1;0;;1;0;;1;0;;1;0;;1;0;
143130;0;0;;1;0;;1;0;;1;0;;1;0;;1;0;;1;0;
143140;0;0;;1;0;;1;0;;1;0;;1;0;;1;0;;1;0;
143150;0;0;;1;0;;1;0;;1;0;;1;0;;1;0;;1;0;
143160;0;0;;1;0;;1;0;;1;0;;1;0;;1;0;;1;0;
143170;0;0;;1;0;;1;0;;1;0;;1;0;;1;0;;1;0;
143180;0;0;;1;0;;1;0;;1;0;;1;0;;1;0;;1;0;
143190;0;0;;1;0;;1;0;;1;0;;1;0;;1;0;;1;0;
143200;0;0;;1;0;;1;0;;1;0;;1;0;;1;0;;1;0;
143210;0;0;;1;0;;1;0;;1;0;;1;0;;1;0;;1;0;
143220;0;0;;1;0;;1;0;;1;0;;1;0;;1;0;;1;0;
143230;0;0;;1;0;;1;0;;1;0;;1;0;;1;0;;1;0;
143240;0;0;;1;0;;1;0;;1;0;;1;0;;1;0;;1;0;
143250;0;0;;1;0;;1;0;;1;0;;1;0;;1;0;;1;0;
143260;0;0;;1;0;;1;0;;1;0;;1;0;;1;0;;1;0;
143270;0;0;;1;0;;1;0;;1;0;;1;0;;1;0;;1;0;
143280;0;0;;1;0;;1;0;;1;0;;1;0;;1;0;;1;0;
143290;0;0;;1;0;;1;0;;1;0;;1;0;;1;0;;1;0;
143300;0;0;;1;0;;1;0;;1;0;;1;0;;1;0;;1;0;
143310;0;0;;1;0;;1;0;;1;0;;1;0;;1;0;;1;0;
143320;0;0;;1;0;;1;0;;1;0;;1;0;;1;0;;1;0;
143330;0;0;;1;0;;1;0;;1;0;;1;0;;1;0;;1;0;
143340;0;0;;1;0;;1;0;;1;0;;1;0;;1;0;;1;0;
143350;0;0;;1;0;;1;0;;1;0;;1;0;;1;0;;1;0;
143360;0;0;;1;0;;1;0;;1;0;;1;0;;1;0;;1;0;
143370;0;0;;1;0;;1;0;;1;0;;1;0;;1;0;;1;0;
143380;0;0;;1;0;;1;0;;1;0;;1;0;;1;0;;1;0;
143390;0;0;;1;0;;1;0;;1;0;;1;0;;1;0;;1;0;
143400;0;0;;1;0;;1;0;;1;0;;1;0;;1;0;;1;0;
143410;0;0;;1;0;;1;0;;1;0;;1;0;;1;0;;1;0;
143420;0;0;;1;0;;1;0;;1;0;;1;0;;1;0;;1;0;
143430;0;0;;1;0;;1;0;;1;0;;1;0;;1;0;;1;0;
143440;0;0;;1;0;;1;0;;1;0;;1;0;;1;0;;1;0;
143450;0;0;;1;0;;1;0;;1;0;;1;0;;1;0;;1;0;
143460;0;0;;1;0;;1;0;;1;0;;1;0;;1;0;;1;0;
143470;0;0;;1;0;;1;0;;1;0;;1;0;;1;0;;1;0;
143480;0;0;;1;0;;1;0;;1;0;;1;0;;1;0;;1;0;
143490;0;0;;1;0;;1;0;;1;0;;1;0;;1;0;;1;0;
143500;0;0;;1;0;;1;0;;1;0;;1;0;;1;0;;1;0;
143510;0;0;;1;0;;1;0;;1;0;;1;0;;1;0;;1;0;
143520;0;0;;1;0;;1;0;;1;0;;1;0;;1;0;;1;0;
143530;0;0;;1;0;;1;0;;1;0;;1;0;;1;0;;1;0;
143540;0;0;;1;0;;1;0;;1;0;;1;0;;1;0;;1;0;
143550;0;0;;1;0;;1;0;;1;0;;1;0;;1;0;;1;0;
143560;0;0;;1;0;;1;0;;1;0;;1;0;;1;0;;1;0;
143570;0;0;;1;0;;1;0;;1;0;;1;0;;1;0;;1;0;
143580;0;0;;1;0;;1;0;;1;0;;1;0;;1;0;;1;0;
143590;0;0;;1;0;;1;0;;1;0;;1;0;;1;0;;1;0;
143600;0;0;;1;0;;1;0;;1;0;;1;0;;1;0;;1;0;
143610;0;0;;1;0;;1;0;;1;0;;1;0;;1;0;;1;0;
143620;0;0;;1;0;;1;0;;1;0;;1;0;;1;0;;1;0;
143630;0;0;;1;0;;1;0;;1;0;;1;0;;1;0;;1;0;
143640;0;0;;1;0;;1;0;;1;0;;1;0;;1;0;;1;0;
143650;0;0;;1;0;;1;0;;1;0;;1;0;;1;0;;1;0;
143660;0;0;;1;0;;1;0;;1;0;;1;0;;1;0;;1;0;
143670;0;0;;1;0;;1;0;;1;0;;1;0;;1;0;;1;0;
143680;0;0;;1;0;;1;0;;1;0;;1;0;;1;0;;1;0;
143690;0;0;;1;0;;1;0;;1;0;;1;0;;1;0;;1;0;
143700;0;0;;1;0;;1;0;;1;0;;1;0;;1;0;;1;0;
143710;0;0;;1;0;;1;0;;1;0;;1;0;;1;0;;1;0;
143720;0;0;;1;0;;1;0;;1;0;;1;0;;1;0;;1;0;
143730;0;0;;1;0;;1;0;;1;0;;1;0;;1;0;;1;0;
143740;0;0;;1;0;;1;0;;1;0;;1;0;;1;0;;1;0;
143750;0;0;;1;0;;1;0;;1;0;;1;0;;1;0;;1;0;
143760;0;0;;1;0;;1;0;;1;0;;1;0;;1;0;;1;0;
143770;0;0;;1;0;;1;0;;1;0;;1;0;;1;0;;1;0;
143780;0;0;;1;0;;1;0;;1;0;;1;0;;1;0;;1;0;
143790;0;0;;1;0;;1;0;;1;0;;1;0;;1;0;;1;0;
143800;0;0;;1;0;;1;0;;1;0;;1;0;;1;0;;1;0;
143810;0;0;;1;0;;1;0;;1;0;;1;0;;1;0;;1;0;
143820;0;0;;1;0;;1;0;;1;0;;1;0;;1;0;;1;0;
143830;0;0;;1;0;;1;0;;1;0;;1;0;;1;0;;1;0;
143840;0;0;;1;0;;1;0;;1;0;;1;0;;1;0;;1;0;
143850;0;0;;1;0;;1;0;;1;0;;1;0;;1;0;;1;0;
143860;0;0;;1;0;;1;0;;1;0;;1;0;;1;0;;1;0;
143870;0;0;;1;0;;1;0;;1;0;;1;0;;1;0;;1;0;
143880;0;0;;1;0;;1;0;;1;0;;1;0;;1;0;;1;0;
143890;0;0;;1;0;;1;0;;1;0;;1;0;;1;0;;1;0;
143900;0;0;;1;0;;1;0;;1;0;;1;0;;1;0;;1;0;
143910;0;0;;1;0;;1;0;;1;0;;1;0;;1;0;;1;0;
143920;0;0;;1;0;;1;0;;1;0;;1;0;;1;0;;1;0;
143930;0;0;;1;0;;1;0;;1;0;;1;0;;1;0;;1;0;
143940;0;0;;1;0;;1;0;;1;0;;1;0;;1;0;;1;0;
143950;0;0;;1;0;;1;0;;1;0;;1;0;;1;0;;1;0;
143960;0;0;;1;0;;1;0;;1;0;;1;0;;1;0;;1;0;
143970;0;0;;1;0;;1;0;;1;0;;1;0;;1;0;;1;0;
143980;0;0;;1;0;;1;0;;1;0;;1;0;;1;0;;1;0;
143990;0;0;;1;0;;1;0;;1;0;;1;0;;1;0;;1;0;
144000;0;0;;1;0;;1;0;;1;0;;1;0;;1;0;;1;0;
144010;0;0;;1;0;;1;0;;1;0;;1;0;;1;0;;1;0;
144020;0;0;;1;0;;1;0;;1;0;;1;0;;1;0;;1;0;
144030;0;0;;1;0;;1;0;;1;0;;1;0;;1;0;;1;0;
144040;0;0;;1;0;;1;0;;1;0;;1;0;;1;0;;1;0;
144050;0;0;;1;0;;1;0;;1;0;;1;0;;1;0;;1;0;
144060;0;0;;1;0;;1;0;;1;0;;1;0;;1;0;;1;0;
144070;0;0;;1;0;;1;0;;1;0;;1;0;;1;0;;1;0;
144080;0;0;;1;0;;1;0;;1;0;;1;0;;1;0;;1;0;
144090;0;0;;1;0;;1;0;;1;0;;1;0;;1;0;;1;0;
144100;0;0;;1;0;;1;0;;1;0;;1;0;;1;0;;1;0;
144110;0;0;;1;0;;1;0;;1;0;;1;0;;1;0;;1;0;
144120;0;0;;1;0;;1;0;;1;0;;1;0;;1;0;;1;0;
144130;0;0;;1;0;;1;0;;1;0;;1;0;;1;0;;1;0;
144140;0;0;;1;0;;1;0;;1;0;;1;0;;1;0;;1;0;
144150;0;0;;1;0;;1;0;;1;0;;1;0;;1;0;;1;0;
144160;0;0;;1;0;;1;0;;1;0;;1;0;;1;0;;1;0;
144170;0;0;;1;0;;1;0;;1;0;;1;0;;1;0;;1;0;
144180;0;0;;1;0;;1;0;;1;0;;1;0;;1;0;;1;0;
144190;0;0;;1;0;;1;0;;1;0;;1;0;;1;0;;1;0;
144200;0;0;;1;0;;1;0;;1;0;;1;0;;1;0;;1;0;
144210;0;0;;1;0;;1;0;;1;0;;1;0;;1;0;;1;0;
144220;0;0;;1;0;;1;0;;1;0;;1;0;;1;0;;1;0;
144230;0;0;;1;0;;1;0;;1;0;;1;0;;1;0;;1;0;
144240;0;0;;1;0;;1;0;;1;0;;1;0;;1;0;;1;0;
144250;0;0;;1;0;;1;0;;1;0;;1;0;;1;0;;1;0;
144260;0;0;;1;0;;1;0;;1;0;;1;0;;1;0;;1;0;
144270;0;0;;1;0;;1;0;;1;0;;1;0;;1;0;;1;0;
144280;0;0;;1;0;;1;0;;1;0;;1;0;;1;0;;1;0;
144290;0;0;;1;0;;1;0;;1;0;;1;0;;1;0;;1;0;
144300;0;0;;1;0;;1;0;;1;0;;1;0;;1;0;;1;0;
144310;0;0;;1;0;;1;0;;1;0;;1;0;;1;0;;1;0;
144320;0;0;;1;0;;1;0;;1;0;;1;0;;1;0;;1;0;
144330;0;0;;1;0;;1;0;;1;0;;1;0;;1;0;;1;0;
144340;0;0;;1;0;;1;0;;1;0;;1;0;;1;0;;1;0;
144350;0;0;;1;0;;1;0;;1;0;;1;0;;1;0;;1;0;
144360;0;0;;1;0;;1;0;;1;0;;1;0;;1;0;;1;0;
144370;0;0;;1;0;;1;0;;1;0;;1;0;;1;0;;1;0;
144380;0;0;;1;0;;1;0;;1;0;;1;0;;1;0;;1;0;
144390;0;0;;1;0;;1;0;;1;0;;1;0;;1;0;;1;0;
144400;0;0;;1;0;;1;0;;1;0;;1;0;;1;0;;1;0;
144410;0;0;;1;0;;1;0;;1;0;;1;0;;1;0;;1;0;
144420;0;0;;1;0;;1;0;;1;0;;1;0;;1;0;;1;0;
144430;0;0;;1;0;;1;0;;1;0;;1;0;;1;0;;1;0;
144440;0;0;;1;0;;1;0;;1;0;;1;0;;1;0;;1;0;
144450;0;0;;1;0;;1;0;;1;0;;1;0;;1;0;;1;0;
144460;0;0;;1;0;;1;0;;1;0;;1;0;;1;0;;1;0;
144470;0;0;;1;0;;1;0;;1;0;;1;0;;1;0;;1;0;
144480;0;0;;1;0;;1;0;;1;0;;1;0;;1;0;;1;0;
144490;0;0;;1;0;;1;0;;1;0;;1;0;;1;0;;1;0;
144500;0;0;;1;0;;1;0;;1;0;;1;0;;1;0;;1;0;
144510;0;0;;1;0;;1;0;;1;0;;1;0;;1;0;;1;0;
144520;0;0;;1;0;;1;0;;1;0;;1;0;;1;0;;1;0;
144530;0;0;;1;0;;1;0;;1;0;;1;0;;1;0;;1;0;
144540;0;0;;1;0;;1;0;;1;0;;1;0;;1;0;;1;0;
144550;0;0;;1;0;;1;0;;1;0;;1;0;;1;0;;1;0;
144560;0;0;;1;0;;1;0;;1;0;;1;0;;1;0;;1;0;
144570;0;0;;1;0;;1;0;;1;0;;1;0;;1;0;;1;0;
144580;0;0;;1;0;;1;0;;1;0;;1;0;;1;0;;1;0;
144590;0;0;;1;0;;1;0;;1;0;;1;0;;1;0;;1;0;
144600;0;0;;1;0;;1;0;;1;0;;1;0;;1;0;;1;0;
144610;0;0;;1;0;;1;0;;1;0;;1;0;;1;0;;1;0;
144620;0;0;;1;0;;1;0;;1;0;;1;0;;1;0;;1;0;
144630;0;0;;1;0;;1;0;;1;0;;1;0;;1;0;;1;0;
144640;0;0;;1;0;;1;0;;1;0;;1;0;;1;0;;1;0;
144650;0;0;;1;0;;1;0;;1;0;;1;0;;1;0;;1;0;
144660;0;0;;1;0;;1;0;;1;0;;1;0;;1;0;;1;0;
144670;0;0;;1;0;;1;0;;1;0;;1;0;;1;0;;1;0;
144680;0;0;;1;0;;1;0;;1;0;;1;0;;1;0;;1;0;
144690;0;0;;1;0;;1;0;;1;0;;1;0;;1;0;;1;0;
144700;0;0;;1;0;;1;0;;1;0;;1;0;;1;0;;1;0;
144710;0;0;;1;0;;1;0;;1;0;;1;0;;1;0;;1;0;
144720;0;0;;1;0;;1;0;;1;0;;1;0;;1;0;;1;0;
144730;0;0;;1;0;;1;0;;1;0;;1;0;;1;0;;1;0;
144740;0;0;;1;0;;1;0;;1;0;;1;0;;1;0;;1;0;
144750;0;0;;1;0;;1;0;;1;0;;1;0;;1;0;;1;0;
144760;0;0;;1;0;;1;0;;1;0;;1;0;;1;0;;1;0;
144770;0;0;;1;0;;1;0;;1;0;;1;0;;1;0;;1;0;
144780;0;0;;1;0;;1;0;;1;0;;1;0;;1;0;;1;0;
144790;0;0;;1;0;;1;0;;1;0;;1;0;;1;0;;1;0;
144800;0;0;;1;0;;1;0;;1;0;;1;0;;1;0;;1;0;
144810;0;0;;1;0;;1;0;;1;0;;1;0;;1;0;;1;0;
144820;0;0;;1;0;;1;0;;1;0;;1;0;;1;0;;1;0;
144830;0;0;;1;0;;1;0;;1;0;;1;0;;1;0;;1;0;
144840;0;0;;1;0;;1;0;;1;0;;1;0;;1;0;;1;0;
144850;0;0;;1;0;;1;0;;1;0;;1;0;;1;0;;1;0;
144860;0;0;;1;0;;1;0;;1;0;;1;0;;1;0;;1;0;
144870;0;0;;1;0;;1;0;;1;0;;1;0;;1;0;;1;0;
144880;0;0;;1;0;;1;0;;1;0;;1;0;;1;0;;1;0;
144890;0;0;;1;0;;1;0;;1;0;;1;0;;1;0;;1;0;
144900;0;0;;1;0;;1;0;;1;0;;1;0;;1;0;;1;0;
144910;0;0;;1;0;;1;0;;1;0;;1;0;;1;0;;1;0;
144920;0;0;;1;0;;1;0;;1;0;;1;0;;1;0;;1;0;
144930;0;0;;1;0;;1;0;;1;0;;1;0;;1;0;;1;0;
144940;0;0;;1;0;;1;0;;1;0;;1;0;;1;0;;1;0;
144950;0;0;;1;0;;1;0;;1;0;;1;0;;1;0;;1;0;
144960;0;0;;1;0;;1;0;;1;0;;1;0;;1;0;;1;0;
144970;0;0;;1;0;;1;0;;1;0;;1;0;;1;0;;1;0;
144980;0;0;;1;0;;1;0;;1;0;;1;0;;1;0;;1;0;
144990;0;0;;1;0;;1;0;;1;0;;1;0;;1;0;;1;0;
145000;0;0;;1;0;;1;0;;1;0;;1;0;;1;0;;1;0;
145010;0;0;;1;0;;1;0;;1;0;;1;0;;1;0;;1;0;
145020;0;0;;1;0;;1;0;;1;0;;1;0;;1;0;;1;0;
145030;0;0;;1;0;;1;0;;1;0;;1;0;;1;0;;1;0;
145040;0;0;;1;0;;1;0;;1;0;;1;0;;1;0;;1;0;
145050;0;0;;1;0;;1;0;;1;0;;1;0;;1;0;;1;0;
145060;0;0;;1;0;;1;0;;1;0;;1;0;;1;0;;1;0;
145070;0;0;;1;0;;1;0;;1;0;;1;0;;1;0;;1;0;
145080;0;0;;1;0;;1;0;;1;0;;1;0;;1;0;;1;0;
145090;0;0;;1;0;;1;0;;1;0;;1;0;;1;0;;1;0;
145100;0;0;;1;0;;1;0;;1;0;;1;0;;1;0;;1;0;
145110;0;0;;1;0;;1;0;;1;0;;1;0;;1;0;;1;0;
145120;0;0;;1;0;;1;0;;1;0;;1;0;;1;0;;1;0;
145130;0;0;;1;0;;1;0;;1;0;;1;0;;1;0;;1;0;
145140;0;0;;1;0;;1;0;;1;0;;1;0;;1;0;;1;0;
145150;0;0;;1;0;;1;0;;1;0;;1;0;;1;0;;1;0;
145160;0;0;;1;0;;1;0;;1;0;;1;0;;1;0;;1;0;
145170;0;0;;1;0;;1;0;;1;0;;1;0;;1;0;;1;0;
145180;0;0;;1;0;;1;0;;1;0;;1;0;;1;0;;1;0;
145190;0;0;;1;0;;1;0;;1;0;;1;0;;1;0;;1;0;
145200;0;0;;1;0;;1;0;;1;0;;1;0;;1;0;;1;0;
145210;0;0;;1;0;;1;0;;1;0;;1;0;;1;0;;1;0;
145220;0;0;;1;0;;1;0;;1;0;;1;0;;1;0;;1;0;
145230;0;0;;1;0;;1;0;;1;0;;1;0;;1;0;;1;0;
145240;0;0;;1;0;;1;0;;1;0;;1;0;;1;0;;1;0;
145250;0;0;;1;0;;1;0;;1;0;;1;0;;1;0;;1;0;
145260;0;0;;1;0;;1;0;;1;0;;1;0;;1;0;;1;0;
145270;0;0;;1;0;;1;0;;1;0;;1;0;;1;0;;1;0;
145280;0;0;;1;0;;1;0;;1;0;;1;0;;1;0;;1;0;
145290;0;0;;1;0;;1;0;;1;0;;1;0;;1;0;;1;0;
145300;0;0;;1;0;;1;0;;1;0;;1;0;;1;0;;1;0;
145310;0;0;;1;0;;1;0;;1;0;;1;0;;1;0;;1;0;
145320;0;0;;1;0;;1;0;;1;0;;1;0;;1;0;;1;0;
145330;0;0;;1;0;;1;0;;1;0;;1;0;;1;0;;1;0;
145340;0;0;;1;0;;1;0;;1;0;;1;0;;1;0;;1;0;
145350;0;0;;1;0;;1;0;;1;0;;1;0;;1;0;;1;0;
145360;0;0;;1;0;;1;0;;1;0;;1;0;;1;0;;1;0;
145370;0;0;;1;0;;1;0;;1;0;;1;0;;1;0;;1;0;
145380;0;0;;1;0;;1;0;;1;0;;1;0;;1;0;;1;0;
145390;0;0;;1;0;;1;0;;1;0;;1;0;;1;0;;1;0;
145400;0;0;;1;0;;1;0;;1;0;;1;0;;1;0;;1;0;
145410;0;0;;1;0;;1;0;;1;0;;1;0;;1;0;;1;0;
145420;0;0;;1;0;;1;0;;1;0;;1;0;;1;0;;1;0;
145430;0;0;;1;0;;1;0;;1;0;;1;0;;1;0;;1;0;
145440;0;0;;1;0;;1;0;;1;0;;1;0;;1;0;;1;0;
145450;0;0;;1;0;;1;0;;1;0;;1;0;;1;0;;1;0;
145460;0;0;;1;0;;1;0;;1;0;;1;0;;1;0;;1;0;
145470;0;0;;1;0;;1;0;;1;0;;1;0;;1;0;;1;0;
145480;0;0;;1;0;;1;0;;1;0;;1;0;;1;0;;1;0;
145490;0;0;;1;0;;1;0;;1;0;;1;0;;1;0;;1;0;
145500;0;0;;1;0;;1;0;;1;0;;1;0;;1;0;;1;0;
145510;0;0;;1;0;;1;0;;1;0;;1;0;;1;0;;1;0;
145520;0;0;;1;0;;1;0;;1;0;;1;0;;1;0;;1;0;
145530;0;0;;1;0;;1;0;;1;0;;1;0;;1;0;;1;0;
145540;0;0;;1;0;;1;0;;1;0;;1;0;;1;0;;1;0;
145550;0;0;;1;0;;1;0;;1;0;;1;0;;1;0;;1;0;
145560;0;0;;1;0;;1;0;;1;0;;1;0;;1;0;;1;0;
145570;0;0;;1;0;;1;0;;1;0;;1;0;;1;0;;1;0;
145580;0;0;;1;0;;1;0;;1;0;;1;0;;1;0;;1;0;
145590;0;0;;1;0;;1;0;;1;0;;1;0;;1;0;;1;0;
145600;0;0;;1;0;;1;0;;1;0;;1;0;;1;0;;1;0;
145610;0;0;;1;0;;1;0;;1;0;;1;0;;1;0;;1;0;
145620;0;0;;1;0;;1;0;;1;0;;1;0;;1;0;;1;0;
145630;0;0;;1;0;;1;0;;1;0;;1;0;;1;0;;1;0;
145640;0;0;;1;0;;1;0;;1;0;;1;0;;1;0;;1;0;
145650;0;0;;1;0;;1;0;;1;0;;1;0;;1;0;;1;0;
145660;0;0;;1;0;;1;0;;1;0;;1;0;;1;0;;1;0;
145670;0;0;;1;0;;1;0;;1;0;;1;0;;1;0;;1;0;
145680;0;0;;1;0;;1;0;;1;0;;1;0;;1;0;;1;0;
145690;0;0;;1;0;;1;0;;1;0;;1;0;;1;0;;1;0;
145700;0;0;;1;0;;1;0;;1;0;;1;0;;1;0;;1;0;
145710;0;0;;1;0;;1;0;;1;0;;1;0;;1;0;;1;0;
145720;0;0;;1;0;;1;0;;1;0;;1;0;;1;0;;1;0;
145730;0;0;;1;0;;1;0;;1;0;;1;0;;1;0;;1;0;
145740;0;0;;1;0;;1;0;;1;0;;1;0;;1;0;;1;0;
145750;0;0;;1;0;;1;0;;1;0;;1;0;;1;0;;1;0;
145760;0;0;;1;0;;1;0;;1;0;;1;0;;1;0;;1;0;
145770;0;0;;1;0;;1;0;;1;0;;1;0;;1;0;;1;0;
145780;0;0;;1;0;;1;0;;1;0;;1;0;;1;0;;1;0;
145790;0;0;;1;0;;1;0;;1;0;;1;0;;1;0;;1;0;
145800;0;0;;1;0;;1;0;;1;0;;1;0;;1;0;;1;0;
145810;0;0;;1;0;;1;0;;1;0;;1;0;;1;0;;1;0;
145820;0;0;;1;0;;1;0;;1;0;;1;0;;1;0;;1;0;
145830;0;0;;1;0;;1;0;;1;0;;1;0;;1;0;;1;0;
145840;0;0;;1;0;;1;0;;1;0;;1;0;;1;0;;1;0;
145850;0;0;;1;0;;1;0;;1;0;;1;0;;1;0;;1;0;
145860;0;0;;1;0;;1;0;;1;0;;1;0;;1;0;;1;0;
145870;0;0;;1;0;;1;0;;1;0;;1;0;;1;0;;1;0;
145880;0;0;;1;0;;1;0;;1;0;;1;0;;1;0;;1;0;
145890;0;0;;1;0;;1;0;;1;0;;1;0;;1;0;;1;0;
145900;0;0;;1;0;;1;0;;1;0;;1;0;;1;0;;1;0;
145910;0;0;;1;0;;1;0;;1;0;;1;0;;1;0;;1;0;
145920;0;0;;1;0;;1;0;;1;0;;1;0;;1;0;;1;0;
145930;0;0;;1;0;;1;0;;1;0;;1;0;;1;0;;1;0;
145940;0;0;;1;0;;1;0;;1;0;;1;0;;1;0;;1;0;
145950;0;0;;1;0;;1;0;;1;0;;1;0;;1;0;;1;0;
145960;0;0;;1;0;;1;0;;1;0;;1;0;;1;0;;1;0;
145970;0;0;;1;0;;1;0;;1;0;;1;0;;1;0;;1;0;
145980;0;0;;1;0;;1;0;;1;0;;1;0;;1;0;;1;0;
145990;0;0;;1;0;;1;0;;1;0;;1;0;;1;0;;1;0;
146000;0;0;;1;0;;1;0;;1;0;;1;0;;1;0;;1;0;
146010;0;0;;1;0;;1;0;;1;0;;1;0;;1;0;;1;0;
146020;0;0;;1;0;;1;0;;1;0;;1;0;;1;0;;1;0;
146030;0;0;;1;0;;1;0;;1;0;;1;0;;1;0;;1;0;
146040;0;0;;1;0;;1;0;;1;0;;1;0;;1;0;;1;0;
146050;0;0;;1;0;;1;0;;1;0;;1;0;;1;0;;1;0;
146060;0;0;;1;0;;1;0;;1;0;;1;0;;1;0;;1;0;
146070;0;0;;1;0;;1;0;;1;0;;1;0;;1;0;;1;0;
146080;0;0;;1;0;;1;0;;1;0;;1;0;;1;0;;1;0;
146090;0;0;;1;0;;1;0;;1;0;;1;0;;1;0;;1;0;
146100;0;0;;1;0;;1;0;;1;0;;1;0;;1;0;;1;0;
146110;0;0;;1;0;;1;0;;1;0;;1;0;;1;0;;1;0;
146120;0;0;;1;0;;1;0;;1;0;;1;0;;1;0;;1;0;
146130;0;0;;1;0;;1;0;;1;0;;1;0;;1;0;;1;0;
146140;0;0;;1;0;;1;0;;1;0;;1;0;;1;0;;1;0;
146150;0;0;;1;0;;1;0;;1;0;;1;0;;1;0;;1;0;
146160;0;0;;1;0;;1;0;;1;0;;1;0;;1;0;;1;0;
146170;0;0;;1;0;;1;0;;1;0;;1;0;;1;0;;1;0;
146180;0;0;;1;0;;1;0;;1;0;;1;0;;1;0;;1;0;
146190;0;0;;1;0;;1;0;;1;0;;1;0;;1;0;;1;0;
146200;0;0;;1;0;;1;0;;1;0;;1;0;;1;0;;1;0;
146210;0;0;;1;0;;1;0;;1;0;;1;0;;1;0;;1;0;
146220;0;0;;1;0;;1;0;;1;0;;1;0;;1;0;;1;0;
146230;0;0;;1;0;;1;0;;1;0;;1;0;;1;0;;1;0;
146240;0;0;;1;0;;1;0;;1;0;;1;0;;1;0;;1;0;
146250;0;0;;1;0;;1;0;;1;0;;1;0;;1;0;;1;0;
146260;0;0;;1;0;;1;0;;1;0;;1;0;;1;0;;1;0;
146270;0;0;;1;0;;1;0;;1;0;;1;0;;1;0;;1;0;
146280;0;0;;1;0;;1;0;;1;0;;1;0;;1;0;;1;0;
146290;0;0;;1;0;;1;0;;1;0;;1;0;;1;0;;1;0;
146300;0;0;;1;0;;1;0;;1;0;;1;0;;1;0;;1;0;
146310;0;0;;1;0;;1;0;;1;0;;1;0;;1;0;;1;0;
146320;0;0;;1;0;;1;0;;1;0;;1;0;;1;0;;1;0;
146330;0;0;;1;0;;1;0;;1;0;;1;0;;1;0;;1;0;
146340;0;0;;1;0;;1;0;;1;0;;1;0;;1;0;;1;0;
146350;0;0;;1;0;;1;0;;1;0;;1;0;;1;0;;1;0;
146360;0;0;;1;0;;1;0;;1;0;;1;0;;1;0;;1;0;
146370;0;0;;1;0;;1;0;;1;0;;1;0;;1;0;;1;0;
146380;0;0;;1;0;;1;0;;1;0;;1;0;;1;0;;1;0;
146390;0;0;;1;0;;1;0;;1;0;;1;0;;1;0;;1;0;
146400;0;0;;1;0;;1;0;;1;0;;1;0;;1;0;;1;0;
146410;0;0;;1;0;;1;0;;1;0;;1;0;;1;0;;1;0;
146420;0;0;;1;0;;1;0;;1;0;;1;0;;1;0;;1;0;
146430;0;0;;1;0;;1;0;;1;0;;1;0;;1;0;;1;0;
146440;0;0;;1;0;;1;0;;1;0;;1;0;;1;0;;1;0;
146450;0;0;;1;0;;1;0;;1;0;;1;0;;1;0;;1;0;
146460;0;0;;1;0;;1;0;;1;0;;1;0;;1;0;;1;0;
146470;0;0;;1;0;;1;0;;1;0;;1;0;;1;0;;1;0;
146480;0;0;;1;0;;1;0;;1;0;;1;0;;1;0;;1;0;
146490;0;0;;1;0;;1;0;;1;0;;1;0;;1;0;;1;0;
146500;0;0;;1;0;;1;0;;1;0;;1;0;;1;0;;1;0;
146510;0;0;;1;0;;1;0;;1;0;;1;0;;1;0;;1;0;
146520;0;0;;1;0;;1;0;;1;0;;1;0;;1;0;;1;0;
146530;0;0;;1;0;;1;0;;1;0;;1;0;;1;0;;1;0;
146540;0;0;;1;0;;1;0;;1;0;;1;0;;1;0;;1;0;
146550;0;0;;1;0;;1;0;;1;0;;1;0;;1;0;;1;0;
146560;0;0;;1;0;;1;0;;1;0;;1;0;;1;0;;1;0;
146570;0;0;;1;0;;1;0;;1;0;;1;0;;1;0;;1;0;
146580;0;0;;1;0;;1;0;;1;0;;1;0;;1;0;;1;0;
146590;0;0;;1;0;;1;0;;1;0;;1;0;;1;0;;1;0;
146600;0;0;;1;0;;1;0;;1;0;;1;0;;1;0;;1;0;
146610;0;0;;1;0;;1;0;;1;0;;1;0;;1;0;;1;0;
146620;0;0;;1;0;;1;0;;1;0;;1;0;;1;0;;1;0;
146630;0;0;;1;0;;1;0;;1;0;;1;0;;1;0;;1;0;
146640;0;0;;1;0;;1;0;;1;0;;1;0;;1;0;;1;0;
146650;0;0;;1;0;;1;0;;1;0;;1;0;;1;0;;1;0;
146660;0;0;;1;0;;1;0;;1;0;;1;0;;1;0;;1;0;
146670;0;0;;1;0;;1;0;;1;0;;1;0;;1;0;;1;0;
146680;0;0;;1;0;;1;0;;1;0;;1;0;;1;0;;1;0;
146690;0;0;;1;0;;1;0;;1;0;;1;0;;1;0;;1;0;
146700;0;0;;1;0;;1;0;;1;0;;1;0;;1;0;;1;0;
146710;0;0;;1;0;;1;0;;1;0;;1;0;;1;0;;1;0;
146720;0;0;;1;0;;1;0;;1;0;;1;0;;1;0;;1;0;
146730;0;0;;1;0;;1;0;;1;0;;1;0;;1;0;;1;0;
146740;0;0;;1;0;;1;0;;1;0;;1;0;;1;0;;1;0;
146750;0;0;;1;0;;1;0;;1;0;;1;0;;1;0;;1;0;
146760;0;0;;1;0;;1;0;;1;0;;1;0;;1;0;;1;0;
146770;0;0;;1;0;;1;0;;1;0;;1;0;;1;0;;1;0;
146780;0;0;;1;0;;1;0;;1;0;;1;0;;1;0;;1;0;
146790;0;0;;1;0;;1;0;;1;0;;1;0;;1;0;;1;0;
146800;0;0;;1;0;;1;0;;1;0;;1;0;;1;0;;1;0;
146810;0;0;;1;0;;1;0;;1;0;;1;0;;1;0;;1;0;
146820;0;0;;1;0;;1;0;;1;0;;1;0;;1;0;;1;0;
146830;0;0;;1;0;;1;0;;1;0;;1;0;;1;0;;1;0;
146840;0;0;;1;0;;1;0;;1;0;;1;0;;1;0;;1;0;
146850;0;0;;1;0;;1;0;;1;0;;1;0;;1;0;;1;0;
146860;0;0;;1;0;;1;0;;1;0;;1;0;;1;0;;1;0;
146870;0;0;;1;0;;1;0;;1;0;;1;0;;1;0;;1;0;
146880;0;0;;1;0;;1;0;;1;0;;1;0;;1;0;;1;0;
146890;0;0;;1;0;;1;0;;1;0;;1;0;;1;0;;1;0;
146900;0;0;;1;0;;1;0;;1;0;;1;0;;1;0;;1;0;
146910;0;0;;1;0;;1;0;;1;0;;1;0;;1;0;;1;0;
146920;0;0;;1;0;;1;0;;1;0;;1;0;;1;0;;1;0;
146930;0;0;;1;0;;1;0;;1;0;;1;0;;1;0;;1;0;
146940;0;0;;1;0;;1;0;;1;0;;1;0;;1;0;;1;0;
146950;0;0;;1;0;;1;0;;1;0;;1;0;;1;0;;1;0;
146960;0;0;;1;0;;1;0;;1;0;;1;0;;1;0;;1;0;
146970;0;0;;1;0;;1;0;;1;0;;1;0;;1;0;;1;0;
146980;0;0;;1;0;;1;0;;1;0;;1;0;;1;0;;1;0;
146990;0;0;;1;0;;1;0;;1;0;;1;0;;1;0;;1;0;
147000;0;0;;1;0;;1;0;;1;0;;1;0;;1;0;;1;0;
147010;0;0;;1;0;;1;0;;1;0;;1;0;;1;0;;1;0;
147020;0;0;;1;0;;1;0;;1;0;;1;0;;1;0;;1;0;
147030;0;0;;1;0;;1;0;;1;0;;1;0;;1;0;;1;0;
147040;0;0;;1;0;;1;0;;1;0;;1;0;;1;0;;1;0;
147050;0;0;;1;0;;1;0;;1;0;;1;0;;1;0;;1;0;
147060;0;0;;1;0;;1;0;;1;0;;1;0;;1;0;;1;0;
147070;0;0;;1;0;;1;0;;1;0;;1;0;;1;0;;1;0;
147080;0;0;;1;0;;1;0;;1;0;;1;0;;1;0;;1;0;
147090;0;0;;1;0;;1;0;;1;0;;1;0;;1;0;;1;0;
147100;0;0;;1;0;;1;0;;1;0;;1;0;;1;0;;1;0;
147110;0;0;;1;0;;1;0;;1;0;;1;0;;1;0;;1;0;
147120;0;0;;1;0;;1;0;;1;0;;1;0;;1;0;;1;0;
147130;0;0;;1;0;;1;0;;1;0;;1;0;;1;0;;1;0;
147140;0;0;;1;0;;1;0;;1;0;;1;0;;1;0;;1;0;
147150;0;0;;1;0;;1;0;;1;0;;1;0;;1;0;;1;0;
147160;0;0;;1;0;;1;0;;1;0;;1;0;;1;0;;1;0;
147170;0;0;;1;0;;1;0;;1;0;;1;0;;1;0;;1;0;
147180;0;0;;1;0;;1;0;;1;0;;1;0;;1;0;;1;0;
147190;0;0;;1;0;;1;0;;1;0;;1;0;;1;0;;1;0;
147200;0;0;;1;0;;1;0;;1;0;;1;0;;1;0;;1;0;
147210;0;0;;1;0;;1;0;;1;0;;1;0;;1;0;;1;0;
147220;0;0;;1;0;;1;0;;1;0;;1;0;;1;0;;1;0;
147230;0;0;;1;0;;1;0;;1;0;;1;0;;1;0;;1;0;
147240;0;0;;1;0;;1;0;;1;0;;1;0;;1;0;;1;0;
147250;0;0;;1;0;;1;0;;1;0;;1;0;;1;0;;1;0;
147260;0;0;;1;0;;1;0;;1;0;;1;0;;1;0;;1;0;
147270;0;0;;1;0;;1;0;;1;0;;1;0;;1;0;;1;0;
147280;0;0;;1;0;;1;0;;1;0;;1;0;;1;0;;1;0;
147290;0;0;;1;0;;1;0;;1;0;;1;0;;1;0;;1;0;
147300;0;0;;1;0;;1;0;;1;0;;1;0;;1;0;;1;0;
147310;0;0;;1;0;;1;0;;1;0;;1;0;;1;0;;1;0;
147320;0;0;;1;0;;1;0;;1;0;;1;0;;1;0;;1;0;
147330;0;0;;1;0;;1;0;;1;0;;1;0;;1;0;;1;0;
147340;0;0;;1;0;;1;0;;1;0;;1;0;;1;0;;1;0;
147350;0;0;;1;0;;1;0;;1;0;;1;0;;1;0;;1;0;
147360;0;0;;1;0;;1;0;;1;0;;1;0;;1;0;;1;0;
147370;0;0;;1;0;;1;0;;1;0;;1;0;;1;0;;1;0;
147380;0;0;;1;0;;1;0;;1;0;;1;0;;1;0;;1;0;
147390;0;0;;1;0;;1;0;;1;0;;1;0;;1;0;;1;0;
147400;0;0;;1;0;;1;0;;1;0;;1;0;;1;0;;1;0;
147410;0;0;;1;0;;1;0;;1;0;;1;0;;1;0;;1;0;
147420;0;0;;1;0;;1;0;;1;0;;1;0;;1;0;;1;0;
147430;0;0;;1;0;;1;0;;1;0;;1;0;;1;0;;1;0;
147440;0;0;;1;0;;1;0;;1;0;;1;0;;1;0;;1;0;
147450;0;0;;1;0;;1;0;;1;0;;1;0;;1;0;;1;0;
147460;0;0;;1;0;;1;0;;1;0;;1;0;;1;0;;1;0;
147470;0;0;;1;0;;1;0;;1;0;;1;0;;1;0;;1;0;
147480;0;0;;1;0;;1;0;;1;0;;1;0;;1;0;;1;0;
147490;0;0;;1;0;;1;0;;1;0;;1;0;;1;0;;1;0;
147500;0;0;;1;0;;1;0;;1;0;;1;0;;1;0;;1;0;
147510;0;0;;1;0;;1;0;;1;0;;1;0;;1;0;;1;0;
147520;0;0;;1;0;;1;0;;1;0;;1;0;;1;0;;1;0;
147530;0;0;;1;0;;1;0;;1;0;;1;0;;1;0;;1;0;
147540;0;0;;1;0;;1;0;;1;0;;1;0;;1;0;;1;0;
147550;0;0;;1;0;;1;0;;1;0;;1;0;;1;0;;1;0;
147560;0;0;;1;0;;1;0;;1;0;;1;0;;1;0;;1;0;
147570;0;0;;1;0;;1;0;;1;0;;1;0;;1;0;;1;0;
147580;0;0;;1;0;;1;0;;1;0;;1;0;;1;0;;1;0;
147590;0;0;;1;0;;1;0;;1;0;;1;0;;1;0;;1;0;
147600;0;0;;1;0;;1;0;;1;0;;1;0;;1;0;;1;0;
147610;0;0;;1;0;;1;0;;1;0;;1;0;;1;0;;1;0;
147620;0;0;;1;0;;1;0;;1;0;;1;0;;1;0;;1;0;
147630;0;0;;1;0;;1;0;;1;0;;1;0;;1;0;;1;0;
147640;0;0;;1;0;;1;0;;1;0;;1;0;;1;0;;1;0;
147650;0;0;;1;0;;1;0;;1;0;;1;0;;1;0;;1;0;
147660;0;0;;1;0;;1;0;;1;0;;1;0;;1;0;;1;0;
147670;0;0;;1;0;;1;0;;1;0;;1;0;;1;0;;1;0;
147680;0;0;;1;0;;1;0;;1;0;;1;0;;1;0;;1;0;
147690;0;0;;1;0;;1;0;;1;0;;1;0;;1;0;;1;0;
147700;0;0;;1;0;;1;0;;1;0;;1;0;;1;0;;1;0;
147710;0;0;;1;0;;1;0;;1;0;;1;0;;1;0;;1;0;
147720;0;0;;1;0;;1;0;;1;0;;1;0;;1;0;;1;0;
147730;0;0;;1;0;;1;0;;1;0;;1;0;;1;0;;1;0;
147740;0;0;;1;0;;1;0;;1;0;;1;0;;1;0;;1;0;
147750;0;0;;1;0;;1;0;;1;0;;1;0;;1;0;;1;0;
147760;0;0;;1;0;;1;0;;1;0;;1;0;;1;0;;1;0;
147770;0;0;;1;0;;1;0;;1;0;;1;0;;1;0;;1;0;
147780;0;0;;1;0;;1;0;;1;0;;1;0;;1;0;;1;0;
147790;0;0;;1;0;;1;0;;1;0;;1;0;;1;0;;1;0;
147800;0;0;;1;0;;1;0;;1;0;;1;0;;1;0;;1;0;
147810;0;0;;1;0;;1;0;;1;0;;1;0;;1;0;;1;0;
147820;0;0;;1;0;;1;0;;1;0;;1;0;;1;0;;1;0;
147830;0;0;;1;0;;1;0;;1;0;;1;0;;1;0;;1;0;
147840;0;0;;1;0;;1;0;;1;0;;1;0;;1;0;;1;0;
147850;0;0;;1;0;;1;0;;1;0;;1;0;;1;0;;1;0;
147860;0;0;;1;0;;1;0;;1;0;;1;0;;1;0;;1;0;
147870;0;0;;1;0;;1;0;;1;0;;1;0;;1;0;;1;0;
147880;0;0;;1;0;;1;0;;1;0;;1;0;;1;0;;1;0;
147890;0;0;;1;0;;1;0;;1;0;;1;0;;1;0;;1;0;
147900;0;0;;1;0;;1;0;;1;0;;1;0;;1;0;;1;0;
147910;0;0;;1;0;;1;0;;1;0;;1;0;;1;0;;1;0;
147920;0;0;;1;0;;1;0;;1;0;;1;0;;1;0;;1;0;
147930;0;0;;1;0;;1;0;;1;0;;1;0;;1;0;;1;0;
147940;0;0;;1;0;;1;0;;1;0;;1;0;;1;0;;1;0;
147950;0;0;;1;0;;1;0;;1;0;;1;0;;1;0;;1;0;
147960;0;0;;1;0;;1;0;;1;0;;1;0;;1;0;;1;0;
147970;0;0;;1;0;;1;0;;1;0;;1;0;;1;0;;1;0;
147980;0;0;;1;0;;1;0;;1;0;;1;0;;1;0;;1;0;
147990;0;0;;1;0;;1;0;;1;0;;1;0;;1;0;;1;0;
148000;0;0;;1;0;;1;0;;1;0;;1;0;;1;0;;1;0;
148010;0;0;;1;0;;1;0;;1;0;;1;0;;1;0;;1;0;
148020;0;0;;1;0;;1;0;;1;0;;1;0;;1;0;;1;0;
148030;0;0;;1;0;;1;0;;1;0;;1;0;;1;0;;1;0;
148040;0;0;;1;0;;1;0;;1;0;;1;0;;1;0;;1;0;
148050;0;0;;1;0;;1;0;;1;0;;1;0;;1;0;;1;0;
148060;0;0;;1;0;;1;0;;1;0;;1;0;;1;0;;1;0;
148070;0;0;;1;0;;1;0;;1;0;;1;0;;1;0;;1;0;
148080;0;0;;1;0;;1;0;;1;0;;1;0;;1;0;;1;0;
148090;0;0;;1;0;;1;0;;1;0;;1;0;;1;0;;1;0;
148100;0;0;;1;0;;1;0;;1;0;;1;0;;1;0;;1;0;
148110;0;0;;1;0;;1;0;;1;0;;1;0;;1;0;;1;0;
148120;0;0;;1;0;;1;0;;1;0;;1;0;;1;0;;1;0;
148130;0;0;;1;0;;1;0;;1;0;;1;0;;1;0;;1;0;
148140;0;0;;1;0;;1;0;;1;0;;1;0;;1;0;;1;0;
148150;0;0;;1;0;;1;0;;1;0;;1;0;;1;0;;1;0;
148160;0;0;;1;0;;1;0;;1;0;;1;0;;1;0;;1;0;
148170;0;0;;1;0;;1;0;;1;0;;1;0;;1;0;;1;0;
148180;0;0;;1;0;;1;0;;1;0;;1;0;;1;0;;1;0;
148190;0;0;;1;0;;1;0;;1;0;;1;0;;1;0;;1;0;
148200;0;0;;1;0;;1;0;;1;0;;1;0;;1;0;;1;0;
148210;0;0;;1;0;;1;0;;1;0;;1;0;;1;0;;1;0;
148220;0;0;;1;0;;1;0;;1;0;;1;0;;1;0;;1;0;
148230;0;0;;1;0;;1;0;;1;0;;1;0;;1;0;;1;0;
148240;0;0;;1;0;;1;0;;1;0;;1;0;;1;0;;1;0;
148250;0;0;;1;0;;1;0;;1;0;;1;0;;1;0;;1;0;
148260;0;0;;1;0;;1;0;;1;0;;1;0;;1;0;;1;0;
148270;0;0;;1;0;;1;0;;1;0;;1;0;;1;0;;1;0;
148280;0;0;;1;0;;1;0;;1;0;;1;0;;1;0;;1;0;
148290;0;0;;1;0;;1;0;;1;0;;1;0;;1;0;;1;0;
148300;0;0;;1;0;;1;0;;1;0;;1;0;;1;0;;1;0;
148310;0;0;;1;0;;1;0;;1;0;;1;0;;1;0;;1;0;
148320;0;0;;1;0;;1;0;;1;0;;1;0;;1;0;;1;0;
148330;0;0;;1;0;;1;0;;1;0;;1;0;;1;0;;1;0;
148340;0;0;;1;0;;1;0;;1;0;;1;0;;1;0;;1;0;
148350;0;0;;1;0;;1;0;;1;0;;1;0;;1;0;;1;0;
148360;0;0;;1;0;;1;0;;1;0;;1;0;;1;0;;1;0;
148370;0;0;;1;0;;1;0;;1;0;;1;0;;1;0;;1;0;
148380;0;0;;1;0;;1;0;;1;0;;1;0;;1;0;;1;0;
148390;0;0;;1;0;;1;0;;1;0;;1;0;;1;0;;1;0;
148400;0;0;;1;0;;1;0;;1;0;;1;0;;1;0;;1;0;
148410;0;0;;1;0;;1;0;;1;0;;1;0;;1;0;;1;0;
148420;0;0;;1;0;;1;0;;1;0;;1;0;;1;0;;1;0;
148430;0;0;;1;0;;1;0;;1;0;;1;0;;1;0;;1;0;
148440;0;0;;1;0;;1;0;;1;0;;1;0;;1;0;;1;0;
148450;0;0;;1;0;;1;0;;1;0;;1;0;;1;0;;1;0;
148460;0;0;;1;0;;1;0;;1;0;;1;0;;1;0;;1;0;
148470;0;0;;1;0;;1;0;;1;0;;1;0;;1;0;;1;0;
148480;0;0;;1;0;;1;0;;1;0;;1;0;;1;0;;1;0;
148490;0;0;;1;0;;1;0;;1;0;;1;0;;1;0;;1;0;
148500;0;0;;1;0;;1;0;;1;0;;1;0;;1;0;;1;0;
148510;0;0;;1;0;;1;0;;1;0;;1;0;;1;0;;1;0;
148520;0;0;;1;0;;1;0;;1;0;;1;0;;1;0;;1;0;
148530;0;0;;1;0;;1;0;;1;0;;1;0;;1;0;;1;0;
148540;0;0;;1;0;;1;0;;1;0;;1;0;;1;0;;1;0;
148550;0;0;;1;0;;1;0;;1;0;;1;0;;1;0;;1;0;
148560;0;0;;1;0;;1;0;;1;0;;1;0;;1;0;;1;0;
148570;0;0;;1;0;;1;0;;1;0;;1;0;;1;0;;1;0;
148580;0;0;;1;0;;1;0;;1;0;;1;0;;1;0;;1;0;
148590;0;0;;1;0;;1;0;;1;0;;1;0;;1;0;;1;0;
148600;0;0;;1;0;;1;0;;1;0;;1;0;;1;0;;1;0;
148610;0;0;;1;0;;1;0;;1;0;;1;0;;1;0;;1;0;
148620;0;0;;1;0;;1;0;;1;0;;1;0;;1;0;;1;0;
148630;0;0;;1;0;;1;0;;1;0;;1;0;;1;0;;1;0;
148640;0;0;;1;0;;1;0;;1;0;;1;0;;1;0;;1;0;
148650;0;0;;1;0;;1;0;;1;0;;1;0;;1;0;;1;0;
148660;0;0;;1;0;;1;0;;1;0;;1;0;;1;0;;1;0;
148670;0;0;;1;0;;1;0;;1;0;;1;0;;1;0;;1;0;
148680;0;0;;1;0;;1;0;;1;0;;1;0;;1;0;;1;0;
148690;0;0;;1;0;;1;0;;1;0;;1;0;;1;0;;1;0;
148700;0;0;;1;0;;1;0;;1;0;;1;0;;1;0;;1;0;
148710;0;0;;1;0;;1;0;;1;0;;1;0;;1;0;;1;0;
148720;0;0;;1;0;;1;0;;1;0;;1;0;;1;0;;1;0;
148730;0;0;;1;0;;1;0;;1;0;;1;0;;1;0;;1;0;
148740;0;0;;1;0;;1;0;;1;0;;1;0;;1;0;;1;0;
148750;0;0;;1;0;;1;0;;1;0;;1;0;;1;0;;1;0;
148760;0;0;;1;0;;1;0;;1;0;;1;0;;1;0;;1;0;
148770;0;0;;1;0;;1;0;;1;0;;1;0;;1;0;;1;0;
148780;0;0;;1;0;;1;0;;1;0;;1;0;;1;0;;1;0;
148790;0;0;;1;0;;1;0;;1;0;;1;0;;1;0;;1;0;
148800;0;0;;1;0;;1;0;;1;0;;1;0;;1;0;;1;0;
148810;0;0;;1;0;;1;0;;1;0;;1;0;;1;0;;1;0;
148820;0;0;;1;0;;1;0;;1;0;;1;0;;1;0;;1;0;
148830;0;0;;1;0;;1;0;;1;0;;1;0;;1;0;;1;0;
148840;0;0;;1;0;;1;0;;1;0;;1;0;;1;0;;1;0;
148850;0;0;;1;0;;1;0;;1;0;;1;0;;1;0;;1;0;
148860;0;0;;1;0;;1;0;;1;0;;1;0;;1;0;;1;0;
148870;0;0;;1;0;;1;0;;1;0;;1;0;;1;0;;1;0;
148880;0;0;;1;0;;1;0;;1;0;;1;0;;1;0;;1;0;
148890;0;0;;1;0;;1;0;;1;0;;1;0;;1;0;;1;0;
148900;0;0;;1;0;;1;0;;1;0;;1;0;;1;0;;1;0;
148910;0;0;;1;0;;1;0;;1;0;;1;0;;1;0;;1;0;
148920;0;0;;1;0;;1;0;;1;0;;1;0;;1;0;;1;0;
148930;0;0;;1;0;;1;0;;1;0;;1;0;;1;0;;1;0;
148940;0;0;;1;0;;1;0;;1;0;;1;0;;1;0;;1;0;
148950;0;0;;1;0;;1;0;;1;0;;1;0;;1;0;;1;0;
148960;0;0;;1;0;;1;0;;1;0;;1;0;;1;0;;1;0;
148970;0;0;;1;0;;1;0;;1;0;;1;0;;1;0;;1;0;
148980;0;0;;1;0;;1;0;;1;0;;1;0;;1;0;;1;0;
148990;0;0;;1;0;;1;0;;1;0;;1;0;;1;0;;1;0;
149000;0;0;;1;0;;1;0;;1;0;;1;0;;1;0;;1;0;
149010;0;0;;1;0;;1;0;;1;0;;1;0;;1;0;;1;0;
149020;0;0;;1;0;;1;0;;1;0;;1;0;;1;0;;1;0;
149030;0;0;;1;0;;1;0;;1;0;;1;0;;1;0;;1;0;
149040;0;0;;1;0;;1;0;;1;0;;1;0;;1;0;;1;0;
149050;0;0;;1;0;;1;0;;1;0;;1;0;;1;0;;1;0;
149060;0;0;;1;0;;1;0;;1;0;;1;0;;1;0;;1;0;
149070;0;0;;1;0;;1;0;;1;0;;1;0;;1;0;;1;0;
149080;0;0;;1;0;;1;0;;1;0;;1;0;;1;0;;1;0;
149090;0;0;;1;0;;1;0;;1;0;;1;0;;1;0;;1;0;
149100;0;0;;1;0;;1;0;;1;0;;1;0;;1;0;;1;0;
149110;0;0;;1;0;;1;0;;1;0;;1;0;;1;0;;1;0;
149120;0;0;;1;0;;1;0;;1;0;;1;0;;1;0;;1;0;
149130;0;0;;1;0;;1;0;;1;0;;1;0;;1;0;;1;0;
149140;0;0;;1;0;;1;0;;1;0;;1;0;;1;0;;1;0;
149150;0;0;;1;0;;1;0;;1;0;;1;0;;1;0;;1;0;
149160;0;0;;1;0;;1;0;;1;0;;1;0;;1;0;;1;0;
149170;0;0;;1;0;;1;0;;1;0;;1;0;;1;0;;1;0;
149180;0;0;;1;0;;1;0;;1;0;;1;0;;1;0;;1;0;
149190;0;0;;1;0;;1;0;;1;0;;1;0;;1;0;;1;0;
149200;0;0;;1;0;;1;0;;1;0;;1;0;;1;0;;1;0;
149210;0;0;;1;0;;1;0;;1;0;;1;0;;1;0;;1;0;
149220;0;0;;1;0;;1;0;;1;0;;1;0;;1;0;;1;0;
149230;0;0;;1;0;;1;0;;1;0;;1;0;;1;0;;1;0;
149240;0;0;;1;0;;1;0;;1;0;;1;0;;1;0;;1;0;
149250;0;0;;1;0;;1;0;;1;0;;1;0;;1;0;;1;0;
149260;0;0;;1;0;;1;0;;1;0;;1;0;;1;0;;1;0;
149270;0;0;;1;0;;1;0;;1;0;;1;0;;1;0;;1;0;
149280;0;0;;1;0;;1;0;;1;0;;1;0;;1;0;;1;0;
149290;0;0;;1;0;;1;0;;1;0;;1;0;;1;0;;1;0;
149300;0;0;;1;0;;1;0;;1;0;;1;0;;1;0;;1;0;
149310;0;0;;1;0;;1;0;;1;0;;1;0;;1;0;;1;0;
149320;0;0;;1;0;;1;0;;1;0;;1;0;;1;0;;1;0;
149330;0;0;;1;0;;1;0;;1;0;;1;0;;1;0;;1;0;
149340;0;0;;1;0;;1;0;;1;0;;1;0;;1;0;;1;0;
149350;0;0;;1;0;;1;0;;1;0;;1;0;;1;0;;1;0;
149360;0;0;;1;0;;1;0;;1;0;;1;0;;1;0;;1;0;
149370;0;0;;1;0;;1;0;;1;0;;1;0;;1;0;;1;0;
149380;0;0;;1;0;;1;0;;1;0;;1;0;;1;0;;1;0;
149390;0;0;;1;0;;1;0;;1;0;;1;0;;1;0;;1;0;
149400;0;0;;1;0;;1;0;;1;0;;1;0;;1;0;;1;0;
149410;0;0;;1;0;;1;0;;1;0;;1;0;;1;0;;1;0;
149420;0;0;;1;0;;1;0;;1;0;;1;0;;1;0;;1;0;
149430;0;0;;1;0;;1;0;;1;0;;1;0;;1;0;;1;0;
149440;0;0;;1;0;;1;0;;1;0;;1;0;;1;0;;1;0;
149450;0;0;;1;0;;1;0;;1;0;;1;0;;1;0;;1;0;
149460;0;0;;1;0;;1;0;;1;0;;1;0;;1;0;;1;0;
149470;0;0;;1;0;;1;0;;1;0;;1;0;;1;0;;1;0;
149480;0;0;;1;0;;1;0;;1;0;;1;0;;1;0;;1;0;
149490;0;0;;1;0;;1;0;;1;0;;1;0;;1;0;;1;0;
149500;0;0;;1;0;;1;0;;1;0;;1;0;;1;0;;1;0;
149510;0;0;;1;0;;1;0;;1;0;;1;0;;1;0;;1;0;
149520;0;0;;1;0;;1;0;;1;0;;1;0;;1;0;;1;0;
149530;0;0;;1;0;;1;0;;1;0;;1;0;;1;0;;1;0;
149540;0;0;;1;0;;1;0;;1;0;;1;0;;1;0;;1;0;
149550;0;0;;1;0;;1;0;;1;0;;1;0;;1;0;;1;0;
149560;0;0;;1;0;;1;0;;1;0;;1;0;;1;0;;1;0;
149570;0;0;;1;0;;1;0;;1;0;;1;0;;1;0;;1;0;
149580;0;0;;1;0;;1;0;;1;0;;1;0;;1;0;;1;0;
149590;0;0;;1;0;;1;0;;1;0;;1;0;;1;0;;1;0;
149600;0;0;;1;0;;1;0;;1;0;;1;0;;1;0;;1;0;
149610;0;0;;1;0;;1;0;;1;0;;1;0;;1;0;;1;0;
149620;0;0;;1;0;;1;0;;1;0;;1;0;;1;0;;1;0;
149630;0;0;;1;0;;1;0;;1;0;;1;0;;1;0;;1;0;
149640;0;0;;1;0;;1;0;;1;0;;1;0;;1;0;;1;0;
149650;0;0;;1;0;;1;0;;1;0;;1;0;;1;0;;1;0;
149660;0;0;;1;0;;1;0;;1;0;;1;0;;1;0;;1;0;
149670;0;0;;1;0;;1;0;;1;0;;1;0;;1;0;;1;0;
149680;0;0;;1;0;;1;0;;1;0;;1;0;;1;0;;1;0;
149690;0;0;;1;0;;1;0;;1;0;;1;0;;1;0;;1;0;
149700;0;0;;1;0;;1;0;;1;0;;1;0;;1;0;;1;0;
149710;0;0;;1;0;;1;0;;1;0;;1;0;;1;0;;1;0;
149720;0;0;;1;0;;1;0;;1;0;;1;0;;1;0;;1;0;
149730;0;0;;1;0;;1;0;;1;0;;1;0;;1;0;;1;0;
149740;0;0;;1;0;;1;0;;1;0;;1;0;;1;0;;1;0;
149750;0;0;;1;0;;1;0;;1;0;;1;0;;1;0;;1;0;
149760;0;0;;1;0;;1;0;;1;0;;1;0;;1;0;;1;0;
149770;0;0;;1;0;;1;0;;1;0;;1;0;;1;0;;1;0;
149780;0;0;;1;0;;1;0;;1;0;;1;0;;1;0;;1;0;
149790;0;0;;1;0;;1;0;;1;0;;1;0;;1;0;;1;0;
149800;0;0;;1;0;;1;0;;1;0;;1;0;;1;0;;1;0;
149810;0;0;;1;0;;1;0;;1;0;;1;0;;1;0;;1;0;
149820;0;0;;1;0;;1;0;;1;0;;1;0;;1;0;;1;0;
149830;0;0;;1;0;;1;0;;1;0;;1;0;;1;0;;1;0;
149840;0;0;;1;0;;1;0;;1;0;;1;0;;1;0;;1;0;
149850;0;0;;1;0;;1;0;;1;0;;1;0;;1;0;;1;0;
149860;0;0;;1;0;;1;0;;1;0;;1;0;;1;0;;1;0;
149870;0;0;;1;0;;1;0;;1;0;;1;0;;1;0;;1;0;
149880;0;0;;1;0;;1;0;;1;0;;1;0;;1;0;;1;0;
149890;0;0;;1;0;;1;0;;1;0;;1;0;;1;0;;1;0;
149900;0;0;;1;0;;1;0;;1;0;;1;0;;1;0;;1;0;
149910;0;0;;1;0;;1;0;;1;0;;1;0;;1;0;;1;0;
149920;0;0;;1;0;;1;0;;1;0;;1;0;;1;0;;1;0;
149930;0;0;;1;0;;1;0;;1;0;;1;0;;1;0;;1;0;
149940;0;0;;1;0;;1;0;;1;0;;1;0;;1;0;;1;0;
149950;0;0;;1;0;;1;0;;1;0;;1;0;;1;0;;1;0;
149960;0;0;;1;0;;1;0;;1;0;;1;0;;1;0;;1;0;
149970;0;0;;1;0;;1;0;;1;0;;1;0;;1;0;;1;0;
149980;0;0;;1;0;;1;0;;1;0;;1;0;;1;0;;1;0;
149990;0;0;;1;0;;1;0;;1;0;;1;0;;1;0;;1;0;
150000;0;0;;1;0;;1;0;;1;0;;1;0;;1;0;;1;0;
150010;0;0;;1;0;;1;0;;1;0;;1;0;;1;0;;1;0;
150020;0;0;;1;0;;1;0;;1;0;;1;0;;1;0;;1;0;
150030;0;0;;1;0;;1;0;;1;0;;1;0;;1;0;;1;0;
150040;0;0;;1;0;;1;0;;1;0;;1;0;;1;0;;1;0;
150050;0;0;;1;0;;1;0;;1;0;;1;0;;1;0;;1;0;
150060;0;0;;1;0;;1;0;;1;0;;1;0;;1;0;;1;0;
150070;0;0;;1;0;;1;0;;1;0;;1;0;;1;0;;1;0;
150080;0;0;;1;0;;1;0;;1;0;;1;0;;1;0;;1;0;
150090;0;0;;1;0;;1;0;;1;0;;1;0;;1;0;;1;0;
150100;0;0;;1;0;;1;0;;1;0;;1;0;;1;0;;1;0;
150110;0;0;;1;0;;1;0;;1;0;;1;0;;1;0;;1;0;
150120;0;0;;1;0;;1;0;;1;0;;1;0;;1;0;;1;0;
150130;0;0;;1;0;;1;0;;1;0;;1;0;;1;0;;1;0;
150140;0;0;;1;0;;1;0;;1;0;;1;0;;1;0;;1;0;
150150;0;0;;1;0;;1;0;;1;0;;1;0;;1;0;;1;0;
150160;0;0;;1;0;;1;0;;1;0;;1;0;;1;0;;1;0;
150170;0;0;;1;0;;1;0;;1;0;;1;0;;1;0;;1;0;
150180;0;0;;1;0;;1;0;;1;0;;1;0;;1;0;;1;0;
150190;0;0;;1;0;;1;0;;1;0;;1;0;;1;0;;1;0;
150200;0;0;;1;0;;1;0;;1;0;;1;0;;1;0;;1;0;
150210;0;0;;1;0;;1;0;;1;0;;1;0;;1;0;;1;0;
150220;0;0;;1;0;;1;0;;1;0;;1;0;;1;0;;1;0;
150230;0;0;;1;0;;1;0;;1;0;;1;0;;1;0;;1;0;
150240;0;0;;1;0;;1;0;;1;0;;1;0;;1;0;;1;0;
150250;0;0;;1;0;;1;0;;1;0;;1;0;;1;0;;1;0;
150260;0;0;;1;0;;1;0;;1;0;;1;0;;1;0;;1;0;
150270;0;0;;1;0;;1;0;;1;0;;1;0;;1;0;;1;0;
150280;0;0;;1;0;;1;0;;1;0;;1;0;;1;0;;1;0;
150290;0;0;;1;0;;1;0;;1;0;;1;0;;1;0;;1;0;
150300;0;0;;1;0;;1;0;;1;0;;1;0;;1;0;;1;0;
150310;0;0;;1;0;;1;0;;1;0;;1;0;;1;0;;1;0;
150320;0;0;;1;0;;1;0;;1;0;;1;0;;1;0;;1;0;
150330;0;0;;1;0;;1;0;;1;0;;1;0;;1;0;;1;0;
150340;0;0;;1;0;;1;0;;1;0;;1;0;;1;0;;1;0;
150350;0;0;;1;0;;1;0;;1;0;;1;0;;1;0;;1;0;
150360;0;0;;1;0;;1;0;;1;0;;1;0;;1;0;;1;0;
150370;0;0;;1;0;;1;0;;1;0;;1;0;;1;0;;1;0;
150380;0;0;;1;0;;1;0;;1;0;;1;0;;1;0;;1;0;
150390;0;0;;1;0;;1;0;;1;0;;1;0;;1;0;;1;0;
150400;0;0;;1;0;;1;0;;1;0;;1;0;;1;0;;1;0;
150410;0;0;;1;0;;1;0;;1;0;;1;0;;1;0;;1;0;
150420;0;0;;1;0;;1;0;;1;0;;1;0;;1;0;;1;0;
150430;0;0;;1;0;;1;0;;1;0;;1;0;;1;0;;1;0;
150440;0;0;;1;0;;1;0;;1;0;;1;0;;1;0;;1;0;
150450;0;0;;1;0;;1;0;;1;0;;1;0;;1;0;;1;0;
150460;0;0;;1;0;;1;0;;1;0;;1;0;;1;0;;1;0;
150470;0;0;;1;0;;1;0;;1;0;;1;0;;1;0;;1;0;
150480;0;0;;1;0;;1;0;;1;0;;1;0;;1;0;;1;0;
150490;0;0;;1;0;;1;0;;1;0;;1;0;;1;0;;1;0;
150500;0;0;;1;0;;1;0;;1;0;;1;0;;1;0;;1;0;
150510;0;0;;1;0;;1;0;;1;0;;1;0;;1;0;;1;0;
150520;0;0;;1;0;;1;0;;1;0;;1;0;;1;0;;1;0;
150530;0;0;;1;0;;1;0;;1;0;;1;0;;1;0;;1;0;
150540;0;0;;1;0;;1;0;;1;0;;1;0;;1;0;;1;0;
150550;0;0;;1;0;;1;0;;1;0;;1;0;;1;0;;1;0;
150560;0;0;;1;0;;1;0;;1;0;;1;0;;1;0;;1;0;
150570;0;0;;1;0;;1;0;;1;0;;1;0;;1;0;;1;0;
150580;0;0;;1;0;;1;0;;1;0;;1;0;;1;0;;1;0;
150590;0;0;;1;0;;1;0;;1;0;;1;0;;1;0;;1;0;
150600;0;0;;1;0;;1;0;;1;0;;1;0;;1;0;;1;0;
150610;0;0;;1;0;;1;0;;1;0;;1;0;;1;0;;1;0;
150620;0;0;;1;0;;1;0;;1;0;;1;0;;1;0;;1;0;
150630;0;0;;1;0;;1;0;;1;0;;1;0;;1;0;;1;0;
150640;0;0;;1;0;;1;0;;1;0;;1;0;;1;0;;1;0;
150650;0;0;;1;0;;1;0;;1;0;;1;0;;1;0;;1;0;
150660;0;0;;1;0;;1;0;;1;0;;1;0;;1;0;;1;0;
150670;0;0;;1;0;;1;0;;1;0;;1;0;;1;0;;1;0;
150680;0;0;;1;0;;1;0;;1;0;;1;0;;1;0;;1;0;
150690;0;0;;1;0;;1;0;;1;0;;1;0;;1;0;;1;0;
150700;0;0;;1;0;;1;0;;1;0;;1;0;;1;0;;1;0;
150710;0;0;;1;0;;1;0;;1;0;;1;0;;1;0;;1;0;
150720;0;0;;1;0;;1;0;;1;0;;1;0;;1;0;;1;0;
150730;0;0;;1;0;;1;0;;1;0;;1;0;;1;0;;1;0;
150740;0;0;;1;0;;1;0;;1;0;;1;0;;1;0;;1;0;
150750;0;0;;1;0;;1;0;;1;0;;1;0;;1;0;;1;0;
150760;0;0;;1;0;;1;0;;1;0;;1;0;;1;0;;1;0;
150770;0;0;;1;0;;1;0;;1;0;;1;0;;1;0;;1;0;
150780;0;0;;1;0;;1;0;;1;0;;1;0;;1;0;;1;0;
150790;0;0;;1;0;;1;0;;1;0;;1;0;;1;0;;1;0;
150800;0;0;;1;0;;1;0;;1;0;;1;0;;1;0;;1;0;
150810;0;0;;1;0;;1;0;;1;0;;1;0;;1;0;;1;0;
150820;0;0;;1;0;;1;0;;1;0;;1;0;;1;0;;1;0;
150830;0;0;;1;0;;1;0;;1;0;;1;0;;1;0;;1;0;
150840;0;0;;1;0;;1;0;;1;0;;1;0;;1;0;;1;0;
150850;0;0;;1;0;;1;0;;1;0;;1;0;;1;0;;1;0;
150860;0;0;;1;0;;1;0;;1;0;;1;0;;1;0;;1;0;
150870;0;0;;1;0;;1;0;;1;0;;1;0;;1;0;;1;0;
150880;0;0;;1;0;;1;0;;1;0;;1;0;;1;0;;1;0;
150890;0;0;;1;0;;1;0;;1;0;;1;0;;1;0;;1;0;
150900;0;0;;1;0;;1;0;;1;0;;1;0;;1;0;;1;0;
150910;0;0;;1;0;;1;0;;1;0;;1;0;;1;0;;1;0;
150920;0;0;;1;0;;1;0;;1;0;;1;0;;1;0;;1;0;
150930;0;0;;1;0;;1;0;;1;0;;1;0;;1;0;;1;0;
150940;0;0;;1;0;;1;0;;1;0;;1;0;;1;0;;1;0;
150950;0;0;;1;0;;1;0;;1;0;;1;0;;1;0;;1;0;
150960;0;0;;1;0;;1;0;;1;0;;1;0;;1;0;;1;0;
150970;0;0;;1;0;;1;0;;1;0;;1;0;;1;0;;1;0;
150980;0;0;;1;0;;1;0;;1;0;;1;0;;1;0;;1;0;
150990;0;0;;1;0;;1;0;;1;0;;1;0;;1;0;;1;0;
151000;0;0;;1;0;;1;0;;1;0;;1;0;;1;0;;1;0;
151010;0;0;;1;0;;1;0;;1;0;;1;0;;1;0;;1;0;
151020;0;0;;1;0;;1;0;;1;0;;1;0;;1;0;;1;0;
151030;0;0;;1;0;;1;0;;1;0;;1;0;;1;0;;1;0;
151040;0;0;;1;0;;1;0;;1;0;;1;0;;1;0;;1;0;
151050;0;0;;1;0;;1;0;;1;0;;1;0;;1;0;;1;0;
151060;0;0;;1;0;;1;0;;1;0;;1;0;;1;0;;1;0;
151070;0;0;;1;0;;1;0;;1;0;;1;0;;1;0;;1;0;
151080;0;0;;1;0;;1;0;;1;0;;1;0;;1;0;;1;0;
151090;0;0;;1;0;;1;0;;1;0;;1;0;;1;0;;1;0;
151100;0;0;;1;0;;1;0;;1;0;;1;0;;1;0;;1;0;
151110;0;0;;1;0;;1;0;;1;0;;1;0;;1;0;;1;0;
151120;0;0;;1;0;;1;0;;1;0;;1;0;;1;0;;1;0;
151130;0;0;;1;0;;1;0;;1;0;;1;0;;1;0;;1;0;
151140;0;0;;1;0;;1;0;;1;0;;1;0;;1;0;;1;0;
151150;0;0;;1;0;;1;0;;1;0;;1;0;;1;0;;1;0;
151160;0;0;;1;0;;1;0;;1;0;;1;0;;1;0;;1;0;
151170;0;0;;1;0;;1;0;;1;0;;1;0;;1;0;;1;0;
151180;0;0;;1;0;;1;0;;1;0;;1;0;;1;0;;1;0;
151190;0;0;;1;0;;1;0;;1;0;;1;0;;1;0;;1;0;
151200;0;0;;1;0;;1;0;;1;0;;1;0;;1;0;;1;0;
151210;0;0;;1;0;;1;0;;1;0;;1;0;;1;0;;1;0;
151220;0;0;;1;0;;1;0;;1;0;;1;0;;1;0;;1;0;
151230;0;0;;1;0;;1;0;;1;0;;1;0;;1;0;;1;0;
151240;0;0;;1;0;;1;0;;1;0;;1;0;;1;0;;1;0;
151250;0;0;;1;0;;1;0;;1;0;;1;0;;1;0;;1;0;
151260;0;0;;1;0;;1;0;;1;0;;1;0;;1;0;;1;0;
151270;0;0;;1;0;;1;0;;1;0;;1;0;;1;0;;1;0;
151280;0;0;;1;0;;1;0;;1;0;;1;0;;1;0;;1;0;
151290;0;0;;1;0;;1;0;;1;0;;1;0;;1;0;;1;0;
151300;0;0;;1;0;;1;0;;1;0;;1;0;;1;0;;1;0;
151310;0;0;;1;0;;1;0;;1;0;;1;0;;1;0;;1;0;
151320;0;0;;1;0;;1;0;;1;0;;1;0;;1;0;;1;0;
151330;0;0;;1;0;;1;0;;1;0;;1;0;;1;0;;1;0;
151340;0;0;;1;0;;1;0;;1;0;;1;0;;1;0;;1;0;
151350;0;0;;1;0;;1;0;;1;0;;1;0;;1;0;;1;0;
151360;0;0;;1;0;;1;0;;1;0;;1;0;;1;0;;1;0;
151370;0;0;;1;0;;1;0;;1;0;;1;0;;1;0;;1;0;
151380;0;0;;1;0;;1;0;;1;0;;1;0;;1;0;;1;0;
151390;0;0;;1;0;;1;0;;1;0;;1;0;;1;0;;1;0;
151400;0;0;;1;0;;1;0;;1;0;;1;0;;1;0;;1;0;
151410;0;0;;1;0;;1;0;;1;0;;1;0;;1;0;;1;0;
151420;0;0;;1;0;;1;0;;1;0;;1;0;;1;0;;1;0;
151430;0;0;;1;0;;1;0;;1;0;;1;0;;1;0;;1;0;
151440;0;0;;1;0;;1;0;;1;0;;1;0;;1;0;;1;0;
151450;0;0;;1;0;;1;0;;1;0;;1;0;;1;0;;1;0;
151460;0;0;;1;0;;1;0;;1;0;;1;0;;1;0;;1;0;
151470;0;0;;1;0;;1;0;;1;0;;1;0;;1;0;;1;0;
151480;0;0;;1;0;;1;0;;1;0;;1;0;;1;0;;1;0;
151490;0;0;;1;0;;1;0;;1;0;;1;0;;1;0;;1;0;
151500;0;0;;1;0;;1;0;;1;0;;1;0;;1;0;;1;0;
151510;0;0;;1;0;;1;0;;1;0;;1;0;;1;0;;1;0;
151520;0;0;;1;0;;1;0;;1;0;;1;0;;1;0;;1;0;
151530;0;0;;1;0;;1;0;;1;0;;1;0;;1;0;;1;0;
151540;0;0;;1;0;;1;0;;1;0;;1;0;;1;0;;1;0;
151550;0;0;;1;0;;1;0;;1;0;;1;0;;1;0;;1;0;
151560;0;0;;1;0;;1;0;;1;0;;1;0;;1;0;;1;0;
151570;0;0;;1;0;;1;0;;1;0;;1;0;;1;0;;1;0;
151580;0;0;;1;0;;1;0;;1;0;;1;0;;1;0;;1;0;
151590;0;0;;1;0;;1;0;;1;0;;1;0;;1;0;;1;0;
151600;0;0;;1;0;;1;0;;1;0;;1;0;;1;0;;1;0;
151610;0;0;;1;0;;1;0;;1;0;;1;0;;1;0;;1;0;
151620;0;0;;1;0;;1;0;;1;0;;1;0;;1;0;;1;0;
151630;0;0;;1;0;;1;0;;1;0;;1;0;;1;0;;1;0;
151640;0;0;;1;0;;1;0;;1;0;;1;0;;1;0;;1;0;
151650;0;0;;1;0;;1;0;;1;0;;1;0;;1;0;;1;0;
151660;0;0;;1;0;;1;0;;1;0;;1;0;;1;0;;1;0;
151670;0;0;;1;0;;1;0;;1;0;;1;0;;1;0;;1;0;
151680;0;0;;1;0;;1;0;;1;0;;1;0;;1;0;;1;0;
151690;0;0;;1;0;;1;0;;1;0;;1;0;;1;0;;1;0;
151700;0;0;;1;0;;1;0;;1;0;;1;0;;1;0;;1;0;
151710;0;0;;1;0;;1;0;;1;0;;1;0;;1;0;;1;0;
151720;0;0;;1;0;;1;0;;1;0;;1;0;;1;0;;1;0;
151730;0;0;;1;0;;1;0;;1;0;;1;0;;1;0;;1;0;
151740;0;0;;1;0;;1;0;;1;0;;1;0;;1;0;;1;0;
151750;0;0;;1;0;;1;0;;1;0;;1;0;;1;0;;1;0;
151760;0;0;;1;0;;1;0;;1;0;;1;0;;1;0;;1;0;
151770;0;0;;1;0;;1;0;;1;0;;1;0;;1;0;;1;0;
151780;0;0;;1;0;;1;0;;1;0;;1;0;;1;0;;1;0;
151790;0;0;;1;0;;1;0;;1;0;;1;0;;1;0;;1;0;
151800;0;0;;1;0;;1;0;;1;0;;1;0;;1;0;;1;0;
151810;0;0;;1;0;;1;0;;1;0;;1;0;;1;0;;1;0;
151820;0;0;;1;0;;1;0;;1;0;;1;0;;1;0;;1;0;
151830;0;0;;1;0;;1;0;;1;0;;1;0;;1;0;;1;0;
151840;0;0;;1;0;;1;0;;1;0;;1;0;;1;0;;1;0;
151850;0;0;;1;0;;1;0;;1;0;;1;0;;1;0;;1;0;
151860;0;0;;1;0;;1;0;;1;0;;1;0;;1;0;;1;0;
151870;0;0;;1;0;;1;0;;1;0;;1;0;;1;0;;1;0;
151880;0;0;;1;0;;1;0;;1;0;;1;0;;1;0;;1;0;
151890;0;0;;1;0;;1;0;;1;0;;1;0;;1;0;;1;0;
151900;0;0;;1;0;;1;0;;1;0;;1;0;;1;0;;1;0;
151910;0;0;;1;0;;1;0;;1;0;;1;0;;1;0;;1;0;
151920;0;0;;1;0;;1;0;;1;0;;1;0;;1;0;;1;0;
151930;0;0;;1;0;;1;0;;1;0;;1;0;;1;0;;1;0;
151940;0;0;;1;0;;1;0;;1;0;;1;0;;1;0;;1;0;
151950;0;0;;1;0;;1;0;;1;0;;1;0;;1;0;;1;0;
151960;0;0;;1;0;;1;0;;1;0;;1;0;;1;0;;1;0;
151970;0;0;;1;0;;1;0;;1;0;;1;0;;1;0;;1;0;
151980;0;0;;1;0;;1;0;;1;0;;1;0;;1;0;;1;0;
151990;0;0;;1;0;;1;0;;1;0;;1;0;;1;0;;1;0;
152000;0;0;;1;0;;1;0;;1;0;;1;0;;1;0;;1;0;
152010;0;0;;1;0;;1;0;;1;0;;1;0;;1;0;;1;0;
152020;0;0;;1;0;;1;0;;1;0;;1;0;;1;0;;1;0;
152030;0;0;;1;0;;1;0;;1;0;;1;0;;1;0;;1;0;
152040;0;0;;1;0;;1;0;;1;0;;1;0;;1;0;;1;0;
152050;0;0;;1;0;;1;0;;1;0;;1;0;;1;0;;1;0;
152060;0;0;;1;0;;1;0;;1;0;;1;0;;1;0;;1;0;
152070;0;0;;1;0;;1;0;;1;0;;1;0;;1;0;;1;0;
152080;0;0;;1;0;;1;0;;1;0;;1;0;;1;0;;1;0;
152090;0;0;;1;0;;1;0;;1;0;;1;0;;1;0;;1;0;
152100;0;0;;1;0;;1;0;;1;0;;1;0;;1;0;;1;0;
152110;0;0;;1;0;;1;0;;1;0;;1;0;;1;0;;1;0;
152120;0;0;;1;0;;1;0;;1;0;;1;0;;1;0;;1;0;
152130;0;0;;1;0;;1;0;;1;0;;1;0;;1;0;;1;0;
152140;0;0;;1;0;;1;0;;1;0;;1;0;;1;0;;1;0;
152150;0;0;;1;0;;1;0;;1;0;;1;0;;1;0;;1;0;
152160;0;0;;1;0;;1;0;;1;0;;1;0;;1;0;;1;0;
152170;0;0;;1;0;;1;0;;1;0;;1;0;;1;0;;1;0;
152180;0;0;;1;0;;1;0;;1;0;;1;0;;1;0;;1;0;
152190;0;0;;1;0;;1;0;;1;0;;1;0;;1;0;;1;0;
152200;0;0;;1;0;;1;0;;1;0;;1;0;;1;0;;1;0;
152210;0;0;;1;0;;1;0;;1;0;;1;0;;1;0;;1;0;
152220;0;0;;1;0;;1;0;;1;0;;1;0;;1;0;;1;0;
152230;0;0;;1;0;;1;0;;1;0;;1;0;;1;0;;1;0;
152240;0;0;;1;0;;1;0;;1;0;;1;0;;1;0;;1;0;
152250;0;0;;1;0;;1;0;;1;0;;1;0;;1;0;;1;0;
152260;0;0;;1;0;;1;0;;1;0;;1;0;;1;0;;1;0;
152270;0;0;;1;0;;1;0;;1;0;;1;0;;1;0;;1;0;
152280;0;0;;1;0;;1;0;;1;0;;1;0;;1;0;;1;0;
152290;0;0;;1;0;;1;0;;1;0;;1;0;;1;0;;1;0;
152300;0;0;;1;0;;1;0;;1;0;;1;0;;1;0;;1;0;
152310;0;0;;1;0;;1;0;;1;0;;1;0;;1;0;;1;0;
152320;0;0;;1;0;;1;0;;1;0;;1;0;;1;0;;1;0;
152330;0;0;;1;0;;1;0;;1;0;;1;0;;1;0;;1;0;
152340;0;0;;1;0;;1;0;;1;0;;1;0;;1;0;;1;0;
152350;0;0;;1;0;;1;0;;1;0;;1;0;;1;0;;1;0;
152360;0;0;;1;0;;1;0;;1;0;;1;0;;1;0;;1;0;
152370;0;0;;1;0;;1;0;;1;0;;1;0;;1;0;;1;0;
152380;0;0;;1;0;;1;0;;1;0;;1;0;;1;0;;1;0;
152390;0;0;;1;0;;1;0;;1;0;;1;0;;1;0;;1;0;
152400;0;0;;1;0;;1;0;;1;0;;1;0;;1;0;;1;0;
152410;0;0;;1;0;;1;0;;1;0;;1;0;;1;0;;1;0;
152420;0;0;;1;0;;1;0;;1;0;;1;0;;1;0;;1;0;
152430;0;0;;1;0;;1;0;;1;0;;1;0;;1;0;;1;0;
152440;0;0;;1;0;;1;0;;1;0;;1;0;;1;0;;1;0;
152450;0;0;;1;0;;1;0;;1;0;;1;0;;1;0;;1;0;
152460;0;0;;1;0;;1;0;;1;0;;1;0;;1;0;;1;0;
152470;0;0;;1;0;;1;0;;1;0;;1;0;;1;0;;1;0;
152480;0;0;;1;0;;1;0;;1;0;;1;0;;1;0;;1;0;
152490;0;0;;1;0;;1;0;;1;0;;1;0;;1;0;;1;0;
152500;0;0;;1;0;;1;0;;1;0;;1;0;;1;0;;1;0;
152510;0;0;;1;0;;1;0;;1;0;;1;0;;1;0;;1;0;
152520;0;0;;1;0;;1;0;;1;0;;1;0;;1;0;;1;0;
152530;0;0;;1;0;;1;0;;1;0;;1;0;;1;0;;1;0;
152540;0;0;;1;0;;1;0;;1;0;;1;0;;1;0;;1;0;
152550;0;0;;1;0;;1;0;;1;0;;1;0;;1;0;;1;0;
152560;0;0;;1;0;;1;0;;1;0;;1;0;;1;0;;1;0;
152570;0;0;;1;0;;1;0;;1;0;;1;0;;1;0;;1;0;
152580;0;0;;1;0;;1;0;;1;0;;1;0;;1;0;;1;0;
152590;0;0;;1;0;;1;0;;1;0;;1;0;;1;0;;1;0;
152600;0;0;;1;0;;1;0;;1;0;;1;0;;1;0;;1;0;
152610;0;0;;1;0;;1;0;;1;0;;1;0;;1;0;;1;0;
152620;0;0;;1;0;;1;0;;1;0;;1;0;;1;0;;1;0;
152630;0;0;;1;0;;1;0;;1;0;;1;0;;1;0;;1;0;
152640;0;0;;1;0;;1;0;;1;0;;1;0;;1;0;;1;0;
152650;0;0;;1;0;;1;0;;1;0;;1;0;;1;0;;1;0;
152660;0;0;;1;0;;1;0;;1;0;;1;0;;1;0;;1;0;
152670;0;0;;1;0;;1;0;;1;0;;1;0;;1;0;;1;0;
152680;0;0;;1;0;;1;0;;1;0;;1;0;;1;0;;1;0;
152690;0;0;;1;0;;1;0;;1;0;;1;0;;1;0;;1;0;
152700;0;0;;1;0;;1;0;;1;0;;1;0;;1;0;;1;0;
152710;0;0;;1;0;;1;0;;1;0;;1;0;;1;0;;1;0;
152720;0;0;;1;0;;1;0;;1;0;;1;0;;1;0;;1;0;
152730;0;0;;1;0;;1;0;;1;0;;1;0;;1;0;;1;0;
152740;0;0;;1;0;;1;0;;1;0;;1;0;;1;0;;1;0;
152750;0;0;;1;0;;1;0;;1;0;;1;0;;1;0;;1;0;
152760;0;0;;1;0;;1;0;;1;0;;1;0;;1;0;;1;0;
152770;0;0;;1;0;;1;0;;1;0;;1;0;;1;0;;1;0;
152780;0;0;;1;0;;1;0;;1;0;;1;0;;1;0;;1;0;
152790;0;0;;1;0;;1;0;;1;0;;1;0;;1;0;;1;0;
152800;0;0;;1;0;;1;0;;1;0;;1;0;;1;0;;1;0;
152810;0;0;;1;0;;1;0;;1;0;;1;0;;1;0;;1;0;
152820;0;0;;1;0;;1;0;;1;0;;1;0;;1;0;;1;0;
152830;0;0;;1;0;;1;0;;1;0;;1;0;;1;0;;1;0;
152840;0;0;;1;0;;1;0;;1;0;;1;0;;1;0;;1;0;
152850;0;0;;1;0;;1;0;;1;0;;1;0;;1;0;;1;0;
152860;0;0;;1;0;;1;0;;1;0;;1;0;;1;0;;1;0;
152870;0;0;;1;0;;1;0;;1;0;;1;0;;1;0;;1;0;
152880;0;0;;1;0;;1;0;;1;0;;1;0;;1;0;;1;0;
152890;0;0;;1;0;;1;0;;1;0;;1;0;;1;0;;1;0;
152900;0;0;;1;0;;1;0;;1;0;;1;0;;1;0;;1;0;
152910;0;0;;1;0;;1;0;;1;0;;1;0;;1;0;;1;0;
152920;0;0;;1;0;;1;0;;1;0;;1;0;;1;0;;1;0;
152930;0;0;;1;0;;1;0;;1;0;;1;0;;1;0;;1;0;
152940;0;0;;1;0;;1;0;;1;0;;1;0;;1;0;;1;0;
152950;0;0;;1;0;;1;0;;1;0;;1;0;;1;0;;1;0;
152960;0;0;;1;0;;1;0;;1;0;;1;0;;1;0;;1;0;
152970;0;0;;1;0;;1;0;;1;0;;1;0;;1;0;;1;0;
152980;0;0;;1;0;;1;0;;1;0;;1;0;;1;0;;1;0;
152990;0;0;;1;0;;1;0;;1;0;;1;0;;1;0;;1;0;
153000;0;0;;1;0;;1;0;;1;0;;1;0;;1;0;;1;0;
153010;0;0;;1;0;;1;0;;1;0;;1;0;;1;0;;1;0;
153020;0;0;;1;0;;1;0;;1;0;;1;0;;1;0;;1;0;
153030;0;0;;1;0;;1;0;;1;0;;1;0;;1;0;;1;0;
153040;0;0;;1;0;;1;0;;1;0;;1;0;;1;0;;1;0;
153050;0;0;;1;0;;1;0;;1;0;;1;0;;1;0;;1;0;
153060;0;0;;1;0;;1;0;;1;0;;1;0;;1;0;;1;0;
153070;0;0;;1;0;;1;0;;1;0;;1;0;;1;0;;1;0;
153080;0;0;;1;0;;1;0;;1;0;;1;0;;1;0;;1;0;
153090;0;0;;1;0;;1;0;;1;0;;1;0;;1;0;;1;0;
153100;0;0;;1;0;;1;0;;1;0;;1;0;;1;0;;1;0;
153110;0;0;;1;0;;1;0;;1;0;;1;0;;1;0;;1;0;
153120;0;0;;1;0;;1;0;;1;0;;1;0;;1;0;;1;0;
153130;0;0;;1;0;;1;0;;1;0;;1;0;;1;0;;1;0;
153140;0;0;;1;0;;1;0;;1;0;;1;0;;1;0;;1;0;
153150;0;0;;1;0;;1;0;;1;0;;1;0;;1;0;;1;0;
153160;0;0;;1;0;;1;0;;1;0;;1;0;;1;0;;1;0;
153170;0;0;;1;0;;1;0;;1;0;;1;0;;1;0;;1;0;
153180;0;0;;1;0;;1;0;;1;0;;1;0;;1;0;;1;0;
153190;0;0;;1;0;;1;0;;1;0;;1;0;;1;0;;1;0;
153200;0;0;;1;0;;1;0;;1;0;;1;0;;1;0;;1;0;
153210;0;0;;1;0;;1;0;;1;0;;1;0;;1;0;;1;0;
153220;0;0;;1;0;;1;0;;1;0;;1;0;;1;0;;1;0;
153230;0;0;;1;0;;1;0;;1;0;;1;0;;1;0;;1;0;
153240;0;0;;1;0;;1;0;;1;0;;1;0;;1;0;;1;0;
153250;0;0;;1;0;;1;0;;1;0;;1;0;;1;0;;1;0;
153260;0;0;;1;0;;1;0;;1;0;;1;0;;1;0;;1;0;
153270;0;0;;1;0;;1;0;;1;0;;1;0;;1;0;;1;0;
153280;0;0;;1;0;;1;0;;1;0;;1;0;;1;0;;1;0;
153290;0;0;;1;0;;1;0;;1;0;;1;0;;1;0;;1;0;
153300;0;0;;1;0;;1;0;;1;0;;1;0;;1;0;;1;0;
153310;0;0;;1;0;;1;0;;1;0;;1;0;;1;0;;1;0;
153320;0;0;;1;0;;1;0;;1;0;;1;0;;1;0;;1;0;
153330;0;0;;1;0;;1;0;;1;0;;1;0;;1;0;;1;0;
153340;0;0;;1;0;;1;0;;1;0;;1;0;;1;0;;1;0;
153350;0;0;;1;0;;1;0;;1;0;;1;0;;1;0;;1;0;
153360;0;0;;1;0;;1;0;;1;0;;1;0;;1;0;;1;0;
153370;0;0;;1;0;;1;0;;1;0;;1;0;;1;0;;1;0;
153380;0;0;;1;0;;1;0;;1;0;;1;0;;1;0;;1;0;
153390;0;0;;1;0;;1;0;;1;0;;1;0;;1;0;;1;0;
153400;0;0;;1;0;;1;0;;1;0;;1;0;;1;0;;1;0;
153410;0;0;;1;0;;1;0;;1;0;;1;0;;1;0;;1;0;
153420;0;0;;1;0;;1;0;;1;0;;1;0;;1;0;;1;0;
153430;0;0;;1;0;;1;0;;1;0;;1;0;;1;0;;1;0;
153440;0;0;;1;0;;1;0;;1;0;;1;0;;1;0;;1;0;
153450;0;0;;1;0;;1;0;;1;0;;1;0;;1;0;;1;0;
153460;0;0;;1;0;;1;0;;1;0;;1;0;;1;0;;1;0;
153470;0;0;;1;0;;1;0;;1;0;;1;0;;1;0;;1;0;
153480;0;0;;1;0;;1;0;;1;0;;1;0;;1;0;;1;0;
153490;0;0;;1;0;;1;0;;1;0;;1;0;;1;0;;1;0;
153500;0;0;;1;0;;1;0;;1;0;;1;0;;1;0;;1;0;
153510;0;0;;1;0;;1;0;;1;0;;1;0;;1;0;;1;0;
153520;0;0;;1;0;;1;0;;1;0;;1;0;;1;0;;1;0;
153530;0;0;;1;0;;1;0;;1;0;;1;0;;1;0;;1;0;
153540;0;0;;1;0;;1;0;;1;0;;1;0;;1;0;;1;0;
153550;0;0;;1;0;;1;0;;1;0;;1;0;;1;0;;1;0;
153560;0;0;;1;0;;1;0;;1;0;;1;0;;1;0;;1;0;
153570;0;0;;1;0;;1;0;;1;0;;1;0;;1;0;;1;0;
153580;0;0;;1;0;;1;0;;1;0;;1;0;;1;0;;1;0;
153590;0;0;;1;0;;1;0;;1;0;;1;0;;1;0;;1;0;
153600;0;0;;1;0;;1;0;;1;0;;1;0;;1;0;;1;0;
153610;0;0;;1;0;;1;0;;1;0;;1;0;;1;0;;1;0;
153620;0;0;;1;0;;1;0;;1;0;;1;0;;1;0;;1;0;
153630;0;0;;1;0;;1;0;;1;0;;1;0;;1;0;;1;0;
153640;0;0;;1;0;;1;0;;1;0;;1;0;;1;0;;1;0;
153650;0;0;;1;0;;1;0;;1;0;;1;0;;1;0;;1;0;
153660;0;0;;1;0;;1;0;;1;0;;1;0;;1;0;;1;0;
153670;0;0;;1;0;;1;0;;1;0;;1;0;;1;0;;1;0;
153680;0;0;;1;0;;1;0;;1;0;;1;0;;1;0;;1;0;
153690;0;0;;1;0;;1;0;;1;0;;1;0;;1;0;;1;0;
153700;0;0;;1;0;;1;0;;1;0;;1;0;;1;0;;1;0;
153710;0;0;;1;0;;1;0;;1;0;;1;0;;1;0;;1;0;
153720;0;0;;1;0;;1;0;;1;0;;1;0;;1;0;;1;0;
153730;0;0;;1;0;;1;0;;1;0;;1;0;;1;0;;1;0;
153740;0;0;;1;0;;1;0;;1;0;;1;0;;1;0;;1;0;
153750;0;0;;1;0;;1;0;;1;0;;1;0;;1;0;;1;0;
153760;0;0;;1;0;;1;0;;1;0;;1;0;;1;0;;1;0;
153770;0;0;;1;0;;1;0;;1;0;;1;0;;1;0;;1;0;
153780;0;0;;1;0;;1;0;;1;0;;1;0;;1;0;;1;0;
153790;0;0;;1;0;;1;0;;1;0;;1;0;;1;0;;1;0;
153800;0;0;;1;0;;1;0;;1;0;;1;0;;1;0;;1;0;
153810;0;0;;1;0;;1;0;;1;0;;1;0;;1;0;;1;0;
153820;0;0;;1;0;;1;0;;1;0;;1;0;;1;0;;1;0;
153830;0;0;;1;0;;1;0;;1;0;;1;0;;1;0;;1;0;
153840;0;0;;1;0;;1;0;;1;0;;1;0;;1;0;;1;0;
153850;0;0;;1;0;;1;0;;1;0;;1;0;;1;0;;1;0;
153860;0;0;;1;0;;1;0;;1;0;;1;0;;1;0;;1;0;
153870;0;0;;1;0;;1;0;;1;0;;1;0;;1;0;;1;0;
153880;0;0;;1;0;;1;0;;1;0;;1;0;;1;0;;1;0;
153890;0;0;;1;0;;1;0;;1;0;;1;0;;1;0;;1;0;
153900;0;0;;1;0;;1;0;;1;0;;1;0;;1;0;;1;0;
153910;0;0;;1;0;;1;0;;1;0;;1;0;;1;0;;1;0;
153920;0;0;;1;0;;1;0;;1;0;;1;0;;1;0;;1;0;
153930;0;0;;1;0;;1;0;;1;0;;1;0;;1;0;;1;0;
153940;0;0;;1;0;;1;0;;1;0;;1;0;;1;0;;1;0;
153950;0;0;;1;0;;1;0;;1;0;;1;0;;1;0;;1;0;
153960;0;0;;1;0;;1;0;;1;0;;1;0;;1;0;;1;0;
153970;0;0;;1;0;;1;0;;1;0;;1;0;;1;0;;1;0;
153980;0;0;;1;0;;1;0;;1;0;;1;0;;1;0;;1;0;
153990;0;0;;1;0;;1;0;;1;0;;1;0;;1;0;;1;0;
154000;0;0;;1;0;;1;0;;1;0;;1;0;;1;0;;1;0;
154010;0;0;;1;0;;1;0;;1;0;;1;0;;1;0;;1;0;
154020;0;0;;1;0;;1;0;;1;0;;1;0;;1;0;;1;0;
154030;0;0;;1;0;;1;0;;1;0;;1;0;;1;0;;1;0;
154040;0;0;;1;0;;1;0;;1;0;;1;0;;1;0;;1;0;
154050;0;0;;1;0;;1;0;;1;0;;1;0;;1;0;;1;0;
154060;0;0;;1;0;;1;0;;1;0;;1;0;;1;0;;1;0;
154070;0;0;;1;0;;1;0;;1;0;;1;0;;1;0;;1;0;
154080;0;0;;1;0;;1;0;;1;0;;1;0;;1;0;;1;0;
154090;0;0;;1;0;;1;0;;1;0;;1;0;;1;0;;1;0;
154100;0;0;;1;0;;1;0;;1;0;;1;0;;1;0;;1;0;
154110;0;0;;1;0;;1;0;;1;0;;1;0;;1;0;;1;0;
154120;0;0;;1;0;;1;0;;1;0;;1;0;;1;0;;1;0;
154130;0;0;;1;0;;1;0;;1;0;;1;0;;1;0;;1;0;
154140;0;0;;1;0;;1;0;;1;0;;1;0;;1;0;;1;0;
154150;0;0;;1;0;;1;0;;1;0;;1;0;;1;0;;1;0;
154160;0;0;;1;0;;1;0;;1;0;;1;0;;1;0;;1;0;
154170;0;0;;1;0;;1;0;;1;0;;1;0;;1;0;;1;0;
154180;0;0;;1;0;;1;0;;1;0;;1;0;;1;0;;1;0;
154190;0;0;;1;0;;1;0;;1;0;;1;0;;1;0;;1;0;
154200;0;0;;1;0;;1;0;;1;0;;1;0;;1;0;;1;0;
154210;0;0;;1;0;;1;0;;1;0;;1;0;;1;0;;1;0;
154220;0;0;;1;0;;1;0;;1;0;;1;0;;1;0;;1;0;
154230;0;0;;1;0;;1;0;;1;0;;1;0;;1;0;;1;0;
154240;0;0;;1;0;;1;0;;1;0;;1;0;;1;0;;1;0;
154250;0;0;;1;0;;1;0;;1;0;;1;0;;1;0;;1;0;
154260;0;0;;1;0;;1;0;;1;0;;1;0;;1;0;;1;0;
154270;0;0;;1;0;;1;0;;1;0;;1;0;;1;0;;1;0;
154280;0;0;;1;0;;1;0;;1;0;;1;0;;1;0;;1;0;
154290;0;0;;1;0;;1;0;;1;0;;1;0;;1;0;;1;0;
154300;0;0;;1;0;;1;0;;1;0;;1;0;;1;0;;1;0;
154310;0;0;;1;0;;1;0;;1;0;;1;0;;1;0;;1;0;
154320;0;0;;1;0;;1;0;;1;0;;1;0;;1;0;;1;0;
154330;0;0;;1;0;;1;0;;1;0;;1;0;;1;0;;1;0;
154340;0;0;;1;0;;1;0;;1;0;;1;0;;1;0;;1;0;
154350;0;0;;1;0;;1;0;;1;0;;1;0;;1;0;;1;0;
154360;0;0;;1;0;;1;0;;1;0;;1;0;;1;0;;1;0;
154370;0;0;;1;0;;1;0;;1;0;;1;0;;1;0;;1;0;
154380;0;0;;1;0;;1;0;;1;0;;1;0;;1;0;;1;0;
154390;0;0;;1;0;;1;0;;1;0;;1;0;;1;0;;1;0;
154400;0;0;;1;0;;1;0;;1;0;;1;0;;1;0;;1;0;
154410;0;0;;1;0;;1;0;;1;0;;1;0;;1;0;;1;0;
154420;0;0;;1;0;;1;0;;1;0;;1;0;;1;0;;1;0;
154430;0;0;;1;0;;1;0;;1;0;;1;0;;1;0;;1;0;
154440;0;0;;1;0;;1;0;;1;0;;1;0;;1;0;;1;0;
154450;0;0;;1;0;;1;0;;1;0;;1;0;;1;0;;1;0;
154460;0;0;;1;0;;1;0;;1;0;;1;0;;1;0;;1;0;
154470;0;0;;1;0;;1;0;;1;0;;1;0;;1;0;;1;0;
154480;0;0;;1;0;;1;0;;1;0;;1;0;;1;0;;1;0;
154490;0;0;;1;0;;1;0;;1;0;;1;0;;1;0;;1;0;
154500;0;0;;1;0;;1;0;;1;0;;1;0;;1;0;;1;0;
154510;0;0;;1;0;;1;0;;1;0;;1;0;;1;0;;1;0;
154520;0;0;;1;0;;1;0;;1;0;;1;0;;1;0;;1;0;
154530;0;0;;1;0;;1;0;;1;0;;1;0;;1;0;;1;0;
154540;0;0;;1;0;;1;0;;1;0;;1;0;;1;0;;1;0;
154550;0;0;;1;0;;1;0;;1;0;;1;0;;1;0;;1;0;
154560;0;0;;1;0;;1;0;;1;0;;1;0;;1;0;;1;0;
154570;0;0;;1;0;;1;0;;1;0;;1;0;;1;0;;1;0;
154580;0;0;;1;0;;1;0;;1;0;;1;0;;1;0;;1;0;
154590;0;0;;1;0;;1;0;;1;0;;1;0;;1;0;;1;0;
154600;0;0;;1;0;;1;0;;1;0;;1;0;;1;0;;1;0;
154610;0;0;;1;0;;1;0;;1;0;;1;0;;1;0;;1;0;
154620;0;0;;1;0;;1;0;;1;0;;1;0;;1;0;;1;0;
154630;0;0;;1;0;;1;0;;1;0;;1;0;;1;0;;1;0;
154640;0;0;;1;0;;1;0;;1;0;;1;0;;1;0;;1;0;
154650;0;0;;1;0;;1;0;;1;0;;1;0;;1;0;;1;0;
154660;0;0;;1;0;;1;0;;1;0;;1;0;;1;0;;1;0;
154670;0;0;;1;0;;1;0;;1;0;;1;0;;1;0;;1;0;
154680;0;0;;1;0;;1;0;;1;0;;1;0;;1;0;;1;0;
154690;0;0;;1;0;;1;0;;1;0;;1;0;;1;0;;1;0;
154700;0;0;;1;0;;1;0;;1;0;;1;0;;1;0;;1;0;
154710;0;0;;1;0;;1;0;;1;0;;1;0;;1;0;;1;0;
154720;0;0;;1;0;;1;0;;1;0;;1;0;;1;0;;1;0;
154730;0;0;;1;0;;1;0;;1;0;;1;0;;1;0;;1;0;
154740;0;0;;1;0;;1;0;;1;0;;1;0;;1;0;;1;0;
154750;0;0;;1;0;;1;0;;1;0;;1;0;;1;0;;1;0;
154760;0;0;;1;0;;1;0;;1;0;;1;0;;1;0;;1;0;
154770;0;0;;1;0;;1;0;;1;0;;1;0;;1;0;;1;0;
154780;0;0;;1;0;;1;0;;1;0;;1;0;;1;0;;1;0;
154790;0;0;;1;0;;1;0;;1;0;;1;0;;1;0;;1;0;
154800;0;0;;1;0;;1;0;;1;0;;1;0;;1;0;;1;0;
154810;0;0;;1;0;;1;0;;1;0;;1;0;;1;0;;1;0;
154820;0;0;;1;0;;1;0;;1;0;;1;0;;1;0;;1;0;
154830;0;0;;1;0;;1;0;;1;0;;1;0;;1;0;;1;0;
154840;0;0;;1;0;;1;0;;1;0;;1;0;;1;0;;1;0;
154850;0;0;;1;0;;1;0;;1;0;;1;0;;1;0;;1;0;
154860;0;0;;1;0;;1;0;;1;0;;1;0;;1;0;;1;0;
154870;0;0;;1;0;;1;0;;1;0;;1;0;;1;0;;1;0;
154880;0;0;;1;0;;1;0;;1;0;;1;0;;1;0;;1;0;
154890;0;0;;1;0;;1;0;;1;0;;1;0;;1;0;;1;0;
154900;0;0;;1;0;;1;0;;1;0;;1;0;;1;0;;1;0;
154910;0;0;;1;0;;1;0;;1;0;;1;0;;1;0;;1;0;
154920;0;0;;1;0;;1;0;;1;0;;1;0;;1;0;;1;0;
154930;0;0;;1;0;;1;0;;1;0;;1;0;;1;0;;1;0;
154940;0;0;;1;0;;1;0;;1;0;;1;0;;1;0;;1;0;
154950;0;0;;1;0;;1;0;;1;0;;1;0;;1;0;;1;0;
154960;0;0;;1;0;;1;0;;1;0;;1;0;;1;0;;1;0;
154970;0;0;;1;0;;1;0;;1;0;;1;0;;1;0;;1;0;
154980;0;0;;1;0;;1;0;;1;0;;1;0;;1;0;;1;0;
154990;0;0;;1;0;;1;0;;1;0;;1;0;;1;0;;1;0;
155000;0;0;;1;0;;1;0;;1;0;;1;0;;1;0;;1;0;
155010;0;0;;1;0;;1;0;;1;0;;1;0;;1;0;;1;0;
155020;0;0;;1;0;;1;0;;1;0;;1;0;;1;0;;1;0;
155030;0;0;;1;0;;1;0;;1;0;;1;0;;1;0;;1;0;
155040;0;0;;1;0;;1;0;;1;0;;1;0;;1;0;;1;0;
155050;0;0;;1;0;;1;0;;1;0;;1;0;;1;0;;1;0;
155060;0;0;;1;0;;1;0;;1;0;;1;0;;1;0;;1;0;
155070;0;0;;1;0;;1;0;;1;0;;1;0;;1;0;;1;0;
155080;0;0;;1;0;;1;0;;1;0;;1;0;;1;0;;1;0;
155090;0;0;;1;0;;1;0;;1;0;;1;0;;1;0;;1;0;
155100;0;0;;1;0;;1;0;;1;0;;1;0;;1;0;;1;0;
155110;0;0;;1;0;;1;0;;1;0;;1;0;;1;0;;1;0;
155120;0;0;;1;0;;1;0;;1;0;;1;0;;1;0;;1;0;
155130;0;0;;1;0;;1;0;;1;0;;1;0;;1;0;;1;0;
155140;0;0;;1;0;;1;0;;1;0;;1;0;;1;0;;1;0;
155150;0;0;;1;0;;1;0;;1;0;;1;0;;1;0;;1;0;
155160;0;0;;1;0;;1;0;;1;0;;1;0;;1;0;;1;0;
155170;0;0;;1;0;;1;0;;1;0;;1;0;;1;0;;1;0;
155180;0;0;;1;0;;1;0;;1;0;;1;0;;1;0;;1;0;
155190;0;0;;1;0;;1;0;;1;0;;1;0;;1;0;;1;0;
155200;0;0;;1;0;;1;0;;1;0;;1;0;;1;0;;1;0;
155210;0;0;;1;0;;1;0;;1;0;;1;0;;1;0;;1;0;
155220;0;0;;1;0;;1;0;;1;0;;1;0;;1;0;;1;0;
155230;0;0;;1;0;;1;0;;1;0;;1;0;;1;0;;1;0;
155240;0;0;;1;0;;1;0;;1;0;;1;0;;1;0;;1;0;
155250;0;0;;1;0;;1;0;;1;0;;1;0;;1;0;;1;0;
155260;0;0;;1;0;;1;0;;1;0;;1;0;;1;0;;1;0;
155270;0;0;;1;0;;1;0;;1;0;;1;0;;1;0;;1;0;
155280;0;0;;1;0;;1;0;;1;0;;1;0;;1;0;;1;0;
155290;0;0;;1;0;;1;0;;1;0;;1;0;;1;0;;1;0;
155300;0;0;;1;0;;1;0;;1;0;;1;0;;1;0;;1;0;
155310;0;0;;1;0;;1;0;;1;0;;1;0;;1;0;;1;0;
155320;0;0;;1;0;;1;0;;1;0;;1;0;;1;0;;1;0;
155330;0;0;;1;0;;1;0;;1;0;;1;0;;1;0;;1;0;
155340;0;0;;1;0;;1;0;;1;0;;1;0;;1;0;;1;0;
155350;0;0;;1;0;;1;0;;1;0;;1;0;;1;0;;1;0;
155360;0;0;;1;0;;1;0;;1;0;;1;0;;1;0;;1;0;
155370;0;0;;1;0;;1;0;;1;0;;1;0;;1;0;;1;0;
155380;0;0;;1;0;;1;0;;1;0;;1;0;;1;0;;1;0;
155390;0;0;;1;0;;1;0;;1;0;;1;0;;1;0;;1;0;
155400;0;0;;1;0;;1;0;;1;0;;1;0;;1;0;;1;0;
155410;0;0;;1;0;;1;0;;1;0;;1;0;;1;0;;1;0;
155420;0;0;;1;0;;1;0;;1;0;;1;0;;1;0;;1;0;
155430;0;0;;1;0;;1;0;;1;0;;1;0;;1;0;;1;0;
155440;0;0;;1;0;;1;0;;1;0;;1;0;;1;0;;1;0;
155450;0;0;;1;0;;1;0;;1;0;;1;0;;1;0;;1;0;
155460;0;0;;1;0;;1;0;;1;0;;1;0;;1;0;;1;0;
155470;0;0;;1;0;;1;0;;1;0;;1;0;;1;0;;1;0;
155480;0;0;;1;0;;1;0;;1;0;;1;0;;1;0;;1;0;
155490;0;0;;1;0;;1;0;;1;0;;1;0;;1;0;;1;0;
155500;0;0;;1;0;;1;0;;1;0;;1;0;;1;0;;1;0;
155510;0;0;;1;0;;1;0;;1;0;;1;0;;1;0;;1;0;
155520;0;0;;1;0;;1;0;;1;0;;1;0;;1;0;;1;0;
155530;0;0;;1;0;;1;0;;1;0;;1;0;;1;0;;1;0;
155540;0;0;;1;0;;1;0;;1;0;;1;0;;1;0;;1;0;
155550;0;0;;1;0;;1;0;;1;0;;1;0;;1;0;;1;0;
155560;0;0;;1;0;;1;0;;1;0;;1;0;;1;0;;1;0;
155570;0;0;;1;0;;1;0;;1;0;;1;0;;1;0;;1;0;
155580;0;0;;1;0;;1;0;;1;0;;1;0;;1;0;;1;0;
155590;0;0;;1;0;;1;0;;1;0;;1;0;;1;0;;1;0;
155600;0;0;;1;0;;1;0;;1;0;;1;0;;1;0;;1;0;
155610;0;0;;1;0;;1;0;;1;0;;1;0;;1;0;;1;0;
155620;0;0;;1;0;;1;0;;1;0;;1;0;;1;0;;1;0;
155630;0;0;;1;0;;1;0;;1;0;;1;0;;1;0;;1;0;
155640;0;0;;1;0;;1;0;;1;0;;1;0;;1;0;;1;0;
155650;0;0;;1;0;;1;0;;1;0;;1;0;;1;0;;1;0;
155660;0;0;;1;0;;1;0;;1;0;;1;0;;1;0;;1;0;
155670;0;0;;1;0;;1;0;;1;0;;1;0;;1;0;;1;0;
155680;0;0;;1;0;;1;0;;1;0;;1;0;;1;0;;1;0;
155690;0;0;;1;0;;1;0;;1;0;;1;0;;1;0;;1;0;
155700;0;0;;1;0;;1;0;;1;0;;1;0;;1;0;;1;0;
155710;0;0;;1;0;;1;0;;1;0;;1;0;;1;0;;1;0;
155720;0;0;;1;0;;1;0;;1;0;;1;0;;1;0;;1;0;
155730;0;0;;1;0;;1;0;;1;0;;1;0;;1;0;;1;0;
155740;0;0;;1;0;;1;0;;1;0;;1;0;;1;0;;1;0;
155750;0;0;;1;0;;1;0;;1;0;;1;0;;1;0;;1;0;
155760;0;0;;1;0;;1;0;;1;0;;1;0;;1;0;;1;0;
155770;0;0;;1;0;;1;0;;1;0;;1;0;;1;0;;1;0;
155780;0;0;;1;0;;1;0;;1;0;;1;0;;1;0;;1;0;
155790;0;0;;1;0;;1;0;;1;0;;1;0;;1;0;;1;0;
155800;0;0;;1;0;;1;0;;1;0;;1;0;;1;0;;1;0;
155810;0;0;;1;0;;1;0;;1;0;;1;0;;1;0;;1;0;
155820;0;0;;1;0;;1;0;;1;0;;1;0;;1;0;;1;0;
155830;0;0;;1;0;;1;0;;1;0;;1;0;;1;0;;1;0;
155840;0;0;;1;0;;1;0;;1;0;;1;0;;1;0;;1;0;
155850;0;0;;1;0;;1;0;;1;0;;1;0;;1;0;;1;0;
155860;0;0;;1;0;;1;0;;1;0;;1;0;;1;0;;1;0;
155870;0;0;;1;0;;1;0;;1;0;;1;0;;1;0;;1;0;
155880;0;0;;1;0;;1;0;;1;0;;1;0;;1;0;;1;0;
155890;0;0;;1;0;;1;0;;1;0;;1;0;;1;0;;1;0;
155900;0;0;;1;0;;1;0;;1;0;;1;0;;1;0;;1;0;
155910;0;0;;1;0;;1;0;;1;0;;1;0;;1;0;;1;0;
155920;0;0;;1;0;;1;0;;1;0;;1;0;;1;0;;1;0;
155930;0;0;;1;0;;1;0;;1;0;;1;0;;1;0;;1;0;
155940;0;0;;1;0;;1;0;;1;0;;1;0;;1;0;;1;0;
155950;0;0;;1;0;;1;0;;1;0;;1;0;;1;0;;1;0;
155960;0;0;;1;0;;1;0;;1;0;;1;0;;1;0;;1;0;
155970;0;0;;1;0;;1;0;;1;0;;1;0;;1;0;;1;0;
155980;0;0;;1;0;;1;0;;1;0;;1;0;;1;0;;1;0;
155990;0;0;;1;0;;1;0;;1;0;;1;0;;1;0;;1;0;
156000;0;0;;1;0;;1;0;;1;0;;1;0;;1;0;;1;0;
156010;0;0;;1;0;;1;0;;1;0;;1;0;;1;0;;1;0;
156020;0;0;;1;0;;1;0;;1;0;;1;0;;1;0;;1;0;
156030;0;0;;1;0;;1;0;;1;0;;1;0;;1;0;;1;0;
156040;0;0;;1;0;;1;0;;1;0;;1;0;;1;0;;1;0;
156050;0;0;;1;0;;1;0;;1;0;;1;0;;1;0;;1;0;
156060;0;0;;1;0;;1;0;;1;0;;1;0;;1;0;;1;0;
156070;0;0;;1;0;;1;0;;1;0;;1;0;;1;0;;1;0;
156080;0;0;;1;0;;1;0;;1;0;;1;0;;1;0;;1;0;
156090;0;0;;1;0;;1;0;;1;0;;1;0;;1;0;;1;0;
156100;0;0;;1;0;;1;0;;1;0;;1;0;;1;0;;1;0;
156110;0;0;;1;0;;1;0;;1;0;;1;0;;1;0;;1;0;
156120;0;0;;1;0;;1;0;;1;0;;1;0;;1;0;;1;0;
156130;0;0;;1;0;;1;0;;1;0;;1;0;;1;0;;1;0;
156140;0;0;;1;0;;1;0;;1;0;;1;0;;1;0;;1;0;
156150;0;0;;1;0;;1;0;;1;0;;1;0;;1;0;;1;0;
156160;0;0;;1;0;;1;0;;1;0;;1;0;;1;0;;1;0;
156170;0;0;;1;0;;1;0;;1;0;;1;0;;1;0;;1;0;
156180;0;0;;1;0;;1;0;;1;0;;1;0;;1;0;;1;0;
156190;0;0;;1;0;;1;0;;1;0;;1;0;;1;0;;1;0;
156200;0;0;;1;0;;1;0;;1;0;;1;0;;1;0;;1;0;
156210;0;0;;1;0;;1;0;;1;0;;1;0;;1;0;;1;0;
156220;0;0;;1;0;;1;0;;1;0;;1;0;;1;0;;1;0;
156230;0;0;;1;0;;1;0;;1;0;;1;0;;1;0;;1;0;
156240;0;0;;1;0;;1;0;;1;0;;1;0;;1;0;;1;0;
156250;0;0;;1;0;;1;0;;1;0;;1;0;;1;0;;1;0;
156260;0;0;;1;0;;1;0;;1;0;;1;0;;1;0;;1;0;
156270;0;0;;1;0;;1;0;;1;0;;1;0;;1;0;;1;0;
156280;0;0;;1;0;;1;0;;1;0;;1;0;;1;0;;1;0;
156290;0;0;;1;0;;1;0;;1;0;;1;0;;1;0;;1;0;
156300;0;0;;1;0;;1;0;;1;0;;1;0;;1;0;;1;0;
156310;0;0;;1;0;;1;0;;1;0;;1;0;;1;0;;1;0;
156320;0;0;;1;0;;1;0;;1;0;;1;0;;1;0;;1;0;
156330;0;0;;1;0;;1;0;;1;0;;1;0;;1;0;;1;0;
156340;0;0;;1;0;;1;0;;1;0;;1;0;;1;0;;1;0;
156350;0;0;;1;0;;1;0;;1;0;;1;0;;1;0;;1;0;
156360;0;0;;1;0;;1;0;;1;0;;1;0;;1;0;;1;0;
156370;0;0;;1;0;;1;0;;1;0;;1;0;;1;0;;1;0;
156380;0;0;;1;0;;1;0;;1;0;;1;0;;1;0;;1;0;
156390;0;0;;1;0;;1;0;;1;0;;1;0;;1;0;;1;0;
156400;0;0;;1;0;;1;0;;1;0;;1;0;;1;0;;1;0;
156410;0;0;;1;0;;1;0;;1;0;;1;0;;1;0;;1;0;
156420;0;0;;1;0;;1;0;;1;0;;1;0;;1;0;;1;0;
156430;0;0;;1;0;;1;0;;1;0;;1;0;;1;0;;1;0;
156440;0;0;;1;0;;1;0;;1;0;;1;0;;1;0;;1;0;
156450;0;0;;1;0;;1;0;;1;0;;1;0;;1;0;;1;0;
156460;0;0;;1;0;;1;0;;1;0;;1;0;;1;0;;1;0;
156470;0;0;;1;0;;1;0;;1;0;;1;0;;1;0;;1;0;
156480;0;0;;1;0;;1;0;;1;0;;1;0;;1;0;;1;0;
156490;0;0;;1;0;;1;0;;1;0;;1;0;;1;0;;1;0;
156500;0;0;;1;0;;1;0;;1;0;;1;0;;1;0;;1;0;
156510;0;0;;1;0;;1;0;;1;0;;1;0;;1;0;;1;0;
156520;0;0;;1;0;;1;0;;1;0;;1;0;;1;0;;1;0;
156530;0;0;;1;0;;1;0;;1;0;;1;0;;1;0;;1;0;
156540;0;0;;1;0;;1;0;;1;0;;1;0;;1;0;;1;0;
156550;0;0;;1;0;;1;0;;1;0;;1;0;;1;0;;1;0;
156560;0;0;;1;0;;1;0;;1;0;;1;0;;1;0;;1;0;
156570;0;0;;1;0;;1;0;;1;0;;1;0;;1;0;;1;0;
156580;0;0;;1;0;;1;0;;1;0;;1;0;;1;0;;1;0;
156590;0;0;;1;0;;1;0;;1;0;;1;0;;1;0;;1;0;
156600;0;0;;1;0;;1;0;;1;0;;1;0;;1;0;;1;0;
156610;0;0;;1;0;;1;0;;1;0;;1;0;;1;0;;1;0;
156620;0;0;;1;0;;1;0;;1;0;;1;0;;1;0;;1;0;
156630;0;0;;1;0;;1;0;;1;0;;1;0;;1;0;;1;0;
156640;0;0;;1;0;;1;0;;1;0;;1;0;;1;0;;1;0;
156650;0;0;;1;0;;1;0;;1;0;;1;0;;1;0;;1;0;
156660;0;0;;1;0;;1;0;;1;0;;1;0;;1;0;;1;0;
156670;0;0;;1;0;;1;0;;1;0;;1;0;;1;0;;1;0;
156680;0;0;;1;0;;1;0;;1;0;;1;0;;1;0;;1;0;
156690;0;0;;1;0;;1;0;;1;0;;1;0;;1;0;;1;0;
156700;0;0;;1;0;;1;0;;1;0;;1;0;;1;0;;1;0;
156710;0;0;;1;0;;1;0;;1;0;;1;0;;1;0;;1;0;
156720;0;0;;1;0;;1;0;;1;0;;1;0;;1;0;;1;0;
156730;0;0;;1;0;;1;0;;1;0;;1;0;;1;0;;1;0;
156740;0;0;;1;0;;1;0;;1;0;;1;0;;1;0;;1;0;
156750;0;0;;1;0;;1;0;;1;0;;1;0;;1;0;;1;0;
156760;0;0;;1;0;;1;0;;1;0;;1;0;;1;0;;1;0;
156770;0;0;;1;0;;1;0;;1;0;;1;0;;1;0;;1;0;
156780;0;0;;1;0;;1;0;;1;0;;1;0;;1;0;;1;0;
156790;0;0;;1;0;;1;0;;1;0;;1;0;;1;0;;1;0;
156800;0;0;;1;0;;1;0;;1;0;;1;0;;1;0;;1;0;
156810;0;0;;1;0;;1;0;;1;0;;1;0;;1;0;;1;0;
156820;0;0;;1;0;;1;0;;1;0;;1;0;;1;0;;1;0;
156830;0;0;;1;0;;1;0;;1;0;;1;0;;1;0;;1;0;
156840;0;0;;1;0;;1;0;;1;0;;1;0;;1;0;;1;0;
156850;0;0;;1;0;;1;0;;1;0;;1;0;;1;0;;1;0;
156860;0;0;;1;0;;1;0;;1;0;;1;0;;1;0;;1;0;
156870;0;0;;1;0;;1;0;;1;0;;1;0;;1;0;;1;0;
156880;0;0;;1;0;;1;0;;1;0;;1;0;;1;0;;1;0;
156890;0;0;;1;0;;1;0;;1;0;;1;0;;1;0;;1;0;
156900;0;0;;1;0;;1;0;;1;0;;1;0;;1;0;;1;0;
156910;0;0;;1;0;;1;0;;1;0;;1;0;;1;0;;1;0;
156920;0;0;;1;0;;1;0;;1;0;;1;0;;1;0;;1;0;
156930;0;0;;1;0;;1;0;;1;0;;1;0;;1;0;;1;0;
156940;0;0;;1;0;;1;0;;1;0;;1;0;;1;0;;1;0;
156950;0;0;;1;0;;1;0;;1;0;;1;0;;1;0;;1;0;
156960;0;0;;1;0;;1;0;;1;0;;1;0;;1;0;;1;0;
156970;0;0;;1;0;;1;0;;1;0;;1;0;;1;0;;1;0;
156980;0;0;;1;0;;1;0;;1;0;;1;0;;1;0;;1;0;
156990;0;0;;1;0;;1;0;;1;0;;1;0;;1;0;;1;0;
157000;0;0;;1;0;;1;0;;1;0;;1;0;;1;0;;1;0;
157010;0;0;;1;0;;1;0;;1;0;;1;0;;1;0;;1;0;
157020;0;0;;1;0;;1;0;;1;0;;1;0;;1;0;;1;0;
157030;0;0;;1;0;;1;0;;1;0;;1;0;;1;0;;1;0;
157040;0;0;;1;0;;1;0;;1;0;;1;0;;1;0;;1;0;
157050;0;0;;1;0;;1;0;;1;0;;1;0;;1;0;;1;0;
157060;0;0;;1;0;;1;0;;1;0;;1;0;;1;0;;1;0;
157070;0;0;;1;0;;1;0;;1;0;;1;0;;1;0;;1;0;
157080;0;0;;1;0;;1;0;;1;0;;1;0;;1;0;;1;0;
157090;0;0;;1;0;;1;0;;1;0;;1;0;;1;0;;1;0;
157100;0;0;;1;0;;1;0;;1;0;;1;0;;1;0;;1;0;
157110;0;0;;1;0;;1;0;;1;0;;1;0;;1;0;;1;0;
157120;0;0;;1;0;;1;0;;1;0;;1;0;;1;0;;1;0;
157130;0;0;;1;0;;1;0;;1;0;;1;0;;1;0;;1;0;
157140;0;0;;1;0;;1;0;;1;0;;1;0;;1;0;;1;0;
157150;0;0;;1;0;;1;0;;1;0;;1;0;;1;0;;1;0;
157160;0;0;;1;0;;1;0;;1;0;;1;0;;1;0;;1;0;
157170;0;0;;1;0;;1;0;;1;0;;1;0;;1;0;;1;0;
157180;0;0;;1;0;;1;0;;1;0;;1;0;;1;0;;1;0;
157190;0;0;;1;0;;1;0;;1;0;;1;0;;1;0;;1;0;
157200;0;0;;1;0;;1;0;;1;0;;1;0;;1;0;;1;0;
157210;0;0;;1;0;;1;0;;1;0;;1;0;;1;0;;1;0;
157220;0;0;;1;0;;1;0;;1;0;;1;0;;1;0;;1;0;
157230;0;0;;1;0;;1;0;;1;0;;1;0;;1;0;;1;0;
157240;0;0;;1;0;;1;0;;1;0;;1;0;;1;0;;1;0;
157250;0;0;;1;0;;1;0;;1;0;;1;0;;1;0;;1;0;
157260;0;0;;1;0;;1;0;;1;0;;1;0;;1;0;;1;0;
157270;0;0;;1;0;;1;0;;1;0;;1;0;;1;0;;1;0;
157280;0;0;;1;0;;1;0;;1;0;;1;0;;1;0;;1;0;
157290;0;0;;1;0;;1;0;;1;0;;1;0;;1;0;;1;0;
157300;0;0;;1;0;;1;0;;1;0;;1;0;;1;0;;1;0;
157310;0;0;;1;0;;1;0;;1;0;;1;0;;1;0;;1;0;
157320;0;0;;1;0;;1;0;;1;0;;1;0;;1;0;;1;0;
157330;0;0;;1;0;;1;0;;1;0;;1;0;;1;0;;1;0;
157340;0;0;;1;0;;1;0;;1;0;;1;0;;1;0;;1;0;
157350;0;0;;1;0;;1;0;;1;0;;1;0;;1;0;;1;0;
157360;0;0;;1;0;;1;0;;1;0;;1;0;;1;0;;1;0;
157370;0;0;;1;0;;1;0;;1;0;;1;0;;1;0;;1;0;
157380;0;0;;1;0;;1;0;;1;0;;1;0;;1;0;;1;0;
157390;0;0;;1;0;;1;0;;1;0;;1;0;;1;0;;1;0;
157400;0;0;;1;0;;1;0;;1;0;;1;0;;1;0;;1;0;
157410;0;0;;1;0;;1;0;;1;0;;1;0;;1;0;;1;0;
157420;0;0;;1;0;;1;0;;1;0;;1;0;;1;0;;1;0;
157430;0;0;;1;0;;1;0;;1;0;;1;0;;1;0;;1;0;
157440;0;0;;1;0;;1;0;;1;0;;1;0;;1;0;;1;0;
157450;0;0;;1;0;;1;0;;1;0;;1;0;;1;0;;1;0;
157460;0;0;;1;0;;1;0;;1;0;;1;0;;1;0;;1;0;
157470;0;0;;1;0;;1;0;;1;0;;1;0;;1;0;;1;0;
157480;0;0;;1;0;;1;0;;1;0;;1;0;;1;0;;1;0;
157490;0;0;;1;0;;1;0;;1;0;;1;0;;1;0;;1;0;
157500;0;0;;1;0;;1;0;;1;0;;1;0;;1;0;;1;0;
157510;0;0;;1;0;;1;0;;1;0;;1;0;;1;0;;1;0;
157520;0;0;;1;0;;1;0;;1;0;;1;0;;1;0;;1;0;
157530;0;0;;1;0;;1;0;;1;0;;1;0;;1;0;;1;0;
157540;0;0;;1;0;;1;0;;1;0;;1;0;;1;0;;1;0;
157550;0;0;;1;0;;1;0;;1;0;;1;0;;1;0;;1;0;
157560;0;0;;1;0;;1;0;;1;0;;1;0;;1;0;;1;0;
157570;0;0;;1;0;;1;0;;1;0;;1;0;;1;0;;1;0;
157580;0;0;;1;0;;1;0;;1;0;;1;0;;1;0;;1;0;
157590;0;0;;1;0;;1;0;;1;0;;1;0;;1;0;;1;0;
157600;0;0;;1;0;;1;0;;1;0;;1;0;;1;0;;1;0;
157610;0;0;;1;0;;1;0;;1;0;;1;0;;1;0;;1;0;
157620;0;0;;1;0;;1;0;;1;0;;1;0;;1;0;;1;0;
157630;0;0;;1;0;;1;0;;1;0;;1;0;;1;0;;1;0;
157640;0;0;;1;0;;1;0;;1;0;;1;0;;1;0;;1;0;
157650;0;0;;1;0;;1;0;;1;0;;1;0;;1;0;;1;0;
157660;0;0;;1;0;;1;0;;1;0;;1;0;;1;0;;1;0;
157670;0;0;;1;0;;1;0;;1;0;;1;0;;1;0;;1;0;
157680;0;0;;1;0;;1;0;;1;0;;1;0;;1;0;;1;0;
157690;0;0;;1;0;;1;0;;1;0;;1;0;;1;0;;1;0;
157700;0;0;;1;0;;1;0;;1;0;;1;0;;1;0;;1;0;
157710;0;0;;1;0;;1;0;;1;0;;1;0;;1;0;;1;0;
157720;0;0;;1;0;;1;0;;1;0;;1;0;;1;0;;1;0;
157730;0;0;;1;0;;1;0;;1;0;;1;0;;1;0;;1;0;
157740;0;0;;1;0;;1;0;;1;0;;1;0;;1;0;;1;0;
157750;0;0;;1;0;;1;0;;1;0;;1;0;;1;0;;1;0;
157760;0;0;;1;0;;1;0;;1;0;;1;0;;1;0;;1;0;
157770;0;0;;1;0;;1;0;;1;0;;1;0;;1;0;;1;0;
157780;0;0;;1;0;;1;0;;1;0;;1;0;;1;0;;1;0;
157790;0;0;;1;0;;1;0;;1;0;;1;0;;1;0;;1;0;
157800;0;0;;1;0;;1;0;;1;0;;1;0;;1;0;;1;0;
157810;0;0;;1;0;;1;0;;1;0;;1;0;;1;0;;1;0;
157820;0;0;;1;0;;1;0;;1;0;;1;0;;1;0;;1;0;
157830;0;0;;1;0;;1;0;;1;0;;1;0;;1;0;;1;0;
157840;0;0;;1;0;;1;0;;1;0;;1;0;;1;0;;1;0;
157850;0;0;;1;0;;1;0;;1;0;;1;0;;1;0;;1;0;
157860;0;0;;1;0;;1;0;;1;0;;1;0;;1;0;;1;0;
157870;0;0;;1;0;;1;0;;1;0;;1;0;;1;0;;1;0;
157880;0;0;;1;0;;1;0;;1;0;;1;0;;1;0;;1;0;
157890;0;0;;1;0;;1;0;;1;0;;1;0;;1;0;;1;0;
157900;0;0;;1;0;;1;0;;1;0;;1;0;;1;0;;1;0;
157910;0;0;;1;0;;1;0;;1;0;;1;0;;1;0;;1;0;
157920;0;0;;1;0;;1;0;;1;0;;1;0;;1;0;;1;0;
157930;0;0;;1;0;;1;0;;1;0;;1;0;;1;0;;1;0;
157940;0;0;;1;0;;1;0;;1;0;;1;0;;1;0;;1;0;
157950;0;0;;1;0;;1;0;;1;0;;1;0;;1;0;;1;0;
157960;0;0;;1;0;;1;0;;1;0;;1;0;;1;0;;1;0;
157970;0;0;;1;0;;1;0;;1;0;;1;0;;1;0;;1;0;
157980;0;0;;1;0;;1;0;;1;0;;1;0;;1;0;;1;0;
157990;0;0;;1;0;;1;0;;1;0;;1;0;;1;0;;1;0;
158000;0;0;;1;0;;1;0;;1;0;;1;0;;1;0;;1;0;
158010;0;0;;1;0;;1;0;;1;0;;1;0;;1;0;;1;0;
158020;0;0;;1;0;;1;0;;1;0;;1;0;;1;0;;1;0;
158030;0;0;;1;0;;1;0;;1;0;;1;0;;1;0;;1;0;
158040;0;0;;1;0;;1;0;;1;0;;1;0;;1;0;;1;0;
158050;0;0;;1;0;;1;0;;1;0;;1;0;;1;0;;1;0;
158060;0;0;;1;0;;1;0;;1;0;;1;0;;1;0;;1;0;
158070;0;0;;1;0;;1;0;;1;0;;1;0;;1;0;;1;0;
158080;0;0;;1;0;;1;0;;1;0;;1;0;;1;0;;1;0;
158090;0;0;;1;0;;1;0;;1;0;;1;0;;1;0;;1;0;
158100;0;0;;1;0;;1;0;;1;0;;1;0;;1;0;;1;0;
158110;0;0;;1;0;;1;0;;1;0;;1;0;;1;0;;1;0;
158120;0;0;;1;0;;1;0;;1;0;;1;0;;1;0;;1;0;
158130;0;0;;1;0;;1;0;;1;0;;1;0;;1;0;;1;0;
158140;0;0;;1;0;;1;0;;1;0;;1;0;;1;0;;1;0;
158150;0;0;;1;0;;1;0;;1;0;;1;0;;1;0;;1;0;
158160;0;0;;1;0;;1;0;;1;0;;1;0;;1;0;;1;0;
158170;0;0;;1;0;;1;0;;1;0;;1;0;;1;0;;1;0;
158180;0;0;;1;0;;1;0;;1;0;;1;0;;1;0;;1;0;
158190;0;0;;1;0;;1;0;;1;0;;1;0;;1;0;;1;0;
158200;0;0;;1;0;;1;0;;1;0;;1;0;;1;0;;1;0;
158210;0;0;;1;0;;1;0;;1;0;;1;0;;1;0;;1;0;
158220;0;0;;1;0;;1;0;;1;0;;1;0;;1;0;;1;0;
158230;0;0;;1;0;;1;0;;1;0;;1;0;;1;0;;1;0;
158240;0;0;;1;0;;1;0;;1;0;;1;0;;1;0;;1;0;
158250;0;0;;1;0;;1;0;;1;0;;1;0;;1;0;;1;0;
158260;0;0;;1;0;;1;0;;1;0;;1;0;;1;0;;1;0;
158270;0;0;;1;0;;1;0;;1;0;;1;0;;1;0;;1;0;
158280;0;0;;1;0;;1;0;;1;0;;1;0;;1;0;;1;0;
158290;0;0;;1;0;;1;0;;1;0;;1;0;;1;0;;1;0;
158300;0;0;;1;0;;1;0;;1;0;;1;0;;1;0;;1;0;
158310;0;0;;1;0;;1;0;;1;0;;1;0;;1;0;;1;0;
158320;0;0;;1;0;;1;0;;1;0;;1;0;;1;0;;1;0;
158330;0;0;;1;0;;1;0;;1;0;;1;0;;1;0;;1;0;
158340;0;0;;1;0;;1;0;;1;0;;1;0;;1;0;;1;0;
158350;0;0;;1;0;;1;0;;1;0;;1;0;;1;0;;1;0;
158360;0;0;;1;0;;1;0;;1;0;;1;0;;1;0;;1;0;
158370;0;0;;1;0;;1;0;;1;0;;1;0;;1;0;;1;0;
158380;0;0;;1;0;;1;0;;1;0;;1;0;;1;0;;1;0;
158390;0;0;;1;0;;1;0;;1;0;;1;0;;1;0;;1;0;
158400;0;0;;1;0;;1;0;;1;0;;1;0;;1;0;;1;0;
158410;0;0;;1;0;;1;0;;1;0;;1;0;;1;0;;1;0;
158420;0;0;;1;0;;1;0;;1;0;;1;0;;1;0;;1;0;
158430;0;0;;1;0;;1;0;;1;0;;1;0;;1;0;;1;0;
158440;0;0;;1;0;;1;0;;1;0;;1;0;;1;0;;1;0;
158450;0;0;;1;0;;1;0;;1;0;;1;0;;1;0;;1;0;
158460;0;0;;1;0;;1;0;;1;0;;1;0;;1;0;;1;0;
158470;0;0;;1;0;;1;0;;1;0;;1;0;;1;0;;1;0;
158480;0;0;;1;0;;1;0;;1;0;;1;0;;1;0;;1;0;
158490;0;0;;1;0;;1;0;;1;0;;1;0;;1;0;;1;0;
158500;0;0;;1;0;;1;0;;1;0;;1;0;;1;0;;1;0;
158510;0;0;;1;0;;1;0;;1;0;;1;0;;1;0;;1;0;
158520;0;0;;1;0;;1;0;;1;0;;1;0;;1;0;;1;0;
158530;0;0;;1;0;;1;0;;1;0;;1;0;;1;0;;1;0;
158540;0;0;;1;0;;1;0;;1;0;;1;0;;1;0;;1;0;
158550;0;0;;1;0;;1;0;;1;0;;1;0;;1;0;;1;0;
158560;0;0;;1;0;;1;0;;1;0;;1;0;;1;0;;1;0;
158570;0;0;;1;0;;1;0;;1;0;;1;0;;1;0;;1;0;
158580;0;0;;1;0;;1;0;;1;0;;1;0;;1;0;;1;0;
158590;0;0;;1;0;;1;0;;1;0;;1;0;;1;0;;1;0;
158600;0;0;;1;0;;1;0;;1;0;;1;0;;1;0;;1;0;
158610;0;0;;1;0;;1;0;;1;0;;1;0;;1;0;;1;0;
158620;0;0;;1;0;;1;0;;1;0;;1;0;;1;0;;1;0;
158630;0;0;;1;0;;1;0;;1;0;;1;0;;1;0;;1;0;
158640;0;0;;1;0;;1;0;;1;0;;1;0;;1;0;;1;0;
158650;0;0;;1;0;;1;0;;1;0;;1;0;;1;0;;1;0;
158660;0;0;;1;0;;1;0;;1;0;;1;0;;1;0;;1;0;
158670;0;0;;1;0;;1;0;;1;0;;1;0;;1;0;;1;0;
158680;0;0;;1;0;;1;0;;1;0;;1;0;;1;0;;1;0;
158690;0;0;;1;0;;1;0;;1;0;;1;0;;1;0;;1;0;
158700;0;0;;1;0;;1;0;;1;0;;1;0;;1;0;;1;0;
158710;0;0;;1;0;;1;0;;1;0;;1;0;;1;0;;1;0;
158720;0;0;;1;0;;1;0;;1;0;;1;0;;1;0;;1;0;
158730;0;0;;1;0;;1;0;;1;0;;1;0;;1;0;;1;0;
158740;0;0;;1;0;;1;0;;1;0;;1;0;;1;0;;1;0;
158750;0;0;;1;0;;1;0;;1;0;;1;0;;1;0;;1;0;
158760;0;0;;1;0;;1;0;;1;0;;1;0;;1;0;;1;0;
158770;0;0;;1;0;;1;0;;1;0;;1;0;;1;0;;1;0;
158780;0;0;;1;0;;1;0;;1;0;;1;0;;1;0;;1;0;
158790;0;0;;1;0;;1;0;;1;0;;1;0;;1;0;;1;0;
158800;0;0;;1;0;;1;0;;1;0;;1;0;;1;0;;1;0;
158810;0;0;;1;0;;1;0;;1;0;;1;0;;1;0;;1;0;
158820;0;0;;1;0;;1;0;;1;0;;1;0;;1;0;;1;0;
158830;0;0;;1;0;;1;0;;1;0;;1;0;;1;0;;1;0;
158840;0;0;;1;0;;1;0;;1;0;;1;0;;1;0;;1;0;
158850;0;0;;1;0;;1;0;;1;0;;1;0;;1;0;;1;0;
158860;0;0;;1;0;;1;0;;1;0;;1;0;;1;0;;1;0;
158870;0;0;;1;0;;1;0;;1;0;;1;0;;1;0;;1;0;
158880;0;0;;1;0;;1;0;;1;0;;1;0;;1;0;;1;0;
158890;0;0;;1;0;;1;0;;1;0;;1;0;;1;0;;1;0;
158900;0;0;;1;0;;1;0;;1;0;;1;0;;1;0;;1;0;
158910;0;0;;1;0;;1;0;;1;0;;1;0;;1;0;;1;0;
158920;0;0;;1;0;;1;0;;1;0;;1;0;;1;0;;1;0;
158930;0;0;;1;0;;1;0;;1;0;;1;0;;1;0;;1;0;
158940;0;0;;1;0;;1;0;;1;0;;1;0;;1;0;;1;0;
158950;0;0;;1;0;;1;0;;1;0;;1;0;;1;0;;1;0;
158960;0;0;;1;0;;1;0;;1;0;;1;0;;1;0;;1;0;
158970;0;0;;1;0;;1;0;;1;0;;1;0;;1;0;;1;0;
158980;0;0;;1;0;;1;0;;1;0;;1;0;;1;0;;1;0;
158990;0;0;;1;0;;1;0;;1;0;;1;0;;1;0;;1;0;
159000;0;0;;1;0;;1;0;;1;0;;1;0;;1;0;;1;0;
159010;0;0;;1;0;;1;0;;1;0;;1;0;;1;0;;1;0;
159020;0;0;;1;0;;1;0;;1;0;;1;0;;1;0;;1;0;
159030;0;0;;1;0;;1;0;;1;0;;1;0;;1;0;;1;0;
159040;0;0;;1;0;;1;0;;1;0;;1;0;;1;0;;1;0;
159050;0;0;;1;0;;1;0;;1;0;;1;0;;1;0;;1;0;
159060;0;0;;1;0;;1;0;;1;0;;1;0;;1;0;;1;0;
159070;0;0;;1;0;;1;0;;1;0;;1;0;;1;0;;1;0;
159080;0;0;;1;0;;1;0;;1;0;;1;0;;1;0;;1;0;
159090;0;0;;1;0;;1;0;;1;0;;1;0;;1;0;;1;0;
159100;0;0;;1;0;;1;0;;1;0;;1;0;;1;0;;1;0;
159110;0;0;;1;0;;1;0;;1;0;;1;0;;1;0;;1;0;
159120;0;0;;1;0;;1;0;;1;0;;1;0;;1;0;;1;0;
159130;0;0;;1;0;;1;0;;1;0;;1;0;;1;0;;1;0;
159140;0;0;;1;0;;1;0;;1;0;;1;0;;1;0;;1;0;
159150;0;0;;1;0;;1;0;;1;0;;1;0;;1;0;;1;0;
159160;0;0;;1;0;;1;0;;1;0;;1;0;;1;0;;1;0;
159170;0;0;;1;0;;1;0;;1;0;;1;0;;1;0;;1;0;
159180;0;0;;1;0;;1;0;;1;0;;1;0;;1;0;;1;0;
159190;0;0;;1;0;;1;0;;1;0;;1;0;;1;0;;1;0;
159200;0;0;;1;0;;1;0;;1;0;;1;0;;1;0;;1;0;
159210;0;0;;1;0;;1;0;;1;0;;1;0;;1;0;;1;0;
159220;0;0;;1;0;;1;0;;1;0;;1;0;;1;0;;1;0;
159230;0;0;;1;0;;1;0;;1;0;;1;0;;1;0;;1;0;
159240;0;0;;1;0;;1;0;;1;0;;1;0;;1;0;;1;0;
159250;0;0;;1;0;;1;0;;1;0;;1;0;;1;0;;1;0;
159260;0;0;;1;0;;1;0;;1;0;;1;0;;1;0;;1;0;
159270;0;0;;1;0;;1;0;;1;0;;1;0;;1;0;;1;0;
159280;0;0;;1;0;;1;0;;1;0;;1;0;;1;0;;1;0;
159290;0;0;;1;0;;1;0;;1;0;;1;0;;1;0;;1;0;
159300;0;0;;1;0;;1;0;;1;0;;1;0;;1;0;;1;0;
159310;0;0;;1;0;;1;0;;1;0;;1;0;;1;0;;1;0;
159320;0;0;;1;0;;1;0;;1;0;;1;0;;1;0;;1;0;
159330;0;0;;1;0;;1;0;;1;0;;1;0;;1;0;;1;0;
159340;0;0;;1;0;;1;0;;1;0;;1;0;;1;0;;1;0;
159350;0;0;;1;0;;1;0;;1;0;;1;0;;1;0;;1;0;
159360;0;0;;1;0;;1;0;;1;0;;1;0;;1;0;;1;0;
159370;0;0;;1;0;;1;0;;1;0;;1;0;;1;0;;1;0;
159380;0;0;;1;0;;1;0;;1;0;;1;0;;1;0;;1;0;
159390;0;0;;1;0;;1;0;;1;0;;1;0;;1;0;;1;0;
159400;0;0;;1;0;;1;0;;1;0;;1;0;;1;0;;1;0;
159410;0;0;;1;0;;1;0;;1;0;;1;0;;1;0;;1;0;
159420;0;0;;1;0;;1;0;;1;0;;1;0;;1;0;;1;0;
159430;0;0;;1;0;;1;0;;1;0;;1;0;;1;0;;1;0;
159440;0;0;;1;0;;1;0;;1;0;;1;0;;1;0;;1;0;
159450;0;0;;1;0;;1;0;;1;0;;1;0;;1;0;;1;0;
159460;0;0;;1;0;;1;0;;1;0;;1;0;;1;0;;1;0;
159470;0;0;;1;0;;1;0;;1;0;;1;0;;1;0;;1;0;
159480;0;0;;1;0;;1;0;;1;0;;1;0;;1;0;;1;0;
159490;0;0;;1;0;;1;0;;1;0;;1;0;;1;0;;1;0;
159500;0;0;;1;0;;1;0;;1;0;;1;0;;1;0;;1;0;
159510;0;0;;1;0;;1;0;;1;0;;1;0;;1;0;;1;0;
159520;0;0;;1;0;;1;0;;1;0;;1;0;;1;0;;1;0;
159530;0;0;;1;0;;1;0;;1;0;;1;0;;1;0;;1;0;
159540;0;0;;1;0;;1;0;;1;0;;1;0;;1;0;;1;0;
159550;0;0;;1;0;;1;0;;1;0;;1;0;;1;0;;1;0;
159560;0;0;;1;0;;1;0;;1;0;;1;0;;1;0;;1;0;
159570;0;0;;1;0;;1;0;;1;0;;1;0;;1;0;;1;0;
159580;0;0;;1;0;;1;0;;1;0;;1;0;;1;0;;1;0;
159590;0;0;;1;0;;1;0;;1;0;;1;0;;1;0;;1;0;
159600;0;0;;1;0;;1;0;;1;0;;1;0;;1;0;;1;0;
159610;0;0;;1;0;;1;0;;1;0;;1;0;;1;0;;1;0;
159620;0;0;;1;0;;1;0;;1;0;;1;0;;1;0;;1;0;
159630;0;0;;1;0;;1;0;;1;0;;1;0;;1;0;;1;0;
159640;0;0;;1;0;;1;0;;1;0;;1;0;;1;0;;1;0;
159650;0;0;;1;0;;1;0;;1;0;;1;0;;1;0;;1;0;
159660;0;0;;1;0;;1;0;;1;0;;1;0;;1;0;;1;0;
159670;0;0;;1;0;;1;0;;1;0;;1;0;;1;0;;1;0;
159680;0;0;;1;0;;1;0;;1;0;;1;0;;1;0;;1;0;
159690;0;0;;1;0;;1;0;;1;0;;1;0;;1;0;;1;0;
159700;0;0;;1;0;;1;0;;1;0;;1;0;;1;0;;1;0;
159710;0;0;;1;0;;1;0;;1;0;;1;0;;1;0;;1;0;
159720;0;0;;1;0;;1;0;;1;0;;1;0;;1;0;;1;0;
159730;0;0;;1;0;;1;0;;1;0;;1;0;;1;0;;1;0;
159740;0;0;;1;0;;1;0;;1;0;;1;0;;1;0;;1;0;
159750;0;0;;1;0;;1;0;;1;0;;1;0;;1;0;;1;0;
159760;0;0;;1;0;;1;0;;1;0;;1;0;;1;0;;1;0;
159770;0;0;;1;0;;1;0;;1;0;;1;0;;1;0;;1;0;
159780;0;0;;1;0;;1;0;;1;0;;1;0;;1;0;;1;0;
159790;0;0;;1;0;;1;0;;1;0;;1;0;;1;0;;1;0;
159800;0;0;;1;0;;1;0;;1;0;;1;0;;1;0;;1;0;
159810;0;0;;1;0;;1;0;;1;0;;1;0;;1;0;;1;0;
159820;0;0;;1;0;;1;0;;1;0;;1;0;;1;0;;1;0;
159830;0;0;;1;0;;1;0;;1;0;;1;0;;1;0;;1;0;
159840;0;0;;1;0;;1;0;;1;0;;1;0;;1;0;;1;0;
159850;0;0;;1;0;;1;0;;1;0;;1;0;;1;0;;1;0;
159860;0;0;;1;0;;1;0;;1;0;;1;0;;1;0;;1;0;
159870;0;0;;1;0;;1;0;;1;0;;1;0;;1;0;;1;0;
159880;0;0;;1;0;;1;0;;1;0;;1;0;;1;0;;1;0;
159890;0;0;;1;0;;1;0;;1;0;;1;0;;1;0;;1;0;
159900;0;0;;1;0;;1;0;;1;0;;1;0;;1;0;;1;0;
159910;0;0;;1;0;;1;0;;1;0;;1;0;;1;0;;1;0;
159920;0;0;;1;0;;1;0;;1;0;;1;0;;1;0;;1;0;
159930;0;0;;1;0;;1;0;;1;0;;1;0;;1;0;;1;0;
159940;0;0;;1;0;;1;0;;1;0;;1;0;;1;0;;1;0;
159950;0;0;;1;0;;1;0;;1;0;;1;0;;1;0;;1;0;
159960;0;0;;1;0;;1;0;;1;0;;1;0;;1;0;;1;0;
159970;0;0;;1;0;;1;0;;1;0;;1;0;;1;0;;1;0;
159980;0;0;;1;0;;1;0;;1;0;;1;0;;1;0;;1;0;
159990;0;0;;1;0;;1;0;;1;0;;1;0;;1;0;;1;0;
160000;0;0;;1;0;;1;0;;1;0;;1;0;;1;0;;1;0;
160010;0;0;;1;0;;1;0;;1;0;;1;0;;1;0;;1;0;
160020;0;0;;1;0;;1;0;;1;0;;1;0;;1;0;;1;0;
160030;0;0;;1;0;;1;0;;1;0;;1;0;;1;0;;1;0;
160040;0;0;;1;0;;1;0;;1;0;;1;0;;1;0;;1;0;
160050;0;0;;1;0;;1;0;;1;0;;1;0;;1;0;;1;0;
160060;0;0;;1;0;;1;0;;1;0;;1;0;;1;0;;1;0;
160070;0;0;;1;0;;1;0;;1;0;;1;0;;1;0;;1;0;
160080;0;0;;1;0;;1;0;;1;0;;1;0;;1;0;;1;0;
160090;0;0;;1;0;;1;0;;1;0;;1;0;;1;0;;1;0;
160100;0;0;;1;0;;1;0;;1;0;;1;0;;1;0;;1;0;
160110;0;0;;1;0;;1;0;;1;0;;1;0;;1;0;;1;0;
160120;0;0;;1;0;;1;0;;1;0;;1;0;;1;0;;1;0;
160130;0;0;;1;0;;1;0;;1;0;;1;0;;1;0;;1;0;
160140;0;0;;1;0;;1;0;;1;0;;1;0;;1;0;;1;0;
160150;0;0;;1;0;;1;0;;1;0;;1;0;;1;0;;1;0;
160160;0;0;;1;0;;1;0;;1;0;;1;0;;1;0;;1;0;
160170;0;0;;1;0;;1;0;;1;0;;1;0;;1;0;;1;0;
160180;0;0;;1;0;;1;0;;1;0;;1;0;;1;0;;1;0;
160190;0;0;;1;0;;1;0;;1;0;;1;0;;1;0;;1;0;
160200;0;0;;1;0;;1;0;;1;0;;1;0;;1;0;;1;0;
160210;0;0;;1;0;;1;0;;1;0;;1;0;;1;0;;1;0;
160220;0;0;;1;0;;1;0;;1;0;;1;0;;1;0;;1;0;
160230;0;0;;1;0;;1;0;;1;0;;1;0;;1;0;;1;0;
160240;0;0;;1;0;;1;0;;1;0;;1;0;;1;0;;1;0;
160250;0;0;;1;0;;1;0;;1;0;;1;0;;1;0;;1;0;
160260;0;0;;1;0;;1;0;;1;0;;1;0;;1;0;;1;0;
160270;0;0;;1;0;;1;0;;1;0;;1;0;;1;0;;1;0;
160280;0;0;;1;0;;1;0;;1;0;;1;0;;1;0;;1;0;
160290;0;0;;1;0;;1;0;;1;0;;1;0;;1;0;;1;0;
160300;0;0;;1;0;;1;0;;1;0;;1;0;;1;0;;1;0;
160310;0;0;;1;0;;1;0;;1;0;;1;0;;1;0;;1;0;
160320;0;0;;1;0;;1;0;;1;0;;1;0;;1;0;;1;0;
160330;0;0;;1;0;;1;0;;1;0;;1;0;;1;0;;1;0;
160340;0;0;;1;0;;1;0;;1;0;;1;0;;1;0;;1;0;
160350;0;0;;1;0;;1;0;;1;0;;1;0;;1;0;;1;0;
160360;0;0;;1;0;;1;0;;1;0;;1;0;;1;0;;1;0;
160370;0;0;;1;0;;1;0;;1;0;;1;0;;1;0;;1;0;
160380;0;0;;1;0;;1;0;;1;0;;1;0;;1;0;;1;0;
160390;0;0;;1;0;;1;0;;1;0;;1;0;;1;0;;1;0;
160400;0;0;;1;0;;1;0;;1;0;;1;0;;1;0;;1;0;
160410;0;0;;1;0;;1;0;;1;0;;1;0;;1;0;;1;0;
160420;0;0;;1;0;;1;0;;1;0;;1;0;;1;0;;1;0;
160430;0;0;;1;0;;1;0;;1;0;;1;0;;1;0;;1;0;
160440;0;0;;1;0;;1;0;;1;0;;1;0;;1;0;;1;0;
160450;0;0;;1;0;;1;0;;1;0;;1;0;;1;0;;1;0;
160460;0;0;;1;0;;1;0;;1;0;;1;0;;1;0;;1;0;
160470;0;0;;1;0;;1;0;;1;0;;1;0;;1;0;;1;0;
160480;0;0;;1;0;;1;0;;1;0;;1;0;;1;0;;1;0;
160490;0;0;;1;0;;1;0;;1;0;;1;0;;1;0;;1;0;
160500;0;0;;1;0;;1;0;;1;0;;1;0;;1;0;;1;0;
160510;0;0;;1;0;;1;0;;1;0;;1;0;;1;0;;1;0;
160520;0;0;;1;0;;1;0;;1;0;;1;0;;1;0;;1;0;
160530;0;0;;1;0;;1;0;;1;0;;1;0;;1;0;;1;0;
160540;0;0;;1;0;;1;0;;1;0;;1;0;;1;0;;1;0;
160550;0;0;;1;0;;1;0;;1;0;;1;0;;1;0;;1;0;
160560;0;0;;1;0;;1;0;;1;0;;1;0;;1;0;;1;0;
160570;0;0;;1;0;;1;0;;1;0;;1;0;;1;0;;1;0;
160580;0;0;;1;0;;1;0;;1;0;;1;0;;1;0;;1;0;
160590;0;0;;1;0;;1;0;;1;0;;1;0;;1;0;;1;0;
160600;0;0;;1;0;;1;0;;1;0;;1;0;;1;0;;1;0;
160610;0;0;;1;0;;1;0;;1;0;;1;0;;1;0;;1;0;
160620;0;0;;1;0;;1;0;;1;0;;1;0;;1;0;;1;0;
160630;0;0;;1;0;;1;0;;1;0;;1;0;;1;0;;1;0;
160640;0;0;;1;0;;1;0;;1;0;;1;0;;1;0;;1;0;
160650;0;0;;1;0;;1;0;;1;0;;1;0;;1;0;;1;0;
160660;0;0;;1;0;;1;0;;1;0;;1;0;;1;0;;1;0;
160670;0;0;;1;0;;1;0;;1;0;;1;0;;1;0;;1;0;
160680;0;0;;1;0;;1;0;;1;0;;1;0;;1;0;;1;0;
160690;0;0;;1;0;;1;0;;1;0;;1;0;;1;0;;1;0;
160700;0;0;;1;0;;1;0;;1;0;;1;0;;1;0;;1;0;
160710;0;0;;1;0;;1;0;;1;0;;1;0;;1;0;;1;0;
160720;0;0;;1;0;;1;0;;1;0;;1;0;;1;0;;1;0;
160730;0;0;;1;0;;1;0;;1;0;;1;0;;1;0;;1;0;
160740;0;0;;1;0;;1;0;;1;0;;1;0;;1;0;;1;0;
160750;0;0;;1;0;;1;0;;1;0;;1;0;;1;0;;1;0;
160760;0;0;;1;0;;1;0;;1;0;;1;0;;1;0;;1;0;
160770;0;0;;1;0;;1;0;;1;0;;1;0;;1;0;;1;0;
160780;0;0;;1;0;;1;0;;1;0;;1;0;;1;0;;1;0;
160790;0;0;;1;0;;1;0;;1;0;;1;0;;1;0;;1;0;
160800;0;0;;1;0;;1;0;;1;0;;1;0;;1;0;;1;0;
160810;0;0;;1;0;;1;0;;1;0;;1;0;;1;0;;1;0;
160820;0;0;;1;0;;1;0;;1;0;;1;0;;1;0;;1;0;
160830;0;0;;1;0;;1;0;;1;0;;1;0;;1;0;;1;0;
160840;0;0;;1;0;;1;0;;1;0;;1;0;;1;0;;1;0;
160850;0;0;;1;0;;1;0;;1;0;;1;0;;1;0;;1;0;
160860;0;0;;1;0;;1;0;;1;0;;1;0;;1;0;;1;0;
160870;0;0;;1;0;;1;0;;1;0;;1;0;;1;0;;1;0;
160880;0;0;;1;0;;1;0;;1;0;;1;0;;1;0;;1;0;
160890;0;0;;1;0;;1;0;;1;0;;1;0;;1;0;;1;0;
160900;0;0;;1;0;;1;0;;1;0;;1;0;;1;0;;1;0;
160910;0;0;;1;0;;1;0;;1;0;;1;0;;1;0;;1;0;
160920;0;0;;1;0;;1;0;;1;0;;1;0;;1;0;;1;0;
160930;0;0;;1;0;;1;0;;1;0;;1;0;;1;0;;1;0;
160940;0;0;;1;0;;1;0;;1;0;;1;0;;1;0;;1;0;
160950;0;0;;1;0;;1;0;;1;0;;1;0;;1;0;;1;0;
160960;0;0;;1;0;;1;0;;1;0;;1;0;;1;0;;1;0;
160970;0;0;;1;0;;1;0;;1;0;;1;0;;1;0;;1;0;
160980;0;0;;1;0;;1;0;;1;0;;1;0;;1;0;;1;0;
160990;0;0;;1;0;;1;0;;1;0;;1;0;;1;0;;1;0;
161000;0;0;;1;0;;1;0;;1;0;;1;0;;1;0;;1;0;
161010;0;0;;1;0;;1;0;;1;0;;1;0;;1;0;;1;0;
161020;0;0;;1;0;;1;0;;1;0;;1;0;;1;0;;1;0;
161030;0;0;;1;0;;1;0;;1;0;;1;0;;1;0;;1;0;
161040;0;0;;1;0;;1;0;;1;0;;1;0;;1;0;;1;0;
161050;0;0;;1;0;;1;0;;1;0;;1;0;;1;0;;1;0;
161060;0;0;;1;0;;1;0;;1;0;;1;0;;1;0;;1;0;
161070;0;0;;1;0;;1;0;;1;0;;1;0;;1;0;;1;0;
161080;0;0;;1;0;;1;0;;1;0;;1;0;;1;0;;1;0;
161090;0;0;;1;0;;1;0;;1;0;;1;0;;1;0;;1;0;
161100;0;0;;1;0;;1;0;;1;0;;1;0;;1;0;;1;0;
161110;0;0;;1;0;;1;0;;1;0;;1;0;;1;0;;1;0;
161120;0;0;;1;0;;1;0;;1;0;;1;0;;1;0;;1;0;
161130;0;0;;1;0;;1;0;;1;0;;1;0;;1;0;;1;0;
161140;0;0;;1;0;;1;0;;1;0;;1;0;;1;0;;1;0;
161150;0;0;;1;0;;1;0;;1;0;;1;0;;1;0;;1;0;
161160;0;0;;1;0;;1;0;;1;0;;1;0;;1;0;;1;0;
161170;0;0;;1;0;;1;0;;1;0;;1;0;;1;0;;1;0;
161180;0;0;;1;0;;1;0;;1;0;;1;0;;1;0;;1;0;
161190;0;0;;1;0;;1;0;;1;0;;1;0;;1;0;;1;0;
161200;0;0;;1;0;;1;0;;1;0;;1;0;;1;0;;1;0;
161210;0;0;;1;0;;1;0;;1;0;;1;0;;1;0;;1;0;
161220;0;0;;1;0;;1;0;;1;0;;1;0;;1;0;;1;0;
161230;0;0;;1;0;;1;0;;1;0;;1;0;;1;0;;1;0;
161240;0;0;;1;0;;1;0;;1;0;;1;0;;1;0;;1;0;
161250;0;0;;1;0;;1;0;;1;0;;1;0;;1;0;;1;0;
161260;0;0;;1;0;;1;0;;1;0;;1;0;;1;0;;1;0;
161270;0;0;;1;0;;1;0;;1;0;;1;0;;1;0;;1;0;
161280;0;0;;1;0;;1;0;;1;0;;1;0;;1;0;;1;0;
161290;0;0;;1;0;;1;0;;1;0;;1;0;;1;0;;1;0;
161300;0;0;;1;0;;1;0;;1;0;;1;0;;1;0;;1;0;
161310;0;0;;1;0;;1;0;;1;0;;1;0;;1;0;;1;0;
161320;0;0;;1;0;;1;0;;1;0;;1;0;;1;0;;1;0;
161330;0;0;;1;0;;1;0;;1;0;;1;0;;1;0;;1;0;
161340;0;0;;1;0;;1;0;;1;0;;1;0;;1;0;;1;0;
161350;0;0;;1;0;;1;0;;1;0;;1;0;;1;0;;1;0;
161360;0;0;;1;0;;1;0;;1;0;;1;0;;1;0;;1;0;
161370;0;0;;1;0;;1;0;;1;0;;1;0;;1;0;;1;0;
161380;0;0;;1;0;;1;0;;1;0;;1;0;;1;0;;1;0;
161390;0;0;;1;0;;1;0;;1;0;;1;0;;1;0;;1;0;
161400;0;0;;1;0;;1;0;;1;0;;1;0;;1;0;;1;0;
161410;0;0;;1;0;;1;0;;1;0;;1;0;;1;0;;1;0;
161420;0;0;;1;0;;1;0;;1;0;;1;0;;1;0;;1;0;
161430;0;0;;1;0;;1;0;;1;0;;1;0;;1;0;;1;0;
161440;0;0;;1;0;;1;0;;1;0;;1;0;;1;0;;1;0;
161450;0;0;;1;0;;1;0;;1;0;;1;0;;1;0;;1;0;
161460;0;0;;1;0;;1;0;;1;0;;1;0;;1;0;;1;0;
161470;0;0;;1;0;;1;0;;1;0;;1;0;;1;0;;1;0;
161480;0;0;;1;0;;1;0;;1;0;;1;0;;1;0;;1;0;
161490;0;0;;1;0;;1;0;;1;0;;1;0;;1;0;;1;0;
161500;0;0;;1;0;;1;0;;1;0;;1;0;;1;0;;1;0;
161510;0;0;;1;0;;1;0;;1;0;;1;0;;1;0;;1;0;
161520;0;0;;1;0;;1;0;;1;0;;1;0;;1;0;;1;0;
161530;0;0;;1;0;;1;0;;1;0;;1;0;;1;0;;1;0;
161540;0;0;;1;0;;1;0;;1;0;;1;0;;1;0;;1;0;
161550;0;0;;1;0;;1;0;;1;0;;1;0;;1;0;;1;0;
161560;0;0;;1;0;;1;0;;1;0;;1;0;;1;0;;1;0;
161570;0;0;;1;0;;1;0;;1;0;;1;0;;1;0;;1;0;
161580;0;0;;1;0;;1;0;;1;0;;1;0;;1;0;;1;0;
161590;0;0;;1;0;;1;0;;1;0;;1;0;;1;0;;1;0;
161600;0;0;;1;0;;1;0;;1;0;;1;0;;1;0;;1;0;
161610;0;0;;1;0;;1;0;;1;0;;1;0;;1;0;;1;0;
161620;0;0;;1;0;;1;0;;1;0;;1;0;;1;0;;1;0;
161630;0;0;;1;0;;1;0;;1;0;;1;0;;1;0;;1;0;
161640;0;0;;1;0;;1;0;;1;0;;1;0;;1;0;;1;0;
161650;0;0;;1;0;;1;0;;1;0;;1;0;;1;0;;1;0;
161660;0;0;;1;0;;1;0;;1;0;;1;0;;1;0;;1;0;
161670;0;0;;1;0;;1;0;;1;0;;1;0;;1;0;;1;0;
161680;0;0;;1;0;;1;0;;1;0;;1;0;;1;0;;1;0;
161690;0;0;;1;0;;1;0;;1;0;;1;0;;1;0;;1;0;
161700;0;0;;1;0;;1;0;;1;0;;1;0;;1;0;;1;0;
161710;0;0;;1;0;;1;0;;1;0;;1;0;;1;0;;1;0;
161720;0;0;;1;0;;1;0;;1;0;;1;0;;1;0;;1;0;
161730;0;0;;1;0;;1;0;;1;0;;1;0;;1;0;;1;0;
161740;0;0;;1;0;;1;0;;1;0;;1;0;;1;0;;1;0;
161750;0;0;;1;0;;1;0;;1;0;;1;0;;1;0;;1;0;
161760;0;0;;1;0;;1;0;;1;0;;1;0;;1;0;;1;0;
161770;0;0;;1;0;;1;0;;1;0;;1;0;;1;0;;1;0;
161780;0;0;;1;0;;1;0;;1;0;;1;0;;1;0;;1;0;
161790;0;0;;1;0;;1;0;;1;0;;1;0;;1;0;;1;0;
161800;0;0;;1;0;;1;0;;1;0;;1;0;;1;0;;1;0;
161810;0;0;;1;0;;1;0;;1;0;;1;0;;1;0;;1;0;
161820;0;0;;1;0;;1;0;;1;0;;1;0;;1;0;;1;0;
161830;0;0;;1;0;;1;0;;1;0;;1;0;;1;0;;1;0;
161840;0;0;;1;0;;1;0;;1;0;;1;0;;1;0;;1;0;
161850;0;0;;1;0;;1;0;;1;0;;1;0;;1;0;;1;0;
161860;0;0;;1;0;;1;0;;1;0;;1;0;;1;0;;1;0;
161870;0;0;;1;0;;1;0;;1;0;;1;0;;1;0;;1;0;
161880;0;0;;1;0;;1;0;;1;0;;1;0;;1;0;;1;0;
161890;0;0;;1;0;;1;0;;1;0;;1;0;;1;0;;1;0;
161900;0;0;;1;0;;1;0;;1;0;;1;0;;1;0;;1;0;
161910;0;0;;1;0;;1;0;;1;0;;1;0;;1;0;;1;0;
161920;0;0;;1;0;;1;0;;1;0;;1;0;;1;0;;1;0;
161930;0;0;;1;0;;1;0;;1;0;;1;0;;1;0;;1;0;
161940;0;0;;1;0;;1;0;;1;0;;1;0;;1;0;;1;0;
161950;0;0;;1;0;;1;0;;1;0;;1;0;;1;0;;1;0;
161960;0;0;;1;0;;1;0;;1;0;;1;0;;1;0;;1;0;
161970;0;0;;1;0;;1;0;;1;0;;1;0;;1;0;;1;0;
161980;0;0;;1;0;;1;0;;1;0;;1;0;;1;0;;1;0;
161990;0;0;;1;0;;1;0;;1;0;;1;0;;1;0;;1;0;
162000;0;0;;1;0;;1;0;;1;0;;1;0;;1;0;;1;0;
162010;0;0;;1;0;;1;0;;1;0;;1;0;;1;0;;1;0;
162020;0;0;;1;0;;1;0;;1;0;;1;0;;1;0;;1;0;
162030;0;0;;1;0;;1;0;;1;0;;1;0;;1;0;;1;0;
162040;0;0;;1;0;;1;0;;1;0;;1;0;;1;0;;1;0;
162050;0;0;;1;0;;1;0;;1;0;;1;0;;1;0;;1;0;
162060;0;0;;1;0;;1;0;;1;0;;1;0;;1;0;;1;0;
162070;0;0;;1;0;;1;0;;1;0;;1;0;;1;0;;1;0;
162080;0;0;;1;0;;1;0;;1;0;;1;0;;1;0;;1;0;
162090;0;0;;1;0;;1;0;;1;0;;1;0;;1;0;;1;0;
162100;0;0;;1;0;;1;0;;1;0;;1;0;;1;0;;1;0;
162110;0;0;;1;0;;1;0;;1;0;;1;0;;1;0;;1;0;
162120;0;0;;1;0;;1;0;;1;0;;1;0;;1;0;;1;0;
162130;0;0;;1;0;;1;0;;1;0;;1;0;;1;0;;1;0;
162140;0;0;;1;0;;1;0;;1;0;;1;0;;1;0;;1;0;
162150;0;0;;1;0;;1;0;;1;0;;1;0;;1;0;;1;0;
162160;0;0;;1;0;;1;0;;1;0;;1;0;;1;0;;1;0;
162170;0;0;;1;0;;1;0;;1;0;;1;0;;1;0;;1;0;
162180;0;0;;1;0;;1;0;;1;0;;1;0;;1;0;;1;0;
162190;0;0;;1;0;;1;0;;1;0;;1;0;;1;0;;1;0;
162200;0;0;;1;0;;1;0;;1;0;;1;0;;1;0;;1;0;
162210;0;0;;1;0;;1;0;;1;0;;1;0;;1;0;;1;0;
162220;0;0;;1;0;;1;0;;1;0;;1;0;;1;0;;1;0;
162230;0;0;;1;0;;1;0;;1;0;;1;0;;1;0;;1;0;
162240;0;0;;1;0;;1;0;;1;0;;1;0;;1;0;;1;0;
162250;0;0;;1;0;;1;0;;1;0;;1;0;;1;0;;1;0;
162260;0;0;;1;0;;1;0;;1;0;;1;0;;1;0;;1;0;
162270;0;0;;1;0;;1;0;;1;0;;1;0;;1;0;;1;0;
162280;0;0;;1;0;;1;0;;1;0;;1;0;;1;0;;1;0;
162290;0;0;;1;0;;1;0;;1;0;;1;0;;1;0;;1;0;
162300;0;0;;1;0;;1;0;;1;0;;1;0;;1;0;;1;0;
162310;0;0;;1;0;;1;0;;1;0;;1;0;;1;0;;1;0;
162320;0;0;;1;0;;1;0;;1;0;;1;0;;1;0;;1;0;
162330;0;0;;1;0;;1;0;;1;0;;1;0;;1;0;;1;0;
162340;0;0;;1;0;;1;0;;1;0;;1;0;;1;0;;1;0;
162350;0;0;;1;0;;1;0;;1;0;;1;0;;1;0;;1;0;
162360;0;0;;1;0;;1;0;;1;0;;1;0;;1;0;;1;0;
162370;0;0;;1;0;;1;0;;1;0;;1;0;;1;0;;1;0;
162380;0;0;;1;0;;1;0;;1;0;;1;0;;1;0;;1;0;
162390;0;0;;1;0;;1;0;;1;0;;1;0;;1;0;;1;0;
162400;0;0;;1;0;;1;0;;1;0;;1;0;;1;0;;1;0;
162410;0;0;;1;0;;1;0;;1;0;;1;0;;1;0;;1;0;
162420;0;0;;1;0;;1;0;;1;0;;1;0;;1;0;;1;0;
162430;0;0;;1;0;;1;0;;1;0;;1;0;;1;0;;1;0;
162440;0;0;;1;0;;1;0;;1;0;;1;0;;1;0;;1;0;
162450;0;0;;1;0;;1;0;;1;0;;1;0;;1;0;;1;0;
162460;0;0;;1;0;;1;0;;1;0;;1;0;;1;0;;1;0;
162470;0;0;;1;0;;1;0;;1;0;;1;0;;1;0;;1;0;
162480;0;0;;1;0;;1;0;;1;0;;1;0;;1;0;;1;0;
162490;0;0;;1;0;;1;0;;1;0;;1;0;;1;0;;1;0;
162500;0;0;;1;0;;1;0;;1;0;;1;0;;1;0;;1;0;
162510;0;0;;1;0;;1;0;;1;0;;1;0;;1;0;;1;0;
162520;0;0;;1;0;;1;0;;1;0;;1;0;;1;0;;1;0;
162530;0;0;;1;0;;1;0;;1;0;;1;0;;1;0;;1;0;
162540;0;0;;1;0;;1;0;;1;0;;1;0;;1;0;;1;0;
162550;0;0;;1;0;;1;0;;1;0;;1;0;;1;0;;1;0;
162560;0;0;;1;0;;1;0;;1;0;;1;0;;1;0;;1;0;
162570;0;0;;1;0;;1;0;;1;0;;1;0;;1;0;;1;0;
162580;0;0;;1;0;;1;0;;1;0;;1;0;;1;0;;1;0;
162590;0;0;;1;0;;1;0;;1;0;;1;0;;1;0;;1;0;
162600;0;0;;1;0;;1;0;;1;0;;1;0;;1;0;;1;0;
162610;0;0;;1;0;;1;0;;1;0;;1;0;;1;0;;1;0;
162620;0;0;;1;0;;1;0;;1;0;;1;0;;1;0;;1;0;
162630;0;0;;1;0;;1;0;;1;0;;1;0;;1;0;;1;0;
162640;0;0;;1;0;;1;0;;1;0;;1;0;;1;0;;1;0;
162650;0;0;;1;0;;1;0;;1;0;;1;0;;1;0;;1;0;
162660;0;0;;1;0;;1;0;;1;0;;1;0;;1;0;;1;0;
162670;0;0;;1;0;;1;0;;1;0;;1;0;;1;0;;1;0;
162680;0;0;;1;0;;1;0;;1;0;;1;0;;1;0;;1;0;
162690;0;0;;1;0;;1;0;;1;0;;1;0;;1;0;;1;0;
162700;0;0;;1;0;;1;0;;1;0;;1;0;;1;0;;1;0;
162710;0;0;;1;0;;1;0;;1;0;;1;0;;1;0;;1;0;
162720;0;0;;1;0;;1;0;;1;0;;1;0;;1;0;;1;0;
162730;0;0;;1;0;;1;0;;1;0;;1;0;;1;0;;1;0;
162740;0;0;;1;0;;1;0;;1;0;;1;0;;1;0;;1;0;
162750;0;0;;1;0;;1;0;;1;0;;1;0;;1;0;;1;0;
162760;0;0;;1;0;;1;0;;1;0;;1;0;;1;0;;1;0;
162770;0;0;;1;0;;1;0;;1;0;;1;0;;1;0;;1;0;
162780;0;0;;1;0;;1;0;;1;0;;1;0;;1;0;;1;0;
162790;0;0;;1;0;;1;0;;1;0;;1;0;;1;0;;1;0;
162800;0;0;;1;0;;1;0;;1;0;;1;0;;1;0;;1;0;
162810;0;0;;1;0;;1;0;;1;0;;1;0;;1;0;;1;0;
162820;0;0;;1;0;;1;0;;1;0;;1;0;;1;0;;1;0;
162830;0;0;;1;0;;1;0;;1;0;;1;0;;1;0;;1;0;
162840;0;0;;1;0;;1;0;;1;0;;1;0;;1;0;;1;0;
162850;0;0;;1;0;;1;0;;1;0;;1;0;;1;0;;1;0;
162860;0;0;;1;0;;1;0;;1;0;;1;0;;1;0;;1;0;
162870;0;0;;1;0;;1;0;;1;0;;1;0;;1;0;;1;0;
162880;0;0;;1;0;;1;0;;1;0;;1;0;;1;0;;1;0;
162890;0;0;;1;0;;1;0;;1;0;;1;0;;1;0;;1;0;
162900;0;0;;1;0;;1;0;;1;0;;1;0;;1;0;;1;0;
162910;0;0;;1;0;;1;0;;1;0;;1;0;;1;0;;1;0;
162920;0;0;;1;0;;1;0;;1;0;;1;0;;1;0;;1;0;
162930;0;0;;1;0;;1;0;;1;0;;1;0;;1;0;;1;0;
162940;0;0;;1;0;;1;0;;1;0;;1;0;;1;0;;1;0;
162950;0;0;;1;0;;1;0;;1;0;;1;0;;1;0;;1;0;
162960;0;0;;1;0;;1;0;;1;0;;1;0;;1;0;;1;0;
162970;0;0;;1;0;;1;0;;1;0;;1;0;;1;0;;1;0;
162980;0;0;;1;0;;1;0;;1;0;;1;0;;1;0;;1;0;
162990;0;0;;1;0;;1;0;;1;0;;1;0;;1;0;;1;0;
163000;0;0;;1;0;;1;0;;1;0;;1;0;;1;0;;1;0;
163010;0;0;;1;0;;1;0;;1;0;;1;0;;1;0;;1;0;
163020;0;0;;1;0;;1;0;;1;0;;1;0;;1;0;;1;0;
163030;0;0;;1;0;;1;0;;1;0;;1;0;;1;0;;1;0;
163040;0;0;;1;0;;1;0;;1;0;;1;0;;1;0;;1;0;
163050;0;0;;1;0;;1;0;;1;0;;1;0;;1;0;;1;0;
163060;0;0;;1;0;;1;0;;1;0;;1;0;;1;0;;1;0;
163070;0;0;;1;0;;1;0;;1;0;;1;0;;1;0;;1;0;
163080;0;0;;1;0;;1;0;;1;0;;1;0;;1;0;;1;0;
163090;0;0;;1;0;;1;0;;1;0;;1;0;;1;0;;1;0;
163100;0;0;;1;0;;1;0;;1;0;;1;0;;1;0;;1;0;
163110;0;0;;1;0;;1;0;;1;0;;1;0;;1;0;;1;0;
163120;0;0;;1;0;;1;0;;1;0;;1;0;;1;0;;1;0;
163130;0;0;;1;0;;1;0;;1;0;;1;0;;1;0;;1;0;
163140;0;0;;1;0;;1;0;;1;0;;1;0;;1;0;;1;0;
163150;0;0;;1;0;;1;0;;1;0;;1;0;;1;0;;1;0;
163160;0;0;;1;0;;1;0;;1;0;;1;0;;1;0;;1;0;
163170;0;0;;1;0;;1;0;;1;0;;1;0;;1;0;;1;0;
163180;0;0;;1;0;;1;0;;1;0;;1;0;;1;0;;1;0;
163190;0;0;;1;0;;1;0;;1;0;;1;0;;1;0;;1;0;
163200;0;0;;1;0;;1;0;;1;0;;1;0;;1;0;;1;0;
163210;0;0;;1;0;;1;0;;1;0;;1;0;;1;0;;1;0;
163220;0;0;;1;0;;1;0;;1;0;;1;0;;1;0;;1;0;
163230;0;0;;1;0;;1;0;;1;0;;1;0;;1;0;;1;0;
163240;0;0;;1;0;;1;0;;1;0;;1;0;;1;0;;1;0;
163250;0;0;;1;0;;1;0;;1;0;;1;0;;1;0;;1;0;
163260;0;0;;1;0;;1;0;;1;0;;1;0;;1;0;;1;0;
163270;0;0;;1;0;;1;0;;1;0;;1;0;;1;0;;1;0;
163280;0;0;;1;0;;1;0;;1;0;;1;0;;1;0;;1;0;
163290;0;0;;1;0;;1;0;;1;0;;1;0;;1;0;;1;0;
163300;0;0;;1;0;;1;0;;1;0;;1;0;;1;0;;1;0;
163310;0;0;;1;0;;1;0;;1;0;;1;0;;1;0;;1;0;
163320;0;0;;1;0;;1;0;;1;0;;1;0;;1;0;;1;0;
163330;0;0;;1;0;;1;0;;1;0;;1;0;;1;0;;1;0;
163340;0;0;;1;0;;1;0;;1;0;;1;0;;1;0;;1;0;
163350;0;0;;1;0;;1;0;;1;0;;1;0;;1;0;;1;0;
163360;0;0;;1;0;;1;0;;1;0;;1;0;;1;0;;1;0;
163370;0;0;;1;0;;1;0;;1;0;;1;0;;1;0;;1;0;
163380;0;0;;1;0;;1;0;;1;0;;1;0;;1;0;;1;0;
163390;0;0;;1;0;;1;0;;1;0;;1;0;;1;0;;1;0;
163400;0;0;;1;0;;1;0;;1;0;;1;0;;1;0;;1;0;
163410;0;0;;1;0;;1;0;;1;0;;1;0;;1;0;;1;0;
163420;0;0;;1;0;;1;0;;1;0;;1;0;;1;0;;1;0;
163430;0;0;;1;0;;1;0;;1;0;;1;0;;1;0;;1;0;
163440;0;0;;1;0;;1;0;;1;0;;1;0;;1;0;;1;0;
163450;0;0;;1;0;;1;0;;1;0;;1;0;;1;0;;1;0;
163460;0;0;;1;0;;1;0;;1;0;;1;0;;1;0;;1;0;
163470;0;0;;1;0;;1;0;;1;0;;1;0;;1;0;;1;0;
163480;0;0;;1;0;;1;0;;1;0;;1;0;;1;0;;1;0;
163490;0;0;;1;0;;1;0;;1;0;;1;0;;1;0;;1;0;
163500;0;0;;1;0;;1;0;;1;0;;1;0;;1;0;;1;0;
163510;0;0;;1;0;;1;0;;1;0;;1;0;;1;0;;1;0;
163520;0;0;;1;0;;1;0;;1;0;;1;0;;1;0;;1;0;
163530;0;0;;1;0;;1;0;;1;0;;1;0;;1;0;;1;0;
163540;0;0;;1;0;;1;0;;1;0;;1;0;;1;0;;1;0;
163550;0;0;;1;0;;1;0;;1;0;;1;0;;1;0;;1;0;
163560;0;0;;1;0;;1;0;;1;0;;1;0;;1;0;;1;0;
163570;0;0;;1;0;;1;0;;1;0;;1;0;;1;0;;1;0;
163580;0;0;;1;0;;1;0;;1;0;;1;0;;1;0;;1;0;
163590;0;0;;1;0;;1;0;;1;0;;1;0;;1;0;;1;0;
163600;0;0;;1;0;;1;0;;1;0;;1;0;;1;0;;1;0;
163610;0;0;;1;0;;1;0;;1;0;;1;0;;1;0;;1;0;
163620;0;0;;1;0;;1;0;;1;0;;1;0;;1;0;;1;0;
163630;0;0;;1;0;;1;0;;1;0;;1;0;;1;0;;1;0;
163640;0;0;;1;0;;1;0;;1;0;;1;0;;1;0;;1;0;
163650;0;0;;1;0;;1;0;;1;0;;1;0;;1;0;;1;0;
163660;0;0;;1;0;;1;0;;1;0;;1;0;;1;0;;1;0;
163670;0;0;;1;0;;1;0;;1;0;;1;0;;1;0;;1;0;
163680;0;0;;1;0;;1;0;;1;0;;1;0;;1;0;;1;0;
163690;0;0;;1;0;;1;0;;1;0;;1;0;;1;0;;1;0;
163700;0;0;;1;0;;1;0;;1;0;;1;0;;1;0;;1;0;
163710;0;0;;1;0;;1;0;;1;0;;1;0;;1;0;;1;0;
163720;0;0;;1;0;;1;0;;1;0;;1;0;;1;0;;1;0;
163730;0;0;;1;0;;1;0;;1;0;;1;0;;1;0;;1;0;
163740;0;0;;1;0;;1;0;;1;0;;1;0;;1;0;;1;0;
163750;0;0;;1;0;;1;0;;1;0;;1;0;;1;0;;1;0;
163760;0;0;;1;0;;1;0;;1;0;;1;0;;1;0;;1;0;
163770;0;0;;1;0;;1;0;;1;0;;1;0;;1;0;;1;0;
163780;0;0;;1;0;;1;0;;1;0;;1;0;;1;0;;1;0;
163790;0;0;;1;0;;1;0;;1;0;;1;0;;1;0;;1;0;
163800;0;0;;1;0;;1;0;;1;0;;1;0;;1;0;;1;0;
163810;0;0;;1;0;;1;0;;1;0;;1;0;;1;0;;1;0;
163820;0;0;;1;0;;1;0;;1;0;;1;0;;1;0;;1;0;
163830;0;0;;1;0;;1;0;;1;0;;1;0;;1;0;;1;0;
163840;0;0;;1;0;;1;0;;1;0;;1;0;;1;0;;1;0;
163850;0;0;;1;0;;1;0;;1;0;;1;0;;1;0;;1;0;
163860;0;0;;1;0;;1;0;;1;0;;1;0;;1;0;;1;0;
163870;0;0;;1;0;;1;0;;1;0;;1;0;;1;0;;1;0;
163880;0;0;;1;0;;1;0;;1;0;;1;0;;1;0;;1;0;
163890;0;0;;1;0;;1;0;;1;0;;1;0;;1;0;;1;0;
163900;0;0;;1;0;;1;0;;1;0;;1;0;;1;0;;1;0;
163910;0;0;;1;0;;1;0;;1;0;;1;0;;1;0;;1;0;
163920;0;0;;1;0;;1;0;;1;0;;1;0;;1;0;;1;0;
163930;0;0;;1;0;;1;0;;1;0;;1;0;;1;0;;1;0;
163940;0;0;;1;0;;1;0;;1;0;;1;0;;1;0;;1;0;
163950;0;0;;1;0;;1;0;;1;0;;1;0;;1;0;;1;0;
163960;0;0;;1;0;;1;0;;1;0;;1;0;;1;0;;1;0;
163970;0;0;;1;0;;1;0;;1;0;;1;0;;1;0;;1;0;
163980;0;0;;1;0;;1;0;;1;0;;1;0;;1;0;;1;0;
163990;0;0;;1;0;;1;0;;1;0;;1;0;;1;0;;1;0;
164000;0;0;;1;0;;1;0;;1;0;;1;0;;1;0;;1;0;
164010;0;0;;1;0;;1;0;;1;0;;1;0;;1;0;;1;0;
164020;0;0;;1;0;;1;0;;1;0;;1;0;;1;0;;1;0;
164030;0;0;;1;0;;1;0;;1;0;;1;0;;1;0;;1;0;
164040;0;0;;1;0;;1;0;;1;0;;1;0;;1;0;;1;0;
164050;0;0;;1;0;;1;0;;1;0;;1;0;;1;0;;1;0;
164060;0;0;;1;0;;1;0;;1;0;;1;0;;1;0;;1;0;
164070;0;0;;1;0;;1;0;;1;0;;1;0;;1;0;;1;0;
164080;0;0;;1;0;;1;0;;1;0;;1;0;;1;0;;1;0;
164090;0;0;;1;0;;1;0;;1;0;;1;0;;1;0;;1;0;
164100;0;0;;1;0;;1;0;;1;0;;1;0;;1;0;;1;0;
164110;0;0;;1;0;;1;0;;1;0;;1;0;;1;0;;1;0;
164120;0;0;;1;0;;1;0;;1;0;;1;0;;1;0;;1;0;
164130;0;0;;1;0;;1;0;;1;0;;1;0;;1;0;;1;0;
164140;0;0;;1;0;;1;0;;1;0;;1;0;;1;0;;1;0;
164150;0;0;;1;0;;1;0;;1;0;;1;0;;1;0;;1;0;
164160;0;0;;1;0;;1;0;;1;0;;1;0;;1;0;;1;0;
164170;0;0;;1;0;;1;0;;1;0;;1;0;;1;0;;1;0;
164180;0;0;;1;0;;1;0;;1;0;;1;0;;1;0;;1;0;
164190;0;0;;1;0;;1;0;;1;0;;1;0;;1;0;;1;0;
164200;0;0;;1;0;;1;0;;1;0;;1;0;;1;0;;1;0;
164210;0;0;;1;0;;1;0;;1;0;;1;0;;1;0;;1;0;
164220;0;0;;1;0;;1;0;;1;0;;1;0;;1;0;;1;0;
164230;0;0;;1;0;;1;0;;1;0;;1;0;;1;0;;1;0;
164240;0;0;;1;0;;1;0;;1;0;;1;0;;1;0;;1;0;
164250;0;0;;1;0;;1;0;;1;0;;1;0;;1;0;;1;0;
164260;0;0;;1;0;;1;0;;1;0;;1;0;;1;0;;1;0;
164270;0;0;;1;0;;1;0;;1;0;;1;0;;1;0;;1;0;
164280;0;0;;1;0;;1;0;;1;0;;1;0;;1;0;;1;0;
164290;0;0;;1;0;;1;0;;1;0;;1;0;;1;0;;1;0;
164300;0;0;;1;0;;1;0;;1;0;;1;0;;1;0;;1;0;
164310;0;0;;1;0;;1;0;;1;0;;1;0;;1;0;;1;0;
164320;0;0;;1;0;;1;0;;1;0;;1;0;;1;0;;1;0;
164330;0;0;;1;0;;1;0;;1;0;;1;0;;1;0;;1;0;
164340;0;0;;1;0;;1;0;;1;0;;1;0;;1;0;;1;0;
164350;0;0;;1;0;;1;0;;1;0;;1;0;;1;0;;1;0;
164360;0;0;;1;0;;1;0;;1;0;;1;0;;1;0;;1;0;
164370;0;0;;1;0;;1;0;;1;0;;1;0;;1;0;;1;0;
164380;0;0;;1;0;;1;0;;1;0;;1;0;;1;0;;1;0;
164390;0;0;;1;0;;1;0;;1;0;;1;0;;1;0;;1;0;
164400;0;0;;1;0;;1;0;;1;0;;1;0;;1;0;;1;0;
164410;0;0;;1;0;;1;0;;1;0;;1;0;;1;0;;1;0;
164420;0;0;;1;0;;1;0;;1;0;;1;0;;1;0;;1;0;
164430;0;0;;1;0;;1;0;;1;0;;1;0;;1;0;;1;0;
164440;0;0;;1;0;;1;0;;1;0;;1;0;;1;0;;1;0;
164450;0;0;;1;0;;1;0;;1;0;;1;0;;1;0;;1;0;
164460;0;0;;1;0;;1;0;;1;0;;1;0;;1;0;;1;0;
164470;0;0;;1;0;;1;0;;1;0;;1;0;;1;0;;1;0;
164480;0;0;;1;0;;1;0;;1;0;;1;0;;1;0;;1;0;
164490;0;0;;1;0;;1;0;;1;0;;1;0;;1;0;;1;0;
164500;0;0;;1;0;;1;0;;1;0;;1;0;;1;0;;1;0;
164510;0;0;;1;0;;1;0;;1;0;;1;0;;1;0;;1;0;
164520;0;0;;1;0;;1;0;;1;0;;1;0;;1;0;;1;0;
164530;0;0;;1;0;;1;0;;1;0;;1;0;;1;0;;1;0;
164540;0;0;;1;0;;1;0;;1;0;;1;0;;1;0;;1;0;
164550;0;0;;1;0;;1;0;;1;0;;1;0;;1;0;;1;0;
164560;0;0;;1;0;;1;0;;1;0;;1;0;;1;0;;1;0;
164570;0;0;;1;0;;1;0;;1;0;;1;0;;1;0;;1;0;
164580;0;0;;1;0;;1;0;;1;0;;1;0;;1;0;;1;0;
164590;0;0;;1;0;;1;0;;1;0;;1;0;;1;0;;1;0;
164600;0;0;;1;0;;1;0;;1;0;;1;0;;1;0;;1;0;
164610;0;0;;1;0;;1;0;;1;0;;1;0;;1;0;;1;0;
164620;0;0;;1;0;;1;0;;1;0;;1;0;;1;0;;1;0;
164630;0;0;;1;0;;1;0;;1;0;;1;0;;1;0;;1;0;
164640;0;0;;1;0;;1;0;;1;0;;1;0;;1;0;;1;0;
164650;0;0;;1;0;;1;0;;1;0;;1;0;;1;0;;1;0;
164660;0;0;;1;0;;1;0;;1;0;;1;0;;1;0;;1;0;
164670;0;0;;1;0;;1;0;;1;0;;1;0;;1;0;;1;0;
164680;0;0;;1;0;;1;0;;1;0;;1;0;;1;0;;1;0;
164690;0;0;;1;0;;1;0;;1;0;;1;0;;1;0;;1;0;
164700;0;0;;1;0;;1;0;;1;0;;1;0;;1;0;;1;0;
164710;0;0;;1;0;;1;0;;1;0;;1;0;;1;0;;1;0;
164720;0;0;;1;0;;1;0;;1;0;;1;0;;1;0;;1;0;
164730;0;0;;1;0;;1;0;;1;0;;1;0;;1;0;;1;0;
164740;0;0;;1;0;;1;0;;1;0;;1;0;;1;0;;1;0;
164750;0;0;;1;0;;1;0;;1;0;;1;0;;1;0;;1;0;
164760;0;0;;1;0;;1;0;;1;0;;1;0;;1;0;;1;0;
164770;0;0;;1;0;;1;0;;1;0;;1;0;;1;0;;1;0;
164780;0;0;;1;0;;1;0;;1;0;;1;0;;1;0;;1;0;
164790;0;0;;1;0;;1;0;;1;0;;1;0;;1;0;;1;0;
164800;0;0;;1;0;;1;0;;1;0;;1;0;;1;0;;1;0;
164810;0;0;;1;0;;1;0;;1;0;;1;0;;1;0;;1;0;
164820;0;0;;1;0;;1;0;;1;0;;1;0;;1;0;;1;0;
164830;0;0;;1;0;;1;0;;1;0;;1;0;;1;0;;1;0;
164840;0;0;;1;0;;1;0;;1;0;;1;0;;1;0;;1;0;
164850;0;0;;1;0;;1;0;;1;0;;1;0;;1;0;;1;0;
164860;0;0;;1;0;;1;0;;1;0;;1;0;;1;0;;1;0;
164870;0;0;;1;0;;1;0;;1;0;;1;0;;1;0;;1;0;
164880;0;0;;1;0;;1;0;;1;0;;1;0;;1;0;;1;0;
164890;0;0;;1;0;;1;0;;1;0;;1;0;;1;0;;1;0;
164900;0;0;;1;0;;1;0;;1;0;;1;0;;1;0;;1;0;
164910;0;0;;1;0;;1;0;;1;0;;1;0;;1;0;;1;0;
164920;0;0;;1;0;;1;0;;1;0;;1;0;;1;0;;1;0;
164930;0;0;;1;0;;1;0;;1;0;;1;0;;1;0;;1;0;
164940;0;0;;1;0;;1;0;;1;0;;1;0;;1;0;;1;0;
164950;0;0;;1;0;;1;0;;1;0;;1;0;;1;0;;1;0;
164960;0;0;;1;0;;1;0;;1;0;;1;0;;1;0;;1;0;
164970;0;0;;1;0;;1;0;;1;0;;1;0;;1;0;;1;0;
164980;0;0;;1;0;;1;0;;1;0;;1;0;;1;0;;1;0;
164990;0;0;;1;0;;1;0;;1;0;;1;0;;1;0;;1;0;
165000;0;0;;1;0;;1;0;;1;0;;1;0;;1;0;;1;0;
165010;0;0;;1;0;;1;0;;1;0;;1;0;;1;0;;1;0;
165020;0;0;;1;0;;1;0;;1;0;;1;0;;1;0;;1;0;
165030;0;0;;1;0;;1;0;;1;0;;1;0;;1;0;;1;0;
165040;0;0;;1;0;;1;0;;1;0;;1;0;;1;0;;1;0;
165050;0;0;;1;0;;1;0;;1;0;;1;0;;1;0;;1;0;
165060;0;0;;1;0;;1;0;;1;0;;1;0;;1;0;;1;0;
165070;0;0;;1;0;;1;0;;1;0;;1;0;;1;0;;1;0;
165080;0;0;;1;0;;1;0;;1;0;;1;0;;1;0;;1;0;
165090;0;0;;1;0;;1;0;;1;0;;1;0;;1;0;;1;0;
165100;0;0;;1;0;;1;0;;1;0;;1;0;;1;0;;1;0;
165110;0;0;;1;0;;1;0;;1;0;;1;0;;1;0;;1;0;
165120;0;0;;1;0;;1;0;;1;0;;1;0;;1;0;;1;0;
165130;0;0;;1;0;;1;0;;1;0;;1;0;;1;0;;1;0;
165140;0;0;;1;0;;1;0;;1;0;;1;0;;1;0;;1;0;
165150;0;0;;1;0;;1;0;;1;0;;1;0;;1;0;;1;0;
165160;0;0;;1;0;;1;0;;1;0;;1;0;;1;0;;1;0;
165170;0;0;;1;0;;1;0;;1;0;;1;0;;1;0;;1;0;
165180;0;0;;1;0;;1;0;;1;0;;1;0;;1;0;;1;0;
165190;0;0;;1;0;;1;0;;1;0;;1;0;;1;0;;1;0;
165200;0;0;;1;0;;1;0;;1;0;;1;0;;1;0;;1;0;
165210;0;0;;1;0;;1;0;;1;0;;1;0;;1;0;;1;0;
165220;0;0;;1;0;;1;0;;1;0;;1;0;;1;0;;1;0;
165230;0;0;;1;0;;1;0;;1;0;;1;0;;1;0;;1;0;
165240;0;0;;1;0;;1;0;;1;0;;1;0;;1;0;;1;0;
165250;0;0;;1;0;;1;0;;1;0;;1;0;;1;0;;1;0;
165260;0;0;;1;0;;1;0;;1;0;;1;0;;1;0;;1;0;
165270;0;0;;1;0;;1;0;;1;0;;1;0;;1;0;;1;0;
165280;0;0;;1;0;;1;0;;1;0;;1;0;;1;0;;1;0;
165290;0;0;;1;0;;1;0;;1;0;;1;0;;1;0;;1;0;
165300;0;0;;1;0;;1;0;;1;0;;1;0;;1;0;;1;0;
165310;0;0;;1;0;;1;0;;1;0;;1;0;;1;0;;1;0;
165320;0;0;;1;0;;1;0;;1;0;;1;0;;1;0;;1;0;
165330;0;0;;1;0;;1;0;;1;0;;1;0;;1;0;;1;0;
165340;0;0;;1;0;;1;0;;1;0;;1;0;;1;0;;1;0;
165350;0;0;;1;0;;1;0;;1;0;;1;0;;1;0;;1;0;
165360;0;0;;1;0;;1;0;;1;0;;1;0;;1;0;;1;0;
165370;0;0;;1;0;;1;0;;1;0;;1;0;;1;0;;1;0;
165380;0;0;;1;0;;1;0;;1;0;;1;0;;1;0;;1;0;
165390;0;0;;1;0;;1;0;;1;0;;1;0;;1;0;;1;0;
165400;0;0;;1;0;;1;0;;1;0;;1;0;;1;0;;1;0;
165410;0;0;;1;0;;1;0;;1;0;;1;0;;1;0;;1;0;
165420;0;0;;1;0;;1;0;;1;0;;1;0;;1;0;;1;0;
165430;0;0;;1;0;;1;0;;1;0;;1;0;;1;0;;1;0;
165440;0;0;;1;0;;1;0;;1;0;;1;0;;1;0;;1;0;
165450;0;0;;1;0;;1;0;;1;0;;1;0;;1;0;;1;0;
165460;0;0;;1;0;;1;0;;1;0;;1;0;;1;0;;1;0;
165470;0;0;;1;0;;1;0;;1;0;;1;0;;1;0;;1;0;
165480;0;0;;1;0;;1;0;;1;0;;1;0;;1;0;;1;0;
165490;0;0;;1;0;;1;0;;1;0;;1;0;;1;0;;1;0;
165500;0;0;;1;0;;1;0;;1;0;;1;0;;1;0;;1;0;
165510;0;0;;1;0;;1;0;;1;0;;1;0;;1;0;;1;0;
165520;0;0;;1;0;;1;0;;1;0;;1;0;;1;0;;1;0;
165530;0;0;;1;0;;1;0;;1;0;;1;0;;1;0;;1;0;
165540;0;0;;1;0;;1;0;;1;0;;1;0;;1;0;;1;0;
165550;0;0;;1;0;;1;0;;1;0;;1;0;;1;0;;1;0;
165560;0;0;;1;0;;1;0;;1;0;;1;0;;1;0;;1;0;
165570;0;0;;1;0;;1;0;;1;0;;1;0;;1;0;;1;0;
165580;0;0;;1;0;;1;0;;1;0;;1;0;;1;0;;1;0;
165590;0;0;;1;0;;1;0;;1;0;;1;0;;1;0;;1;0;
165600;0;0;;1;0;;1;0;;1;0;;1;0;;1;0;;1;0;
165610;0;0;;1;0;;1;0;;1;0;;1;0;;1;0;;1;0;
165620;0;0;;1;0;;1;0;;1;0;;1;0;;1;0;;1;0;
165630;0;0;;1;0;;1;0;;1;0;;1;0;;1;0;;1;0;
165640;0;0;;1;0;;1;0;;1;0;;1;0;;1;0;;1;0;
165650;0;0;;1;0;;1;0;;1;0;;1;0;;1;0;;1;0;
165660;0;0;;1;0;;1;0;;1;0;;1;0;;1;0;;1;0;
165670;0;0;;1;0;;1;0;;1;0;;1;0;;1;0;;1;0;
165680;0;0;;1;0;;1;0;;1;0;;1;0;;1;0;;1;0;
165690;0;0;;1;0;;1;0;;1;0;;1;0;;1;0;;1;0;
165700;0;0;;1;0;;1;0;;1;0;;1;0;;1;0;;1;0;
165710;0;0;;1;0;;1;0;;1;0;;1;0;;1;0;;1;0;
165720;0;0;;1;0;;1;0;;1;0;;1;0;;1;0;;1;0;
165730;0;0;;1;0;;1;0;;1;0;;1;0;;1;0;;1;0;
165740;0;0;;1;0;;1;0;;1;0;;1;0;;1;0;;1;0;
165750;0;0;;1;0;;1;0;;1;0;;1;0;;1;0;;1;0;
165760;0;0;;1;0;;1;0;;1;0;;1;0;;1;0;;1;0;
165770;0;0;;1;0;;1;0;;1;0;;1;0;;1;0;;1;0;
165780;0;0;;1;0;;1;0;;1;0;;1;0;;1;0;;1;0;
165790;0;0;;1;0;;1;0;;1;0;;1;0;;1;0;;1;0;
165800;0;0;;1;0;;1;0;;1;0;;1;0;;1;0;;1;0;
165810;0;0;;1;0;;1;0;;1;0;;1;0;;1;0;;1;0;
165820;0;0;;1;0;;1;0;;1;0;;1;0;;1;0;;1;0;
165830;0;0;;1;0;;1;0;;1;0;;1;0;;1;0;;1;0;
165840;0;0;;1;0;;1;0;;1;0;;1;0;;1;0;;1;0;
165850;0;0;;1;0;;1;0;;1;0;;1;0;;1;0;;1;0;
165860;0;0;;1;0;;1;0;;1;0;;1;0;;1;0;;1;0;
165870;0;0;;1;0;;1;0;;1;0;;1;0;;1;0;;1;0;
165880;0;0;;1;0;;1;0;;1;0;;1;0;;1;0;;1;0;
165890;0;0;;1;0;;1;0;;1;0;;1;0;;1;0;;1;0;
165900;0;0;;1;0;;1;0;;1;0;;1;0;;1;0;;1;0;
165910;0;0;;1;0;;1;0;;1;0;;1;0;;1;0;;1;0;
165920;0;0;;1;0;;1;0;;1;0;;1;0;;1;0;;1;0;
165930;0;0;;1;0;;1;0;;1;0;;1;0;;1;0;;1;0;
165940;0;0;;1;0;;1;0;;1;0;;1;0;;1;0;;1;0;
165950;0;0;;1;0;;1;0;;1;0;;1;0;;1;0;;1;0;
165960;0;0;;1;0;;1;0;;1;0;;1;0;;1;0;;1;0;
165970;0;0;;1;0;;1;0;;1;0;;1;0;;1;0;;1;0;
165980;0;0;;1;0;;1;0;;1;0;;1;0;;1;0;;1;0;
165990;0;0;;1;0;;1;0;;1;0;;1;0;;1;0;;1;0;
166000;0;0;;1;0;;1;0;;1;0;;1;0;;1;0;;1;0;
166010;0;0;;1;0;;1;0;;1;0;;1;0;;1;0;;1;0;
166020;0;0;;1;0;;1;0;;1;0;;1;0;;1;0;;1;0;
166030;0;0;;1;0;;1;0;;1;0;;1;0;;1;0;;1;0;
166040;0;0;;1;0;;1;0;;1;0;;1;0;;1;0;;1;0;
166050;0;0;;1;0;;1;0;;1;0;;1;0;;1;0;;1;0;
166060;0;0;;1;0;;1;0;;1;0;;1;0;;1;0;;1;0;
166070;0;0;;1;0;;1;0;;1;0;;1;0;;1;0;;1;0;
166080;0;0;;1;0;;1;0;;1;0;;1;0;;1;0;;1;0;
166090;0;0;;1;0;;1;0;;1;0;;1;0;;1;0;;1;0;
166100;0;0;;1;0;;1;0;;1;0;;1;0;;1;0;;1;0;
166110;0;0;;1;0;;1;0;;1;0;;1;0;;1;0;;1;0;
166120;0;0;;1;0;;1;0;;1;0;;1;0;;1;0;;1;0;
166130;0;0;;1;0;;1;0;;1;0;;1;0;;1;0;;1;0;
166140;0;0;;1;0;;1;0;;1;0;;1;0;;1;0;;1;0;
166150;0;0;;1;0;;1;0;;1;0;;1;0;;1;0;;1;0;
166160;0;0;;1;0;;1;0;;1;0;;1;0;;1;0;;1;0;
166170;0;0;;1;0;;1;0;;1;0;;1;0;;1;0;;1;0;
166180;0;0;;1;0;;1;0;;1;0;;1;0;;1;0;;1;0;
166190;0;0;;1;0;;1;0;;1;0;;1;0;;1;0;;1;0;
166200;0;0;;1;0;;1;0;;1;0;;1;0;;1;0;;1;0;
166210;0;0;;1;0;;1;0;;1;0;;1;0;;1;0;;1;0;
166220;0;0;;1;0;;1;0;;1;0;;1;0;;1;0;;1;0;
166230;0;0;;1;0;;1;0;;1;0;;1;0;;1;0;;1;0;
166240;0;0;;1;0;;1;0;;1;0;;1;0;;1;0;;1;0;
166250;0;0;;1;0;;1;0;;1;0;;1;0;;1;0;;1;0;
166260;0;0;;1;0;;1;0;;1;0;;1;0;;1;0;;1;0;
166270;0;0;;1;0;;1;0;;1;0;;1;0;;1;0;;1;0;
166280;0;0;;1;0;;1;0;;1;0;;1;0;;1;0;;1;0;
166290;0;0;;1;0;;1;0;;1;0;;1;0;;1;0;;1;0;
166300;0;0;;1;0;;1;0;;1;0;;1;0;;1;0;;1;0;
166310;0;0;;1;0;;1;0;;1;0;;1;0;;1;0;;1;0;
166320;0;0;;1;0;;1;0;;1;0;;1;0;;1;0;;1;0;
166330;0;0;;1;0;;1;0;;1;0;;1;0;;1;0;;1;0;
166340;0;0;;1;0;;1;0;;1;0;;1;0;;1;0;;1;0;
166350;0;0;;1;0;;1;0;;1;0;;1;0;;1;0;;1;0;
166360;0;0;;1;0;;1;0;;1;0;;1;0;;1;0;;1;0;
166370;0;0;;1;0;;1;0;;1;0;;1;0;;1;0;;1;0;
166380;0;0;;1;0;;1;0;;1;0;;1;0;;1;0;;1;0;
166390;0;0;;1;0;;1;0;;1;0;;1;0;;1;0;;1;0;
166400;0;0;;1;0;;1;0;;1;0;;1;0;;1;0;;1;0;
166410;0;0;;1;0;;1;0;;1;0;;1;0;;1;0;;1;0;
166420;0;0;;1;0;;1;0;;1;0;;1;0;;1;0;;1;0;
166430;0;0;;1;0;;1;0;;1;0;;1;0;;1;0;;1;0;
166440;0;0;;1;0;;1;0;;1;0;;1;0;;1;0;;1;0;
166450;0;0;;1;0;;1;0;;1;0;;1;0;;1;0;;1;0;
166460;0;0;;1;0;;1;0;;1;0;;1;0;;1;0;;1;0;
166470;0;0;;1;0;;1;0;;1;0;;1;0;;1;0;;1;0;
166480;0;0;;1;0;;1;0;;1;0;;1;0;;1;0;;1;0;
166490;0;0;;1;0;;1;0;;1;0;;1;0;;1;0;;1;0;
166500;0;0;;1;0;;1;0;;1;0;;1;0;;1;0;;1;0;
166510;0;0;;1;0;;1;0;;1;0;;1;0;;1;0;;1;0;
166520;0;0;;1;0;;1;0;;1;0;;1;0;;1;0;;1;0;
166530;0;0;;1;0;;1;0;;1;0;;1;0;;1;0;;1;0;
166540;0;0;;1;0;;1;0;;1;0;;1;0;;1;0;;1;0;
166550;0;0;;1;0;;1;0;;1;0;;1;0;;1;0;;1;0;
166560;0;0;;1;0;;1;0;;1;0;;1;0;;1;0;;1;0;
166570;0;0;;1;0;;1;0;;1;0;;1;0;;1;0;;1;0;
166580;0;0;;1;0;;1;0;;1;0;;1;0;;1;0;;1;0;
166590;0;0;;1;0;;1;0;;1;0;;1;0;;1;0;;1;0;
166600;0;0;;1;0;;1;0;;1;0;;1;0;;1;0;;1;0;
166610;0;0;;1;0;;1;0;;1;0;;1;0;;1;0;;1;0;
166620;0;0;;1;0;;1;0;;1;0;;1;0;;1;0;;1;0;
166630;0;0;;1;0;;1;0;;1;0;;1;0;;1;0;;1;0;
166640;0;0;;1;0;;1;0;;1;0;;1;0;;1;0;;1;0;
166650;0;0;;1;0;;1;0;;1;0;;1;0;;1;0;;1;0;
166660;0;0;;1;0;;1;0;;1;0;;1;0;;1;0;;1;0;
166670;0;0;;1;0;;1;0;;1;0;;1;0;;1;0;;1;0;
166680;0;0;;1;0;;1;0;;1;0;;1;0;;1;0;;1;0;
166690;0;0;;1;0;;1;0;;1;0;;1;0;;1;0;;1;0;
166700;0;0;;1;0;;1;0;;1;0;;1;0;;1;0;;1;0;
166710;0;0;;1;0;;1;0;;1;0;;1;0;;1;0;;1;0;
166720;0;0;;1;0;;1;0;;1;0;;1;0;;1;0;;1;0;
166730;0;0;;1;0;;1;0;;1;0;;1;0;;1;0;;1;0;
166740;0;0;;1;0;;1;0;;1;0;;1;0;;1;0;;1;0;
166750;0;0;;1;0;;1;0;;1;0;;1;0;;1;0;;1;0;
166760;0;0;;1;0;;1;0;;1;0;;1;0;;1;0;;1;0;
166770;0;0;;1;0;;1;0;;1;0;;1;0;;1;0;;1;0;
166780;0;0;;1;0;;1;0;;1;0;;1;0;;1;0;;1;0;
166790;0;0;;1;0;;1;0;;1;0;;1;0;;1;0;;1;0;
166800;0;0;;1;0;;1;0;;1;0;;1;0;;1;0;;1;0;
166810;0;0;;1;0;;1;0;;1;0;;1;0;;1;0;;1;0;
166820;0;0;;1;0;;1;0;;1;0;;1;0;;1;0;;1;0;
166830;0;0;;1;0;;1;0;;1;0;;1;0;;1;0;;1;0;
166840;0;0;;1;0;;1;0;;1;0;;1;0;;1;0;;1;0;
166850;0;0;;1;0;;1;0;;1;0;;1;0;;1;0;;1;0;
166860;0;0;;1;0;;1;0;;1;0;;1;0;;1;0;;1;0;
166870;0;0;;1;0;;1;0;;1;0;;1;0;;1;0;;1;0;
166880;0;0;;1;0;;1;0;;1;0;;1;0;;1;0;;1;0;
166890;0;0;;1;0;;1;0;;1;0;;1;0;;1;0;;1;0;
166900;0;0;;1;0;;1;0;;1;0;;1;0;;1;0;;1;0;
166910;0;0;;1;0;;1;0;;1;0;;1;0;;1;0;;1;0;
166920;0;0;;1;0;;1;0;;1;0;;1;0;;1;0;;1;0;
166930;0;0;;1;0;;1;0;;1;0;;1;0;;1;0;;1;0;
166940;0;0;;1;0;;1;0;;1;0;;1;0;;1;0;;1;0;
166950;0;0;;1;0;;1;0;;1;0;;1;0;;1;0;;1;0;
166960;0;0;;1;0;;1;0;;1;0;;1;0;;1;0;;1;0;
166970;0;0;;1;0;;1;0;;1;0;;1;0;;1;0;;1;0;
166980;0;0;;1;0;;1;0;;1;0;;1;0;;1;0;;1;0;
166990;0;0;;1;0;;1;0;;1;0;;1;0;;1;0;;1;0;
167000;0;0;;1;0;;1;0;;1;0;;1;0;;1;0;;1;0;
167010;0;0;;1;0;;1;0;;1;0;;1;0;;1;0;;1;0;
167020;0;0;;1;0;;1;0;;1;0;;1;0;;1;0;;1;0;
167030;0;0;;1;0;;1;0;;1;0;;1;0;;1;0;;1;0;
167040;0;0;;1;0;;1;0;;1;0;;1;0;;1;0;;1;0;
167050;0;0;;1;0;;1;0;;1;0;;1;0;;1;0;;1;0;
167060;0;0;;1;0;;1;0;;1;0;;1;0;;1;0;;1;0;
167070;0;0;;1;0;;1;0;;1;0;;1;0;;1;0;;1;0;
167080;0;0;;1;0;;1;0;;1;0;;1;0;;1;0;;1;0;
167090;0;0;;1;0;;1;0;;1;0;;1;0;;1;0;;1;0;
167100;0;0;;1;0;;1;0;;1;0;;1;0;;1;0;;1;0;
167110;0;0;;1;0;;1;0;;1;0;;1;0;;1;0;;1;0;
167120;0;0;;1;0;;1;0;;1;0;;1;0;;1;0;;1;0;
167130;0;0;;1;0;;1;0;;1;0;;1;0;;1;0;;1;0;
167140;0;0;;1;0;;1;0;;1;0;;1;0;;1;0;;1;0;
167150;0;0;;1;0;;1;0;;1;0;;1;0;;1;0;;1;0;
167160;0;0;;1;0;;1;0;;1;0;;1;0;;1;0;;1;0;
167170;0;0;;1;0;;1;0;;1;0;;1;0;;1;0;;1;0;
167180;0;0;;1;0;;1;0;;1;0;;1;0;;1;0;;1;0;
167190;0;0;;1;0;;1;0;;1;0;;1;0;;1;0;;1;0;
167200;0;0;;1;0;;1;0;;1;0;;1;0;;1;0;;1;0;
167210;0;0;;1;0;;1;0;;1;0;;1;0;;1;0;;1;0;
167220;0;0;;1;0;;1;0;;1;0;;1;0;;1;0;;1;0;
167230;0;0;;1;0;;1;0;;1;0;;1;0;;1;0;;1;0;
167240;0;0;;1;0;;1;0;;1;0;;1;0;;1;0;;1;0;
167250;0;0;;1;0;;1;0;;1;0;;1;0;;1;0;;1;0;
167260;0;0;;1;0;;1;0;;1;0;;1;0;;1;0;;1;0;
167270;0;0;;1;0;;1;0;;1;0;;1;0;;1;0;;1;0;
167280;0;0;;1;0;;1;0;;1;0;;1;0;;1;0;;1;0;
167290;0;0;;1;0;;1;0;;1;0;;1;0;;1;0;;1;0;
167300;0;0;;1;0;;1;0;;1;0;;1;0;;1;0;;1;0;
167310;0;0;;1;0;;1;0;;1;0;;1;0;;1;0;;1;0;
167320;0;0;;1;0;;1;0;;1;0;;1;0;;1;0;;1;0;
167330;0;0;;1;0;;1;0;;1;0;;1;0;;1;0;;1;0;
167340;0;0;;1;0;;1;0;;1;0;;1;0;;1;0;;1;0;
167350;0;0;;1;0;;1;0;;1;0;;1;0;;1;0;;1;0;
167360;0;0;;1;0;;1;0;;1;0;;1;0;;1;0;;1;0;
167370;0;0;;1;0;;1;0;;1;0;;1;0;;1;0;;1;0;
167380;0;0;;1;0;;1;0;;1;0;;1;0;;1;0;;1;0;
167390;0;0;;1;0;;1;0;;1;0;;1;0;;1;0;;1;0;
167400;0;0;;1;0;;1;0;;1;0;;1;0;;1;0;;1;0;
167410;0;0;;1;0;;1;0;;1;0;;1;0;;1;0;;1;0;
167420;0;0;;1;0;;1;0;;1;0;;1;0;;1;0;;1;0;
167430;0;0;;1;0;;1;0;;1;0;;1;0;;1;0;;1;0;
167440;0;0;;1;0;;1;0;;1;0;;1;0;;1;0;;1;0;
167450;0;0;;1;0;;1;0;;1;0;;1;0;;1;0;;1;0;
167460;0;0;;1;0;;1;0;;1;0;;1;0;;1;0;;1;0;
167470;0;0;;1;0;;1;0;;1;0;;1;0;;1;0;;1;0;
167480;0;0;;1;0;;1;0;;1;0;;1;0;;1;0;;1;0;
167490;0;0;;1;0;;1;0;;1;0;;1;0;;1;0;;1;0;
167500;0;0;;1;0;;1;0;;1;0;;1;0;;1;0;;1;0;
167510;0;0;;1;0;;1;0;;1;0;;1;0;;1;0;;1;0;
167520;0;0;;1;0;;1;0;;1;0;;1;0;;1;0;;1;0;
167530;0;0;;1;0;;1;0;;1;0;;1;0;;1;0;;1;0;
167540;0;0;;1;0;;1;0;;1;0;;1;0;;1;0;;1;0;
167550;0;0;;1;0;;1;0;;1;0;;1;0;;1;0;;1;0;
167560;0;0;;1;0;;1;0;;1;0;;1;0;;1;0;;1;0;
167570;0;0;;1;0;;1;0;;1;0;;1;0;;1;0;;1;0;
167580;0;0;;1;0;;1;0;;1;0;;1;0;;1;0;;1;0;
167590;0;0;;1;0;;1;0;;1;0;;1;0;;1;0;;1;0;
167600;0;0;;1;0;;1;0;;1;0;;1;0;;1;0;;1;0;
167610;0;0;;1;0;;1;0;;1;0;;1;0;;1;0;;1;0;
167620;0;0;;1;0;;1;0;;1;0;;1;0;;1;0;;1;0;
167630;0;0;;1;0;;1;0;;1;0;;1;0;;1;0;;1;0;
167640;0;0;;1;0;;1;0;;1;0;;1;0;;1;0;;1;0;
167650;0;0;;1;0;;1;0;;1;0;;1;0;;1;0;;1;0;
167660;0;0;;1;0;;1;0;;1;0;;1;0;;1;0;;1;0;
167670;0;0;;1;0;;1;0;;1;0;;1;0;;1;0;;1;0;
167680;0;0;;1;0;;1;0;;1;0;;1;0;;1;0;;1;0;
167690;0;0;;1;0;;1;0;;1;0;;1;0;;1;0;;1;0;
167700;0;0;;1;0;;1;0;;1;0;;1;0;;1;0;;1;0;
167710;0;0;;1;0;;1;0;;1;0;;1;0;;1;0;;1;0;
167720;0;0;;1;0;;1;0;;1;0;;1;0;;1;0;;1;0;
167730;0;0;;1;0;;1;0;;1;0;;1;0;;1;0;;1;0;
167740;0;0;;1;0;;1;0;;1;0;;1;0;;1;0;;1;0;
167750;0;0;;1;0;;1;0;;1;0;;1;0;;1;0;;1;0;
167760;0;0;;1;0;;1;0;;1;0;;1;0;;1;0;;1;0;
167770;0;0;;1;0;;1;0;;1;0;;1;0;;1;0;;1;0;
167780;0;0;;1;0;;1;0;;1;0;;1;0;;1;0;;1;0;
167790;0;0;;1;0;;1;0;;1;0;;1;0;;1;0;;1;0;
167800;0;0;;1;0;;1;0;;1;0;;1;0;;1;0;;1;0;
167810;0;0;;1;0;;1;0;;1;0;;1;0;;1;0;;1;0;
167820;0;0;;1;0;;1;0;;1;0;;1;0;;1;0;;1;0;
167830;0;0;;1;0;;1;0;;1;0;;1;0;;1;0;;1;0;
167840;0;0;;1;0;;1;0;;1;0;;1;0;;1;0;;1;0;
167850;0;0;;1;0;;1;0;;1;0;;1;0;;1;0;;1;0;
167860;0;0;;1;0;;1;0;;1;0;;1;0;;1;0;;1;0;
167870;0;0;;1;0;;1;0;;1;0;;1;0;;1;0;;1;0;
167880;0;0;;1;0;;1;0;;1;0;;1;0;;1;0;;1;0;
167890;0;0;;1;0;;1;0;;1;0;;1;0;;1;0;;1;0;
167900;0;0;;1;0;;1;0;;1;0;;1;0;;1;0;;1;0;
167910;0;0;;1;0;;1;0;;1;0;;1;0;;1;0;;1;0;
167920;0;0;;1;0;;1;0;;1;0;;1;0;;1;0;;1;0;
167930;0;0;;1;0;;1;0;;1;0;;1;0;;1;0;;1;0;
167940;0;0;;1;0;;1;0;;1;0;;1;0;;1;0;;1;0;
167950;0;0;;1;0;;1;0;;1;0;;1;0;;1;0;;1;0;
167960;0;0;;1;0;;1;0;;1;0;;1;0;;1;0;;1;0;
167970;0;0;;1;0;;1;0;;1;0;;1;0;;1;0;;1;0;
167980;0;0;;1;0;;1;0;;1;0;;1;0;;1;0;;1;0;
167990;0;0;;1;0;;1;0;;1;0;;1;0;;1;0;;1;0;
168000;0;0;;1;0;;1;0;;1;0;;1;0;;1;0;;1;0;
168010;0;0;;1;0;;1;0;;1;0;;1;0;;1;0;;1;0;
168020;0;0;;1;0;;1;0;;1;0;;1;0;;1;0;;1;0;
168030;0;0;;1;0;;1;0;;1;0;;1;0;;1;0;;1;0;
168040;0;0;;1;0;;1;0;;1;0;;1;0;;1;0;;1;0;
168050;0;0;;1;0;;1;0;;1;0;;1;0;;1;0;;1;0;
168060;0;0;;1;0;;1;0;;1;0;;1;0;;1;0;;1;0;
168070;0;0;;1;0;;1;0;;1;0;;1;0;;1;0;;1;0;
168080;0;0;;1;0;;1;0;;1;0;;1;0;;1;0;;1;0;
168090;0;0;;1;0;;1;0;;1;0;;1;0;;1;0;;1;0;
168100;0;0;;1;0;;1;0;;1;0;;1;0;;1;0;;1;0;
168110;0;0;;1;0;;1;0;;1;0;;1;0;;1;0;;1;0;
168120;0;0;;1;0;;1;0;;1;0;;1;0;;1;0;;1;0;
168130;0;0;;1;0;;1;0;;1;0;;1;0;;1;0;;1;0;
168140;0;0;;1;0;;1;0;;1;0;;1;0;;1;0;;1;0;
168150;0;0;;1;0;;1;0;;1;0;;1;0;;1;0;;1;0;
168160;0;0;;1;0;;1;0;;1;0;;1;0;;1;0;;1;0;
168170;0;0;;1;0;;1;0;;1;0;;1;0;;1;0;;1;0;
168180;0;0;;1;0;;1;0;;1;0;;1;0;;1;0;;1;0;
168190;0;0;;1;0;;1;0;;1;0;;1;0;;1;0;;1;0;
168200;0;0;;1;0;;1;0;;1;0;;1;0;;1;0;;1;0;
168210;0;0;;1;0;;1;0;;1;0;;1;0;;1;0;;1;0;
168220;0;0;;1;0;;1;0;;1;0;;1;0;;1;0;;1;0;
168230;0;0;;1;0;;1;0;;1;0;;1;0;;1;0;;1;0;
168240;0;0;;1;0;;1;0;;1;0;;1;0;;1;0;;1;0;
168250;0;0;;1;0;;1;0;;1;0;;1;0;;1;0;;1;0;
168260;0;0;;1;0;;1;0;;1;0;;1;0;;1;0;;1;0;
168270;0;0;;1;0;;1;0;;1;0;;1;0;;1;0;;1;0;
168280;0;0;;1;0;;1;0;;1;0;;1;0;;1;0;;1;0;
168290;0;0;;1;0;;1;0;;1;0;;1;0;;1;0;;1;0;
168300;0;0;;1;0;;1;0;;1;0;;1;0;;1;0;;1;0;
168310;0;0;;1;0;;1;0;;1;0;;1;0;;1;0;;1;0;
168320;0;0;;1;0;;1;0;;1;0;;1;0;;1;0;;1;0;
168330;0;0;;1;0;;1;0;;1;0;;1;0;;1;0;;1;0;
168340;0;0;;1;0;;1;0;;1;0;;1;0;;1;0;;1;0;
168350;0;0;;1;0;;1;0;;1;0;;1;0;;1;0;;1;0;
168360;0;0;;1;0;;1;0;;1;0;;1;0;;1;0;;1;0;
168370;0;0;;1;0;;1;0;;1;0;;1;0;;1;0;;1;0;
168380;0;0;;1;0;;1;0;;1;0;;1;0;;1;0;;1;0;
168390;0;0;;1;0;;1;0;;1;0;;1;0;;1;0;;1;0;
168400;0;0;;1;0;;1;0;;1;0;;1;0;;1;0;;1;0;
168410;0;0;;1;0;;1;0;;1;0;;1;0;;1;0;;1;0;
168420;0;0;;1;0;;1;0;;1;0;;1;0;;1;0;;1;0;
168430;0;0;;1;0;;1;0;;1;0;;1;0;;1;0;;1;0;
168440;0;0;;1;0;;1;0;;1;0;;1;0;;1;0;;1;0;
168450;0;0;;1;0;;1;0;;1;0;;1;0;;1;0;;1;0;
168460;0;0;;1;0;;1;0;;1;0;;1;0;;1;0;;1;0;
168470;0;0;;1;0;;1;0;;1;0;;1;0;;1;0;;1;0;
168480;0;0;;1;0;;1;0;;1;0;;1;0;;1;0;;1;0;
168490;0;0;;1;0;;1;0;;1;0;;1;0;;1;0;;1;0;
168500;0;0;;1;0;;1;0;;1;0;;1;0;;1;0;;1;0;
168510;0;0;;1;0;;1;0;;1;0;;1;0;;1;0;;1;0;
168520;0;0;;1;0;;1;0;;1;0;;1;0;;1;0;;1;0;
168530;0;0;;1;0;;1;0;;1;0;;1;0;;1;0;;1;0;
168540;0;0;;1;0;;1;0;;1;0;;1;0;;1;0;;1;0;
168550;0;0;;1;0;;1;0;;1;0;;1;0;;1;0;;1;0;
168560;0;0;;1;0;;1;0;;1;0;;1;0;;1;0;;1;0;
168570;0;0;;1;0;;1;0;;1;0;;1;0;;1;0;;1;0;
168580;0;0;;1;0;;1;0;;1;0;;1;0;;1;0;;1;0;
168590;0;0;;1;0;;1;0;;1;0;;1;0;;1;0;;1;0;
168600;0;0;;1;0;;1;0;;1;0;;1;0;;1;0;;1;0;
168610;0;0;;1;0;;1;0;;1;0;;1;0;;1;0;;1;0;
168620;0;0;;1;0;;1;0;;1;0;;1;0;;1;0;;1;0;
168630;0;0;;1;0;;1;0;;1;0;;1;0;;1;0;;1;0;
168640;0;0;;1;0;;1;0;;1;0;;1;0;;1;0;;1;0;
168650;0;0;;1;0;;1;0;;1;0;;1;0;;1;0;;1;0;
168660;0;0;;1;0;;1;0;;1;0;;1;0;;1;0;;1;0;
168670;0;0;;1;0;;1;0;;1;0;;1;0;;1;0;;1;0;
168680;0;0;;1;0;;1;0;;1;0;;1;0;;1;0;;1;0;
168690;0;0;;1;0;;1;0;;1;0;;1;0;;1;0;;1;0;
168700;0;0;;1;0;;1;0;;1;0;;1;0;;1;0;;1;0;
168710;0;0;;1;0;;1;0;;1;0;;1;0;;1;0;;1;0;
168720;0;0;;1;0;;1;0;;1;0;;1;0;;1;0;;1;0;
168730;0;0;;1;0;;1;0;;1;0;;1;0;;1;0;;1;0;
168740;0;0;;1;0;;1;0;;1;0;;1;0;;1;0;;1;0;
168750;0;0;;1;0;;1;0;;1;0;;1;0;;1;0;;1;0;
168760;0;0;;1;0;;1;0;;1;0;;1;0;;1;0;;1;0;
168770;0;0;;1;0;;1;0;;1;0;;1;0;;1;0;;1;0;
168780;0;0;;1;0;;1;0;;1;0;;1;0;;1;0;;1;0;
168790;0;0;;1;0;;1;0;;1;0;;1;0;;1;0;;1;0;
168800;0;0;;1;0;;1;0;;1;0;;1;0;;1;0;;1;0;
168810;0;0;;1;0;;1;0;;1;0;;1;0;;1;0;;1;0;
168820;0;0;;1;0;;1;0;;1;0;;1;0;;1;0;;1;0;
168830;0;0;;1;0;;1;0;;1;0;;1;0;;1;0;;1;0;
168840;0;0;;1;0;;1;0;;1;0;;1;0;;1;0;;1;0;
168850;0;0;;1;0;;1;0;;1;0;;1;0;;1;0;;1;0;
168860;0;0;;1;0;;1;0;;1;0;;1;0;;1;0;;1;0;
168870;0;0;;1;0;;1;0;;1;0;;1;0;;1;0;;1;0;
168880;0;0;;1;0;;1;0;;1;0;;1;0;;1;0;;1;0;
168890;0;0;;1;0;;1;0;;1;0;;1;0;;1;0;;1;0;
168900;0;0;;1;0;;1;0;;1;0;;1;0;;1;0;;1;0;
168910;0;0;;1;0;;1;0;;1;0;;1;0;;1;0;;1;0;
168920;0;0;;1;0;;1;0;;1;0;;1;0;;1;0;;1;0;
168930;0;0;;1;0;;1;0;;1;0;;1;0;;1;0;;1;0;
168940;0;0;;1;0;;1;0;;1;0;;1;0;;1;0;;1;0;
168950;0;0;;1;0;;1;0;;1;0;;1;0;;1;0;;1;0;
168960;0;0;;1;0;;1;0;;1;0;;1;0;;1;0;;1;0;
168970;0;0;;1;0;;1;0;;1;0;;1;0;;1;0;;1;0;
168980;0;0;;1;0;;1;0;;1;0;;1;0;;1;0;;1;0;
168990;0;0;;1;0;;1;0;;1;0;;1;0;;1;0;;1;0;
169000;0;0;;1;0;;1;0;;1;0;;1;0;;1;0;;1;0;
169010;0;0;;1;0;;1;0;;1;0;;1;0;;1;0;;1;0;
169020;0;0;;1;0;;1;0;;1;0;;1;0;;1;0;;1;0;
169030;0;0;;1;0;;1;0;;1;0;;1;0;;1;0;;1;0;
169040;0;0;;1;0;;1;0;;1;0;;1;0;;1;0;;1;0;
169050;0;0;;1;0;;1;0;;1;0;;1;0;;1;0;;1;0;
169060;0;0;;1;0;;1;0;;1;0;;1;0;;1;0;;1;0;
169070;0;0;;1;0;;1;0;;1;0;;1;0;;1;0;;1;0;
169080;0;0;;1;0;;1;0;;1;0;;1;0;;1;0;;1;0;
169090;0;0;;1;0;;1;0;;1;0;;1;0;;1;0;;1;0;
169100;0;0;;1;0;;1;0;;1;0;;1;0;;1;0;;1;0;
169110;0;0;;1;0;;1;0;;1;0;;1;0;;1;0;;1;0;
169120;0;0;;1;0;;1;0;;1;0;;1;0;;1;0;;1;0;
169130;0;0;;1;0;;1;0;;1;0;;1;0;;1;0;;1;0;
169140;0;0;;1;0;;1;0;;1;0;;1;0;;1;0;;1;0;
169150;0;0;;1;0;;1;0;;1;0;;1;0;;1;0;;1;0;
169160;0;0;;1;0;;1;0;;1;0;;1;0;;1;0;;1;0;
169170;0;0;;1;0;;1;0;;1;0;;1;0;;1;0;;1;0;
169180;0;0;;1;0;;1;0;;1;0;;1;0;;1;0;;1;0;
169190;0;0;;1;0;;1;0;;1;0;;1;0;;1;0;;1;0;
169200;0;0;;1;0;;1;0;;1;0;;1;0;;1;0;;1;0;
169210;0;0;;1;0;;1;0;;1;0;;1;0;;1;0;;1;0;
169220;0;0;;1;0;;1;0;;1;0;;1;0;;1;0;;1;0;
169230;0;0;;1;0;;1;0;;1;0;;1;0;;1;0;;1;0;
169240;0;0;;1;0;;1;0;;1;0;;1;0;;1;0;;1;0;
169250;0;0;;1;0;;1;0;;1;0;;1;0;;1;0;;1;0;
169260;0;0;;1;0;;1;0;;1;0;;1;0;;1;0;;1;0;
169270;0;0;;1;0;;1;0;;1;0;;1;0;;1;0;;1;0;
169280;0;0;;1;0;;1;0;;1;0;;1;0;;1;0;;1;0;
169290;0;0;;1;0;;1;0;;1;0;;1;0;;1;0;;1;0;
169300;0;0;;1;0;;1;0;;1;0;;1;0;;1;0;;1;0;
169310;0;0;;1;0;;1;0;;1;0;;1;0;;1;0;;1;0;
169320;0;0;;1;0;;1;0;;1;0;;1;0;;1;0;;1;0;
169330;0;0;;1;0;;1;0;;1;0;;1;0;;1;0;;1;0;
169340;0;0;;1;0;;1;0;;1;0;;1;0;;1;0;;1;0;
169350;0;0;;1;0;;1;0;;1;0;;1;0;;1;0;;1;0;
169360;0;0;;1;0;;1;0;;1;0;;1;0;;1;0;;1;0;
169370;0;0;;1;0;;1;0;;1;0;;1;0;;1;0;;1;0;
169380;0;0;;1;0;;1;0;;1;0;;1;0;;1;0;;1;0;
169390;0;0;;1;0;;1;0;;1;0;;1;0;;1;0;;1;0;
169400;0;0;;1;0;;1;0;;1;0;;1;0;;1;0;;1;0;
169410;0;0;;1;0;;1;0;;1;0;;1;0;;1;0;;1;0;
169420;0;0;;1;0;;1;0;;1;0;;1;0;;1;0;;1;0;
169430;0;0;;1;0;;1;0;;1;0;;1;0;;1;0;;1;0;
169440;0;0;;1;0;;1;0;;1;0;;1;0;;1;0;;1;0;
169450;0;0;;1;0;;1;0;;1;0;;1;0;;1;0;;1;0;
169460;0;0;;1;0;;1;0;;1;0;;1;0;;1;0;;1;0;
169470;0;0;;1;0;;1;0;;1;0;;1;0;;1;0;;1;0;
169480;0;0;;1;0;;1;0;;1;0;;1;0;;1;0;;1;0;
169490;0;0;;1;0;;1;0;;1;0;;1;0;;1;0;;1;0;
169500;0;0;;1;0;;1;0;;1;0;;1;0;;1;0;;1;0;
169510;0;0;;1;0;;1;0;;1;0;;1;0;;1;0;;1;0;
169520;0;0;;1;0;;1;0;;1;0;;1;0;;1;0;;1;0;
169530;0;0;;1;0;;1;0;;1;0;;1;0;;1;0;;1;0;
169540;0;0;;1;0;;1;0;;1;0;;1;0;;1;0;;1;0;
169550;0;0;;1;0;;1;0;;1;0;;1;0;;1;0;;1;0;
169560;0;0;;1;0;;1;0;;1;0;;1;0;;1;0;;1;0;
169570;0;0;;1;0;;1;0;;1;0;;1;0;;1;0;;1;0;
169580;0;0;;1;0;;1;0;;1;0;;1;0;;1;0;;1;0;
169590;0;0;;1;0;;1;0;;1;0;;1;0;;1;0;;1;0;
169600;0;0;;1;0;;1;0;;1;0;;1;0;;1;0;;1;0;
169610;0;0;;1;0;;1;0;;1;0;;1;0;;1;0;;1;0;
169620;0;0;;1;0;;1;0;;1;0;;1;0;;1;0;;1;0;
169630;0;0;;1;0;;1;0;;1;0;;1;0;;1;0;;1;0;
169640;0;0;;1;0;;1;0;;1;0;;1;0;;1;0;;1;0;
169650;0;0;;1;0;;1;0;;1;0;;1;0;;1;0;;1;0;
169660;0;0;;1;0;;1;0;;1;0;;1;0;;1;0;;1;0;
169670;0;0;;1;0;;1;0;;1;0;;1;0;;1;0;;1;0;
169680;0;0;;1;0;;1;0;;1;0;;1;0;;1;0;;1;0;
169690;0;0;;1;0;;1;0;;1;0;;1;0;;1;0;;1;0;
169700;0;0;;1;0;;1;0;;1;0;;1;0;;1;0;;1;0;
169710;0;0;;1;0;;1;0;;1;0;;1;0;;1;0;;1;0;
169720;0;0;;1;0;;1;0;;1;0;;1;0;;1;0;;1;0;
169730;0;0;;1;0;;1;0;;1;0;;1;0;;1;0;;1;0;
169740;0;0;;1;0;;1;0;;1;0;;1;0;;1;0;;1;0;
169750;0;0;;1;0;;1;0;;1;0;;1;0;;1;0;;1;0;
169760;0;0;;1;0;;1;0;;1;0;;1;0;;1;0;;1;0;
169770;0;0;;1;0;;1;0;;1;0;;1;0;;1;0;;1;0;
169780;0;0;;1;0;;1;0;;1;0;;1;0;;1;0;;1;0;
169790;0;0;;1;0;;1;0;;1;0;;1;0;;1;0;;1;0;
169800;0;0;;1;0;;1;0;;1;0;;1;0;;1;0;;1;0;
169810;0;0;;1;0;;1;0;;1;0;;1;0;;1;0;;1;0;
169820;0;0;;1;0;;1;0;;1;0;;1;0;;1;0;;1;0;
169830;0;0;;1;0;;1;0;;1;0;;1;0;;1;0;;1;0;
169840;0;0;;1;0;;1;0;;1;0;;1;0;;1;0;;1;0;
169850;0;0;;1;0;;1;0;;1;0;;1;0;;1;0;;1;0;
169860;0;0;;1;0;;1;0;;1;0;;1;0;;1;0;;1;0;
169870;0;0;;1;0;;1;0;;1;0;;1;0;;1;0;;1;0;
169880;0;0;;1;0;;1;0;;1;0;;1;0;;1;0;;1;0;
169890;0;0;;1;0;;1;0;;1;0;;1;0;;1;0;;1;0;
169900;0;0;;1;0;;1;0;;1;0;;1;0;;1;0;;1;0;
169910;0;0;;1;0;;1;0;;1;0;;1;0;;1;0;;1;0;
169920;0;0;;1;0;;1;0;;1;0;;1;0;;1;0;;1;0;
169930;0;0;;1;0;;1;0;;1;0;;1;0;;1;0;;1;0;
169940;0;0;;1;0;;1;0;;1;0;;1;0;;1;0;;1;0;
169950;0;0;;1;0;;1;0;;1;0;;1;0;;1;0;;1;0;
169960;0;0;;1;0;;1;0;;1;0;;1;0;;1;0;;1;0;
169970;0;0;;1;0;;1;0;;1;0;;1;0;;1;0;;1;0;
169980;0;0;;1;0;;1;0;;1;0;;1;0;;1;0;;1;0;
169990;0;0;;1;0;;1;0;;1;0;;1;0;;1;0;;1;0;
170000;0;0;;1;0;;1;0;;1;0;;1;0;;1;0;;1;0;
170010;0;0;;1;0;;1;0;;1;0;;1;0;;1;0;;1;0;
170020;0;0;;1;0;;1;0;;1;0;;1;0;;1;0;;1;0;
170030;0;0;;1;0;;1;0;;1;0;;1;0;;1;0;;1;0;
170040;0;0;;1;0;;1;0;;1;0;;1;0;;1;0;;1;0;
170050;0;0;;1;0;;1;0;;1;0;;1;0;;1;0;;1;0;
170060;0;0;;1;0;;1;0;;1;0;;1;0;;1;0;;1;0;
170070;0;0;;1;0;;1;0;;1;0;;1;0;;1;0;;1;0;
170080;0;0;;1;0;;1;0;;1;0;;1;0;;1;0;;1;0;
170090;0;0;;1;0;;1;0;;1;0;;1;0;;1;0;;1;0;
170100;0;0;;1;0;;1;0;;1;0;;1;0;;1;0;;1;0;
170110;0;0;;1;0;;1;0;;1;0;;1;0;;1;0;;1;0;
170120;0;0;;1;0;;1;0;;1;0;;1;0;;1;0;;1;0;
170130;0;0;;1;0;;1;0;;1;0;;1;0;;1;0;;1;0;
170140;0;0;;1;0;;1;0;;1;0;;1;0;;1;0;;1;0;
170150;0;0;;1;0;;1;0;;1;0;;1;0;;1;0;;1;0;
170160;0;0;;1;0;;1;0;;1;0;;1;0;;1;0;;1;0;
170170;0;0;;1;0;;1;0;;1;0;;1;0;;1;0;;1;0;
170180;0;0;;1;0;;1;0;;1;0;;1;0;;1;0;;1;0;
170190;0;0;;1;0;;1;0;;1;0;;1;0;;1;0;;1;0;
170200;0;0;;1;0;;1;0;;1;0;;1;0;;1;0;;1;0;
170210;0;0;;1;0;;1;0;;1;0;;1;0;;1;0;;1;0;
170220;0;0;;1;0;;1;0;;1;0;;1;0;;1;0;;1;0;
170230;0;0;;1;0;;1;0;;1;0;;1;0;;1;0;;1;0;
170240;0;0;;1;0;;1;0;;1;0;;1;0;;1;0;;1;0;
170250;0;0;;1;0;;1;0;;1;0;;1;0;;1;0;;1;0;
170260;0;0;;1;0;;1;0;;1;0;;1;0;;1;0;;1;0;
170270;0;0;;1;0;;1;0;;1;0;;1;0;;1;0;;1;0;
170280;0;0;;1;0;;1;0;;1;0;;1;0;;1;0;;1;0;
170290;0;0;;1;0;;1;0;;1;0;;1;0;;1;0;;1;0;
170300;0;0;;1;0;;1;0;;1;0;;1;0;;1;0;;1;0;
170310;0;0;;1;0;;1;0;;1;0;;1;0;;1;0;;1;0;
170320;0;0;;1;0;;1;0;;1;0;;1;0;;1;0;;1;0;
170330;0;0;;1;0;;1;0;;1;0;;1;0;;1;0;;1;0;
170340;0;0;;1;0;;1;0;;1;0;;1;0;;1;0;;1;0;
170350;0;0;;1;0;;1;0;;1;0;;1;0;;1;0;;1;0;
170360;0;0;;1;0;;1;0;;1;0;;1;0;;1;0;;1;0;
170370;0;0;;1;0;;1;0;;1;0;;1;0;;1;0;;1;0;
170380;0;0;;1;0;;1;0;;1;0;;1;0;;1;0;;1;0;
170390;0;0;;1;0;;1;0;;1;0;;1;0;;1;0;;1;0;
170400;0;0;;1;0;;1;0;;1;0;;1;0;;1;0;;1;0;
170410;0;0;;1;0;;1;0;;1;0;;1;0;;1;0;;1;0;
170420;0;0;;1;0;;1;0;;1;0;;1;0;;1;0;;1;0;
170430;0;0;;1;0;;1;0;;1;0;;1;0;;1;0;;1;0;
170440;0;0;;1;0;;1;0;;1;0;;1;0;;1;0;;1;0;
170450;0;0;;1;0;;1;0;;1;0;;1;0;;1;0;;1;0;
170460;0;0;;1;0;;1;0;;1;0;;1;0;;1;0;;1;0;
170470;0;0;;1;0;;1;0;;1;0;;1;0;;1;0;;1;0;
170480;0;0;;1;0;;1;0;;1;0;;1;0;;1;0;;1;0;
170490;0;0;;1;0;;1;0;;1;0;;1;0;;1;0;;1;0;
170500;0;0;;1;0;;1;0;;1;0;;1;0;;1;0;;1;0;
170510;0;0;;1;0;;1;0;;1;0;;1;0;;1;0;;1;0;
170520;0;0;;1;0;;1;0;;1;0;;1;0;;1;0;;1;0;
170530;0;0;;1;0;;1;0;;1;0;;1;0;;1;0;;1;0;
170540;0;0;;1;0;;1;0;;1;0;;1;0;;1;0;;1;0;
170550;0;0;;1;0;;1;0;;1;0;;1;0;;1;0;;1;0;
170560;0;0;;1;0;;1;0;;1;0;;1;0;;1;0;;1;0;
170570;0;0;;1;0;;1;0;;1;0;;1;0;;1;0;;1;0;
170580;0;0;;1;0;;1;0;;1;0;;1;0;;1;0;;1;0;
170590;0;0;;1;0;;1;0;;1;0;;1;0;;1;0;;1;0;
170600;0;0;;1;0;;1;0;;1;0;;1;0;;1;0;;1;0;
170610;0;0;;1;0;;1;0;;1;0;;1;0;;1;0;;1;0;
170620;0;0;;1;0;;1;0;;1;0;;1;0;;1;0;;1;0;
170630;0;0;;1;0;;1;0;;1;0;;1;0;;1;0;;1;0;
170640;0;0;;1;0;;1;0;;1;0;;1;0;;1;0;;1;0;
170650;0;0;;1;0;;1;0;;1;0;;1;0;;1;0;;1;0;
170660;0;0;;1;0;;1;0;;1;0;;1;0;;1;0;;1;0;
170670;0;0;;1;0;;1;0;;1;0;;1;0;;1;0;;1;0;
170680;0;0;;1;0;;1;0;;1;0;;1;0;;1;0;;1;0;
170690;0;0;;1;0;;1;0;;1;0;;1;0;;1;0;;1;0;
170700;0;0;;1;0;;1;0;;1;0;;1;0;;1;0;;1;0;
170710;0;0;;1;0;;1;0;;1;0;;1;0;;1;0;;1;0;
170720;0;0;;1;0;;1;0;;1;0;;1;0;;1;0;;1;0;
170730;0;0;;1;0;;1;0;;1;0;;1;0;;1;0;;1;0;
170740;0;0;;1;0;;1;0;;1;0;;1;0;;1;0;;1;0;
170750;0;0;;1;0;;1;0;;1;0;;1;0;;1;0;;1;0;
170760;0;0;;1;0;;1;0;;1;0;;1;0;;1;0;;1;0;
170770;0;0;;1;0;;1;0;;1;0;;1;0;;1;0;;1;0;
170780;0;0;;1;0;;1;0;;1;0;;1;0;;1;0;;1;0;
170790;0;0;;1;0;;1;0;;1;0;;1;0;;1;0;;1;0;
170800;0;0;;1;0;;1;0;;1;0;;1;0;;1;0;;1;0;
170810;0;0;;1;0;;1;0;;1;0;;1;0;;1;0;;1;0;
170820;0;0;;1;0;;1;0;;1;0;;1;0;;1;0;;1;0;
170830;0;0;;1;0;;1;0;;1;0;;1;0;;1;0;;1;0;
170840;0;0;;1;0;;1;0;;1;0;;1;0;;1;0;;1;0;
170850;0;0;;1;0;;1;0;;1;0;;1;0;;1;0;;1;0;
170860;0;0;;1;0;;1;0;;1;0;;1;0;;1;0;;1;0;
170870;0;0;;1;0;;1;0;;1;0;;1;0;;1;0;;1;0;
170880;0;0;;1;0;;1;0;;1;0;;1;0;;1;0;;1;0;
170890;0;0;;1;0;;1;0;;1;0;;1;0;;1;0;;1;0;
170900;0;0;;1;0;;1;0;;1;0;;1;0;;1;0;;1;0;
170910;0;0;;1;0;;1;0;;1;0;;1;0;;1;0;;1;0;
170920;0;0;;1;0;;1;0;;1;0;;1;0;;1;0;;1;0;
170930;0;0;;1;0;;1;0;;1;0;;1;0;;1;0;;1;0;
170940;0;0;;1;0;;1;0;;1;0;;1;0;;1;0;;1;0;
170950;0;0;;1;0;;1;0;;1;0;;1;0;;1;0;;1;0;
170960;0;0;;1;0;;1;0;;1;0;;1;0;;1;0;;1;0;
170970;0;0;;1;0;;1;0;;1;0;;1;0;;1;0;;1;0;
170980;0;0;;1;0;;1;0;;1;0;;1;0;;1;0;;1;0;
170990;0;0;;1;0;;1;0;;1;0;;1;0;;1;0;;1;0;
171000;0;0;;1;0;;1;0;;1;0;;1;0;;1;0;;1;0;
171010;0;0;;1;0;;1;0;;1;0;;1;0;;1;0;;1;0;
171020;0;0;;1;0;;1;0;;1;0;;1;0;;1;0;;1;0;
171030;0;0;;1;0;;1;0;;1;0;;1;0;;1;0;;1;0;
171040;0;0;;1;0;;1;0;;1;0;;1;0;;1;0;;1;0;
171050;0;0;;1;0;;1;0;;1;0;;1;0;;1;0;;1;0;
171060;0;0;;1;0;;1;0;;1;0;;1;0;;1;0;;1;0;
171070;0;0;;1;0;;1;0;;1;0;;1;0;;1;0;;1;0;
171080;0;0;;1;0;;1;0;;1;0;;1;0;;1;0;;1;0;
171090;0;0;;1;0;;1;0;;1;0;;1;0;;1;0;;1;0;
171100;0;0;;1;0;;1;0;;1;0;;1;0;;1;0;;1;0;
171110;0;0;;1;0;;1;0;;1;0;;1;0;;1;0;;1;0;
171120;0;0;;1;0;;1;0;;1;0;;1;0;;1;0;;1;0;
171130;0;0;;1;0;;1;0;;1;0;;1;0;;1;0;;1;0;
171140;0;0;;1;0;;1;0;;1;0;;1;0;;1;0;;1;0;
171150;0;0;;1;0;;1;0;;1;0;;1;0;;1;0;;1;0;
171160;0;0;;1;0;;1;0;;1;0;;1;0;;1;0;;1;0;
171170;0;0;;1;0;;1;0;;1;0;;1;0;;1;0;;1;0;
171180;0;0;;1;0;;1;0;;1;0;;1;0;;1;0;;1;0;
171190;0;0;;1;0;;1;0;;1;0;;1;0;;1;0;;1;0;
171200;0;0;;1;0;;1;0;;1;0;;1;0;;1;0;;1;0;
171210;0;0;;1;0;;1;0;;1;0;;1;0;;1;0;;1;0;
171220;0;0;;1;0;;1;0;;1;0;;1;0;;1;0;;1;0;
171230;0;0;;1;0;;1;0;;1;0;;1;0;;1;0;;1;0;
171240;0;0;;1;0;;1;0;;1;0;;1;0;;1;0;;1;0;
171250;0;0;;1;0;;1;0;;1;0;;1;0;;1;0;;1;0;
171260;0;0;;1;0;;1;0;;1;0;;1;0;;1;0;;1;0;
171270;0;0;;1;0;;1;0;;1;0;;1;0;;1;0;;1;0;
171280;0;0;;1;0;;1;0;;1;0;;1;0;;1;0;;1;0;
171290;0;0;;1;0;;1;0;;1;0;;1;0;;1;0;;1;0;
171300;0;0;;1;0;;1;0;;1;0;;1;0;;1;0;;1;0;
171310;0;0;;1;0;;1;0;;1;0;;1;0;;1;0;;1;0;
171320;0;0;;1;0;;1;0;;1;0;;1;0;;1;0;;1;0;
171330;0;0;;1;0;;1;0;;1;0;;1;0;;1;0;;1;0;
171340;0;0;;1;0;;1;0;;1;0;;1;0;;1;0;;1;0;
171350;0;0;;1;0;;1;0;;1;0;;1;0;;1;0;;1;0;
171360;0;0;;1;0;;1;0;;1;0;;1;0;;1;0;;1;0;
171370;0;0;;1;0;;1;0;;1;0;;1;0;;1;0;;1;0;
171380;0;0;;1;0;;1;0;;1;0;;1;0;;1;0;;1;0;
171390;0;0;;1;0;;1;0;;1;0;;1;0;;1;0;;1;0;
171400;0;0;;1;0;;1;0;;1;0;;1;0;;1;0;;1;0;
171410;0;0;;1;0;;1;0;;1;0;;1;0;;1;0;;1;0;
171420;0;0;;1;0;;1;0;;1;0;;1;0;;1;0;;1;0;
171430;0;0;;1;0;;1;0;;1;0;;1;0;;1;0;;1;0;
171440;0;0;;1;0;;1;0;;1;0;;1;0;;1;0;;1;0;
171450;0;0;;1;0;;1;0;;1;0;;1;0;;1;0;;1;0;
171460;0;0;;1;0;;1;0;;1;0;;1;0;;1;0;;1;0;
171470;0;0;;1;0;;1;0;;1;0;;1;0;;1;0;;1;0;
171480;0;0;;1;0;;1;0;;1;0;;1;0;;1;0;;1;0;
171490;0;0;;1;0;;1;0;;1;0;;1;0;;1;0;;1;0;
171500;0;0;;1;0;;1;0;;1;0;;1;0;;1;0;;1;0;
171510;0;0;;1;0;;1;0;;1;0;;1;0;;1;0;;1;0;
171520;0;0;;1;0;;1;0;;1;0;;1;0;;1;0;;1;0;
171530;0;0;;1;0;;1;0;;1;0;;1;0;;1;0;;1;0;
171540;0;0;;1;0;;1;0;;1;0;;1;0;;1;0;;1;0;
171550;0;0;;1;0;;1;0;;1;0;;1;0;;1;0;;1;0;
171560;0;0;;1;0;;1;0;;1;0;;1;0;;1;0;;1;0;
171570;0;0;;1;0;;1;0;;1;0;;1;0;;1;0;;1;0;
171580;0;0;;1;0;;1;0;;1;0;;1;0;;1;0;;1;0;
171590;0;0;;1;0;;1;0;;1;0;;1;0;;1;0;;1;0;
171600;0;0;;1;0;;1;0;;1;0;;1;0;;1;0;;1;0;
171610;0;0;;1;0;;1;0;;1;0;;1;0;;1;0;;1;0;
171620;0;0;;1;0;;1;0;;1;0;;1;0;;1;0;;1;0;
171630;0;0;;1;0;;1;0;;1;0;;1;0;;1;0;;1;0;
171640;0;0;;1;0;;1;0;;1;0;;1;0;;1;0;;1;0;
171650;0;0;;1;0;;1;0;;1;0;;1;0;;1;0;;1;0;
171660;0;0;;1;0;;1;0;;1;0;;1;0;;1;0;;1;0;
171670;0;0;;1;0;;1;0;;1;0;;1;0;;1;0;;1;0;
171680;0;0;;1;0;;1;0;;1;0;;1;0;;1;0;;1;0;
171690;0;0;;1;0;;1;0;;1;0;;1;0;;1;0;;1;0;
171700;0;0;;1;0;;1;0;;1;0;;1;0;;1;0;;1;0;
171710;0;0;;1;0;;1;0;;1;0;;1;0;;1;0;;1;0;
171720;0;0;;1;0;;1;0;;1;0;;1;0;;1;0;;1;0;
171730;0;0;;1;0;;1;0;;1;0;;1;0;;1;0;;1;0;
171740;0;0;;1;0;;1;0;;1;0;;1;0;;1;0;;1;0;
171750;0;0;;1;0;;1;0;;1;0;;1;0;;1;0;;1;0;
171760;0;0;;1;0;;1;0;;1;0;;1;0;;1;0;;1;0;
171770;0;0;;1;0;;1;0;;1;0;;1;0;;1;0;;1;0;
171780;0;0;;1;0;;1;0;;1;0;;1;0;;1;0;;1;0;
171790;0;0;;1;0;;1;0;;1;0;;1;0;;1;0;;1;0;
171800;0;0;;1;0;;1;0;;1;0;;1;0;;1;0;;1;0;
171810;0;0;;1;0;;1;0;;1;0;;1;0;;1;0;;1;0;
171820;0;0;;1;0;;1;0;;1;0;;1;0;;1;0;;1;0;
171830;0;0;;1;0;;1;0;;1;0;;1;0;;1;0;;1;0;
171840;0;0;;1;0;;1;0;;1;0;;1;0;;1;0;;1;0;
171850;0;0;;1;0;;1;0;;1;0;;1;0;;1;0;;1;0;
171860;0;0;;1;0;;1;0;;1;0;;1;0;;1;0;;1;0;
171870;0;0;;1;0;;1;0;;1;0;;1;0;;1;0;;1;0;
171880;0;0;;1;0;;1;0;;1;0;;1;0;;1;0;;1;0;
171890;0;0;;1;0;;1;0;;1;0;;1;0;;1;0;;1;0;
171900;0;0;;1;0;;1;0;;1;0;;1;0;;1;0;;1;0;
171910;0;0;;1;0;;1;0;;1;0;;1;0;;1;0;;1;0;
171920;0;0;;1;0;;1;0;;1;0;;1;0;;1;0;;1;0;
171930;0;0;;1;0;;1;0;;1;0;;1;0;;1;0;;1;0;
171940;0;0;;1;0;;1;0;;1;0;;1;0;;1;0;;1;0;
171950;0;0;;1;0;;1;0;;1;0;;1;0;;1;0;;1;0;
171960;0;0;;1;0;;1;0;;1;0;;1;0;;1;0;;1;0;
171970;0;0;;1;0;;1;0;;1;0;;1;0;;1;0;;1;0;
171980;0;0;;1;0;;1;0;;1;0;;1;0;;1;0;;1;0;
171990;0;0;;1;0;;1;0;;1;0;;1;0;;1;0;;1;0;
172000;0;0;;1;0;;1;0;;1;0;;1;0;;1;0;;1;0;
172010;0;0;;1;0;;1;0;;1;0;;1;0;;1;0;;1;0;
172020;0;0;;1;0;;1;0;;1;0;;1;0;;1;0;;1;0;
172030;0;0;;1;0;;1;0;;1;0;;1;0;;1;0;;1;0;
172040;0;0;;1;0;;1;0;;1;0;;1;0;;1;0;;1;0;
172050;0;0;;1;0;;1;0;;1;0;;1;0;;1;0;;1;0;
172060;0;0;;1;0;;1;0;;1;0;;1;0;;1;0;;1;0;
172070;0;0;;1;0;;1;0;;1;0;;1;0;;1;0;;1;0;
172080;0;0;;1;0;;1;0;;1;0;;1;0;;1;0;;1;0;
172090;0;0;;1;0;;1;0;;1;0;;1;0;;1;0;;1;0;
172100;0;0;;1;0;;1;0;;1;0;;1;0;;1;0;;1;0;
172110;0;0;;1;0;;1;0;;1;0;;1;0;;1;0;;1;0;
172120;0;0;;1;0;;1;0;;1;0;;1;0;;1;0;;1;0;
172130;0;0;;1;0;;1;0;;1;0;;1;0;;1;0;;1;0;
172140;0;0;;1;0;;1;0;;1;0;;1;0;;1;0;;1;0;
172150;0;0;;1;0;;1;0;;1;0;;1;0;;1;0;;1;0;
172160;0;0;;1;0;;1;0;;1;0;;1;0;;1;0;;1;0;
172170;0;0;;1;0;;1;0;;1;0;;1;0;;1;0;;1;0;
172180;0;0;;1;0;;1;0;;1;0;;1;0;;1;0;;1;0;
172190;0;0;;1;0;;1;0;;1;0;;1;0;;1;0;;1;0;
172200;0;0;;1;0;;1;0;;1;0;;1;0;;1;0;;1;0;
172210;0;0;;1;0;;1;0;;1;0;;1;0;;1;0;;1;0;
172220;0;0;;1;0;;1;0;;1;0;;1;0;;1;0;;1;0;
172230;0;0;;1;0;;1;0;;1;0;;1;0;;1;0;;1;0;
172240;0;0;;1;0;;1;0;;1;0;;1;0;;1;0;;1;0;
172250;0;0;;1;0;;1;0;;1;0;;1;0;;1;0;;1;0;
172260;0;0;;1;0;;1;0;;1;0;;1;0;;1;0;;1;0;
172270;0;0;;1;0;;1;0;;1;0;;1;0;;1;0;;1;0;
172280;0;0;;1;0;;1;0;;1;0;;1;0;;1;0;;1;0;
172290;0;0;;1;0;;1;0;;1;0;;1;0;;1;0;;1;0;
172300;0;0;;1;0;;1;0;;1;0;;1;0;;1;0;;1;0;
172310;0;0;;1;0;;1;0;;1;0;;1;0;;1;0;;1;0;
172320;0;0;;1;0;;1;0;;1;0;;1;0;;1;0;;1;0;
172330;0;0;;1;0;;1;0;;1;0;;1;0;;1;0;;1;0;
172340;0;0;;1;0;;1;0;;1;0;;1;0;;1;0;;1;0;
172350;0;0;;1;0;;1;0;;1;0;;1;0;;1;0;;1;0;
172360;0;0;;1;0;;1;0;;1;0;;1;0;;1;0;;1;0;
172370;0;0;;1;0;;1;0;;1;0;;1;0;;1;0;;1;0;
172380;0;0;;1;0;;1;0;;1;0;;1;0;;1;0;;1;0;
172390;0;0;;1;0;;1;0;;1;0;;1;0;;1;0;;1;0;
172400;0;0;;1;0;;1;0;;1;0;;1;0;;1;0;;1;0;
172410;0;0;;1;0;;1;0;;1;0;;1;0;;1;0;;1;0;
172420;0;0;;1;0;;1;0;;1;0;;1;0;;1;0;;1;0;
172430;0;0;;1;0;;1;0;;1;0;;1;0;;1;0;;1;0;
172440;0;0;;1;0;;1;0;;1;0;;1;0;;1;0;;1;0;
172450;0;0;;1;0;;1;0;;1;0;;1;0;;1;0;;1;0;
172460;0;0;;1;0;;1;0;;1;0;;1;0;;1;0;;1;0;
172470;0;0;;1;0;;1;0;;1;0;;1;0;;1;0;;1;0;
172480;0;0;;1;0;;1;0;;1;0;;1;0;;1;0;;1;0;
172490;0;0;;1;0;;1;0;;1;0;;1;0;;1;0;;1;0;
172500;0;0;;1;0;;1;0;;1;0;;1;0;;1;0;;1;0;
172510;0;0;;1;0;;1;0;;1;0;;1;0;;1;0;;1;0;
172520;0;0;;1;0;;1;0;;1;0;;1;0;;1;0;;1;0;
172530;0;0;;1;0;;1;0;;1;0;;1;0;;1;0;;1;0;
172540;0;0;;1;0;;1;0;;1;0;;1;0;;1;0;;1;0;
172550;0;0;;1;0;;1;0;;1;0;;1;0;;1;0;;1;0;
172560;0;0;;1;0;;1;0;;1;0;;1;0;;1;0;;1;0;
172570;0;0;;1;0;;1;0;;1;0;;1;0;;1;0;;1;0;
172580;0;0;;1;0;;1;0;;1;0;;1;0;;1;0;;1;0;
172590;0;0;;1;0;;1;0;;1;0;;1;0;;1;0;;1;0;
172600;0;0;;1;0;;1;0;;1;0;;1;0;;1;0;;1;0;
172610;0;0;;1;0;;1;0;;1;0;;1;0;;1;0;;1;0;
172620;0;0;;1;0;;1;0;;1;0;;1;0;;1;0;;1;0;
172630;0;0;;1;0;;1;0;;1;0;;1;0;;1;0;;1;0;
172640;0;0;;1;0;;1;0;;1;0;;1;0;;1;0;;1;0;
172650;0;0;;1;0;;1;0;;1;0;;1;0;;1;0;;1;0;
172660;0;0;;1;0;;1;0;;1;0;;1;0;;1;0;;1;0;
172670;0;0;;1;0;;1;0;;1;0;;1;0;;1;0;;1;0;
172680;0;0;;1;0;;1;0;;1;0;;1;0;;1;0;;1;0;
172690;0;0;;1;0;;1;0;;1;0;;1;0;;1;0;;1;0;
172700;0;0;;1;0;;1;0;;1;0;;1;0;;1;0;;1;0;
172710;0;0;;1;0;;1;0;;1;0;;1;0;;1;0;;1;0;
172720;0;0;;1;0;;1;0;;1;0;;1;0;;1;0;;1;0;
172730;0;0;;1;0;;1;0;;1;0;;1;0;;1;0;;1;0;
172740;0;0;;1;0;;1;0;;1;0;;1;0;;1;0;;1;0;
172750;0;0;;1;0;;1;0;;1;0;;1;0;;1;0;;1;0;
172760;0;0;;1;0;;1;0;;1;0;;1;0;;1;0;;1;0;
172770;0;0;;1;0;;1;0;;1;0;;1;0;;1;0;;1;0;
172780;0;0;;1;0;;1;0;;1;0;;1;0;;1;0;;1;0;
172790;0;0;;1;0;;1;0;;1;0;;1;0;;1;0;;1;0;
172800;0;0;;1;0;;1;0;;1;0;;1;0;;1;0;;1;0;
172810;0;0;;1;0;;1;0;;1;0;;1;0;;1;0;;1;0;
172820;0;0;;1;0;;1;0;;1;0;;1;0;;1;0;;1;0;
172830;0;0;;1;0;;1;0;;1;0;;1;0;;1;0;;1;0;
172840;0;0;;1;0;;1;0;;1;0;;1;0;;1;0;;1;0;
172850;0;0;;1;0;;1;0;;1;0;;1;0;;1;0;;1;0;
172860;0;0;;1;0;;1;0;;1;0;;1;0;;1;0;;1;0;
172870;0;0;;1;0;;1;0;;1;0;;1;0;;1;0;;1;0;
172880;0;0;;1;0;;1;0;;1;0;;1;0;;1;0;;1;0;
172890;0;0;;1;0;;1;0;;1;0;;1;0;;1;0;;1;0;
172900;0;0;;1;0;;1;0;;1;0;;1;0;;1;0;;1;0;
172910;0;0;;1;0;;1;0;;1;0;;1;0;;1;0;;1;0;
172920;0;0;;1;0;;1;0;;1;0;;1;0;;1;0;;1;0;
172930;0;0;;1;0;;1;0;;1;0;;1;0;;1;0;;1;0;
172940;0;0;;1;0;;1;0;;1;0;;1;0;;1;0;;1;0;
172950;0;0;;1;0;;1;0;;1;0;;1;0;;1;0;;1;0;
172960;0;0;;1;0;;1;0;;1;0;;1;0;;1;0;;1;0;
172970;0;0;;1;0;;1;0;;1;0;;1;0;;1;0;;1;0;
172980;0;0;;1;0;;1;0;;1;0;;1;0;;1;0;;1;0;
172990;0;0;;1;0;;1;0;;1;0;;1;0;;1;0;;1;0;
173000;0;0;;1;0;;1;0;;1;0;;1;0;;1;0;;1;0;
173010;0;0;;1;0;;1;0;;1;0;;1;0;;1;0;;1;0;
173020;0;0;;1;0;;1;0;;1;0;;1;0;;1;0;;1;0;
173030;0;0;;1;0;;1;0;;1;0;;1;0;;1;0;;1;0;
173040;0;0;;1;0;;1;0;;1;0;;1;0;;1;0;;1;0;
173050;0;0;;1;0;;1;0;;1;0;;1;0;;1;0;;1;0;
173060;0;0;;1;0;;1;0;;1;0;;1;0;;1;0;;1;0;
173070;0;0;;1;0;;1;0;;1;0;;1;0;;1;0;;1;0;
173080;0;0;;1;0;;1;0;;1;0;;1;0;;1;0;;1;0;
173090;0;0;;1;0;;1;0;;1;0;;1;0;;1;0;;1;0;
173100;0;0;;1;0;;1;0;;1;0;;1;0;;1;0;;1;0;
173110;0;0;;1;0;;1;0;;1;0;;1;0;;1;0;;1;0;
173120;0;0;;1;0;;1;0;;1;0;;1;0;;1;0;;1;0;
173130;0;0;;1;0;;1;0;;1;0;;1;0;;1;0;;1;0;
173140;0;0;;1;0;;1;0;;1;0;;1;0;;1;0;;1;0;
173150;0;0;;1;0;;1;0;;1;0;;1;0;;1;0;;1;0;
173160;0;0;;1;0;;1;0;;1;0;;1;0;;1;0;;1;0;
173170;0;0;;1;0;;1;0;;1;0;;1;0;;1;0;;1;0;
173180;0;0;;1;0;;1;0;;1;0;;1;0;;1;0;;1;0;
173190;0;0;;1;0;;1;0;;1;0;;1;0;;1;0;;1;0;
173200;0;0;;1;0;;1;0;;1;0;;1;0;;1;0;;1;0;
173210;0;0;;1;0;;1;0;;1;0;;1;0;;1;0;;1;0;
173220;0;0;;1;0;;1;0;;1;0;;1;0;;1;0;;1;0;
173230;0;0;;1;0;;1;0;;1;0;;1;0;;1;0;;1;0;
173240;0;0;;1;0;;1;0;;1;0;;1;0;;1;0;;1;0;
173250;0;0;;1;0;;1;0;;1;0;;1;0;;1;0;;1;0;
173260;0;0;;1;0;;1;0;;1;0;;1;0;;1;0;;1;0;
173270;0;0;;1;0;;1;0;;1;0;;1;0;;1;0;;1;0;
173280;0;0;;1;0;;1;0;;1;0;;1;0;;1;0;;1;0;
173290;0;0;;1;0;;1;0;;1;0;;1;0;;1;0;;1;0;
173300;0;0;;1;0;;1;0;;1;0;;1;0;;1;0;;1;0;
173310;0;0;;1;0;;1;0;;1;0;;1;0;;1;0;;1;0;
173320;0;0;;1;0;;1;0;;1;0;;1;0;;1;0;;1;0;
173330;0;0;;1;0;;1;0;;1;0;;1;0;;1;0;;1;0;
173340;0;0;;1;0;;1;0;;1;0;;1;0;;1;0;;1;0;
173350;0;0;;1;0;;1;0;;1;0;;1;0;;1;0;;1;0;
173360;0;0;;1;0;;1;0;;1;0;;1;0;;1;0;;1;0;
173370;0;0;;1;0;;1;0;;1;0;;1;0;;1;0;;1;0;
173380;0;0;;1;0;;1;0;;1;0;;1;0;;1;0;;1;0;
173390;0;0;;1;0;;1;0;;1;0;;1;0;;1;0;;1;0;
173400;0;0;;1;0;;1;0;;1;0;;1;0;;1;0;;1;0;
173410;0;0;;1;0;;1;0;;1;0;;1;0;;1;0;;1;0;
173420;0;0;;1;0;;1;0;;1;0;;1;0;;1;0;;1;0;
173430;0;0;;1;0;;1;0;;1;0;;1;0;;1;0;;1;0;
173440;0;0;;1;0;;1;0;;1;0;;1;0;;1;0;;1;0;
173450;0;0;;1;0;;1;0;;1;0;;1;0;;1;0;;1;0;
173460;0;0;;1;0;;1;0;;1;0;;1;0;;1;0;;1;0;
173470;0;0;;1;0;;1;0;;1;0;;1;0;;1;0;;1;0;
173480;0;0;;1;0;;1;0;;1;0;;1;0;;1;0;;1;0;
173490;0;0;;1;0;;1;0;;1;0;;1;0;;1;0;;1;0;
173500;0;0;;1;0;;1;0;;1;0;;1;0;;1;0;;1;0;
173510;0;0;;1;0;;1;0;;1;0;;1;0;;1;0;;1;0;
173520;0;0;;1;0;;1;0;;1;0;;1;0;;1;0;;1;0;
173530;0;0;;1;0;;1;0;;1;0;;1;0;;1;0;;1;0;
173540;0;0;;1;0;;1;0;;1;0;;1;0;;1;0;;1;0;
173550;0;0;;1;0;;1;0;;1;0;;1;0;;1;0;;1;0;
173560;0;0;;1;0;;1;0;;1;0;;1;0;;1;0;;1;0;
173570;0;0;;1;0;;1;0;;1;0;;1;0;;1;0;;1;0;
173580;0;0;;1;0;;1;0;;1;0;;1;0;;1;0;;1;0;
173590;0;0;;1;0;;1;0;;1;0;;1;0;;1;0;;1;0;
173600;0;0;;1;0;;1;0;;1;0;;1;0;;1;0;;1;0;
173610;0;0;;1;0;;1;0;;1;0;;1;0;;1;0;;1;0;
173620;0;0;;1;0;;1;0;;1;0;;1;0;;1;0;;1;0;
173630;0;0;;1;0;;1;0;;1;0;;1;0;;1;0;;1;0;
173640;0;0;;1;0;;1;0;;1;0;;1;0;;1;0;;1;0;
173650;0;0;;1;0;;1;0;;1;0;;1;0;;1;0;;1;0;
173660;0;0;;1;0;;1;0;;1;0;;1;0;;1;0;;1;0;
173670;0;0;;1;0;;1;0;;1;0;;1;0;;1;0;;1;0;
173680;0;0;;1;0;;1;0;;1;0;;1;0;;1;0;;1;0;
173690;0;0;;1;0;;1;0;;1;0;;1;0;;1;0;;1;0;
173700;0;0;;1;0;;1;0;;1;0;;1;0;;1;0;;1;0;
173710;0;0;;1;0;;1;0;;1;0;;1;0;;1;0;;1;0;
173720;0;0;;1;0;;1;0;;1;0;;1;0;;1;0;;1;0;
173730;0;0;;1;0;;1;0;;1;0;;1;0;;1;0;;1;0;
173740;0;0;;1;0;;1;0;;1;0;;1;0;;1;0;;1;0;
173750;0;0;;1;0;;1;0;;1;0;;1;0;;1;0;;1;0;
173760;0;0;;1;0;;1;0;;1;0;;1;0;;1;0;;1;0;
173770;0;0;;1;0;;1;0;;1;0;;1;0;;1;0;;1;0;
173780;0;0;;1;0;;1;0;;1;0;;1;0;;1;0;;1;0;
173790;0;0;;1;0;;1;0;;1;0;;1;0;;1;0;;1;0;
173800;0;0;;1;0;;1;0;;1;0;;1;0;;1;0;;1;0;
173810;0;0;;1;0;;1;0;;1;0;;1;0;;1;0;;1;0;
173820;0;0;;1;0;;1;0;;1;0;;1;0;;1;0;;1;0;
173830;0;0;;1;0;;1;0;;1;0;;1;0;;1;0;;1;0;
173840;0;0;;1;0;;1;0;;1;0;;1;0;;1;0;;1;0;
173850;0;0;;1;0;;1;0;;1;0;;1;0;;1;0;;1;0;
173860;0;0;;1;0;;1;0;;1;0;;1;0;;1;0;;1;0;
173870;0;0;;1;0;;1;0;;1;0;;1;0;;1;0;;1;0;
173880;0;0;;1;0;;1;0;;1;0;;1;0;;1;0;;1;0;
173890;0;0;;1;0;;1;0;;1;0;;1;0;;1;0;;1;0;
173900;0;0;;1;0;;1;0;;1;0;;1;0;;1;0;;1;0;
173910;0;0;;1;0;;1;0;;1;0;;1;0;;1;0;;1;0;
173920;0;0;;1;0;;1;0;;1;0;;1;0;;1;0;;1;0;
173930;0;0;;1;0;;1;0;;1;0;;1;0;;1;0;;1;0;
173940;0;0;;1;0;;1;0;;1;0;;1;0;;1;0;;1;0;
173950;0;0;;1;0;;1;0;;1;0;;1;0;;1;0;;1;0;
173960;0;0;;1;0;;1;0;;1;0;;1;0;;1;0;;1;0;
173970;0;0;;1;0;;1;0;;1;0;;1;0;;1;0;;1;0;
173980;0;0;;1;0;;1;0;;1;0;;1;0;;1;0;;1;0;
173990;0;0;;1;0;;1;0;;1;0;;1;0;;1;0;;1;0;
174000;0;0;;1;0;;1;0;;1;0;;1;0;;1;0;;1;0;
174010;0;0;;1;0;;1;0;;1;0;;1;0;;1;0;;1;0;
174020;0;0;;1;0;;1;0;;1;0;;1;0;;1;0;;1;0;
174030;0;0;;1;0;;1;0;;1;0;;1;0;;1;0;;1;0;
174040;0;0;;1;0;;1;0;;1;0;;1;0;;1;0;;1;0;
174050;0;0;;1;0;;1;0;;1;0;;1;0;;1;0;;1;0;
174060;0;0;;1;0;;1;0;;1;0;;1;0;;1;0;;1;0;
174070;0;0;;1;0;;1;0;;1;0;;1;0;;1;0;;1;0;
174080;0;0;;1;0;;1;0;;1;0;;1;0;;1;0;;1;0;
174090;0;0;;1;0;;1;0;;1;0;;1;0;;1;0;;1;0;
174100;0;0;;1;0;;1;0;;1;0;;1;0;;1;0;;1;0;
174110;0;0;;1;0;;1;0;;1;0;;1;0;;1;0;;1;0;
174120;0;0;;1;0;;1;0;;1;0;;1;0;;1;0;;1;0;
174130;0;0;;1;0;;1;0;;1;0;;1;0;;1;0;;1;0;
174140;0;0;;1;0;;1;0;;1;0;;1;0;;1;0;;1;0;
174150;0;0;;1;0;;1;0;;1;0;;1;0;;1;0;;1;0;
174160;0;0;;1;0;;1;0;;1;0;;1;0;;1;0;;1;0;
174170;0;0;;1;0;;1;0;;1;0;;1;0;;1;0;;1;0;
174180;0;0;;1;0;;1;0;;1;0;;1;0;;1;0;;1;0;
174190;0;0;;1;0;;1;0;;1;0;;1;0;;1;0;;1;0;
174200;0;0;;1;0;;1;0;;1;0;;1;0;;1;0;;1;0;
174210;0;0;;1;0;;1;0;;1;0;;1;0;;1;0;;1;0;
174220;0;0;;1;0;;1;0;;1;0;;1;0;;1;0;;1;0;
174230;0;0;;1;0;;1;0;;1;0;;1;0;;1;0;;1;0;
174240;0;0;;1;0;;1;0;;1;0;;1;0;;1;0;;1;0;
174250;0;0;;1;0;;1;0;;1;0;;1;0;;1;0;;1;0;
174260;0;0;;1;0;;1;0;;1;0;;1;0;;1;0;;1;0;
174270;0;0;;1;0;;1;0;;1;0;;1;0;;1;0;;1;0;
174280;0;0;;1;0;;1;0;;1;0;;1;0;;1;0;;1;0;
174290;0;0;;1;0;;1;0;;1;0;;1;0;;1;0;;1;0;
174300;0;0;;1;0;;1;0;;1;0;;1;0;;1;0;;1;0;
174310;0;0;;1;0;;1;0;;1;0;;1;0;;1;0;;1;0;
174320;0;0;;1;0;;1;0;;1;0;;1;0;;1;0;;1;0;
174330;0;0;;1;0;;1;0;;1;0;;1;0;;1;0;;1;0;
174340;0;0;;1;0;;1;0;;1;0;;1;0;;1;0;;1;0;
174350;0;0;;1;0;;1;0;;1;0;;1;0;;1;0;;1;0;
174360;0;0;;1;0;;1;0;;1;0;;1;0;;1;0;;1;0;
174370;0;0;;1;0;;1;0;;1;0;;1;0;;1;0;;1;0;
174380;0;0;;1;0;;1;0;;1;0;;1;0;;1;0;;1;0;
174390;0;0;;1;0;;1;0;;1;0;;1;0;;1;0;;1;0;
174400;0;0;;1;0;;1;0;;1;0;;1;0;;1;0;;1;0;
174410;0;0;;1;0;;1;0;;1;0;;1;0;;1;0;;1;0;
174420;0;0;;1;0;;1;0;;1;0;;1;0;;1;0;;1;0;
174430;0;0;;1;0;;1;0;;1;0;;1;0;;1;0;;1;0;
174440;0;0;;1;0;;1;0;;1;0;;1;0;;1;0;;1;0;
174450;0;0;;1;0;;1;0;;1;0;;1;0;;1;0;;1;0;
174460;0;0;;1;0;;1;0;;1;0;;1;0;;1;0;;1;0;
174470;0;0;;1;0;;1;0;;1;0;;1;0;;1;0;;1;0;
174480;0;0;;1;0;;1;0;;1;0;;1;0;;1;0;;1;0;
174490;0;0;;1;0;;1;0;;1;0;;1;0;;1;0;;1;0;
174500;0;0;;1;0;;1;0;;1;0;;1;0;;1;0;;1;0;
174510;0;0;;1;0;;1;0;;1;0;;1;0;;1;0;;1;0;
174520;0;0;;1;0;;1;0;;1;0;;1;0;;1;0;;1;0;
174530;0;0;;1;0;;1;0;;1;0;;1;0;;1;0;;1;0;
174540;0;0;;1;0;;1;0;;1;0;;1;0;;1;0;;1;0;
174550;0;0;;1;0;;1;0;;1;0;;1;0;;1;0;;1;0;
174560;0;0;;1;0;;1;0;;1;0;;1;0;;1;0;;1;0;
174570;0;0;;1;0;;1;0;;1;0;;1;0;;1;0;;1;0;
174580;0;0;;1;0;;1;0;;1;0;;1;0;;1;0;;1;0;
174590;0;0;;1;0;;1;0;;1;0;;1;0;;1;0;;1;0;
174600;0;0;;1;0;;1;0;;1;0;;1;0;;1;0;;1;0;
174610;0;0;;1;0;;1;0;;1;0;;1;0;;1;0;;1;0;
174620;0;0;;1;0;;1;0;;1;0;;1;0;;1;0;;1;0;
174630;0;0;;1;0;;1;0;;1;0;;1;0;;1;0;;1;0;
174640;0;0;;1;0;;1;0;;1;0;;1;0;;1;0;;1;0;
174650;0;0;;1;0;;1;0;;1;0;;1;0;;1;0;;1;0;
174660;0;0;;1;0;;1;0;;1;0;;1;0;;1;0;;1;0;
174670;0;0;;1;0;;1;0;;1;0;;1;0;;1;0;;1;0;
174680;0;0;;1;0;;1;0;;1;0;;1;0;;1;0;;1;0;
174690;0;0;;1;0;;1;0;;1;0;;1;0;;1;0;;1;0;
174700;0;0;;1;0;;1;0;;1;0;;1;0;;1;0;;1;0;
174710;0;0;;1;0;;1;0;;1;0;;1;0;;1;0;;1;0;
174720;0;0;;1;0;;1;0;;1;0;;1;0;;1;0;;1;0;
174730;0;0;;1;0;;1;0;;1;0;;1;0;;1;0;;1;0;
174740;0;0;;1;0;;1;0;;1;0;;1;0;;1;0;;1;0;
174750;0;0;;1;0;;1;0;;1;0;;1;0;;1;0;;1;0;
174760;0;0;;1;0;;1;0;;1;0;;1;0;;1;0;;1;0;
174770;0;0;;1;0;;1;0;;1;0;;1;0;;1;0;;1;0;
174780;0;0;;1;0;;1;0;;1;0;;1;0;;1;0;;1;0;
174790;0;0;;1;0;;1;0;;1;0;;1;0;;1;0;;1;0;
174800;0;0;;1;0;;1;0;;1;0;;1;0;;1;0;;1;0;
174810;0;0;;1;0;;1;0;;1;0;;1;0;;1;0;;1;0;
174820;0;0;;1;0;;1;0;;1;0;;1;0;;1;0;;1;0;
174830;0;0;;1;0;;1;0;;1;0;;1;0;;1;0;;1;0;
174840;0;0;;1;0;;1;0;;1;0;;1;0;;1;0;;1;0;
174850;0;0;;1;0;;1;0;;1;0;;1;0;;1;0;;1;0;
174860;0;0;;1;0;;1;0;;1;0;;1;0;;1;0;;1;0;
174870;0;0;;1;0;;1;0;;1;0;;1;0;;1;0;;1;0;
174880;0;0;;1;0;;1;0;;1;0;;1;0;;1;0;;1;0;
174890;0;0;;1;0;;1;0;;1;0;;1;0;;1;0;;1;0;
174900;0;0;;1;0;;1;0;;1;0;;1;0;;1;0;;1;0;
174910;0;0;;1;0;;1;0;;1;0;;1;0;;1;0;;1;0;
174920;0;0;;1;0;;1;0;;1;0;;1;0;;1;0;;1;0;
174930;0;0;;1;0;;1;0;;1;0;;1;0;;1;0;;1;0;
174940;0;0;;1;0;;1;0;;1;0;;1;0;;1;0;;1;0;
174950;0;0;;1;0;;1;0;;1;0;;1;0;;1;0;;1;0;
174960;0;0;;1;0;;1;0;;1;0;;1;0;;1;0;;1;0;
174970;0;0;;1;0;;1;0;;1;0;;1;0;;1;0;;1;0;
174980;0;0;;1;0;;1;0;;1;0;;1;0;;1;0;;1;0;
174990;0;0;;1;0;;1;0;;1;0;;1;0;;1;0;;1;0;
175000;0;0;;1;0;;1;0;;1;0;;1;0;;1;0;;1;0;
175010;0;0;;1;0;;1;0;;1;0;;1;0;;1;0;;1;0;
175020;0;0;;1;0;;1;0;;1;0;;1;0;;1;0;;1;0;
175030;0;0;;1;0;;1;0;;1;0;;1;0;;1;0;;1;0;
175040;0;0;;1;0;;1;0;;1;0;;1;0;;1;0;;1;0;
175050;0;0;;1;0;;1;0;;1;0;;1;0;;1;0;;1;0;
175060;0;0;;1;0;;1;0;;1;0;;1;0;;1;0;;1;0;
175070;0;0;;1;0;;1;0;;1;0;;1;0;;1;0;;1;0;
175080;0;0;;1;0;;1;0;;1;0;;1;0;;1;0;;1;0;
175090;0;0;;1;0;;1;0;;1;0;;1;0;;1;0;;1;0;
175100;0;0;;1;0;;1;0;;1;0;;1;0;;1;0;;1;0;
175110;0;0;;1;0;;1;0;;1;0;;1;0;;1;0;;1;0;
175120;0;0;;1;0;;1;0;;1;0;;1;0;;1;0;;1;0;
175130;0;0;;1;0;;1;0;;1;0;;1;0;;1;0;;1;0;
175140;0;0;;1;0;;1;0;;1;0;;1;0;;1;0;;1;0;
175150;0;0;;1;0;;1;0;;1;0;;1;0;;1;0;;1;0;
175160;0;0;;1;0;;1;0;;1;0;;1;0;;1;0;;1;0;
175170;0;0;;1;0;;1;0;;1;0;;1;0;;1;0;;1;0;
175180;0;0;;1;0;;1;0;;1;0;;1;0;;1;0;;1;0;
175190;0;0;;1;0;;1;0;;1;0;;1;0;;1;0;;1;0;
175200;0;0;;1;0;;1;0;;1;0;;1;0;;1;0;;1;0;
175210;0;0;;1;0;;1;0;;1;0;;1;0;;1;0;;1;0;
175220;0;0;;1;0;;1;0;;1;0;;1;0;;1;0;;1;0;
175230;0;0;;1;0;;1;0;;1;0;;1;0;;1;0;;1;0;
175240;0;0;;1;0;;1;0;;1;0;;1;0;;1;0;;1;0;
175250;0;0;;1;0;;1;0;;1;0;;1;0;;1;0;;1;0;
175260;0;0;;1;0;;1;0;;1;0;;1;0;;1;0;;1;0;
175270;0;0;;1;0;;1;0;;1;0;;1;0;;1;0;;1;0;
175280;0;0;;1;0;;1;0;;1;0;;1;0;;1;0;;1;0;
175290;0;0;;1;0;;1;0;;1;0;;1;0;;1;0;;1;0;
175300;0;0;;1;0;;1;0;;1;0;;1;0;;1;0;;1;0;
175310;0;0;;1;0;;1;0;;1;0;;1;0;;1;0;;1;0;
175320;0;0;;1;0;;1;0;;1;0;;1;0;;1;0;;1;0;
175330;0;0;;1;0;;1;0;;1;0;;1;0;;1;0;;1;0;
175340;0;0;;1;0;;1;0;;1;0;;1;0;;1;0;;1;0;
175350;0;0;;1;0;;1;0;;1;0;;1;0;;1;0;;1;0;
175360;0;0;;1;0;;1;0;;1;0;;1;0;;1;0;;1;0;
175370;0;0;;1;0;;1;0;;1;0;;1;0;;1;0;;1;0;
175380;0;0;;1;0;;1;0;;1;0;;1;0;;1;0;;1;0;
175390;0;0;;1;0;;1;0;;1;0;;1;0;;1;0;;1;0;
175400;0;0;;1;0;;1;0;;1;0;;1;0;;1;0;;1;0;
175410;0;0;;1;0;;1;0;;1;0;;1;0;;1;0;;1;0;
175420;0;0;;1;0;;1;0;;1;0;;1;0;;1;0;;1;0;
175430;0;0;;1;0;;1;0;;1;0;;1;0;;1;0;;1;0;
175440;0;0;;1;0;;1;0;;1;0;;1;0;;1;0;;1;0;
175450;0;0;;1;0;;1;0;;1;0;;1;0;;1;0;;1;0;
175460;0;0;;1;0;;1;0;;1;0;;1;0;;1;0;;1;0;
175470;0;0;;1;0;;1;0;;1;0;;1;0;;1;0;;1;0;
175480;0;0;;1;0;;1;0;;1;0;;1;0;;1;0;;1;0;
175490;0;0;;1;0;;1;0;;1;0;;1;0;;1;0;;1;0;
175500;0;0;;1;0;;1;0;;1;0;;1;0;;1;0;;1;0;
175510;0;0;;1;0;;1;0;;1;0;;1;0;;1;0;;1;0;
175520;0;0;;1;0;;1;0;;1;0;;1;0;;1;0;;1;0;
175530;0;0;;1;0;;1;0;;1;0;;1;0;;1;0;;1;0;
175540;0;0;;1;0;;1;0;;1;0;;1;0;;1;0;;1;0;
175550;0;0;;1;0;;1;0;;1;0;;1;0;;1;0;;1;0;
175560;0;0;;1;0;;1;0;;1;0;;1;0;;1;0;;1;0;
175570;0;0;;1;0;;1;0;;1;0;;1;0;;1;0;;1;0;
175580;0;0;;1;0;;1;0;;1;0;;1;0;;1;0;;1;0;
175590;0;0;;1;0;;1;0;;1;0;;1;0;;1;0;;1;0;
175600;0;0;;1;0;;1;0;;1;0;;1;0;;1;0;;1;0;
175610;0;0;;1;0;;1;0;;1;0;;1;0;;1;0;;1;0;
175620;0;0;;1;0;;1;0;;1;0;;1;0;;1;0;;1;0;
175630;0;0;;1;0;;1;0;;1;0;;1;0;;1;0;;1;0;
175640;0;0;;1;0;;1;0;;1;0;;1;0;;1;0;;1;0;
175650;0;0;;1;0;;1;0;;1;0;;1;0;;1;0;;1;0;
175660;0;0;;1;0;;1;0;;1;0;;1;0;;1;0;;1;0;
175670;0;0;;1;0;;1;0;;1;0;;1;0;;1;0;;1;0;
175680;0;0;;1;0;;1;0;;1;0;;1;0;;1;0;;1;0;
175690;0;0;;1;0;;1;0;;1;0;;1;0;;1;0;;1;0;
175700;0;0;;1;0;;1;0;;1;0;;1;0;;1;0;;1;0;
175710;0;0;;1;0;;1;0;;1;0;;1;0;;1;0;;1;0;
175720;0;0;;1;0;;1;0;;1;0;;1;0;;1;0;;1;0;
175730;0;0;;1;0;;1;0;;1;0;;1;0;;1;0;;1;0;
175740;0;0;;1;0;;1;0;;1;0;;1;0;;1;0;;1;0;
175750;0;0;;1;0;;1;0;;1;0;;1;0;;1;0;;1;0;
175760;0;0;;1;0;;1;0;;1;0;;1;0;;1;0;;1;0;
175770;0;0;;1;0;;1;0;;1;0;;1;0;;1;0;;1;0;
175780;0;0;;1;0;;1;0;;1;0;;1;0;;1;0;;1;0;
175790;0;0;;1;0;;1;0;;1;0;;1;0;;1;0;;1;0;
175800;0;0;;1;0;;1;0;;1;0;;1;0;;1;0;;1;0;
175810;0;0;;1;0;;1;0;;1;0;;1;0;;1;0;;1;0;
175820;0;0;;1;0;;1;0;;1;0;;1;0;;1;0;;1;0;
175830;0;0;;1;0;;1;0;;1;0;;1;0;;1;0;;1;0;
175840;0;0;;1;0;;1;0;;1;0;;1;0;;1;0;;1;0;
175850;0;0;;1;0;;1;0;;1;0;;1;0;;1;0;;1;0;
175860;0;0;;1;0;;1;0;;1;0;;1;0;;1;0;;1;0;
175870;0;0;;1;0;;1;0;;1;0;;1;0;;1;0;;1;0;
175880;0;0;;1;0;;1;0;;1;0;;1;0;;1;0;;1;0;
175890;0;0;;1;0;;1;0;;1;0;;1;0;;1;0;;1;0;
175900;0;0;;1;0;;1;0;;1;0;;1;0;;1;0;;1;0;
175910;0;0;;1;0;;1;0;;1;0;;1;0;;1;0;;1;0;
175920;0;0;;1;0;;1;0;;1;0;;1;0;;1;0;;1;0;
175930;0;0;;1;0;;1;0;;1;0;;1;0;;1;0;;1;0;
175940;0;0;;1;0;;1;0;;1;0;;1;0;;1;0;;1;0;
175950;0;0;;1;0;;1;0;;1;0;;1;0;;1;0;;1;0;
175960;0;0;;1;0;;1;0;;1;0;;1;0;;1;0;;1;0;
175970;0;0;;1;0;;1;0;;1;0;;1;0;;1;0;;1;0;
175980;0;0;;1;0;;1;0;;1;0;;1;0;;1;0;;1;0;
175990;0;0;;1;0;;1;0;;1;0;;1;0;;1;0;;1;0;
176000;0;0;;1;0;;1;0;;1;0;;1;0;;1;0;;1;0;
176010;0;0;;1;0;;1;0;;1;0;;1;0;;1;0;;1;0;
176020;0;0;;1;0;;1;0;;1;0;;1;0;;1;0;;1;0;
176030;0;0;;1;0;;1;0;;1;0;;1;0;;1;0;;1;0;
176040;0;0;;1;0;;1;0;;1;0;;1;0;;1;0;;1;0;
176050;0;0;;1;0;;1;0;;1;0;;1;0;;1;0;;1;0;
176060;0;0;;1;0;;1;0;;1;0;;1;0;;1;0;;1;0;
176070;0;0;;1;0;;1;0;;1;0;;1;0;;1;0;;1;0;
176080;0;0;;1;0;;1;0;;1;0;;1;0;;1;0;;1;0;
176090;0;0;;1;0;;1;0;;1;0;;1;0;;1;0;;1;0;
176100;0;0;;1;0;;1;0;;1;0;;1;0;;1;0;;1;0;
176110;0;0;;1;0;;1;0;;1;0;;1;0;;1;0;;1;0;
176120;0;0;;1;0;;1;0;;1;0;;1;0;;1;0;;1;0;
176130;0;0;;1;0;;1;0;;1;0;;1;0;;1;0;;1;0;
176140;0;0;;1;0;;1;0;;1;0;;1;0;;1;0;;1;0;
176150;0;0;;1;0;;1;0;;1;0;;1;0;;1;0;;1;0;
176160;0;0;;1;0;;1;0;;1;0;;1;0;;1;0;;1;0;
176170;0;0;;1;0;;1;0;;1;0;;1;0;;1;0;;1;0;
176180;0;0;;1;0;;1;0;;1;0;;1;0;;1;0;;1;0;
176190;0;0;;1;0;;1;0;;1;0;;1;0;;1;0;;1;0;
176200;0;0;;1;0;;1;0;;1;0;;1;0;;1;0;;1;0;
176210;0;0;;1;0;;1;0;;1;0;;1;0;;1;0;;1;0;
176220;0;0;;1;0;;1;0;;1;0;;1;0;;1;0;;1;0;
176230;0;0;;1;0;;1;0;;1;0;;1;0;;1;0;;1;0;
176240;0;0;;1;0;;1;0;;1;0;;1;0;;1;0;;1;0;
176250;0;0;;1;0;;1;0;;1;0;;1;0;;1;0;;1;0;
176260;0;0;;1;0;;1;0;;1;0;;1;0;;1;0;;1;0;
176270;0;0;;1;0;;1;0;;1;0;;1;0;;1;0;;1;0;
176280;0;0;;1;0;;1;0;;1;0;;1;0;;1;0;;1;0;
176290;0;0;;1;0;;1;0;;1;0;;1;0;;1;0;;1;0;
176300;0;0;;1;0;;1;0;;1;0;;1;0;;1;0;;1;0;
176310;0;0;;1;0;;1;0;;1;0;;1;0;;1;0;;1;0;
176320;0;0;;1;0;;1;0;;1;0;;1;0;;1;0;;1;0;
176330;0;0;;1;0;;1;0;;1;0;;1;0;;1;0;;1;0;
176340;0;0;;1;0;;1;0;;1;0;;1;0;;1;0;;1;0;
176350;0;0;;1;0;;1;0;;1;0;;1;0;;1;0;;1;0;
176360;0;0;;1;0;;1;0;;1;0;;1;0;;1;0;;1;0;
176370;0;0;;1;0;;1;0;;1;0;;1;0;;1;0;;1;0;
176380;0;0;;1;0;;1;0;;1;0;;1;0;;1;0;;1;0;
176390;0;0;;1;0;;1;0;;1;0;;1;0;;1;0;;1;0;
176400;0;0;;1;0;;1;0;;1;0;;1;0;;1;0;;1;0;
176410;0;0;;1;0;;1;0;;1;0;;1;0;;1;0;;1;0;
176420;0;0;;1;0;;1;0;;1;0;;1;0;;1;0;;1;0;
176430;0;0;;1;0;;1;0;;1;0;;1;0;;1;0;;1;0;
176440;0;0;;1;0;;1;0;;1;0;;1;0;;1;0;;1;0;
176450;0;0;;1;0;;1;0;;1;0;;1;0;;1;0;;1;0;
176460;0;0;;1;0;;1;0;;1;0;;1;0;;1;0;;1;0;
176470;0;0;;1;0;;1;0;;1;0;;1;0;;1;0;;1;0;
176480;0;0;;1;0;;1;0;;1;0;;1;0;;1;0;;1;0;
176490;0;0;;1;0;;1;0;;1;0;;1;0;;1;0;;1;0;
176500;0;0;;1;0;;1;0;;1;0;;1;0;;1;0;;1;0;
176510;0;0;;1;0;;1;0;;1;0;;1;0;;1;0;;1;0;
176520;0;0;;1;0;;1;0;;1;0;;1;0;;1;0;;1;0;
176530;0;0;;1;0;;1;0;;1;0;;1;0;;1;0;;1;0;
176540;0;0;;1;0;;1;0;;1;0;;1;0;;1;0;;1;0;
176550;0;0;;1;0;;1;0;;1;0;;1;0;;1;0;;1;0;
176560;0;0;;1;0;;1;0;;1;0;;1;0;;1;0;;1;0;
176570;0;0;;1;0;;1;0;;1;0;;1;0;;1;0;;1;0;
176580;0;0;;1;0;;1;0;;1;0;;1;0;;1;0;;1;0;
176590;0;0;;1;0;;1;0;;1;0;;1;0;;1;0;;1;0;
176600;0;0;;1;0;;1;0;;1;0;;1;0;;1;0;;1;0;
176610;0;0;;1;0;;1;0;;1;0;;1;0;;1;0;;1;0;
176620;0;0;;1;0;;1;0;;1;0;;1;0;;1;0;;1;0;
176630;0;0;;1;0;;1;0;;1;0;;1;0;;1;0;;1;0;
176640;0;0;;1;0;;1;0;;1;0;;1;0;;1;0;;1;0;
176650;0;0;;1;0;;1;0;;1;0;;1;0;;1;0;;1;0;
176660;0;0;;1;0;;1;0;;1;0;;1;0;;1;0;;1;0;
176670;0;0;;1;0;;1;0;;1;0;;1;0;;1;0;;1;0;
176680;0;0;;1;0;;1;0;;1;0;;1;0;;1;0;;1;0;
176690;0;0;;1;0;;1;0;;1;0;;1;0;;1;0;;1;0;
176700;0;0;;1;0;;1;0;;1;0;;1;0;;1;0;;1;0;
176710;0;0;;1;0;;1;0;;1;0;;1;0;;1;0;;1;0;
176720;0;0;;1;0;;1;0;;1;0;;1;0;;1;0;;1;0;
176730;0;0;;1;0;;1;0;;1;0;;1;0;;1;0;;1;0;
176740;0;0;;1;0;;1;0;;1;0;;1;0;;1;0;;1;0;
176750;0;0;;1;0;;1;0;;1;0;;1;0;;1;0;;1;0;
176760;0;0;;1;0;;1;0;;1;0;;1;0;;1;0;;1;0;
176770;0;0;;1;0;;1;0;;1;0;;1;0;;1;0;;1;0;
176780;0;0;;1;0;;1;0;;1;0;;1;0;;1;0;;1;0;
176790;0;0;;1;0;;1;0;;1;0;;1;0;;1;0;;1;0;
176800;0;0;;1;0;;1;0;;1;0;;1;0;;1;0;;1;0;
176810;0;0;;1;0;;1;0;;1;0;;1;0;;1;0;;1;0;
176820;0;0;;1;0;;1;0;;1;0;;1;0;;1;0;;1;0;
176830;0;0;;1;0;;1;0;;1;0;;1;0;;1;0;;1;0;
176840;0;0;;1;0;;1;0;;1;0;;1;0;;1;0;;1;0;
176850;0;0;;1;0;;1;0;;1;0;;1;0;;1;0;;1;0;
176860;0;0;;1;0;;1;0;;1;0;;1;0;;1;0;;1;0;
176870;0;0;;1;0;;1;0;;1;0;;1;0;;1;0;;1;0;
176880;0;0;;1;0;;1;0;;1;0;;1;0;;1;0;;1;0;
176890;0;0;;1;0;;1;0;;1;0;;1;0;;1;0;;1;0;
176900;0;0;;1;0;;1;0;;1;0;;1;0;;1;0;;1;0;
176910;0;0;;1;0;;1;0;;1;0;;1;0;;1;0;;1;0;
176920;0;0;;1;0;;1;0;;1;0;;1;0;;1;0;;1;0;
176930;0;0;;1;0;;1;0;;1;0;;1;0;;1;0;;1;0;
176940;0;0;;1;0;;1;0;;1;0;;1;0;;1;0;;1;0;
176950;0;0;;1;0;;1;0;;1;0;;1;0;;1;0;;1;0;
176960;0;0;;1;0;;1;0;;1;0;;1;0;;1;0;;1;0;
176970;0;0;;1;0;;1;0;;1;0;;1;0;;1;0;;1;0;
176980;0;0;;1;0;;1;0;;1;0;;1;0;;1;0;;1;0;
176990;0;0;;1;0;;1;0;;1;0;;1;0;;1;0;;1;0;
177000;0;0;;1;0;;1;0;;1;0;;1;0;;1;0;;1;0;
177010;0;0;;1;0;;1;0;;1;0;;1;0;;1;0;;1;0;
177020;0;0;;1;0;;1;0;;1;0;;1;0;;1;0;;1;0;
177030;0;0;;1;0;;1;0;;1;0;;1;0;;1;0;;1;0;
177040;0;0;;1;0;;1;0;;1;0;;1;0;;1;0;;1;0;
177050;0;0;;1;0;;1;0;;1;0;;1;0;;1;0;;1;0;
177060;0;0;;1;0;;1;0;;1;0;;1;0;;1;0;;1;0;
177070;0;0;;1;0;;1;0;;1;0;;1;0;;1;0;;1;0;
177080;0;0;;1;0;;1;0;;1;0;;1;0;;1;0;;1;0;
177090;0;0;;1;0;;1;0;;1;0;;1;0;;1;0;;1;0;
177100;0;0;;1;0;;1;0;;1;0;;1;0;;1;0;;1;0;
177110;0;0;;1;0;;1;0;;1;0;;1;0;;1;0;;1;0;
177120;0;0;;1;0;;1;0;;1;0;;1;0;;1;0;;1;0;
177130;0;0;;1;0;;1;0;;1;0;;1;0;;1;0;;1;0;
177140;0;0;;1;0;;1;0;;1;0;;1;0;;1;0;;1;0;
177150;0;0;;1;0;;1;0;;1;0;;1;0;;1;0;;1;0;
177160;0;0;;1;0;;1;0;;1;0;;1;0;;1;0;;1;0;
177170;0;0;;1;0;;1;0;;1;0;;1;0;;1;0;;1;0;
177180;0;0;;1;0;;1;0;;1;0;;1;0;;1;0;;1;0;
177190;0;0;;1;0;;1;0;;1;0;;1;0;;1;0;;1;0;
177200;0;0;;1;0;;1;0;;1;0;;1;0;;1;0;;1;0;
177210;0;0;;1;0;;1;0;;1;0;;1;0;;1;0;;1;0;
177220;0;0;;1;0;;1;0;;1;0;;1;0;;1;0;;1;0;
177230;0;0;;1;0;;1;0;;1;0;;1;0;;1;0;;1;0;
177240;0;0;;1;0;;1;0;;1;0;;1;0;;1;0;;1;0;
177250;0;0;;1;0;;1;0;;1;0;;1;0;;1;0;;1;0;
177260;0;0;;1;0;;1;0;;1;0;;1;0;;1;0;;1;0;
177270;0;0;;1;0;;1;0;;1;0;;1;0;;1;0;;1;0;
177280;0;0;;1;0;;1;0;;1;0;;1;0;;1;0;;1;0;
177290;0;0;;1;0;;1;0;;1;0;;1;0;;1;0;;1;0;
177300;0;0;;1;0;;1;0;;1;0;;1;0;;1;0;;1;0;
177310;0;0;;1;0;;1;0;;1;0;;1;0;;1;0;;1;0;
177320;0;0;;1;0;;1;0;;1;0;;1;0;;1;0;;1;0;
177330;0;0;;1;0;;1;0;;1;0;;1;0;;1;0;;1;0;
177340;0;0;;1;0;;1;0;;1;0;;1;0;;1;0;;1;0;
177350;0;0;;1;0;;1;0;;1;0;;1;0;;1;0;;1;0;
177360;0;0;;1;0;;1;0;;1;0;;1;0;;1;0;;1;0;
177370;0;0;;1;0;;1;0;;1;0;;1;0;;1;0;;1;0;
177380;0;0;;1;0;;1;0;;1;0;;1;0;;1;0;;1;0;
177390;0;0;;1;0;;1;0;;1;0;;1;0;;1;0;;1;0;
177400;0;0;;1;0;;1;0;;1;0;;1;0;;1;0;;1;0;
177410;0;0;;1;0;;1;0;;1;0;;1;0;;1;0;;1;0;
177420;0;0;;1;0;;1;0;;1;0;;1;0;;1;0;;1;0;
177430;0;0;;1;0;;1;0;;1;0;;1;0;;1;0;;1;0;
177440;0;0;;1;0;;1;0;;1;0;;1;0;;1;0;;1;0;
177450;0;0;;1;0;;1;0;;1;0;;1;0;;1;0;;1;0;
177460;0;0;;1;0;;1;0;;1;0;;1;0;;1;0;;1;0;
177470;0;0;;1;0;;1;0;;1;0;;1;0;;1;0;;1;0;
177480;0;0;;1;0;;1;0;;1;0;;1;0;;1;0;;1;0;
177490;0;0;;1;0;;1;0;;1;0;;1;0;;1;0;;1;0;
177500;0;0;;1;0;;1;0;;1;0;;1;0;;1;0;;1;0;
177510;0;0;;1;0;;1;0;;1;0;;1;0;;1;0;;1;0;
177520;0;0;;1;0;;1;0;;1;0;;1;0;;1;0;;1;0;
177530;0;0;;1;0;;1;0;;1;0;;1;0;;1;0;;1;0;
177540;0;0;;1;0;;1;0;;1;0;;1;0;;1;0;;1;0;
177550;0;0;;1;0;;1;0;;1;0;;1;0;;1;0;;1;0;
177560;0;0;;1;0;;1;0;;1;0;;1;0;;1;0;;1;0;
177570;0;0;;1;0;;1;0;;1;0;;1;0;;1;0;;1;0;
177580;0;0;;1;0;;1;0;;1;0;;1;0;;1;0;;1;0;
177590;0;0;;1;0;;1;0;;1;0;;1;0;;1;0;;1;0;
177600;0;0;;1;0;;1;0;;1;0;;1;0;;1;0;;1;0;
177610;0;0;;1;0;;1;0;;1;0;;1;0;;1;0;;1;0;
177620;0;0;;1;0;;1;0;;1;0;;1;0;;1;0;;1;0;
177630;0;0;;1;0;;1;0;;1;0;;1;0;;1;0;;1;0;
177640;0;0;;1;0;;1;0;;1;0;;1;0;;1;0;;1;0;
177650;0;0;;1;0;;1;0;;1;0;;1;0;;1;0;;1;0;
177660;0;0;;1;0;;1;0;;1;0;;1;0;;1;0;;1;0;
177670;0;0;;1;0;;1;0;;1;0;;1;0;;1;0;;1;0;
177680;0;0;;1;0;;1;0;;1;0;;1;0;;1;0;;1;0;
177690;0;0;;1;0;;1;0;;1;0;;1;0;;1;0;;1;0;
177700;0;0;;1;0;;1;0;;1;0;;1;0;;1;0;;1;0;
177710;0;0;;1;0;;1;0;;1;0;;1;0;;1;0;;1;0;
177720;0;0;;1;0;;1;0;;1;0;;1;0;;1;0;;1;0;
177730;0;0;;1;0;;1;0;;1;0;;1;0;;1;0;;1;0;
177740;0;0;;1;0;;1;0;;1;0;;1;0;;1;0;;1;0;
177750;0;0;;1;0;;1;0;;1;0;;1;0;;1;0;;1;0;
177760;0;0;;1;0;;1;0;;1;0;;1;0;;1;0;;1;0;
177770;0;0;;1;0;;1;0;;1;0;;1;0;;1;0;;1;0;
177780;0;0;;1;0;;1;0;;1;0;;1;0;;1;0;;1;0;
177790;0;0;;1;0;;1;0;;1;0;;1;0;;1;0;;1;0;
177800;0;0;;1;0;;1;0;;1;0;;1;0;;1;0;;1;0;
177810;0;0;;1;0;;1;0;;1;0;;1;0;;1;0;;1;0;
177820;0;0;;1;0;;1;0;;1;0;;1;0;;1;0;;1;0;
177830;0;0;;1;0;;1;0;;1;0;;1;0;;1;0;;1;0;
177840;0;0;;1;0;;1;0;;1;0;;1;0;;1;0;;1;0;
177850;0;0;;1;0;;1;0;;1;0;;1;0;;1;0;;1;0;
177860;0;0;;1;0;;1;0;;1;0;;1;0;;1;0;;1;0;
177870;0;0;;1;0;;1;0;;1;0;;1;0;;1;0;;1;0;
177880;0;0;;1;0;;1;0;;1;0;;1;0;;1;0;;1;0;
177890;0;0;;1;0;;1;0;;1;0;;1;0;;1;0;;1;0;
177900;0;0;;1;0;;1;0;;1;0;;1;0;;1;0;;1;0;
177910;0;0;;1;0;;1;0;;1;0;;1;0;;1;0;;1;0;
177920;0;0;;1;0;;1;0;;1;0;;1;0;;1;0;;1;0;
177930;0;0;;1;0;;1;0;;1;0;;1;0;;1;0;;1;0;
177940;0;0;;1;0;;1;0;;1;0;;1;0;;1;0;;1;0;
177950;0;0;;1;0;;1;0;;1;0;;1;0;;1;0;;1;0;
177960;0;0;;1;0;;1;0;;1;0;;1;0;;1;0;;1;0;
177970;0;0;;1;0;;1;0;;1;0;;1;0;;1;0;;1;0;
177980;0;0;;1;0;;1;0;;1;0;;1;0;;1;0;;1;0;
177990;0;0;;1;0;;1;0;;1;0;;1;0;;1;0;;1;0;
178000;0;0;;1;0;;1;0;;1;0;;1;0;;1;0;;1;0;
178010;0;0;;1;0;;1;0;;1;0;;1;0;;1;0;;1;0;
178020;0;0;;1;0;;1;0;;1;0;;1;0;;1;0;;1;0;
178030;0;0;;1;0;;1;0;;1;0;;1;0;;1;0;;1;0;
178040;0;0;;1;0;;1;0;;1;0;;1;0;;1;0;;1;0;
178050;0;0;;1;0;;1;0;;1;0;;1;0;;1;0;;1;0;
178060;0;0;;1;0;;1;0;;1;0;;1;0;;1;0;;1;0;
178070;0;0;;1;0;;1;0;;1;0;;1;0;;1;0;;1;0;
178080;0;0;;1;0;;1;0;;1;0;;1;0;;1;0;;1;0;
178090;0;0;;1;0;;1;0;;1;0;;1;0;;1;0;;1;0;
178100;0;0;;1;0;;1;0;;1;0;;1;0;;1;0;;1;0;
178110;0;0;;1;0;;1;0;;1;0;;1;0;;1;0;;1;0;
178120;0;0;;1;0;;1;0;;1;0;;1;0;;1;0;;1;0;
178130;0;0;;1;0;;1;0;;1;0;;1;0;;1;0;;1;0;
178140;0;0;;1;0;;1;0;;1;0;;1;0;;1;0;;1;0;
178150;0;0;;1;0;;1;0;;1;0;;1;0;;1;0;;1;0;
178160;0;0;;1;0;;1;0;;1;0;;1;0;;1;0;;1;0;
178170;0;0;;1;0;;1;0;;1;0;;1;0;;1;0;;1;0;
178180;0;0;;1;0;;1;0;;1;0;;1;0;;1;0;;1;0;
178190;0;0;;1;0;;1;0;;1;0;;1;0;;1;0;;1;0;
178200;0;0;;1;0;;1;0;;1;0;;1;0;;1;0;;1;0;
178210;0;0;;1;0;;1;0;;1;0;;1;0;;1;0;;1;0;
178220;0;0;;1;0;;1;0;;1;0;;1;0;;1;0;;1;0;
178230;0;0;;1;0;;1;0;;1;0;;1;0;;1;0;;1;0;
178240;0;0;;1;0;;1;0;;1;0;;1;0;;1;0;;1;0;
178250;0;0;;1;0;;1;0;;1;0;;1;0;;1;0;;1;0;
178260;0;0;;1;0;;1;0;;1;0;;1;0;;1;0;;1;0;
178270;0;0;;1;0;;1;0;;1;0;;1;0;;1;0;;1;0;
178280;0;0;;1;0;;1;0;;1;0;;1;0;;1;0;;1;0;
178290;0;0;;1;0;;1;0;;1;0;;1;0;;1;0;;1;0;
178300;0;0;;1;0;;1;0;;1;0;;1;0;;1;0;;1;0;
178310;0;0;;1;0;;1;0;;1;0;;1;0;;1;0;;1;0;
178320;0;0;;1;0;;1;0;;1;0;;1;0;;1;0;;1;0;
178330;0;0;;1;0;;1;0;;1;0;;1;0;;1;0;;1;0;
178340;0;0;;1;0;;1;0;;1;0;;1;0;;1;0;;1;0;
178350;0;0;;1;0;;1;0;;1;0;;1;0;;1;0;;1;0;
178360;0;0;;1;0;;1;0;;1;0;;1;0;;1;0;;1;0;
178370;0;0;;1;0;;1;0;;1;0;;1;0;;1;0;;1;0;
178380;0;0;;1;0;;1;0;;1;0;;1;0;;1;0;;1;0;
178390;0;0;;1;0;;1;0;;1;0;;1;0;;1;0;;1;0;
178400;0;0;;1;0;;1;0;;1;0;;1;0;;1;0;;1;0;
178410;0;0;;1;0;;1;0;;1;0;;1;0;;1;0;;1;0;
178420;0;0;;1;0;;1;0;;1;0;;1;0;;1;0;;1;0;
178430;0;0;;1;0;;1;0;;1;0;;1;0;;1;0;;1;0;
178440;0;0;;1;0;;1;0;;1;0;;1;0;;1;0;;1;0;
178450;0;0;;1;0;;1;0;;1;0;;1;0;;1;0;;1;0;
178460;0;0;;1;0;;1;0;;1;0;;1;0;;1;0;;1;0;
178470;0;0;;1;0;;1;0;;1;0;;1;0;;1;0;;1;0;
178480;0;0;;1;0;;1;0;;1;0;;1;0;;1;0;;1;0;
178490;0;0;;1;0;;1;0;;1;0;;1;0;;1;0;;1;0;
178500;0;0;;1;0;;1;0;;1;0;;1;0;;1;0;;1;0;
178510;0;0;;1;0;;1;0;;1;0;;1;0;;1;0;;1;0;
178520;0;0;;1;0;;1;0;;1;0;;1;0;;1;0;;1;0;
178530;0;0;;1;0;;1;0;;1;0;;1;0;;1;0;;1;0;
178540;0;0;;1;0;;1;0;;1;0;;1;0;;1;0;;1;0;
178550;0;0;;1;0;;1;0;;1;0;;1;0;;1;0;;1;0;
178560;0;0;;1;0;;1;0;;1;0;;1;0;;1;0;;1;0;
178570;0;0;;1;0;;1;0;;1;0;;1;0;;1;0;;1;0;
178580;0;0;;1;0;;1;0;;1;0;;1;0;;1;0;;1;0;
178590;0;0;;1;0;;1;0;;1;0;;1;0;;1;0;;1;0;
178600;0;0;;1;0;;1;0;;1;0;;1;0;;1;0;;1;0;
178610;0;0;;1;0;;1;0;;1;0;;1;0;;1;0;;1;0;
178620;0;0;;1;0;;1;0;;1;0;;1;0;;1;0;;1;0;
178630;0;0;;1;0;;1;0;;1;0;;1;0;;1;0;;1;0;
178640;0;0;;1;0;;1;0;;1;0;;1;0;;1;0;;1;0;
178650;0;0;;1;0;;1;0;;1;0;;1;0;;1;0;;1;0;
178660;0;0;;1;0;;1;0;;1;0;;1;0;;1;0;;1;0;
178670;0;0;;1;0;;1;0;;1;0;;1;0;;1;0;;1;0;
178680;0;0;;1;0;;1;0;;1;0;;1;0;;1;0;;1;0;
178690;0;0;;1;0;;1;0;;1;0;;1;0;;1;0;;1;0;
178700;0;0;;1;0;;1;0;;1;0;;1;0;;1;0;;1;0;
178710;0;0;;1;0;;1;0;;1;0;;1;0;;1;0;;1;0;
178720;0;0;;1;0;;1;0;;1;0;;1;0;;1;0;;1;0;
178730;0;0;;1;0;;1;0;;1;0;;1;0;;1;0;;1;0;
178740;0;0;;1;0;;1;0;;1;0;;1;0;;1;0;;1;0;
178750;0;0;;1;0;;1;0;;1;0;;1;0;;1;0;;1;0;
178760;0;0;;1;0;;1;0;;1;0;;1;0;;1;0;;1;0;
178770;0;0;;1;0;;1;0;;1;0;;1;0;;1;0;;1;0;
178780;0;0;;1;0;;1;0;;1;0;;1;0;;1;0;;1;0;
178790;0;0;;1;0;;1;0;;1;0;;1;0;;1;0;;1;0;
178800;0;0;;1;0;;1;0;;1;0;;1;0;;1;0;;1;0;
178810;0;0;;1;0;;1;0;;1;0;;1;0;;1;0;;1;0;
178820;0;0;;1;0;;1;0;;1;0;;1;0;;1;0;;1;0;
178830;0;0;;1;0;;1;0;;1;0;;1;0;;1;0;;1;0;
178840;0;0;;1;0;;1;0;;1;0;;1;0;;1;0;;1;0;
178850;0;0;;1;0;;1;0;;1;0;;1;0;;1;0;;1;0;
178860;0;0;;1;0;;1;0;;1;0;;1;0;;1;0;;1;0;
178870;0;0;;1;0;;1;0;;1;0;;1;0;;1;0;;1;0;
178880;0;0;;1;0;;1;0;;1;0;;1;0;;1;0;;1;0;
178890;0;0;;1;0;;1;0;;1;0;;1;0;;1;0;;1;0;
178900;0;0;;1;0;;1;0;;1;0;;1;0;;1;0;;1;0;
178910;0;0;;1;0;;1;0;;1;0;;1;0;;1;0;;1;0;
178920;0;0;;1;0;;1;0;;1;0;;1;0;;1;0;;1;0;
178930;0;0;;1;0;;1;0;;1;0;;1;0;;1;0;;1;0;
178940;0;0;;1;0;;1;0;;1;0;;1;0;;1;0;;1;0;
178950;0;0;;1;0;;1;0;;1;0;;1;0;;1;0;;1;0;
178960;0;0;;1;0;;1;0;;1;0;;1;0;;1;0;;1;0;
178970;0;0;;1;0;;1;0;;1;0;;1;0;;1;0;;1;0;
178980;0;0;;1;0;;1;0;;1;0;;1;0;;1;0;;1;0;
178990;0;0;;1;0;;1;0;;1;0;;1;0;;1;0;;1;0;
179000;0;0;;1;0;;1;0;;1;0;;1;0;;1;0;;1;0;
179010;0;0;;1;0;;1;0;;1;0;;1;0;;1;0;;1;0;
179020;0;0;;1;0;;1;0;;1;0;;1;0;;1;0;;1;0;
179030;0;0;;1;0;;1;0;;1;0;;1;0;;1;0;;1;0;
179040;0;0;;1;0;;1;0;;1;0;;1;0;;1;0;;1;0;
179050;0;0;;1;0;;1;0;;1;0;;1;0;;1;0;;1;0;
179060;0;0;;1;0;;1;0;;1;0;;1;0;;1;0;;1;0;
179070;0;0;;1;0;;1;0;;1;0;;1;0;;1;0;;1;0;
179080;0;0;;1;0;;1;0;;1;0;;1;0;;1;0;;1;0;
179090;0;0;;1;0;;1;0;;1;0;;1;0;;1;0;;1;0;
179100;0;0;;1;0;;1;0;;1;0;;1;0;;1;0;;1;0;
179110;0;0;;1;0;;1;0;;1;0;;1;0;;1;0;;1;0;
179120;0;0;;1;0;;1;0;;1;0;;1;0;;1;0;;1;0;
179130;0;0;;1;0;;1;0;;1;0;;1;0;;1;0;;1;0;
179140;0;0;;1;0;;1;0;;1;0;;1;0;;1;0;;1;0;
179150;0;0;;1;0;;1;0;;1;0;;1;0;;1;0;;1;0;
179160;0;0;;1;0;;1;0;;1;0;;1;0;;1;0;;1;0;
179170;0;0;;1;0;;1;0;;1;0;;1;0;;1;0;;1;0;
179180;0;0;;1;0;;1;0;;1;0;;1;0;;1;0;;1;0;
179190;0;0;;1;0;;1;0;;1;0;;1;0;;1;0;;1;0;
179200;0;0;;1;0;;1;0;;1;0;;1;0;;1;0;;1;0;
179210;0;0;;1;0;;1;0;;1;0;;1;0;;1;0;;1;0;
179220;0;0;;1;0;;1;0;;1;0;;1;0;;1;0;;1;0;
179230;0;0;;1;0;;1;0;;1;0;;1;0;;1;0;;1;0;
179240;0;0;;1;0;;1;0;;1;0;;1;0;;1;0;;1;0;
179250;0;0;;1;0;;1;0;;1;0;;1;0;;1;0;;1;0;
179260;0;0;;1;0;;1;0;;1;0;;1;0;;1;0;;1;0;
179270;0;0;;1;0;;1;0;;1;0;;1;0;;1;0;;1;0;
179280;0;0;;1;0;;1;0;;1;0;;1;0;;1;0;;1;0;
179290;0;0;;1;0;;1;0;;1;0;;1;0;;1;0;;1;0;
179300;0;0;;1;0;;1;0;;1;0;;1;0;;1;0;;1;0;
179310;0;0;;1;0;;1;0;;1;0;;1;0;;1;0;;1;0;
179320;0;0;;1;0;;1;0;;1;0;;1;0;;1;0;;1;0;
179330;0;0;;1;0;;1;0;;1;0;;1;0;;1;0;;1;0;
179340;0;0;;1;0;;1;0;;1;0;;1;0;;1;0;;1;0;
179350;0;0;;1;0;;1;0;;1;0;;1;0;;1;0;;1;0;
179360;0;0;;1;0;;1;0;;1;0;;1;0;;1;0;;1;0;
179370;0;0;;1;0;;1;0;;1;0;;1;0;;1;0;;1;0;
179380;0;0;;1;0;;1;0;;1;0;;1;0;;1;0;;1;0;
179390;0;0;;1;0;;1;0;;1;0;;1;0;;1;0;;1;0;
179400;0;0;;1;0;;1;0;;1;0;;1;0;;1;0;;1;0;
179410;0;0;;1;0;;1;0;;1;0;;1;0;;1;0;;1;0;
179420;0;0;;1;0;;1;0;;1;0;;1;0;;1;0;;1;0;
179430;0;0;;1;0;;1;0;;1;0;;1;0;;1;0;;1;0;
179440;0;0;;1;0;;1;0;;1;0;;1;0;;1;0;;1;0;
179450;0;0;;1;0;;1;0;;1;0;;1;0;;1;0;;1;0;
179460;0;0;;1;0;;1;0;;1;0;;1;0;;1;0;;1;0;
179470;0;0;;1;0;;1;0;;1;0;;1;0;;1;0;;1;0;
179480;0;0;;1;0;;1;0;;1;0;;1;0;;1;0;;1;0;
179490;0;0;;1;0;;1;0;;1;0;;1;0;;1;0;;1;0;
179500;0;0;;1;0;;1;0;;1;0;;1;0;;1;0;;1;0;
179510;0;0;;1;0;;1;0;;1;0;;1;0;;1;0;;1;0;
179520;0;0;;1;0;;1;0;;1;0;;1;0;;1;0;;1;0;
179530;0;0;;1;0;;1;0;;1;0;;1;0;;1;0;;1;0;
179540;0;0;;1;0;;1;0;;1;0;;1;0;;1;0;;1;0;
179550;0;0;;1;0;;1;0;;1;0;;1;0;;1;0;;1;0;
179560;0;0;;1;0;;1;0;;1;0;;1;0;;1;0;;1;0;
179570;0;0;;1;0;;1;0;;1;0;;1;0;;1;0;;1;0;
179580;0;0;;1;0;;1;0;;1;0;;1;0;;1;0;;1;0;
179590;0;0;;1;0;;1;0;;1;0;;1;0;;1;0;;1;0;
179600;0;0;;1;0;;1;0;;1;0;;1;0;;1;0;;1;0;
179610;0;0;;1;0;;1;0;;1;0;;1;0;;1;0;;1;0;
179620;0;0;;1;0;;1;0;;1;0;;1;0;;1;0;;1;0;
179630;0;0;;1;0;;1;0;;1;0;;1;0;;1;0;;1;0;
179640;0;0;;1;0;;1;0;;1;0;;1;0;;1;0;;1;0;
179650;0;0;;1;0;;1;0;;1;0;;1;0;;1;0;;1;0;
179660;0;0;;1;0;;1;0;;1;0;;1;0;;1;0;;1;0;
179670;0;0;;1;0;;1;0;;1;0;;1;0;;1;0;;1;0;
179680;0;0;;1;0;;1;0;;1;0;;1;0;;1;0;;1;0;
179690;0;0;;1;0;;1;0;;1;0;;1;0;;1;0;;1;0;
179700;0;0;;1;0;;1;0;;1;0;;1;0;;1;0;;1;0;
179710;0;0;;1;0;;1;0;;1;0;;1;0;;1;0;;1;0;
179720;0;0;;1;0;;1;0;;1;0;;1;0;;1;0;;1;0;
179730;0;0;;1;0;;1;0;;1;0;;1;0;;1;0;;1;0;
179740;0;0;;1;0;;1;0;;1;0;;1;0;;1;0;;1;0;
179750;0;0;;1;0;;1;0;;1;0;;1;0;;1;0;;1;0;
179760;0;0;;1;0;;1;0;;1;0;;1;0;;1;0;;1;0;
179770;0;0;;1;0;;1;0;;1;0;;1;0;;1;0;;1;0;
179780;0;0;;1;0;;1;0;;1;0;;1;0;;1;0;;1;0;
179790;0;0;;1;0;;1;0;;1;0;;1;0;;1;0;;1;0;
179800;0;0;;1;0;;1;0;;1;0;;1;0;;1;0;;1;0;
179810;0;0;;1;0;;1;0;;1;0;;1;0;;1;0;;1;0;
179820;0;0;;1;0;;1;0;;1;0;;1;0;;1;0;;1;0;
179830;0;0;;1;0;;1;0;;1;0;;1;0;;1;0;;1;0;
179840;0;0;;1;0;;1;0;;1;0;;1;0;;1;0;;1;0;
179850;0;0;;1;0;;1;0;;1;0;;1;0;;1;0;;1;0;
179860;0;0;;1;0;;1;0;;1;0;;1;0;;1;0;;1;0;
179870;0;0;;1;0;;1;0;;1;0;;1;0;;1;0;;1;0;
179880;0;0;;1;0;;1;0;;1;0;;1;0;;1;0;;1;0;
179890;0;0;;1;0;;1;0;;1;0;;1;0;;1;0;;1;0;
179900;0;0;;1;0;;1;0;;1;0;;1;0;;1;0;;1;0;
179910;0;0;;1;0;;1;0;;1;0;;1;0;;1;0;;1;0;
179920;0;0;;1;0;;1;0;;1;0;;1;0;;1;0;;1;0;
179930;0;0;;1;0;;1;0;;1;0;;1;0;;1;0;;1;0;
179940;0;0;;1;0;;1;0;;1;0;;1;0;;1;0;;1;0;
179950;0;0;;1;0;;1;0;;1;0;;1;0;;1;0;;1;0;
179960;0;0;;1;0;;1;0;;1;0;;1;0;;1;0;;1;0;
179970;0;0;;1;0;;1;0;;1;0;;1;0;;1;0;;1;0;
179980;0;0;;1;0;;1;0;;1;0;;1;0;;1;0;;1;0;
179990;0;0;;1;0;;1;0;;1;0;;1;0;;1;0;;1;0;
180000;0;0;;1;0;;1;0;;1;0;;1;0;;1;0;;1;0;
